sample_id,latitude,longitude,nearest_moil_mine,distance_to_mine_km,elevation_m,ndvi_sentinel2,soil_moisture_sar_pct,lst_celsius_landsat9,rainfall_annual_chirps_mm,bouguer_gravity_anomaly_mgal,swir_alteration_ratio,magnetic_susceptibility_si,manganese_present
MOIL-SAMP-00001,21.57375,79.70603,Dongri Buzurg Mine,2.36,370.5,0.88,37.9,29.5,1187.9,-8.05,1.104,17.8,0
MOIL-SAMP-00002,21.57167,79.74122,Chikla Mine,0.8,363.6,0.244,66.6,34.5,1443.7,23.5,1.823,39.2,1
MOIL-SAMP-00003,21.43182,79.26635,Kandri Mine,1.64,372.4,0.641,20.0,32.2,1243.0,9.47,1.692,12.0,0
MOIL-SAMP-00004,21.82523,80.19241,Balaghat Mine (Largest underground Mn mine),2.57,327.9,0.203,52.7,35.9,1266.6,18.43,2.053,41.8,1
MOIL-SAMP-00005,21.74835,80.17173,Balaghat Mine (Largest underground Mn mine),6.2,360.9,0.604,37.1,32.0,1393.9,0.59,1.137,18.3,0
MOIL-SAMP-00006,21.40351,79.25839,Kandri Mine,1.74,414.5,0.615,37.5,29.1,1282.7,4.37,1.022,13.3,0
MOIL-SAMP-00007,21.68928,79.71633,Tirodi Mine,0.16,364.9,0.345,57.3,34.6,1273.6,16.15,2.514,42.2,1
MOIL-SAMP-00008,21.38452,79.00916,Gumgaon Mine,0.99,346.7,0.216,69.0,33.1,1287.7,16.82,2.258,25.8,1
MOIL-SAMP-00009,21.40041,78.98991,Gumgaon Mine,1.68,464.7,0.68,33.5,27.9,1196.8,3.23,1.277,7.0,0
MOIL-SAMP-00010,21.56404,79.70002,Dongri Buzurg Mine,1.14,393.8,0.173,68.0,34.9,1386.4,21.88,2.161,44.3,1
MOIL-SAMP-00011,21.37143,79.2753,Mansar Mine,2.95,411.1,0.591,56.0,33.0,1253.3,3.47,1.205,19.0,0
MOIL-SAMP-00012,21.53066,79.74626,Chikla Mine,3.77,361.6,0.874,39.8,29.5,1359.8,4.82,0.827,19.4,0
MOIL-SAMP-00013,21.98569,80.47495,Ukwa Mine,2.08,355.6,0.283,52.6,32.8,1306.5,17.21,2.304,44.4,1
MOIL-SAMP-00014,21.37324,79.27248,Mansar Mine,2.74,365.9,0.371,59.9,37.0,1302.1,20.54,1.715,9.9,1
MOIL-SAMP-00015,21.7659,80.18659,Balaghat Mine (Largest underground Mn mine),4.05,363.9,0.623,29.7,30.2,1432.7,-7.79,1.247,11.3,0
MOIL-SAMP-00016,21.57862,79.72485,Dongri Buzurg Mine,3.94,237.6,0.788,39.3,34.9,1243.1,-3.71,1.206,-0.4,0
MOIL-SAMP-00017,21.96824,80.45407,Ukwa Mine,1.44,408.3,0.352,57.7,34.9,1356.0,26.91,2.085,40.9,1
MOIL-SAMP-00018,21.4079,79.26865,Kandri Mine,1.02,424.6,0.27,64.3,35.4,1325.2,29.1,2.049,38.3,1
MOIL-SAMP-00019,21.67214,79.72152,Tirodi Mine,1.93,417.7,0.502,34.4,29.6,1312.4,-2.17,1.195,17.5,0
MOIL-SAMP-00020,21.5411,79.6947,Dongri Buzurg Mine,1.45,338.7,0.388,72.3,33.7,1218.1,17.31,1.853,31.3,1
MOIL-SAMP-00021,21.57726,79.73879,Chikla Mine,1.45,398.3,0.287,52.1,38.0,1349.2,25.79,2.452,36.0,1
MOIL-SAMP-00022,21.4214,79.26044,Kandri Mine,0.84,360.8,0.262,53.7,32.7,1271.2,30.34,2.59,52.9,1
MOIL-SAMP-00023,21.8044,80.18569,Balaghat Mine (Largest underground Mn mine),0.27,344.8,0.22,66.8,34.9,1376.6,12.24,1.937,34.9,1
MOIL-SAMP-00024,21.39339,79.26975,Mansar Mine,0.61,382.8,0.205,55.9,35.8,1372.7,29.51,2.665,50.4,1
MOIL-SAMP-00025,21.40501,79.26472,Kandri Mine,1.35,308.6,0.236,58.1,36.7,1279.0,17.86,2.175,62.5,1
MOIL-SAMP-00026,21.5908,79.76007,Sitasaongi Mine,0.87,367.1,0.349,72.3,34.0,1255.7,36.46,2.179,35.6,1
MOIL-SAMP-00027,21.39156,79.26334,Mansar Mine,1.23,344.9,0.336,69.8,34.9,1280.6,22.58,1.543,41.0,1
MOIL-SAMP-00028,21.98328,80.48353,Ukwa Mine,2.33,389.6,0.674,50.1,36.4,1361.8,-9.71,1.013,4.0,0
MOIL-SAMP-00029,21.57597,79.74607,Chikla Mine,1.34,349.8,0.582,15.0,28.2,1255.3,-8.62,1.307,17.6,0
MOIL-SAMP-00030,21.58852,79.76159,Sitasaongi Mine,0.61,421.0,0.293,64.5,34.8,1327.2,33.1,2.186,60.7,1
MOIL-SAMP-00031,21.56392,79.6977,Dongri Buzurg Mine,1.1,344.9,0.797,44.1,32.7,1382.5,-5.13,1.229,12.7,0
MOIL-SAMP-00032,21.94795,80.46125,Ukwa Mine,2.32,407.5,0.325,46.1,33.2,1363.5,24.91,2.214,48.7,1
MOIL-SAMP-00033,21.53104,79.74528,Chikla Mine,3.71,373.6,0.542,34.9,30.7,1456.5,-3.38,1.218,11.3,0
MOIL-SAMP-00034,21.79379,80.18805,Balaghat Mine (Largest underground Mn mine),0.97,339.8,0.365,73.8,37.5,1314.6,28.82,2.322,26.3,1
MOIL-SAMP-00035,21.41354,79.28139,Mansar Mine,1.93,545.5,0.585,60.1,27.7,1331.1,-3.57,1.528,7.1,0
MOIL-SAMP-00036,21.41318,79.27115,Kandri Mine,0.6,338.1,0.327,39.6,31.9,1293.0,26.41,1.995,37.0,1
MOIL-SAMP-00037,21.61403,79.77276,Sitasaongi Mine,3.64,400.1,0.545,62.2,32.7,1416.9,-12.5,1.629,9.5,0
MOIL-SAMP-00038,21.73165,79.73643,Tirodi Mine,5.26,447.7,0.319,56.9,34.2,1188.2,23.94,1.916,31.2,1
MOIL-SAMP-00039,21.44115,79.28339,Kandri Mine,3.16,332.3,0.662,29.0,33.9,1274.0,-11.08,1.154,18.0,0
MOIL-SAMP-00040,21.70258,79.73045,Tirodi Mine,2.23,384.4,0.625,43.5,32.9,1362.0,-8.98,1.021,23.8,0
MOIL-SAMP-00041,21.58848,79.73762,Chikla Mine,2.69,431.6,0.598,35.9,30.8,1383.4,-1.8,1.006,18.4,0
MOIL-SAMP-00042,21.44873,79.28193,Kandri Mine,3.83,337.7,0.56,29.9,31.7,1314.7,-9.32,1.078,14.5,0
MOIL-SAMP-00043,21.76702,80.17973,Balaghat Mine (Largest underground Mn mine),4.0,372.5,0.228,72.7,36.5,1225.7,23.78,2.313,16.4,1
MOIL-SAMP-00044,21.59616,79.72688,Dongri Buzurg Mine,5.57,400.3,0.653,44.4,32.8,1282.3,-0.7,1.314,3.7,0
MOIL-SAMP-00045,21.69206,79.70958,Tirodi Mine,0.68,346.9,0.12,72.7,34.8,1301.4,10.85,2.42,42.5,1
MOIL-SAMP-00046,21.58019,79.70477,Dongri Buzurg Mine,2.99,396.9,0.531,28.9,33.0,1264.2,-9.95,0.809,11.2,0
MOIL-SAMP-00047,21.58321,79.71358,Dongri Buzurg Mine,3.64,358.0,0.31,58.4,32.8,1181.1,23.42,2.175,23.6,1
MOIL-SAMP-00048,21.40706,78.99855,Gumgaon Mine,1.81,383.8,0.221,64.0,37.7,1263.4,20.47,1.761,46.5,1
MOIL-SAMP-00049,21.42874,79.26087,Kandri Mine,1.45,351.1,0.263,59.6,34.7,1344.4,13.58,1.972,52.1,1
MOIL-SAMP-00050,22.01509,80.50226,Ukwa Mine,6.29,349.9,0.749,31.6,30.7,1477.8,-3.4,1.292,10.4,0
MOIL-SAMP-00051,21.55712,79.74842,Chikla Mine,1.05,350.5,0.776,28.9,29.1,1454.5,-16.23,1.242,17.7,0
MOIL-SAMP-00052,21.38018,79.26379,Mansar Mine,2.19,379.5,0.689,30.1,30.0,1318.1,-6.29,1.401,16.6,0
MOIL-SAMP-00053,21.55537,79.69459,Dongri Buzurg Mine,0.33,362.8,0.205,59.7,35.4,1370.9,23.33,2.2,58.8,1
MOIL-SAMP-00054,21.7795,80.18187,Balaghat Mine (Largest underground Mn mine),2.6,458.9,0.31,66.4,37.9,1296.0,26.43,2.455,51.1,1
MOIL-SAMP-00055,21.5977,79.75287,Chikla Mine,3.84,500.9,0.755,46.2,30.2,1335.8,0.83,1.117,5.4,0
MOIL-SAMP-00056,21.81872,80.17367,Balaghat Mine (Largest underground Mn mine),2.28,467.2,0.585,23.8,31.1,1331.4,-4.14,1.23,13.7,0
MOIL-SAMP-00057,21.40986,79.27354,Mansar Mine,1.31,394.4,0.2,73.3,32.8,1197.1,26.51,2.129,32.6,1
MOIL-SAMP-00058,21.58674,79.75765,Sitasaongi Mine,0.54,312.2,0.309,56.8,33.3,1210.5,17.13,2.26,49.8,1
MOIL-SAMP-00059,21.58711,79.75214,Chikla Mine,2.71,381.2,0.519,48.5,30.4,1245.7,-7.1,1.333,10.5,0
MOIL-SAMP-00060,21.97333,80.46707,Ukwa Mine,0.6,407.4,0.377,53.6,38.7,1307.5,15.1,2.226,55.1,1
MOIL-SAMP-00061,21.95757,80.45334,Ukwa Mine,1.9,261.8,0.523,47.0,31.7,1352.3,-9.66,1.02,13.4,0
MOIL-SAMP-00062,21.7478,80.18965,Balaghat Mine (Largest underground Mn mine),6.05,380.9,0.65,35.2,27.3,1242.4,1.38,1.316,7.3,0
MOIL-SAMP-00063,21.59261,79.71087,Dongri Buzurg Mine,4.49,471.3,0.383,51.9,37.4,1283.9,24.72,1.923,39.4,1
MOIL-SAMP-00064,21.55637,79.69235,Dongri Buzurg Mine,0.58,443.5,0.797,46.0,29.9,1345.5,-4.51,1.105,19.1,0
MOIL-SAMP-00065,21.5922,79.76003,Sitasaongi Mine,1.02,462.4,0.336,56.3,33.9,1281.3,27.87,2.619,45.7,1
MOIL-SAMP-00066,21.58936,79.74251,Chikla Mine,2.75,355.9,0.154,63.1,32.4,1279.9,11.57,1.938,48.3,1
MOIL-SAMP-00067,21.59145,79.7813,Sitasaongi Mine,2.3,473.3,0.646,45.0,25.5,1276.1,-1.92,1.373,15.4,0
MOIL-SAMP-00068,21.64623,79.73192,Dongri Buzurg Mine,10.81,374.7,0.701,37.9,29.7,1411.9,-11.42,1.245,8.8,0
MOIL-SAMP-00069,21.88126,80.22206,Balaghat Mine (Largest underground Mn mine),9.42,389.9,0.667,34.8,34.0,1353.9,-1.32,0.678,8.3,0
MOIL-SAMP-00070,21.57921,79.73799,Chikla Mine,1.68,396.9,0.344,62.5,36.4,1283.1,30.13,2.036,43.1,1
MOIL-SAMP-00071,21.59041,79.76581,Sitasaongi Mine,0.96,359.0,0.226,63.9,35.3,1282.2,32.44,2.297,41.4,1
MOIL-SAMP-00072,21.35466,78.97827,Gumgaon Mine,4.77,465.7,0.627,56.4,36.8,1107.6,-13.92,1.07,3.5,0
MOIL-SAMP-00073,21.72759,79.73921,Tirodi Mine,5.0,382.7,0.547,25.6,27.3,1252.6,4.98,0.982,12.6,0
MOIL-SAMP-00074,21.63333,79.68021,Tirodi Mine,7.08,348.4,0.585,36.5,29.8,1119.7,-13.38,1.213,20.3,0
MOIL-SAMP-00075,21.40565,79.27259,Mansar Mine,0.85,342.9,0.387,59.0,32.3,1359.8,26.71,2.097,48.3,1
MOIL-SAMP-00076,21.55479,79.7156,Dongri Buzurg Mine,1.89,494.5,0.699,18.3,27.7,1307.7,-9.7,1.124,20.5,0
MOIL-SAMP-00077,21.42998,79.2678,Kandri Mine,1.44,237.8,0.255,54.3,33.6,1435.8,26.28,2.034,49.5,1
MOIL-SAMP-00078,21.76441,80.178,Balaghat Mine (Largest underground Mn mine),4.32,462.7,0.55,42.2,35.0,1313.5,-12.19,1.037,15.6,0
MOIL-SAMP-00079,21.44285,79.25527,Kandri Mine,3.11,476.3,0.648,49.1,31.9,1264.0,-7.07,1.207,14.5,0
MOIL-SAMP-00080,21.55842,79.70251,Dongri Buzurg Mine,0.72,441.3,0.138,58.8,35.5,1301.5,19.21,2.108,33.5,1
MOIL-SAMP-00081,21.54367,79.69852,Dongri Buzurg Mine,1.15,383.8,0.337,47.1,35.6,1293.5,35.21,2.902,56.9,1
MOIL-SAMP-00082,21.58196,79.71579,Dongri Buzurg Mine,3.63,413.2,0.346,44.7,34.7,1321.2,13.05,2.167,39.8,1
MOIL-SAMP-00083,21.7733,80.18251,Balaghat Mine (Largest underground Mn mine),3.27,453.1,0.186,68.6,33.7,1402.5,32.68,2.134,54.8,1
MOIL-SAMP-00084,21.41368,79.25966,Kandri Mine,0.84,324.8,0.347,62.6,35.2,1249.0,25.19,2.169,43.7,1
MOIL-SAMP-00085,21.40131,79.26494,Kandri Mine,1.75,363.1,0.2,76.5,32.9,1363.2,23.4,1.693,43.1,1
MOIL-SAMP-00086,21.63179,79.68478,Tirodi Mine,7.01,378.7,0.657,52.4,30.0,1265.7,-6.25,1.024,13.8,0
MOIL-SAMP-00087,21.5882,79.71365,Dongri Buzurg Mine,4.14,376.7,0.511,23.7,31.5,1276.2,-12.33,1.501,7.6,0
MOIL-SAMP-00088,21.57019,79.70251,Dongri Buzurg Mine,1.87,475.0,0.308,49.8,32.8,1276.6,16.05,2.125,54.6,1
MOIL-SAMP-00089,21.70707,79.71659,Tirodi Mine,2.06,394.7,0.789,64.0,29.8,1440.6,-4.07,0.878,1.5,0
MOIL-SAMP-00090,21.56873,79.71107,Dongri Buzurg Mine,2.16,293.3,0.202,53.0,34.7,1187.1,29.93,2.145,51.8,1
MOIL-SAMP-00091,21.3702,78.99467,Gumgaon Mine,2.47,342.9,0.549,37.6,33.6,1366.0,-11.02,1.445,16.5,0
MOIL-SAMP-00092,21.62311,79.70465,Tirodi Mine,7.31,374.3,0.691,41.8,25.4,1260.1,-1.98,1.584,11.1,0
MOIL-SAMP-00093,21.44534,79.27429,Kandri Mine,3.22,445.5,0.712,24.7,30.6,1287.5,-8.15,0.938,18.6,0
MOIL-SAMP-00094,21.69914,79.72142,Tirodi Mine,1.35,446.4,0.435,43.6,35.8,1322.8,26.49,2.371,59.7,1
MOIL-SAMP-00095,21.39059,78.98425,Gumgaon Mine,1.92,413.1,0.575,30.3,28.7,1309.9,-7.24,1.123,17.6,0
MOIL-SAMP-00096,21.42538,79.26334,Kandri Mine,1.0,337.7,0.358,45.9,35.2,1313.3,25.8,2.15,40.6,1
MOIL-SAMP-00097,21.55996,79.74647,Chikla Mine,0.68,407.3,0.278,57.5,34.8,1137.4,13.49,2.203,15.4,1
MOIL-SAMP-00098,21.66834,79.70654,Tirodi Mine,2.39,365.9,0.343,46.2,37.5,1450.0,24.46,2.591,35.8,1
MOIL-SAMP-00099,21.83544,80.1948,Balaghat Mine (Largest underground Mn mine),3.72,450.7,0.303,56.6,35.5,1221.9,27.07,2.046,18.2,1
MOIL-SAMP-00100,21.71214,79.7229,Tirodi Mine,2.74,316.1,0.196,56.1,37.5,1341.1,19.05,1.805,30.6,1
MOIL-SAMP-00101,21.38087,79.00607,Gumgaon Mine,1.19,342.9,0.303,79.8,34.4,1285.5,23.45,2.087,44.7,1
MOIL-SAMP-00102,21.5627,79.75623,Sitasaongi Mine,2.3,360.3,0.746,32.5,29.6,1290.5,-6.27,0.722,18.1,0
MOIL-SAMP-00103,21.87244,80.2001,Balaghat Mine (Largest underground Mn mine),7.85,508.1,0.622,58.2,28.9,1320.6,-1.31,1.346,17.7,0
MOIL-SAMP-00104,21.35641,79.00098,Gumgaon Mine,3.85,405.4,0.538,56.9,34.4,1244.5,3.0,0.752,8.3,0
MOIL-SAMP-00105,21.42265,79.26485,Kandri Mine,0.66,350.4,0.291,55.2,33.7,1321.9,34.57,2.076,37.8,1
MOIL-SAMP-00106,21.65331,79.6834,Tirodi Mine,5.08,386.0,0.576,65.4,28.9,1316.2,-8.66,1.168,18.8,0
MOIL-SAMP-00107,21.8211,80.19832,Balaghat Mine (Largest underground Mn mine),2.35,425.0,0.682,23.2,30.3,1430.9,-0.26,1.533,2.0,0
MOIL-SAMP-00108,21.55265,79.74529,Chikla Mine,1.35,326.3,0.221,48.8,36.8,1307.1,18.44,1.892,30.5,1
MOIL-SAMP-00109,21.42722,79.27603,Kandri Mine,1.47,386.9,0.234,61.2,35.3,1396.8,29.91,2.638,34.7,1
MOIL-SAMP-00110,21.40301,79.00794,Gumgaon Mine,1.41,306.2,0.381,69.2,34.1,1307.2,24.52,1.545,37.1,1
MOIL-SAMP-00111,21.42456,79.01147,Gumgaon Mine,3.8,353.8,0.735,32.8,27.2,1179.5,-5.72,1.218,17.9,0
MOIL-SAMP-00112,22.00442,80.48797,Ukwa Mine,4.52,393.2,0.655,63.4,29.5,1264.2,-4.79,1.081,10.0,0
MOIL-SAMP-00113,21.39938,79.28246,Mansar Mine,0.99,396.6,0.177,52.6,33.9,1331.1,24.31,2.651,41.6,1
MOIL-SAMP-00114,21.56499,79.72618,Chikla Mine,1.64,412.9,0.527,38.7,28.9,1379.7,-5.39,1.251,8.4,0
MOIL-SAMP-00115,21.54958,79.69339,Dongri Buzurg Mine,0.64,412.7,0.179,74.6,36.0,1348.6,30.97,1.432,62.9,1
MOIL-SAMP-00116,21.59419,79.74856,Chikla Mine,3.35,476.6,0.365,31.6,30.5,1213.7,-19.86,1.191,6.0,0
MOIL-SAMP-00117,21.56618,79.74056,Chikla Mine,0.24,369.4,0.386,64.2,38.1,1282.1,26.53,2.156,26.8,1
MOIL-SAMP-00118,21.57338,79.73185,Chikla Mine,1.44,432.0,0.191,53.6,35.1,1388.1,31.78,2.104,48.2,1
MOIL-SAMP-00119,21.95447,80.4419,Ukwa Mine,3.08,415.5,0.461,61.3,31.4,1244.5,-8.59,1.304,11.8,0
MOIL-SAMP-00120,21.67272,79.69917,Tirodi Mine,2.39,307.7,0.733,46.8,30.7,1358.0,-5.36,1.763,17.4,0
MOIL-SAMP-00121,21.41567,79.26476,Kandri Mine,0.27,263.1,0.177,52.5,33.5,1346.3,25.48,1.663,43.3,1
MOIL-SAMP-00122,21.72492,79.70906,Tirodi Mine,4.07,370.2,0.553,34.4,27.0,1241.2,-12.81,1.391,5.5,0
MOIL-SAMP-00123,21.72405,79.72734,Tirodi Mine,4.13,370.6,0.225,61.1,35.3,1201.5,25.12,2.081,41.8,1
MOIL-SAMP-00124,21.39423,79.27965,Mansar Mine,0.81,335.6,0.255,58.1,31.6,1328.8,30.98,1.94,32.3,1
MOIL-SAMP-00125,21.44449,79.26206,Kandri Mine,3.08,390.2,0.663,60.0,28.8,1346.4,4.44,1.458,12.9,0
MOIL-SAMP-00126,21.56747,79.72868,Chikla Mine,1.42,407.5,0.205,47.3,34.5,1282.9,13.83,2.531,55.5,1
MOIL-SAMP-00127,21.73768,80.16416,Balaghat Mine (Largest underground Mn mine),7.56,424.3,0.598,35.9,30.3,1205.6,-8.13,1.263,14.2,0
MOIL-SAMP-00128,21.55994,79.7378,Chikla Mine,0.67,418.8,0.356,59.9,34.4,1401.6,23.57,1.887,52.9,1
MOIL-SAMP-00129,21.37808,79.27658,Mansar Mine,2.23,370.9,0.64,32.9,36.9,1162.4,-5.97,1.051,6.5,0
MOIL-SAMP-00130,21.54725,79.702,Dongri Buzurg Mine,0.89,363.2,0.2,66.4,34.7,1261.6,23.49,2.631,54.4,1
MOIL-SAMP-00131,21.67444,79.71616,Tirodi Mine,1.56,410.0,0.335,69.1,30.9,1270.3,21.91,2.044,46.7,1
MOIL-SAMP-00132,21.67159,79.70975,Tirodi Mine,1.95,428.0,0.304,45.0,37.4,1286.6,26.02,2.141,54.1,1
MOIL-SAMP-00133,21.93923,80.46972,Ukwa Mine,3.19,396.5,0.631,37.7,23.1,1330.0,-8.2,0.956,18.3,0
MOIL-SAMP-00134,21.65014,79.68854,Tirodi Mine,5.05,350.8,0.57,63.4,37.6,1295.3,-4.29,1.11,10.5,0
MOIL-SAMP-00135,21.68521,79.7039,Tirodi Mine,1.2,443.4,0.336,69.6,35.8,1267.7,28.74,2.056,64.9,1
MOIL-SAMP-00136,21.38077,79.26595,Mansar Mine,2.04,419.0,0.284,66.6,34.5,1427.1,33.16,2.382,58.6,1
MOIL-SAMP-00137,21.52683,79.73007,Chikla Mine,4.34,407.3,0.525,23.7,30.5,1375.8,-10.01,0.814,4.0,0
MOIL-SAMP-00138,21.38195,79.00711,Gumgaon Mine,1.12,417.5,0.257,50.6,37.2,1370.8,22.97,1.634,29.5,1
MOIL-SAMP-00139,21.43538,79.27142,Kandri Mine,2.08,379.6,0.287,53.6,34.7,1343.5,28.81,2.14,38.2,1
MOIL-SAMP-00140,21.5559,79.74478,Chikla Mine,0.99,461.9,0.262,58.6,37.3,1300.7,20.7,2.721,40.2,1
MOIL-SAMP-00141,21.56902,79.74132,Chikla Mine,0.5,377.0,0.353,74.9,33.5,1338.4,19.63,2.637,20.3,1
MOIL-SAMP-00142,21.55462,79.76015,Sitasaongi Mine,3.14,376.0,0.684,59.0,33.1,1356.6,-5.92,1.52,15.5,0
MOIL-SAMP-00143,21.5616,79.746,Chikla Mine,0.52,283.2,0.286,67.2,34.4,1192.2,23.95,1.768,43.8,1
MOIL-SAMP-00144,21.55797,79.74856,Chikla Mine,0.99,443.6,0.53,28.2,33.1,1418.9,-9.64,1.103,2.9,0
MOIL-SAMP-00145,21.97515,80.45773,Ukwa Mine,1.32,421.0,0.395,73.6,33.8,1412.7,19.31,1.811,32.0,1
MOIL-SAMP-00146,21.85438,80.21898,Balaghat Mine (Largest underground Mn mine),6.61,361.2,0.438,33.5,30.9,1462.6,-0.02,0.639,10.7,0
MOIL-SAMP-00147,21.55466,79.70436,Dongri Buzurg Mine,0.72,349.3,0.327,72.8,37.4,1311.8,32.22,2.166,36.3,1
MOIL-SAMP-00148,21.39856,79.25919,Kandri Mine,2.19,362.5,0.327,57.7,32.5,1304.6,29.68,2.569,35.3,1
MOIL-SAMP-00149,21.51345,79.67255,Dongri Buzurg Mine,5.17,435.5,0.667,31.7,29.2,1246.3,1.19,1.083,16.9,0
MOIL-SAMP-00150,21.43729,79.27372,Kandri Mine,2.35,399.7,0.251,56.1,35.5,1260.8,24.63,1.966,41.4,1
MOIL-SAMP-00151,21.5567,79.76036,Sitasaongi Mine,2.91,355.5,0.283,55.1,33.7,1264.1,27.7,1.967,45.2,1
MOIL-SAMP-00152,21.3892,79.25035,Kandri Mine,3.53,412.8,0.715,45.8,29.9,1242.7,-0.14,0.898,21.4,0
MOIL-SAMP-00153,21.60571,79.77902,Sitasaongi Mine,3.13,393.8,0.299,47.4,36.6,1351.1,22.36,2.265,54.5,1
MOIL-SAMP-00154,21.55373,79.74486,Chikla Mine,1.23,379.1,0.353,44.0,33.8,1298.7,19.14,2.21,18.3,1
MOIL-SAMP-00155,21.688,79.72612,Tirodi Mine,1.15,480.4,0.218,55.4,35.4,1324.8,25.3,2.361,53.2,1
MOIL-SAMP-00156,21.5642,79.73827,Chikla Mine,0.39,391.5,0.385,45.8,38.9,1306.9,17.9,2.059,54.9,1
MOIL-SAMP-00157,21.69357,79.70874,Tirodi Mine,0.86,395.9,0.32,52.1,34.7,1327.6,12.18,2.391,41.7,1
MOIL-SAMP-00158,21.42523,79.26686,Kandri Mine,0.91,399.0,0.384,63.4,32.2,1244.6,24.44,2.578,41.3,1
MOIL-SAMP-00159,21.95018,80.47177,Ukwa Mine,2.01,419.5,0.698,77.5,33.0,1417.6,-7.3,1.109,10.2,0
MOIL-SAMP-00160,21.53677,79.68443,Dongri Buzurg Mine,2.33,347.2,0.313,54.4,33.8,1266.6,30.57,1.691,41.0,1
MOIL-SAMP-00161,21.5726,79.75377,Sitasaongi Mine,1.37,380.9,0.336,53.3,36.3,1304.0,26.25,2.251,43.0,1
MOIL-SAMP-00162,21.94358,80.44186,Ukwa Mine,3.82,428.9,0.761,46.6,30.6,1417.6,7.48,1.057,15.9,0
MOIL-SAMP-00163,21.83657,80.21293,Balaghat Mine (Largest underground Mn mine),4.61,470.0,0.652,49.0,29.5,1330.7,-10.0,1.229,4.8,0
MOIL-SAMP-00164,21.9175,80.4333,Ukwa Mine,6.63,393.3,0.579,23.3,34.7,1428.8,1.82,1.393,17.5,0
MOIL-SAMP-00165,21.68366,79.73129,Tirodi Mine,1.77,376.3,0.581,34.3,25.7,1397.0,-1.66,0.985,20.0,0
MOIL-SAMP-00166,21.93173,80.44947,Ukwa Mine,4.44,438.3,0.808,49.5,31.6,1290.9,-6.11,1.489,3.8,0
MOIL-SAMP-00167,21.54787,79.73569,Chikla Mine,1.95,488.7,0.604,23.9,32.5,1336.9,-5.89,0.735,18.8,0
MOIL-SAMP-00168,21.60067,79.76635,Sitasaongi Mine,2.03,455.0,0.293,57.0,33.9,1407.5,26.76,2.286,25.0,1
MOIL-SAMP-00169,21.95352,80.47808,Ukwa Mine,1.91,355.5,0.74,64.0,26.3,1409.8,3.11,0.894,18.9,0
MOIL-SAMP-00170,21.41394,79.00839,Gumgaon Mine,2.58,368.8,0.324,61.7,35.9,1229.7,12.46,2.239,29.7,1
MOIL-SAMP-00171,21.93762,80.45732,Ukwa Mine,3.54,373.0,0.625,45.5,35.1,1302.1,-5.88,1.336,13.3,0
MOIL-SAMP-00172,21.54433,79.69663,Dongri Buzurg Mine,1.07,445.5,0.396,64.6,34.2,1338.5,15.9,2.154,63.4,1
MOIL-SAMP-00173,21.59121,79.75766,Sitasaongi Mine,0.97,433.5,0.281,52.1,33.7,1415.7,29.34,1.662,36.4,1
MOIL-SAMP-00174,21.40339,79.26677,Kandri Mine,1.51,338.4,0.24,73.1,36.0,1315.6,20.6,2.345,40.4,1
MOIL-SAMP-00175,21.96833,80.44385,Ukwa Mine,2.49,282.5,0.569,45.7,26.9,1442.4,0.84,0.944,17.9,0
MOIL-SAMP-00176,21.96955,80.4648,Ukwa Mine,0.37,375.5,0.214,60.9,33.6,1334.3,32.63,2.34,24.0,1
MOIL-SAMP-00177,21.80152,80.18995,Balaghat Mine (Largest underground Mn mine),0.29,413.3,0.392,46.1,37.7,1373.0,26.68,2.403,63.0,1
MOIL-SAMP-00178,21.39981,79.27017,Mansar Mine,0.35,291.3,0.287,57.4,34.5,1316.6,27.81,1.805,51.7,1
MOIL-SAMP-00179,21.79802,80.2082,Balaghat Mine (Largest underground Mn mine),2.22,437.6,0.676,68.8,27.6,1408.5,-0.84,1.122,1.2,0
MOIL-SAMP-00180,21.57715,79.75718,Sitasaongi Mine,0.76,378.8,0.29,65.2,32.1,1300.3,23.04,2.151,46.8,1
MOIL-SAMP-00181,21.58917,79.74087,Chikla Mine,2.73,381.4,0.272,79.4,33.9,1409.4,30.77,1.885,57.3,1
MOIL-SAMP-00182,21.5491,79.73512,Chikla Mine,1.85,320.1,0.291,53.7,35.2,1291.7,27.63,2.611,48.1,1
MOIL-SAMP-00183,21.41186,79.26627,Kandri Mine,0.57,439.7,0.371,64.2,35.7,1149.6,23.65,2.594,61.7,1
MOIL-SAMP-00184,21.55451,79.7033,Dongri Buzurg Mine,0.61,359.0,0.297,55.1,33.7,1365.2,20.29,2.595,27.8,1
MOIL-SAMP-00185,21.69362,79.71587,Tirodi Mine,0.57,407.2,0.31,75.5,37.5,1247.5,31.2,2.684,59.6,1
MOIL-SAMP-00186,21.63416,79.70093,Tirodi Mine,6.18,444.7,0.549,48.4,34.0,1219.9,-9.66,1.371,19.2,0
MOIL-SAMP-00187,21.94422,80.44365,Ukwa Mine,3.64,434.6,0.221,73.5,37.2,1253.2,12.25,2.338,25.2,1
MOIL-SAMP-00188,21.51199,79.68636,Dongri Buzurg Mine,4.78,497.2,0.644,52.4,34.1,1279.0,0.15,1.111,1.6,0
MOIL-SAMP-00189,21.59617,79.74359,Chikla Mine,3.51,447.6,0.699,51.4,30.7,1518.4,4.8,1.27,17.4,0
MOIL-SAMP-00190,21.55876,79.71164,Dongri Buzurg Mine,1.57,316.5,0.33,45.6,36.4,1244.4,34.16,2.014,34.9,1
MOIL-SAMP-00191,21.78326,80.17178,Balaghat Mine (Largest underground Mn mine),2.66,340.9,0.282,43.1,34.1,1258.7,29.92,1.779,49.1,1
MOIL-SAMP-00192,21.42132,79.27422,Kandri Mine,0.89,372.9,0.171,58.6,34.9,1306.3,24.46,1.399,31.6,1
MOIL-SAMP-00193,21.83716,80.21476,Balaghat Mine (Largest underground Mn mine),4.77,450.1,0.677,56.0,27.1,1361.0,-8.97,1.446,21.2,0
MOIL-SAMP-00194,21.53419,79.68384,Dongri Buzurg Mine,2.6,414.6,0.597,43.9,30.5,1435.1,5.92,1.119,6.4,0
MOIL-SAMP-00195,21.57465,79.76729,Sitasaongi Mine,1.13,433.0,0.265,54.7,32.3,1442.4,29.78,2.204,39.9,1
MOIL-SAMP-00196,21.42849,79.27182,Kandri Mine,1.36,391.9,0.293,44.4,33.4,1320.3,27.68,2.128,22.9,1
MOIL-SAMP-00197,21.41731,79.27702,Mansar Mine,2.18,357.6,0.748,31.1,34.9,1271.7,-9.06,1.433,22.3,0
MOIL-SAMP-00198,21.68186,79.7058,Tirodi Mine,1.2,395.0,0.197,74.5,35.0,1246.4,13.04,1.583,34.8,1
MOIL-SAMP-00199,21.55288,79.68651,Dongri Buzurg Mine,1.13,305.6,0.279,54.1,35.3,1400.7,23.23,2.314,41.2,1
MOIL-SAMP-00200,21.55525,79.75605,Sitasaongi Mine,3.11,358.7,0.247,64.2,37.5,1179.9,20.17,2.296,30.2,1
MOIL-SAMP-00201,21.43102,79.27929,Kandri Mine,2.01,315.6,0.178,66.3,37.6,1262.7,21.25,2.25,44.9,1
MOIL-SAMP-00202,21.37385,78.99889,Gumgaon Mine,1.96,376.7,0.266,56.4,37.0,1372.7,27.84,2.161,32.1,1
MOIL-SAMP-00203,21.66454,79.68835,Tirodi Mine,3.82,384.9,0.618,38.0,38.0,1222.3,-7.61,1.197,10.2,0
MOIL-SAMP-00204,21.65732,79.70542,Tirodi Mine,3.59,398.7,0.277,54.2,35.9,1272.1,26.94,2.156,23.5,1
MOIL-SAMP-00205,21.59544,79.74526,Chikla Mine,3.44,381.0,0.592,25.5,33.5,1423.2,1.12,1.352,18.5,0
MOIL-SAMP-00206,21.56882,79.75782,Sitasaongi Mine,1.6,301.8,0.209,57.3,35.8,1162.2,27.46,2.574,52.1,1
MOIL-SAMP-00207,21.56677,79.76322,Sitasaongi Mine,1.81,411.1,0.49,42.8,29.7,1402.4,-6.3,1.137,3.4,0
MOIL-SAMP-00208,21.82466,80.19231,Balaghat Mine (Largest underground Mn mine),2.5,358.3,0.802,36.0,33.2,1382.8,-9.39,1.473,5.4,0
MOIL-SAMP-00209,21.55799,79.72842,Chikla Mine,1.58,402.2,0.373,62.9,35.3,1251.7,19.27,2.21,36.0,1
MOIL-SAMP-00210,21.5654,79.75696,Sitasaongi Mine,1.99,259.2,0.555,43.0,30.2,1368.1,-2.14,1.3,10.6,0
MOIL-SAMP-00211,21.40829,79.25227,Kandri Mine,1.8,358.5,0.303,64.8,37.6,1287.1,31.51,2.125,65.5,1
MOIL-SAMP-00212,21.68391,79.70665,Tirodi Mine,1.0,411.1,0.308,56.3,34.6,1359.8,19.64,2.595,21.9,1
MOIL-SAMP-00213,21.5544,79.72469,Chikla Mine,2.11,319.7,0.38,66.4,34.3,1275.8,17.8,2.097,65.4,1
MOIL-SAMP-00214,21.40436,78.9918,Gumgaon Mine,1.85,320.2,0.531,41.5,29.3,1283.7,-5.43,1.29,8.0,0
MOIL-SAMP-00215,21.66874,79.73186,Tirodi Mine,2.8,377.8,0.665,31.8,33.0,1382.8,-1.39,0.885,1.9,0
MOIL-SAMP-00216,21.37841,79.27038,Mansar Mine,2.18,439.9,0.338,75.2,32.8,1297.9,20.39,2.017,50.8,1
MOIL-SAMP-00217,21.56107,79.73252,Chikla Mine,1.05,307.3,0.655,32.4,31.5,1355.3,-4.04,0.871,13.6,0
MOIL-SAMP-00218,21.72135,79.72816,Tirodi Mine,3.88,464.2,0.299,43.9,37.7,1261.5,29.53,2.045,42.6,1
MOIL-SAMP-00219,21.69727,79.7179,Tirodi Mine,1.02,468.3,0.249,57.0,37.3,1336.9,25.68,1.927,47.4,1
MOIL-SAMP-00220,21.68255,79.71704,Tirodi Mine,0.69,436.7,0.218,55.3,33.6,1328.3,22.11,2.389,35.9,1
MOIL-SAMP-00221,21.58569,79.76117,Sitasaongi Mine,0.3,410.6,0.336,50.1,35.8,1297.6,21.1,2.052,31.8,1
MOIL-SAMP-00222,21.66119,79.70127,Tirodi Mine,3.34,387.5,0.65,45.3,27.9,1409.9,-0.96,1.035,8.5,0
MOIL-SAMP-00223,21.4049,79.00682,Gumgaon Mine,1.57,448.8,0.572,41.1,29.0,1328.9,0.14,1.444,21.6,0
MOIL-SAMP-00224,21.58903,79.76111,Sitasaongi Mine,0.67,437.3,0.267,57.8,34.8,1179.3,28.08,2.396,50.9,1
MOIL-SAMP-00225,21.60911,79.7653,Sitasaongi Mine,2.92,417.5,0.684,54.4,30.9,1271.1,-5.75,1.034,15.9,0
MOIL-SAMP-00226,21.84438,80.18981,Balaghat Mine (Largest underground Mn mine),4.64,472.1,0.615,63.9,31.6,1492.5,-3.61,0.738,11.8,0
MOIL-SAMP-00227,21.70684,79.7193,Tirodi Mine,2.08,363.8,0.218,51.8,35.7,1224.3,22.51,2.165,36.4,1
MOIL-SAMP-00228,21.41603,79.27895,Mansar Mine,2.09,345.2,0.299,49.7,33.5,1186.0,32.61,2.021,30.6,1
MOIL-SAMP-00229,21.56539,79.75113,Sitasaongi Mine,2.2,302.4,0.171,75.9,30.2,1325.9,21.77,1.889,29.1,1
MOIL-SAMP-00230,21.57899,79.74765,Chikla Mine,1.71,302.9,0.283,62.0,34.4,1220.7,27.31,2.409,43.9,1
MOIL-SAMP-00231,21.96291,80.45167,Ukwa Mine,1.78,426.4,0.759,36.2,32.3,1307.4,-4.26,1.657,9.3,0
MOIL-SAMP-00232,21.56899,79.70698,Dongri Buzurg Mine,1.93,418.9,0.181,58.4,34.6,1274.1,27.63,2.012,65.1,1
MOIL-SAMP-00233,21.56473,79.73834,Chikla Mine,0.38,432.2,0.174,53.1,35.5,1376.1,20.74,2.334,42.6,1
MOIL-SAMP-00234,21.56922,79.74043,Chikla Mine,0.55,423.2,0.162,52.3,33.8,1541.3,19.56,2.194,72.9,1
MOIL-SAMP-00235,21.759,80.16266,Balaghat Mine (Largest underground Mn mine),5.44,342.9,0.176,62.0,32.6,1405.9,30.88,2.346,41.0,1
MOIL-SAMP-00236,21.58136,79.75387,Sitasaongi Mine,0.76,333.2,0.272,70.9,36.7,1208.0,24.27,2.282,20.4,1
MOIL-SAMP-00237,21.67683,79.71984,Tirodi Mine,1.38,390.1,0.369,63.9,34.4,1379.4,28.18,1.854,30.8,1
MOIL-SAMP-00238,21.59541,79.76013,Sitasaongi Mine,1.38,358.0,0.128,65.8,35.6,1312.3,21.22,1.717,46.7,1
MOIL-SAMP-00239,21.54237,79.72912,Chikla Mine,2.79,390.3,0.429,55.4,36.9,1316.7,35.28,2.273,22.8,1
MOIL-SAMP-00240,21.41914,79.01704,Gumgaon Mine,3.42,355.3,0.88,30.1,28.6,1250.0,-6.03,0.894,14.1,0
MOIL-SAMP-00241,21.59649,79.71233,Dongri Buzurg Mine,4.95,366.2,0.869,53.7,32.8,1219.8,3.23,0.982,16.4,0
MOIL-SAMP-00242,21.66222,79.69971,Tirodi Mine,3.31,506.2,0.359,70.0,36.1,1265.4,28.3,2.638,30.6,1
MOIL-SAMP-00243,21.66195,79.72486,Tirodi Mine,3.11,424.3,0.644,27.1,29.8,1513.4,-1.85,1.433,11.7,0
MOIL-SAMP-00244,21.40055,79.26469,Mansar Mine,0.91,343.9,0.268,57.5,30.7,1298.4,25.92,2.529,44.0,1
MOIL-SAMP-00245,21.84426,80.21322,Balaghat Mine (Largest underground Mn mine),5.34,424.1,0.254,60.1,36.4,1357.4,34.32,2.385,38.7,1
MOIL-SAMP-00246,21.70765,79.72218,Tirodi Mine,2.24,440.9,0.261,51.8,34.3,1309.8,17.25,1.828,41.1,1
MOIL-SAMP-00247,21.85581,80.20809,Balaghat Mine (Largest underground Mn mine),6.27,443.9,0.374,63.7,33.8,1256.8,29.62,2.179,32.1,1
MOIL-SAMP-00248,21.64633,79.70413,Tirodi Mine,4.8,447.1,0.604,51.3,29.4,1309.2,-14.92,0.965,6.3,0
MOIL-SAMP-00249,21.36489,78.99549,Gumgaon Mine,3.01,325.0,0.596,39.1,30.5,1289.6,-3.55,0.888,11.4,0
MOIL-SAMP-00250,21.7068,79.71159,Tirodi Mine,2.05,429.9,0.191,66.2,34.4,1358.4,25.23,1.9,60.3,1
MOIL-SAMP-00251,21.60377,79.77109,Sitasaongi Mine,2.52,454.0,0.325,48.2,37.1,1361.9,28.27,2.435,42.7,1
MOIL-SAMP-00252,21.95692,80.44817,Ukwa Mine,2.39,446.6,0.414,31.0,30.3,1271.5,-8.82,1.322,14.9,0
MOIL-SAMP-00253,21.37928,78.98866,Gumgaon Mine,1.97,444.0,0.494,64.6,33.6,1168.4,-0.44,1.1,16.8,0
MOIL-SAMP-00254,21.67192,79.71594,Tirodi Mine,1.84,412.9,0.202,67.4,34.7,1344.9,27.17,2.004,52.0,1
MOIL-SAMP-00255,21.4236,79.268,Kandri Mine,0.74,358.2,0.378,74.1,30.6,1344.2,21.83,2.327,32.2,1
MOIL-SAMP-00256,21.66463,79.68241,Tirodi Mine,4.28,405.5,0.625,39.2,30.5,1422.4,0.77,1.151,7.3,0
MOIL-SAMP-00257,21.98936,80.49531,Ukwa Mine,3.68,367.5,0.722,35.6,34.4,1256.5,0.48,0.77,15.3,0
MOIL-SAMP-00258,21.77511,80.18633,Balaghat Mine (Largest underground Mn mine),3.03,437.0,0.714,39.8,30.8,1343.7,-4.56,1.333,15.3,0
MOIL-SAMP-00259,21.99463,80.4804,Ukwa Mine,3.21,391.5,0.666,51.4,36.2,1236.6,3.92,1.692,11.1,0
MOIL-SAMP-00260,21.55663,79.76183,Sitasaongi Mine,2.92,379.2,0.832,64.3,35.1,1374.0,-2.57,0.874,4.9,0
MOIL-SAMP-00261,21.56463,79.73723,Chikla Mine,0.49,398.2,0.313,54.2,35.0,1394.3,16.59,2.783,22.6,1
MOIL-SAMP-00262,21.65245,79.69392,Tirodi Mine,4.54,368.1,0.658,26.5,30.6,1202.6,-17.57,1.024,20.7,0
MOIL-SAMP-00263,21.5887,79.71224,Dongri Buzurg Mine,4.13,383.5,0.338,67.9,35.9,1388.8,17.98,2.13,34.2,1
MOIL-SAMP-00264,21.55785,79.74733,Chikla Mine,0.92,402.0,0.276,64.4,34.9,1333.8,20.86,2.323,46.8,1
MOIL-SAMP-00265,21.78716,80.18265,Balaghat Mine (Largest underground Mn mine),1.76,305.6,0.256,59.0,33.2,1291.6,25.52,1.441,41.3,1
MOIL-SAMP-00266,21.54258,79.69056,Dongri Buzurg Mine,1.45,294.4,0.424,65.4,33.2,1320.2,20.57,2.117,48.8,1
MOIL-SAMP-00267,21.36152,78.99707,Gumgaon Mine,3.33,418.4,0.206,69.0,37.7,1278.1,19.9,2.312,37.4,1
MOIL-SAMP-00268,21.41052,79.2741,Mansar Mine,1.39,344.0,0.215,56.6,38.9,1361.2,27.82,2.371,53.0,1
MOIL-SAMP-00269,21.59708,79.76733,Sitasaongi Mine,1.69,425.5,0.298,68.5,36.3,1305.7,18.04,2.061,53.2,1
MOIL-SAMP-00270,21.42419,79.26444,Kandri Mine,0.84,316.6,0.265,46.8,35.9,1177.0,12.04,2.17,45.7,1
MOIL-SAMP-00271,21.41567,79.27149,Kandri Mine,0.49,371.4,0.306,63.4,35.6,1205.6,17.76,2.035,45.3,1
MOIL-SAMP-00272,21.55292,79.68015,Dongri Buzurg Mine,1.79,413.0,0.58,47.8,35.4,1275.0,-1.09,0.886,6.4,0
MOIL-SAMP-00273,21.95339,80.44399,Ukwa Mine,2.96,338.6,0.637,31.9,31.5,1391.1,-7.05,1.147,14.1,0
MOIL-SAMP-00274,21.69549,79.72493,Tirodi Mine,1.29,418.0,0.257,68.1,35.0,1289.0,27.85,2.139,46.6,1
MOIL-SAMP-00275,21.70325,79.73191,Tirodi Mine,2.39,436.8,0.522,57.6,30.6,1256.5,-4.5,1.494,19.0,0
MOIL-SAMP-00276,21.59467,79.77307,Sitasaongi Mine,1.8,482.4,0.272,53.4,34.6,1334.9,26.69,1.974,59.7,1
MOIL-SAMP-00277,21.57213,79.74708,Chikla Mine,0.99,371.3,0.12,58.0,36.9,1305.5,25.27,1.847,56.5,1
MOIL-SAMP-00278,21.39494,79.24613,Kandri Mine,3.26,386.7,0.426,55.2,29.3,1377.7,0.65,1.174,10.8,0
MOIL-SAMP-00279,21.57973,79.7481,Chikla Mine,1.8,431.8,0.513,50.9,33.5,1318.0,4.24,1.385,11.1,0
MOIL-SAMP-00280,21.97891,80.45744,Ukwa Mine,1.63,461.3,0.88,22.0,26.2,1426.6,-10.58,1.374,8.1,0
MOIL-SAMP-00281,21.78858,80.17234,Balaghat Mine (Largest underground Mn mine),2.18,364.4,0.625,31.2,26.5,1272.4,-1.18,1.369,11.8,0
MOIL-SAMP-00282,21.94751,80.44558,Ukwa Mine,3.24,370.3,0.272,51.6,33.6,1155.9,29.04,2.219,32.8,1
MOIL-SAMP-00283,21.38608,79.00177,Gumgaon Mine,0.58,294.8,0.641,35.3,31.5,1382.7,-6.4,1.084,7.6,0
MOIL-SAMP-00284,21.43,79.27246,Kandri Mine,1.54,377.1,0.268,65.2,35.2,1271.6,23.37,2.033,53.5,1
MOIL-SAMP-00285,21.56985,79.71264,Dongri Buzurg Mine,2.36,423.6,0.64,36.2,32.8,1382.3,-11.1,1.195,8.5,0
MOIL-SAMP-00286,21.41908,79.26844,Kandri Mine,0.27,352.1,0.48,62.2,37.1,1338.2,26.62,1.855,43.8,1
MOIL-SAMP-00287,21.36927,78.99178,Gumgaon Mine,2.68,335.4,0.553,47.3,31.0,1275.1,-0.15,1.074,19.2,0
MOIL-SAMP-00288,21.4214,79.00151,Gumgaon Mine,3.34,344.8,0.77,38.7,29.7,1342.8,0.46,1.151,14.4,0
MOIL-SAMP-00289,21.67105,79.69522,Tirodi Mine,2.81,350.2,0.54,24.6,34.8,1273.5,-3.64,1.002,13.9,0
MOIL-SAMP-00290,21.57706,79.72394,Dongri Buzurg Mine,3.75,373.1,0.52,30.7,32.3,1297.6,-4.1,0.665,6.5,0
MOIL-SAMP-00291,21.40853,79.25921,Kandri Mine,1.24,375.2,0.183,56.5,36.1,1252.6,24.25,1.752,38.0,1
MOIL-SAMP-00292,21.58609,79.764,Sitasaongi Mine,0.46,388.6,0.21,57.7,34.9,1368.4,12.67,2.046,43.0,1
MOIL-SAMP-00293,21.56274,79.68725,Dongri Buzurg Mine,1.43,419.9,0.191,56.6,35.5,1289.2,31.38,2.095,45.6,1
MOIL-SAMP-00294,21.73219,79.73412,Tirodi Mine,5.22,361.1,0.48,49.7,31.8,1389.0,2.31,1.024,12.1,0
MOIL-SAMP-00295,22.00379,80.49244,Ukwa Mine,4.69,445.7,0.565,28.5,38.2,1433.5,-4.54,1.139,9.3,0
MOIL-SAMP-00296,21.52063,79.67567,Dongri Buzurg Mine,4.32,361.5,0.258,63.2,35.5,1170.5,26.43,2.048,43.3,1
MOIL-SAMP-00297,21.86493,80.2069,Balaghat Mine (Largest underground Mn mine),7.19,291.6,0.817,51.8,26.9,1201.0,-7.76,0.998,1.2,0
MOIL-SAMP-00298,21.67335,79.70072,Tirodi Mine,2.23,329.1,0.705,50.8,35.4,1286.3,-7.61,1.166,4.5,0
MOIL-SAMP-00299,21.53716,79.73481,Chikla Mine,3.11,364.5,0.381,68.1,34.3,1276.1,19.13,2.101,36.8,1
MOIL-SAMP-00300,21.39536,79.00045,Gumgaon Mine,0.52,361.0,0.288,47.9,35.4,1343.6,24.86,1.736,22.8,1
MOIL-SAMP-00301,21.95405,80.46448,Ukwa Mine,1.58,521.4,0.32,67.8,34.3,1335.7,19.58,2.449,40.8,1
MOIL-SAMP-00302,21.39618,78.99125,Gumgaon Mine,1.32,325.4,0.279,56.2,33.1,1380.8,27.98,1.845,56.7,1
MOIL-SAMP-00303,21.58329,79.75984,Sitasaongi Mine,0.12,367.6,0.16,55.9,37.8,1289.7,30.36,2.548,33.7,1
MOIL-SAMP-00304,21.60423,79.77735,Sitasaongi Mine,2.89,316.1,0.668,17.6,28.6,1329.5,-11.43,1.314,15.9,0
MOIL-SAMP-00305,21.43304,79.00116,Gumgaon Mine,4.63,334.6,0.764,39.0,31.6,1306.5,-7.4,1.266,13.6,0
MOIL-SAMP-00306,21.66821,79.71379,Tirodi Mine,2.25,309.9,0.667,63.7,30.7,1306.1,-8.82,1.29,9.8,0
MOIL-SAMP-00307,21.66761,79.70384,Tirodi Mine,2.58,395.3,0.525,57.2,32.6,1421.0,2.22,1.515,16.5,0
MOIL-SAMP-00308,21.97276,80.47475,Ukwa Mine,0.87,479.0,0.146,52.8,37.3,1184.7,37.43,1.959,38.6,1
MOIL-SAMP-00309,21.93987,80.45636,Ukwa Mine,3.33,377.3,0.302,60.0,35.8,1398.8,14.12,2.3,56.2,1
MOIL-SAMP-00310,21.73855,79.73419,Tirodi Mine,5.88,382.6,0.575,51.3,26.3,1264.2,-0.45,1.099,11.3,0
MOIL-SAMP-00311,21.96886,80.45568,Ukwa Mine,1.28,403.7,0.127,52.3,33.2,1393.8,17.5,1.856,43.8,1
MOIL-SAMP-00312,21.85001,80.21396,Balaghat Mine (Largest underground Mn mine),5.93,382.6,0.618,53.6,32.3,1314.2,-3.32,1.519,16.9,0
MOIL-SAMP-00313,21.6894,79.72209,Tirodi Mine,0.74,421.9,0.314,52.4,33.8,1341.5,39.04,2.365,37.9,1
MOIL-SAMP-00314,21.40146,79.26826,Mansar Mine,0.62,464.3,0.339,61.8,34.7,1161.3,18.96,2.493,36.4,1
MOIL-SAMP-00315,21.66562,79.71859,Tirodi Mine,2.56,465.7,0.699,52.4,33.0,1363.2,-6.93,1.376,13.0,0
MOIL-SAMP-00316,21.36099,79.01087,Gumgaon Mine,3.44,325.8,0.801,51.7,33.6,1263.3,-17.23,0.946,1.5,0
MOIL-SAMP-00317,21.79137,80.17365,Balaghat Mine (Largest underground Mn mine),1.87,512.4,0.355,69.4,33.2,1334.8,22.84,2.927,38.7,1
MOIL-SAMP-00318,21.39628,79.27639,Mansar Mine,0.4,356.1,0.261,39.0,33.4,1289.6,26.3,2.521,45.0,1
MOIL-SAMP-00319,21.67861,79.70211,Tirodi Mine,1.72,355.6,0.679,60.8,25.8,1336.7,-4.55,1.239,1.2,0
MOIL-SAMP-00320,21.58451,79.74054,Chikla Mine,2.22,435.1,0.512,40.8,28.0,1434.3,-1.79,1.102,6.0,0
MOIL-SAMP-00321,21.36059,79.26614,Mansar Mine,4.2,403.6,0.73,69.3,26.9,1258.8,-2.13,1.11,12.8,0
MOIL-SAMP-00322,21.39231,78.98657,Gumgaon Mine,1.69,340.9,0.598,41.6,26.0,1305.4,-11.67,1.218,11.9,0
MOIL-SAMP-00323,21.59836,79.76855,Sitasaongi Mine,1.87,395.5,0.254,62.3,35.6,1381.6,26.06,2.016,34.9,1
MOIL-SAMP-00324,21.40209,79.28369,Mansar Mine,1.2,327.3,0.231,60.9,35.3,1292.6,32.27,1.629,42.6,1
MOIL-SAMP-00325,21.60121,79.70157,Dongri Buzurg Mine,5.24,418.5,0.601,35.4,25.4,1323.3,-9.29,1.027,6.0,0
MOIL-SAMP-00326,22.00529,80.49477,Ukwa Mine,4.96,401.4,0.517,66.3,33.0,1318.4,-12.17,1.152,16.0,0
MOIL-SAMP-00327,21.41334,79.27255,Kandri Mine,0.7,408.9,0.272,58.2,33.6,1196.2,32.7,2.705,66.7,1
MOIL-SAMP-00328,21.65941,79.70479,Tirodi Mine,3.39,360.4,0.542,52.6,33.1,1370.9,-3.87,0.872,19.5,0
MOIL-SAMP-00329,21.64329,79.70431,Tirodi Mine,5.12,379.0,0.788,18.1,31.3,1294.8,-3.7,1.219,15.7,0
MOIL-SAMP-00330,21.40851,79.27187,Mansar Mine,1.17,413.1,0.299,50.9,34.4,1393.6,25.88,2.717,25.8,1
MOIL-SAMP-00331,21.73547,80.17635,Balaghat Mine (Largest underground Mn mine),7.5,423.5,0.503,42.5,28.9,1371.2,-9.96,0.861,16.3,0
MOIL-SAMP-00332,21.40749,79.27894,Mansar Mine,1.22,395.1,0.292,48.1,36.7,1227.7,13.47,2.48,37.1,1
MOIL-SAMP-00333,21.53315,79.69507,Dongri Buzurg Mine,2.32,327.7,0.585,48.1,33.3,1306.6,-17.3,1.206,12.8,0
MOIL-SAMP-00334,21.67949,79.71488,Tirodi Mine,1.0,414.5,0.271,58.5,37.1,1272.9,29.8,1.923,34.8,1
MOIL-SAMP-00335,21.83041,80.20078,Balaghat Mine (Largest underground Mn mine),3.39,424.9,0.155,55.1,34.2,1274.1,22.23,2.132,49.2,1
MOIL-SAMP-00336,21.5949,79.76112,Sitasaongi Mine,1.32,335.5,0.309,68.0,34.4,1343.6,20.9,2.856,51.8,1
MOIL-SAMP-00337,21.42981,79.26322,Kandri Mine,1.47,341.0,0.241,63.4,35.2,1297.9,19.54,2.264,37.6,1
MOIL-SAMP-00338,21.39669,79.25399,Kandri Mine,2.62,413.6,0.762,47.6,31.6,1402.0,-2.8,1.365,5.9,0
MOIL-SAMP-00339,21.41035,79.01488,Gumgaon Mine,2.46,369.2,0.256,57.0,33.4,1275.4,33.83,2.337,33.6,1
MOIL-SAMP-00340,21.54444,79.76055,Sitasaongi Mine,4.26,346.1,0.58,53.5,32.5,1259.2,-5.08,1.083,17.1,0
MOIL-SAMP-00341,21.71398,79.72416,Tirodi Mine,2.97,335.2,0.719,46.7,30.2,1251.5,3.79,1.065,17.3,0
MOIL-SAMP-00342,21.57035,79.75377,Sitasaongi Mine,1.59,253.2,0.315,54.9,34.1,1480.3,28.46,2.212,40.6,1
MOIL-SAMP-00343,21.42063,79.27148,Kandri Mine,0.61,395.0,0.202,60.5,32.7,1232.2,21.71,2.282,63.1,1
MOIL-SAMP-00344,21.43318,79.27912,Kandri Mine,2.19,367.4,0.212,61.9,34.8,1447.9,31.28,2.21,55.4,1
MOIL-SAMP-00345,21.785,80.1769,Balaghat Mine (Largest underground Mn mine),2.21,353.1,0.258,56.7,31.3,1309.0,24.15,1.766,44.4,1
MOIL-SAMP-00346,21.59513,79.72352,Dongri Buzurg Mine,5.29,376.2,0.848,39.6,33.0,1318.1,4.59,1.023,17.0,0
MOIL-SAMP-00347,21.53159,79.69797,Dongri Buzurg Mine,2.48,410.3,0.694,39.3,26.1,1266.2,-0.89,0.692,11.5,0
MOIL-SAMP-00348,21.83383,80.19689,Balaghat Mine (Largest underground Mn mine),3.6,363.6,0.233,48.9,35.9,1351.9,21.66,1.611,37.3,1
MOIL-SAMP-00349,21.39319,79.00899,Gumgaon Mine,0.68,348.0,0.261,58.0,36.3,1268.3,26.85,1.345,57.7,1
MOIL-SAMP-00350,21.42125,79.26217,Kandri Mine,0.69,315.8,0.191,72.6,32.6,1329.7,24.81,2.116,56.6,1
MOIL-SAMP-00351,21.56011,79.73593,Chikla Mine,0.79,383.6,0.244,67.3,35.2,1229.4,7.02,2.583,59.1,1
MOIL-SAMP-00352,21.79288,80.15729,Balaghat Mine (Largest underground Mn mine),3.28,442.0,0.582,29.5,33.0,1323.1,-7.49,1.556,4.3,0
MOIL-SAMP-00353,21.35815,79.00053,Gumgaon Mine,3.66,249.5,0.404,60.9,32.3,1229.9,-0.05,0.978,15.6,0
MOIL-SAMP-00354,21.55038,79.69746,Dongri Buzurg Mine,0.4,370.1,0.357,62.1,35.7,1328.1,10.76,2.273,40.1,1
MOIL-SAMP-00355,21.76675,80.16068,Balaghat Mine (Largest underground Mn mine),4.82,361.4,0.581,35.1,29.2,1249.4,-2.33,0.73,4.4,0
MOIL-SAMP-00356,21.41131,79.2761,Mansar Mine,1.51,359.5,0.341,41.8,33.3,1165.6,18.75,1.897,46.5,1
MOIL-SAMP-00357,21.38829,79.01301,Gumgaon Mine,1.11,383.1,0.315,63.9,32.1,1332.1,24.21,1.734,40.2,1
MOIL-SAMP-00358,21.51305,79.67453,Dongri Buzurg Mine,5.11,414.2,0.693,49.1,32.6,1165.6,-0.51,1.062,25.0,0
MOIL-SAMP-00359,21.40177,79.26812,Mansar Mine,0.66,374.6,0.39,38.7,30.0,1330.4,5.32,1.182,10.6,0
MOIL-SAMP-00360,21.57016,79.74488,Chikla Mine,0.69,445.9,0.258,58.8,34.6,1322.0,23.27,2.371,68.2,1
MOIL-SAMP-00361,21.41287,79.25358,Kandri Mine,1.46,366.2,0.196,62.0,33.5,1382.1,30.67,2.345,31.7,1
MOIL-SAMP-00362,21.8415,80.19854,Balaghat Mine (Largest underground Mn mine),4.47,399.1,0.419,72.3,34.7,1386.1,28.37,2.65,51.7,1
MOIL-SAMP-00363,21.95949,80.46059,Ukwa Mine,1.21,389.1,0.354,56.5,37.3,1216.2,23.63,2.075,32.4,1
MOIL-SAMP-00364,21.59061,79.76227,Sitasaongi Mine,0.85,281.2,0.346,60.5,33.3,1374.3,16.84,2.212,39.8,1
MOIL-SAMP-00365,21.4054,79.00263,Gumgaon Mine,1.57,399.5,0.282,44.0,37.8,1252.8,20.19,2.491,59.2,1
MOIL-SAMP-00366,21.41147,79.27398,Mansar Mine,1.49,366.2,0.326,73.3,31.7,1370.1,16.44,2.269,42.1,1
MOIL-SAMP-00367,21.41435,79.25599,Kandri Mine,1.18,381.2,0.322,52.7,35.5,1219.0,30.11,1.911,31.9,1
MOIL-SAMP-00368,21.9994,80.47828,Ukwa Mine,3.63,437.9,0.724,43.1,33.3,1213.2,-3.88,1.019,15.5,0
MOIL-SAMP-00369,21.41362,79.27219,Kandri Mine,0.65,393.1,0.299,68.9,32.7,1246.3,40.42,1.935,57.1,1
MOIL-SAMP-00370,21.59638,79.77239,Sitasaongi Mine,1.89,345.0,0.293,68.4,36.6,1278.5,14.24,1.575,44.1,1
MOIL-SAMP-00371,21.56052,79.74337,Chikla Mine,0.46,353.7,0.307,55.9,36.9,1414.3,17.58,2.66,49.4,1
MOIL-SAMP-00372,21.3771,79.26112,Mansar Mine,2.62,349.6,0.344,50.5,35.4,1342.3,21.94,2.11,31.6,1
MOIL-SAMP-00373,21.42162,79.28369,Mansar Mine,2.84,355.3,0.745,35.5,30.5,1321.3,2.62,1.467,9.3,0
MOIL-SAMP-00374,21.61846,79.76763,Sitasaongi Mine,3.98,381.5,0.626,38.2,26.8,1413.4,-0.19,1.5,6.6,0
MOIL-SAMP-00375,21.5197,79.67374,Dongri Buzurg Mine,4.51,347.6,0.53,36.8,32.5,1361.6,0.88,1.281,8.7,0
MOIL-SAMP-00376,21.40363,79.28522,Mansar Mine,1.41,410.3,0.247,61.5,37.7,1311.7,23.88,2.904,45.4,1
MOIL-SAMP-00377,21.39474,79.2657,Mansar Mine,0.84,325.4,0.328,62.5,36.1,1308.1,35.08,2.154,51.2,1
MOIL-SAMP-00378,21.95313,80.44696,Ukwa Mine,2.72,431.7,0.18,68.0,37.0,1341.2,27.09,2.608,50.2,1
MOIL-SAMP-00379,21.98689,80.49154,Ukwa Mine,3.2,411.5,0.65,49.9,28.2,1417.9,2.52,1.218,8.2,0
MOIL-SAMP-00380,21.66697,79.71085,Tirodi Mine,2.42,376.5,0.337,56.7,34.8,1304.4,28.63,2.108,58.7,1
MOIL-SAMP-00381,21.42518,79.25655,Kandri Mine,1.41,368.4,0.31,69.2,34.3,1128.7,25.91,1.916,40.2,1
MOIL-SAMP-00382,21.57381,79.75218,Sitasaongi Mine,1.37,335.9,0.281,51.0,36.4,1355.4,27.28,2.468,40.2,1
MOIL-SAMP-00383,21.40219,79.25149,Kandri Mine,2.29,328.2,0.743,35.3,29.4,1366.3,-18.76,1.291,14.1,0
MOIL-SAMP-00384,21.57427,79.76192,Sitasaongi Mine,0.97,348.1,0.283,65.9,36.7,1195.8,26.15,1.937,38.6,1
MOIL-SAMP-00385,21.45249,79.27375,Kandri Mine,3.99,375.6,0.735,38.4,32.4,1250.3,1.6,1.161,12.4,0
MOIL-SAMP-00386,21.7097,79.7228,Tirodi Mine,2.48,399.6,0.155,51.4,34.4,1274.4,20.04,2.052,28.6,1
MOIL-SAMP-00387,21.7088,79.7279,Tirodi Mine,2.61,417.3,0.638,56.7,33.6,1223.2,1.71,1.372,20.5,0
MOIL-SAMP-00388,21.4064,79.01397,Gumgaon Mine,2.04,249.0,0.351,67.2,35.3,1345.2,34.32,1.62,43.5,1
MOIL-SAMP-00389,22.00349,80.48294,Ukwa Mine,4.22,386.4,0.695,32.8,32.0,1446.2,-8.69,0.879,10.8,0
MOIL-SAMP-00390,21.84116,80.19614,Balaghat Mine (Largest underground Mn mine),4.37,391.1,0.249,52.8,34.6,1244.3,18.05,1.908,40.9,1
MOIL-SAMP-00391,21.95226,80.45383,Ukwa Mine,2.27,521.5,0.217,55.4,31.3,1405.7,30.18,2.172,40.6,1
MOIL-SAMP-00392,21.3941,79.26451,Mansar Mine,0.98,382.4,0.301,65.8,34.6,1336.0,33.32,1.871,39.6,1
MOIL-SAMP-00393,21.5632,79.70571,Dongri Buzurg Mine,1.33,356.5,0.288,52.1,36.7,1327.6,33.13,2.381,38.0,1
MOIL-SAMP-00394,21.78745,80.188,Balaghat Mine (Largest underground Mn mine),1.67,447.8,0.533,36.2,34.5,1286.2,-2.39,0.868,9.8,0
MOIL-SAMP-00395,21.9448,80.45268,Ukwa Mine,3.01,462.2,0.373,57.3,36.2,1452.5,31.14,1.685,31.8,1
MOIL-SAMP-00396,21.69886,79.70849,Tirodi Mine,1.33,405.1,0.187,55.9,38.0,1388.9,17.84,1.959,43.2,1
MOIL-SAMP-00397,21.38632,79.26653,Mansar Mine,1.46,392.7,0.278,60.1,33.8,1369.9,35.37,1.847,63.9,1
MOIL-SAMP-00398,21.56623,79.75582,Sitasaongi Mine,1.93,331.6,0.274,54.6,33.4,1276.5,24.49,1.861,37.9,1
MOIL-SAMP-00399,21.54403,79.72734,Chikla Mine,2.73,340.9,0.29,48.1,34.5,1419.8,16.53,2.892,34.3,1
MOIL-SAMP-00400,21.83325,80.17784,Balaghat Mine (Largest underground Mn mine),3.54,383.6,0.436,29.1,30.1,1360.6,-12.91,0.96,9.7,0
MOIL-SAMP-00401,21.39141,79.0101,Gumgaon Mine,0.76,418.4,0.291,46.1,35.4,1273.4,20.24,1.105,27.2,1
MOIL-SAMP-00402,21.59466,79.71688,Dongri Buzurg Mine,4.93,364.4,0.687,42.0,30.8,1226.6,-2.41,1.37,12.2,0
MOIL-SAMP-00403,21.40834,78.99814,Gumgaon Mine,1.96,346.7,0.319,68.7,33.6,1338.7,25.54,2.055,42.5,1
MOIL-SAMP-00404,21.5246,79.72818,Chikla Mine,4.64,380.6,0.794,64.0,30.4,1424.9,-14.35,1.491,11.9,0
MOIL-SAMP-00405,21.42992,79.2743,Kandri Mine,1.62,273.9,0.304,58.6,31.5,1310.0,24.86,2.295,37.9,1
MOIL-SAMP-00406,21.76723,80.16956,Balaghat Mine (Largest underground Mn mine),4.31,419.7,0.598,21.7,33.5,1432.9,-2.1,1.272,13.0,0
MOIL-SAMP-00407,21.57125,79.71556,Dongri Buzurg Mine,2.68,418.4,0.632,40.3,30.9,1388.1,-13.91,1.04,20.6,0
MOIL-SAMP-00408,21.95816,80.47205,Ukwa Mine,1.17,313.9,0.193,38.4,34.4,1228.9,31.26,2.093,38.3,1
MOIL-SAMP-00409,21.50653,79.65973,Dongri Buzurg Mine,6.54,299.7,0.638,53.2,32.6,1301.7,-1.19,1.044,11.9,0
MOIL-SAMP-00410,21.39756,79.0156,Gumgaon Mine,1.5,373.9,0.632,40.3,33.5,1227.9,1.18,1.086,4.7,0
MOIL-SAMP-00411,21.42773,79.27238,Kandri Mine,1.31,390.4,0.3,57.8,33.7,1128.5,15.77,2.209,21.8,1
MOIL-SAMP-00412,21.5459,79.73191,Chikla Mine,2.31,369.2,0.3,57.5,33.5,1369.0,16.91,2.32,37.7,1
MOIL-SAMP-00413,21.53914,79.68496,Dongri Buzurg Mine,2.09,394.3,0.667,39.9,29.7,1352.3,-1.1,1.201,15.8,0
MOIL-SAMP-00414,21.4068,79.26014,Kandri Mine,1.33,391.0,0.332,56.3,33.5,1193.3,25.02,1.883,55.4,1
MOIL-SAMP-00415,21.54192,79.69169,Dongri Buzurg Mine,1.46,319.2,0.183,74.2,35.6,1241.0,29.57,2.272,59.4,1
MOIL-SAMP-00416,21.42955,79.25599,Kandri Mine,1.8,407.7,0.458,46.9,34.9,1150.4,-5.04,1.206,9.5,0
MOIL-SAMP-00417,21.38974,79.28709,Mansar Mine,1.72,368.3,0.763,47.8,31.4,1266.7,-7.76,1.367,18.1,0
MOIL-SAMP-00418,21.3929,78.99818,Gumgaon Mine,0.51,323.5,0.345,71.4,35.4,1176.0,15.41,2.484,42.6,1
MOIL-SAMP-00419,21.5714,79.73972,Chikla Mine,0.8,372.0,0.254,64.7,34.0,1266.2,25.32,2.727,44.9,1
MOIL-SAMP-00420,21.57787,79.69447,Dongri Buzurg Mine,2.66,338.8,0.586,23.7,34.0,1310.1,0.52,1.006,19.7,0
MOIL-SAMP-00421,21.55954,79.7492,Chikla Mine,0.93,485.5,0.254,60.0,30.9,1235.4,24.22,2.27,13.8,1
MOIL-SAMP-00422,21.56101,79.76982,Sitasaongi Mine,2.6,443.8,0.664,64.1,28.8,1489.8,-7.65,1.368,27.2,0
MOIL-SAMP-00423,21.41131,79.28632,Mansar Mine,2.02,403.7,0.712,72.8,29.5,1246.4,3.93,1.257,5.7,0
MOIL-SAMP-00424,21.37223,78.99557,Gumgaon Mine,2.23,398.0,0.28,63.8,33.8,1328.0,26.7,2.19,46.8,1
MOIL-SAMP-00425,21.69474,79.72972,Tirodi Mine,1.67,357.0,0.156,51.7,36.3,1265.4,30.29,1.958,25.6,1
MOIL-SAMP-00426,21.38343,79.26919,Mansar Mine,1.66,324.4,0.459,36.5,27.1,1324.5,-3.17,1.19,8.8,0
MOIL-SAMP-00427,21.60166,79.76618,Sitasaongi Mine,2.13,462.3,0.518,40.4,28.6,1291.8,-3.49,0.82,12.7,0
MOIL-SAMP-00428,21.7381,79.72772,Tirodi Mine,5.64,411.2,0.788,43.3,28.8,1238.0,3.85,0.898,5.6,0
MOIL-SAMP-00429,21.52954,79.69276,Dongri Buzurg Mine,2.75,365.7,0.592,45.1,32.8,1248.4,-2.82,1.049,6.8,0
MOIL-SAMP-00430,21.53763,79.75447,Sitasaongi Mine,5.06,312.7,0.773,71.6,32.6,1274.4,-3.25,1.008,1.6,0
MOIL-SAMP-00431,21.74226,80.1586,Balaghat Mine (Largest underground Mn mine),7.29,465.5,0.723,61.2,34.2,1336.0,-5.61,1.059,19.1,0
MOIL-SAMP-00432,21.55667,79.72993,Chikla Mine,1.52,329.2,0.303,66.8,34.3,1321.4,19.28,2.125,58.3,1
MOIL-SAMP-00433,21.41054,79.00897,Gumgaon Mine,2.23,390.5,0.526,32.5,33.2,1233.1,1.06,0.925,19.9,0
MOIL-SAMP-00434,21.40492,79.27539,Mansar Mine,0.8,324.2,0.619,38.9,29.9,1201.3,6.16,1.057,9.9,0
MOIL-SAMP-00435,21.42019,79.00489,Gumgaon Mine,3.21,365.9,0.52,51.3,31.8,1343.0,-0.39,0.87,21.3,0
MOIL-SAMP-00436,21.5562,79.75249,Sitasaongi Mine,3.09,383.8,0.74,35.7,35.6,1268.5,-5.72,1.154,12.9,0
MOIL-SAMP-00437,21.38967,79.26536,Mansar Mine,1.21,327.0,0.209,57.1,35.2,1287.9,19.82,2.273,44.6,1
MOIL-SAMP-00438,21.967,80.48238,Ukwa Mine,1.49,381.7,0.225,55.0,39.6,1325.7,20.2,2.428,22.6,1
MOIL-SAMP-00439,21.81118,80.20365,Balaghat Mine (Largest underground Mn mine),1.94,350.1,0.622,52.3,32.3,1458.5,7.23,0.885,2.6,0
MOIL-SAMP-00440,21.5429,79.68112,Dongri Buzurg Mine,2.09,403.5,0.276,71.2,33.5,1296.5,25.12,2.385,39.3,1
MOIL-SAMP-00441,21.96689,80.45154,Ukwa Mine,1.7,487.9,0.499,36.5,31.7,1366.2,-0.81,1.093,18.8,0
MOIL-SAMP-00442,21.38045,78.99068,Gumgaon Mine,1.73,374.0,0.837,32.4,33.2,1285.0,-10.68,1.172,1.6,0
MOIL-SAMP-00443,21.40456,79.00911,Gumgaon Mine,1.62,340.1,0.196,69.3,33.3,1269.5,30.78,2.479,43.4,1
MOIL-SAMP-00444,21.99638,80.47409,Ukwa Mine,3.2,412.5,0.374,65.9,34.6,1348.9,25.66,2.098,45.7,1
MOIL-SAMP-00445,21.54844,79.68595,Dongri Buzurg Mine,1.34,361.7,0.153,48.2,33.5,1275.5,29.92,2.196,41.2,1
MOIL-SAMP-00446,21.40479,79.28729,Mansar Mine,1.66,341.5,0.738,22.8,32.2,1321.3,3.45,1.101,7.9,0
MOIL-SAMP-00447,21.4377,79.2655,Kandri Mine,2.29,453.5,0.133,51.1,33.1,1263.1,27.99,2.456,41.0,1
MOIL-SAMP-00448,21.40915,79.25824,Kandri Mine,1.26,342.8,0.376,70.2,35.3,1326.5,29.5,1.187,57.9,1
MOIL-SAMP-00449,21.40712,79.00823,Gumgaon Mine,1.85,435.4,0.265,52.3,34.9,1315.4,22.93,1.663,28.0,1
MOIL-SAMP-00450,21.62683,79.73812,Dongri Buzurg Mine,9.09,420.9,0.88,35.2,30.5,1383.5,3.22,1.158,6.0,0
MOIL-SAMP-00451,21.42439,79.00112,Gumgaon Mine,3.67,374.4,0.526,33.5,29.9,1256.9,-2.83,1.599,1.9,0
MOIL-SAMP-00452,21.52345,79.68276,Dongri Buzurg Mine,3.7,356.3,0.764,23.5,34.3,1227.0,-4.6,1.291,6.2,0
MOIL-SAMP-00453,21.43091,79.26906,Kandri Mine,1.55,392.6,0.722,31.4,30.7,1247.2,-4.04,1.361,8.8,0
MOIL-SAMP-00454,21.38186,79.00397,Gumgaon Mine,1.04,421.3,0.268,50.8,32.9,1347.4,31.1,2.583,41.9,1
MOIL-SAMP-00455,21.40479,79.01856,Gumgaon Mine,2.22,414.1,0.607,42.0,34.4,1248.6,-4.38,0.931,19.2,0
MOIL-SAMP-00456,21.38978,79.00512,Gumgaon Mine,0.29,335.3,0.207,69.3,32.1,1318.3,29.55,2.29,36.9,1
MOIL-SAMP-00457,21.39108,79.27695,Mansar Mine,0.87,410.2,0.251,53.7,38.5,1314.7,31.14,2.164,57.6,1
MOIL-SAMP-00458,21.55521,79.76009,Sitasaongi Mine,3.07,423.3,0.357,36.2,31.2,1260.8,-7.8,1.294,10.3,0
MOIL-SAMP-00459,21.58648,79.75555,Sitasaongi Mine,0.68,392.6,0.278,71.0,35.3,1479.6,9.38,2.229,38.7,1
MOIL-SAMP-00460,21.59242,79.76811,Sitasaongi Mine,1.28,382.4,0.391,69.2,36.9,1258.7,18.38,2.512,44.0,1
MOIL-SAMP-00461,21.56826,79.75348,Sitasaongi Mine,1.81,372.0,0.348,64.9,32.0,1236.1,31.95,1.688,40.8,1
MOIL-SAMP-00462,21.94508,80.45402,Ukwa Mine,2.92,435.6,0.308,57.3,38.2,1346.3,21.48,2.311,52.4,1
MOIL-SAMP-00463,21.4026,79.01941,Gumgaon Mine,2.13,448.3,0.538,43.3,32.3,1262.4,-6.48,1.386,7.9,0
MOIL-SAMP-00464,21.39514,79.00561,Gumgaon Mine,0.52,369.0,0.338,44.4,35.9,1250.0,16.86,1.701,31.1,1
MOIL-SAMP-00465,21.59777,79.77511,Sitasaongi Mine,2.19,379.4,0.328,52.9,36.0,1268.6,38.93,2.397,55.7,1
MOIL-SAMP-00466,21.54292,79.7031,Dongri Buzurg Mine,1.36,344.6,0.302,58.0,32.0,1349.4,28.6,1.81,52.9,1
MOIL-SAMP-00467,21.55065,79.67985,Dongri Buzurg Mine,1.85,394.2,0.731,34.0,30.2,1288.2,-13.75,1.404,11.9,0
MOIL-SAMP-00468,21.65954,79.69897,Tirodi Mine,3.61,414.8,0.729,55.1,35.3,1282.9,0.1,1.348,6.8,0
MOIL-SAMP-00469,22.01327,80.48394,Ukwa Mine,5.27,390.4,0.629,43.6,30.9,1411.7,-6.45,1.123,16.0,0
MOIL-SAMP-00470,21.61216,79.7865,Sitasaongi Mine,4.17,404.4,0.449,35.4,29.3,1155.1,-1.73,1.53,5.6,0
MOIL-SAMP-00471,21.99404,80.4802,Ukwa Mine,3.14,432.1,0.509,43.1,32.9,1307.8,-9.56,1.34,15.1,0
MOIL-SAMP-00472,21.55862,79.73748,Chikla Mine,0.8,326.3,0.252,57.6,31.2,1338.2,24.11,1.929,38.5,1
MOIL-SAMP-00473,21.61347,79.75527,Chikla Mine,5.59,384.0,0.472,36.7,29.7,1283.3,-10.44,1.472,14.1,0
MOIL-SAMP-00474,21.39924,79.27808,Mansar Mine,0.54,399.2,0.305,60.0,34.2,1367.3,20.19,2.363,45.1,1
MOIL-SAMP-00475,21.71273,79.73073,Tirodi Mine,3.13,348.3,0.58,21.6,30.2,1268.3,2.28,1.216,14.8,0
MOIL-SAMP-00476,21.39078,79.01263,Gumgaon Mine,1.02,391.6,0.363,60.6,36.8,1190.8,21.05,2.25,37.7,1
MOIL-SAMP-00477,21.808,80.19045,Balaghat Mine (Largest underground Mn mine),0.69,410.3,0.235,62.5,32.5,1331.3,24.55,2.162,26.4,1
MOIL-SAMP-00478,21.5753,79.75567,Sitasaongi Mine,1.01,412.5,0.355,37.7,34.4,1267.8,36.36,2.152,51.2,1
MOIL-SAMP-00479,21.39525,79.25357,Kandri Mine,2.78,352.2,0.75,70.7,30.3,1225.8,-4.42,1.425,10.9,0
MOIL-SAMP-00480,21.56316,79.73882,Chikla Mine,0.36,433.8,0.31,52.0,38.7,1213.1,27.59,1.953,40.2,1
MOIL-SAMP-00481,21.94397,80.46391,Ukwa Mine,2.69,418.3,0.564,31.5,31.2,1311.6,-5.29,1.087,19.8,0
MOIL-SAMP-00482,21.59939,79.70665,Dongri Buzurg Mine,5.11,404.4,0.693,44.2,26.8,1373.5,-10.84,1.484,24.5,0
MOIL-SAMP-00483,21.43556,79.27119,Kandri Mine,2.1,324.6,0.481,43.8,29.3,1369.5,-7.35,1.296,8.0,0
MOIL-SAMP-00484,21.55902,79.74754,Chikla Mine,0.83,361.3,0.337,58.2,32.8,1246.7,27.3,1.68,51.7,1
MOIL-SAMP-00485,21.78125,80.18357,Balaghat Mine (Largest underground Mn mine),2.38,448.3,0.267,66.4,30.2,1334.9,23.28,2.088,34.5,1
MOIL-SAMP-00486,21.98608,80.46537,Ukwa Mine,2.02,405.5,0.742,32.7,35.2,1301.9,1.47,1.228,16.0,0
MOIL-SAMP-00487,21.42253,79.26911,Kandri Mine,0.65,388.5,0.254,58.8,36.4,1173.2,25.76,1.313,47.8,1
MOIL-SAMP-00488,21.39015,79.26364,Mansar Mine,1.3,330.1,0.19,66.8,33.7,1272.6,32.82,2.045,45.8,1
MOIL-SAMP-00489,21.40196,79.26569,Kandri Mine,1.67,364.3,0.346,62.2,34.4,1374.9,32.21,1.9,59.7,1
MOIL-SAMP-00490,21.60216,79.76598,Sitasaongi Mine,2.18,404.7,0.313,56.8,35.9,1362.3,26.94,1.663,33.4,1
MOIL-SAMP-00491,21.39831,79.27146,Mansar Mine,0.16,331.1,0.269,73.0,35.2,1412.1,29.01,2.083,32.3,1
MOIL-SAMP-00492,21.5364,79.67573,Dongri Buzurg Mine,2.97,427.9,0.573,47.7,30.1,1228.7,-3.59,1.015,19.8,0
MOIL-SAMP-00493,21.5538,79.71279,Dongri Buzurg Mine,1.59,381.5,0.822,48.0,31.4,1248.3,-1.86,1.111,12.2,0
MOIL-SAMP-00494,21.40994,79.27018,Kandri Mine,0.85,424.0,0.236,67.6,35.0,1379.2,25.97,2.319,22.6,1
MOIL-SAMP-00495,21.40085,79.27895,Mansar Mine,0.69,308.8,0.235,57.4,32.5,1421.5,22.76,1.589,37.9,1
MOIL-SAMP-00496,21.60452,79.77064,Sitasaongi Mine,2.58,484.7,0.77,15.0,26.2,1316.2,-14.19,1.019,14.0,0
MOIL-SAMP-00497,21.39327,79.00614,Gumgaon Mine,0.42,431.4,0.202,56.6,34.2,1239.4,19.97,1.666,38.9,1
MOIL-SAMP-00498,21.59606,79.76465,Sitasaongi Mine,1.49,378.2,0.286,57.6,34.7,1321.3,23.43,2.202,54.0,1
MOIL-SAMP-00499,21.57689,79.75153,Chikla Mine,1.69,398.9,0.383,54.1,36.6,1248.7,15.34,1.883,37.1,1
MOIL-SAMP-00500,21.60856,79.6832,Tirodi Mine,9.43,408.0,0.593,43.2,29.5,1317.9,-3.65,0.84,5.1,0
MOIL-SAMP-00501,21.41298,79.26544,Kandri Mine,0.47,252.6,0.237,55.0,36.2,1298.3,28.71,2.04,53.4,1
MOIL-SAMP-00502,21.55994,79.72269,Chikla Mine,2.06,417.0,0.61,38.0,32.3,1377.5,-8.31,1.288,7.0,0
MOIL-SAMP-00503,21.82195,80.20109,Balaghat Mine (Largest underground Mn mine),2.58,402.6,0.165,51.7,36.1,1293.0,26.99,1.721,56.4,1
MOIL-SAMP-00504,21.55846,79.70941,Dongri Buzurg Mine,1.34,434.8,0.418,57.8,33.9,1313.5,21.36,1.715,43.1,1
MOIL-SAMP-00505,21.95742,80.48279,Ukwa Mine,1.92,403.3,0.705,63.4,30.8,1310.1,-1.54,1.365,16.3,0
MOIL-SAMP-00506,21.96273,80.45926,Ukwa Mine,1.07,433.7,0.213,63.5,33.5,1480.2,20.55,1.581,51.0,1
MOIL-SAMP-00507,21.56346,79.74117,Chikla Mine,0.14,406.1,0.28,53.3,33.4,1131.9,27.23,2.079,58.4,1
MOIL-SAMP-00508,21.69728,79.73314,Tirodi Mine,2.11,419.8,0.704,36.2,30.7,1377.5,2.23,1.186,9.9,0
MOIL-SAMP-00509,21.48665,79.65065,Dongri Buzurg Mine,8.88,428.0,0.52,33.4,33.1,1334.6,-1.97,1.705,5.9,0
MOIL-SAMP-00510,21.37505,79.00195,Gumgaon Mine,1.79,381.7,0.575,46.2,30.4,1326.1,0.7,1.074,19.9,0
MOIL-SAMP-00511,21.54694,79.6868,Dongri Buzurg Mine,1.35,379.6,0.341,60.1,33.2,1326.1,23.45,2.641,23.7,1
MOIL-SAMP-00512,21.56495,79.75984,Sitasaongi Mine,2.0,336.8,0.346,53.6,34.6,1473.5,25.74,2.948,60.7,1
MOIL-SAMP-00513,21.58027,79.75775,Sitasaongi Mine,0.45,245.0,0.31,65.0,33.0,1381.8,30.8,1.97,34.5,1
MOIL-SAMP-00514,21.38302,79.27506,Mansar Mine,1.67,392.1,0.259,54.0,33.4,1202.4,18.06,1.623,44.7,1
MOIL-SAMP-00515,21.8496,80.19964,Balaghat Mine (Largest underground Mn mine),5.36,419.6,0.713,61.6,35.5,1338.7,-2.55,1.365,15.4,0
MOIL-SAMP-00516,21.36981,79.26617,Mansar Mine,3.2,397.8,0.688,49.0,34.6,1195.9,8.28,1.049,5.7,0
MOIL-SAMP-00517,21.4009,79.00606,Gumgaon Mine,1.12,434.9,0.201,64.5,36.2,1228.0,17.58,2.227,40.8,1
MOIL-SAMP-00518,21.59027,79.76308,Sitasaongi Mine,0.83,375.5,0.295,60.2,35.9,1326.6,25.78,2.203,35.4,1
MOIL-SAMP-00519,21.3753,79.24978,Mansar Mine,3.48,318.3,0.585,32.6,34.1,1331.4,-11.39,1.034,13.2,0
MOIL-SAMP-00520,21.75742,80.17832,Balaghat Mine (Largest underground Mn mine),5.07,376.6,0.624,38.2,35.4,1393.4,-7.1,1.312,9.1,0
MOIL-SAMP-00521,21.38078,79.25709,Mansar Mine,2.52,307.6,0.651,32.8,28.0,1241.8,0.77,1.374,14.2,0
MOIL-SAMP-00522,21.37242,79.0009,Gumgaon Mine,2.09,395.1,0.627,43.9,33.9,1352.7,-0.33,1.053,23.7,0
MOIL-SAMP-00523,21.69003,79.71105,Tirodi Mine,0.44,262.5,0.359,73.3,36.6,1236.5,24.31,3.229,27.0,1
MOIL-SAMP-00524,21.3727,78.99927,Gumgaon Mine,2.08,388.8,0.238,72.2,35.1,1218.2,31.17,2.517,60.6,1
MOIL-SAMP-00525,21.43895,79.26281,Kandri Mine,2.47,389.9,0.541,45.6,37.2,1220.5,-5.83,1.287,14.1,0
MOIL-SAMP-00526,21.59261,79.75232,Chikla Mine,3.29,316.5,0.497,42.0,29.8,1410.0,-7.48,1.292,8.2,0
MOIL-SAMP-00527,21.58765,79.75805,Sitasaongi Mine,0.6,426.8,0.611,68.1,27.3,1380.3,-8.63,1.52,22.7,0
MOIL-SAMP-00528,21.50636,79.66758,Dongri Buzurg Mine,6.11,380.0,0.78,31.7,36.4,1166.2,-13.88,1.391,14.2,0
MOIL-SAMP-00529,21.61817,79.77496,Sitasaongi Mine,4.15,426.8,0.472,52.3,25.5,1321.1,4.85,1.047,7.3,0
MOIL-SAMP-00530,21.38207,79.28074,Mansar Mine,1.94,380.2,0.257,65.2,34.5,1322.7,22.51,2.1,14.4,1
MOIL-SAMP-00531,21.38475,79.26274,Mansar Mine,1.81,300.8,0.316,58.6,34.5,1339.8,28.1,2.51,51.7,1
MOIL-SAMP-00532,21.37788,79.01991,Gumgaon Mine,2.31,347.7,0.562,56.0,34.1,1253.4,-4.21,1.659,10.3,0
MOIL-SAMP-00533,21.39562,79.01375,Gumgaon Mine,1.24,351.1,0.48,45.3,37.4,1344.4,29.03,1.587,30.0,1
MOIL-SAMP-00534,21.59646,79.72013,Dongri Buzurg Mine,5.25,411.0,0.462,42.9,32.4,1414.4,-4.91,1.01,8.7,0
MOIL-SAMP-00535,21.56516,79.74427,Chikla Mine,0.25,336.7,0.165,67.2,34.4,1216.4,15.03,2.053,60.1,1
MOIL-SAMP-00536,21.40054,79.26672,Mansar Mine,0.71,371.4,0.363,44.3,36.5,1323.1,24.23,2.616,54.4,1
MOIL-SAMP-00537,21.44195,79.26054,Kandri Mine,2.84,308.5,0.645,39.2,30.2,1314.5,-13.27,0.791,7.7,0
MOIL-SAMP-00538,21.53158,79.65093,Dongri Buzurg Mine,5.41,269.5,0.61,30.0,33.5,1197.0,-10.05,1.456,9.8,0
MOIL-SAMP-00539,21.54956,79.75055,Chikla Mine,1.87,388.1,0.214,49.9,31.4,1247.6,27.43,2.139,31.4,1
MOIL-SAMP-00540,21.57116,79.70001,Dongri Buzurg Mine,1.92,424.8,0.525,15.0,30.4,1352.3,-11.93,1.237,3.2,0
MOIL-SAMP-00541,21.52059,79.67629,Dongri Buzurg Mine,4.29,371.6,0.274,62.2,34.5,1429.0,19.17,2.068,19.8,1
MOIL-SAMP-00542,21.42274,79.26787,Kandri Mine,0.64,392.9,0.222,64.8,34.6,1269.9,25.15,1.202,51.2,1
MOIL-SAMP-00543,21.40979,79.26932,Kandri Mine,0.83,382.1,0.234,59.9,32.6,1259.0,30.15,1.809,59.2,1
MOIL-SAMP-00544,21.35499,78.98803,Gumgaon Mine,4.29,396.4,0.562,27.3,28.5,1307.3,-8.19,1.228,9.6,0
MOIL-SAMP-00545,21.82067,80.20414,Balaghat Mine (Largest underground Mn mine),2.66,377.9,0.567,34.3,31.2,1290.6,-1.9,1.126,6.6,0
MOIL-SAMP-00546,21.70273,79.71402,Tirodi Mine,1.58,462.7,0.528,52.3,30.6,1387.9,-0.12,1.467,7.0,0
MOIL-SAMP-00547,21.54099,79.71594,Chikla Mine,3.75,385.9,0.503,27.2,33.5,1322.6,-2.53,0.812,4.9,0
MOIL-SAMP-00548,21.69797,79.72496,Tirodi Mine,1.47,389.2,0.391,50.1,34.4,1343.5,23.12,2.715,36.2,1
MOIL-SAMP-00549,21.41664,79.25445,Kandri Mine,1.3,355.6,0.368,87.1,38.2,1271.2,25.13,1.697,36.9,1
MOIL-SAMP-00550,21.43689,79.26556,Kandri Mine,2.2,280.4,0.285,64.8,34.7,1308.3,33.36,2.161,43.8,1
MOIL-SAMP-00551,21.40538,78.99461,Gumgaon Mine,1.78,440.7,0.293,63.1,33.2,1187.6,21.96,1.621,53.7,1
MOIL-SAMP-00552,21.40763,79.28543,Mansar Mine,1.67,299.6,0.475,61.7,30.7,1235.8,-19.81,1.237,7.6,0
MOIL-SAMP-00553,21.88168,80.20711,Balaghat Mine (Largest underground Mn mine),8.99,505.7,0.488,37.2,33.3,1373.2,-5.57,1.59,-1.5,0
MOIL-SAMP-00554,21.65803,79.71486,Tirodi Mine,3.37,367.1,0.626,62.9,30.7,1227.0,-5.09,1.025,22.0,0
MOIL-SAMP-00555,21.96331,80.46679,Ukwa Mine,0.53,402.2,0.171,51.9,33.0,1429.6,23.85,2.055,40.3,1
MOIL-SAMP-00556,21.41267,79.24393,Kandri Mine,2.44,319.5,0.642,49.0,30.8,1201.7,-7.39,1.37,14.0,0
MOIL-SAMP-00557,21.58918,79.74662,Chikla Mine,2.77,432.4,0.773,59.5,32.8,1148.8,-10.46,1.132,2.6,0
MOIL-SAMP-00558,21.96701,80.46364,Ukwa Mine,0.46,383.4,0.12,64.4,34.7,1256.8,26.78,2.019,32.8,1
MOIL-SAMP-00559,21.82512,80.18806,Balaghat Mine (Largest underground Mn mine),2.5,492.0,0.161,65.0,36.6,1306.2,19.61,2.588,42.7,1
MOIL-SAMP-00560,21.59417,79.75323,Chikla Mine,3.48,371.6,0.683,58.4,30.7,1194.6,-6.46,1.162,7.5,0
MOIL-SAMP-00561,21.40609,79.28134,Mansar Mine,1.24,374.2,0.236,63.7,37.2,1254.8,24.6,2.805,56.8,1
MOIL-SAMP-00562,21.40662,79.2762,Mansar Mine,1.01,419.5,0.258,47.5,36.3,1336.8,28.85,2.397,48.1,1
MOIL-SAMP-00563,21.38997,79.27111,Mansar Mine,0.91,413.9,0.223,61.9,36.5,1324.2,42.37,1.954,34.2,1
MOIL-SAMP-00564,21.54866,79.73499,Chikla Mine,1.9,373.9,0.278,39.6,31.6,1380.6,26.68,2.554,67.8,1
MOIL-SAMP-00565,21.56943,79.74143,Chikla Mine,0.55,434.8,0.282,76.7,35.5,1176.4,19.74,2.349,40.0,1
MOIL-SAMP-00566,21.97981,80.4832,Ukwa Mine,2.04,433.0,0.71,28.3,35.4,1433.3,-8.68,0.766,6.3,0
MOIL-SAMP-00567,21.40509,79.02434,Gumgaon Mine,2.71,395.1,0.593,55.2,34.9,1301.8,-4.51,0.641,8.5,0
MOIL-SAMP-00568,21.40281,79.26945,Mansar Mine,0.65,387.4,0.223,56.5,36.4,1330.5,31.29,2.454,34.1,1
MOIL-SAMP-00569,21.38715,79.25464,Mansar Mine,2.25,483.3,0.636,67.5,29.0,1220.4,-6.42,1.076,13.0,0
MOIL-SAMP-00570,21.63008,79.77607,Sitasaongi Mine,5.43,365.3,0.729,43.5,35.8,1343.8,0.38,0.871,22.4,0
MOIL-SAMP-00571,21.40648,79.26222,Kandri Mine,1.26,413.5,0.138,54.2,31.5,1365.7,28.87,2.005,33.3,1
MOIL-SAMP-00572,21.41155,79.27467,Mansar Mine,1.51,318.0,0.241,50.1,36.2,1312.4,29.69,1.949,44.5,1
MOIL-SAMP-00573,21.5828,79.75976,Sitasaongi Mine,0.13,338.8,0.313,60.1,35.0,1390.5,29.35,1.939,35.8,1
MOIL-SAMP-00574,21.51121,79.66775,Dongri Buzurg Mine,5.64,392.1,0.453,37.4,28.3,1485.5,-1.35,1.077,19.5,0
MOIL-SAMP-00575,21.39739,79.28138,Mansar Mine,0.87,302.8,0.253,57.8,32.6,1353.6,26.04,2.462,69.5,1
MOIL-SAMP-00576,21.99638,80.48146,Ukwa Mine,3.43,466.1,0.153,57.8,32.6,1378.1,29.87,1.929,18.0,1
MOIL-SAMP-00577,21.39152,79.2723,Mansar Mine,0.72,471.7,0.234,57.7,34.1,1306.9,28.54,2.114,40.4,1
MOIL-SAMP-00578,21.39943,79.25849,Kandri Mine,2.13,392.8,0.802,43.0,31.1,1299.9,5.26,1.49,-3.1,0
MOIL-SAMP-00579,21.56272,79.69861,Dongri Buzurg Mine,0.97,407.3,0.546,43.9,30.6,1346.9,-1.59,0.957,1.2,0
MOIL-SAMP-00580,21.40042,79.28155,Mansar Mine,0.93,281.8,0.22,54.5,33.9,1381.3,17.51,2.081,59.4,1
MOIL-SAMP-00581,21.39695,79.27869,Mansar Mine,0.6,337.2,0.309,71.2,32.9,1191.3,25.12,1.925,33.8,1
MOIL-SAMP-00582,21.41378,79.26458,Kandri Mine,0.44,303.1,0.312,60.5,37.3,1413.0,33.36,1.947,42.5,1
MOIL-SAMP-00583,21.82534,80.18987,Balaghat Mine (Largest underground Mn mine),2.54,442.1,0.261,50.2,31.0,1258.9,29.09,2.06,56.6,1
MOIL-SAMP-00584,21.57191,79.75732,Sitasaongi Mine,1.28,453.8,0.369,74.0,31.9,1231.2,22.05,2.885,69.1,1
MOIL-SAMP-00585,21.44335,79.25852,Kandri Mine,3.04,403.3,0.69,45.8,29.8,1302.3,-14.74,1.196,20.3,0
MOIL-SAMP-00586,21.43034,79.25882,Kandri Mine,1.7,416.5,0.756,69.0,32.7,1296.8,-8.34,1.227,17.1,0
MOIL-SAMP-00587,21.66035,79.70904,Tirodi Mine,3.17,436.2,0.608,67.8,29.5,1282.4,-1.82,1.045,7.3,0
MOIL-SAMP-00588,21.39281,79.26294,Mansar Mine,1.19,366.7,0.305,60.8,35.9,1247.8,18.92,2.234,38.8,1
MOIL-SAMP-00589,21.68381,79.7127,Tirodi Mine,0.57,331.9,0.264,72.1,38.4,1418.9,27.79,1.816,49.6,1
MOIL-SAMP-00590,21.37112,79.28762,Mansar Mine,3.34,425.7,0.864,37.4,32.2,1336.4,-2.36,0.972,17.2,0
MOIL-SAMP-00591,21.6961,79.73272,Tirodi Mine,2.02,398.6,0.585,44.7,34.7,1285.9,-5.64,0.893,1.4,0
MOIL-SAMP-00592,21.77825,80.18202,Balaghat Mine (Largest underground Mn mine),2.74,377.2,0.569,32.2,29.4,1331.8,-13.14,1.026,8.4,0
MOIL-SAMP-00593,21.55624,79.75104,Sitasaongi Mine,3.13,276.7,0.709,50.5,33.7,1287.1,-2.43,1.091,9.2,0
MOIL-SAMP-00594,21.36131,78.99931,Gumgaon Mine,3.32,472.3,0.639,40.3,31.6,1294.2,-7.68,0.844,14.4,0
MOIL-SAMP-00595,21.99278,80.47114,Ukwa Mine,2.76,426.7,0.75,48.0,29.2,1419.5,-6.85,0.869,16.8,0
MOIL-SAMP-00596,21.75083,80.17352,Balaghat Mine (Largest underground Mn mine),5.89,363.7,0.707,36.4,33.4,1324.3,-8.48,1.21,15.8,0
MOIL-SAMP-00597,21.58291,79.74745,Chikla Mine,2.11,438.1,0.207,45.1,32.2,1192.0,21.36,1.764,51.0,1
MOIL-SAMP-00598,21.38091,78.99777,Gumgaon Mine,1.25,385.6,0.306,54.4,33.6,1344.3,15.22,2.076,39.4,1
MOIL-SAMP-00599,21.41769,79.28718,Mansar Mine,2.63,345.7,0.267,50.8,36.2,1327.3,30.57,2.041,31.3,1
MOIL-SAMP-00600,21.78742,80.19221,Balaghat Mine (Largest underground Mn mine),1.74,390.9,0.82,35.6,30.6,1226.9,0.75,1.253,17.8,0
MOIL-SAMP-00601,21.40953,79.25306,Kandri Mine,1.66,390.6,0.597,51.5,30.3,1385.6,-7.89,1.139,-0.2,0
MOIL-SAMP-00602,21.39329,79.24448,Kandri Mine,3.51,376.3,0.595,65.9,31.5,1429.8,-1.3,0.996,23.9,0
MOIL-SAMP-00603,21.59673,79.77078,Sitasaongi Mine,1.83,408.0,0.319,62.9,33.4,1398.2,20.07,2.322,30.5,1
MOIL-SAMP-00604,21.37903,79.28373,Mansar Mine,2.37,364.6,0.689,18.1,29.2,1337.6,-0.15,0.881,10.3,0
MOIL-SAMP-00605,21.67393,79.71262,Tirodi Mine,1.63,340.6,0.255,71.4,34.5,1480.6,14.86,2.057,36.4,1
MOIL-SAMP-00606,21.56337,79.73404,Chikla Mine,0.83,386.0,0.242,52.4,36.0,1320.2,25.59,1.926,22.4,1
MOIL-SAMP-00607,21.68925,79.72986,Tirodi Mine,1.54,367.9,0.605,67.0,27.1,1404.4,-7.14,1.672,0.3,0
MOIL-SAMP-00608,21.57803,79.75125,Chikla Mine,1.78,410.7,0.665,38.3,33.6,1453.1,9.16,1.263,3.4,0
MOIL-SAMP-00609,21.68426,79.70126,Tirodi Mine,1.5,360.9,0.797,46.7,30.9,1204.2,-10.73,1.641,13.3,0
MOIL-SAMP-00610,21.3899,79.24198,Kandri Mine,3.96,418.7,0.828,45.5,33.1,1125.4,-6.37,0.703,12.9,0
MOIL-SAMP-00611,21.42609,79.2856,Mansar Mine,3.37,377.1,0.734,29.9,32.0,1413.7,-2.5,1.195,5.4,0
MOIL-SAMP-00612,21.75406,79.7372,Tirodi Mine,7.6,375.2,0.622,58.6,30.7,1311.8,-5.88,0.831,20.9,0
MOIL-SAMP-00613,21.54206,79.68293,Dongri Buzurg Mine,2.0,456.1,0.303,56.0,33.3,1358.9,13.02,2.22,30.5,1
MOIL-SAMP-00614,21.68608,79.72047,Tirodi Mine,0.63,469.5,0.241,49.2,34.1,1295.1,38.14,2.268,39.6,1
MOIL-SAMP-00615,21.41708,79.25557,Kandri Mine,1.18,348.5,0.356,70.2,36.9,1303.8,21.73,2.426,47.0,1
MOIL-SAMP-00616,21.71547,79.71679,Tirodi Mine,2.99,424.8,0.165,59.3,34.6,1447.8,25.45,2.454,30.4,1
MOIL-SAMP-00617,21.56973,79.73022,Chikla Mine,1.35,314.5,0.179,41.7,35.7,1320.8,21.64,2.51,54.4,1
MOIL-SAMP-00618,21.42021,79.26145,Kandri Mine,0.68,373.1,0.251,76.0,37.2,1424.6,24.76,2.161,45.7,1
MOIL-SAMP-00619,21.52368,79.6744,Dongri Buzurg Mine,4.11,355.6,0.358,52.9,35.0,1412.3,23.86,2.253,50.7,1
MOIL-SAMP-00620,21.54674,79.69852,Dongri Buzurg Mine,0.81,395.5,0.261,58.9,35.0,1333.8,28.18,2.397,53.3,1
MOIL-SAMP-00621,21.42571,79.27022,Kandri Mine,1.02,350.0,0.477,48.9,31.9,1191.1,10.6,1.343,19.3,0
MOIL-SAMP-00622,21.57049,79.75527,Sitasaongi Mine,1.5,337.9,0.23,56.5,36.7,1369.1,15.48,1.692,38.8,1
MOIL-SAMP-00623,21.676,79.69741,Tirodi Mine,2.28,393.2,0.824,46.0,31.6,1243.4,2.62,0.884,4.4,0
MOIL-SAMP-00624,21.54174,79.697,Dongri Buzurg Mine,1.36,390.5,0.169,72.5,35.0,1396.3,28.85,2.412,36.5,1
MOIL-SAMP-00625,21.82054,80.19731,Balaghat Mine (Largest underground Mn mine),2.25,397.6,0.257,57.2,38.2,1216.2,27.61,1.776,43.7,1
MOIL-SAMP-00626,21.3957,79.00461,Gumgaon Mine,0.53,299.0,0.48,62.6,37.0,1347.7,26.03,1.802,44.8,1
MOIL-SAMP-00627,21.96879,80.47477,Ukwa Mine,0.7,493.8,0.126,40.8,35.7,1306.7,25.52,2.151,30.0,1
MOIL-SAMP-00628,21.69079,79.71688,Tirodi Mine,0.32,423.2,0.327,70.5,34.6,1302.1,25.11,2.271,25.6,1
MOIL-SAMP-00629,21.57249,79.71037,Dongri Buzurg Mine,2.45,359.2,0.255,65.5,35.8,1352.0,29.05,2.466,43.6,1
MOIL-SAMP-00630,21.60691,79.77109,Sitasaongi Mine,2.84,449.2,0.255,59.9,36.9,1301.6,17.99,2.329,39.8,1
MOIL-SAMP-00631,21.59001,79.76691,Sitasaongi Mine,0.99,505.9,0.743,51.7,32.1,1253.2,-4.14,1.229,26.3,0
MOIL-SAMP-00632,21.40747,79.2631,Kandri Mine,1.13,365.6,0.286,56.7,35.8,1214.1,17.62,2.003,44.5,1
MOIL-SAMP-00633,21.53969,79.67668,Dongri Buzurg Mine,2.67,367.2,0.39,64.5,31.4,1174.6,36.52,2.471,46.8,1
MOIL-SAMP-00634,21.68712,79.71596,Tirodi Mine,0.18,406.2,0.34,60.3,38.4,1248.3,37.24,2.704,38.5,1
MOIL-SAMP-00635,21.40088,79.28509,Mansar Mine,1.29,332.4,0.251,60.0,35.7,1246.5,32.4,2.377,40.5,1
MOIL-SAMP-00636,21.58765,79.73397,Chikla Mine,2.69,394.6,0.843,28.5,31.4,1402.1,-4.0,1.482,17.6,0
MOIL-SAMP-00637,21.97594,80.48363,Ukwa Mine,1.84,468.8,0.702,21.8,28.0,1403.7,-5.92,0.818,15.2,0
MOIL-SAMP-00638,21.54603,79.69093,Dongri Buzurg Mine,1.11,379.1,0.318,60.2,34.3,1313.4,33.28,1.871,61.0,1
MOIL-SAMP-00639,21.34827,78.99181,Gumgaon Mine,4.88,392.1,0.71,27.2,37.8,1206.1,-8.97,1.322,4.3,0
MOIL-SAMP-00640,21.80276,80.18063,Balaghat Mine (Largest underground Mn mine),0.69,383.5,0.608,40.0,27.1,1378.7,4.47,1.101,22.4,0
MOIL-SAMP-00641,21.70923,79.72622,Tirodi Mine,2.57,399.8,0.271,58.2,35.8,1420.2,25.92,2.16,37.4,1
MOIL-SAMP-00642,21.80268,80.17864,Balaghat Mine (Largest underground Mn mine),0.89,428.1,0.259,50.9,33.2,1228.0,18.69,2.349,47.8,1
MOIL-SAMP-00643,21.57476,79.74381,Chikla Mine,1.15,371.1,0.206,60.8,35.6,1350.6,23.63,2.424,31.2,1
MOIL-SAMP-00644,21.71402,79.71397,Tirodi Mine,2.82,365.3,0.801,25.9,30.1,1266.5,-9.19,0.986,22.1,0
MOIL-SAMP-00645,21.67064,79.71975,Tirodi Mine,2.03,380.4,0.368,42.5,33.2,1424.3,27.89,2.229,45.1,1
MOIL-SAMP-00646,21.67753,79.70536,Tirodi Mine,1.57,429.5,0.349,64.3,34.3,1317.6,7.9,1.976,52.1,1
MOIL-SAMP-00647,21.371,78.99767,Gumgaon Mine,2.3,307.0,0.647,25.0,30.6,1245.3,-2.86,1.358,2.1,0
MOIL-SAMP-00648,21.38101,79.26242,Mansar Mine,2.18,452.9,0.382,58.1,36.1,1233.0,18.25,2.732,49.2,1
MOIL-SAMP-00649,21.5796,79.77631,Sitasaongi Mine,1.63,420.3,0.66,42.8,32.6,1375.6,-9.51,1.017,21.0,0
MOIL-SAMP-00650,21.56308,79.75527,Sitasaongi Mine,2.28,469.6,0.663,24.2,31.4,1283.1,-11.37,1.464,14.0,0
MOIL-SAMP-00651,21.52382,79.68425,Dongri Buzurg Mine,3.6,376.7,0.276,55.2,32.5,1202.3,34.28,2.264,48.8,1
MOIL-SAMP-00652,21.41839,79.27337,Kandri Mine,0.68,444.6,0.221,56.4,37.1,1248.1,24.25,2.281,57.0,1
MOIL-SAMP-00653,21.83382,80.21711,Balaghat Mine (Largest underground Mn mine),4.64,388.6,0.716,49.2,32.6,1435.1,-3.45,1.027,6.1,0
MOIL-SAMP-00654,21.55309,79.74034,Chikla Mine,1.27,390.1,0.299,63.2,32.0,1348.6,21.56,1.67,33.9,1
MOIL-SAMP-00655,21.40728,79.28334,Mansar Mine,1.48,324.8,0.15,61.8,33.2,1391.9,27.41,1.543,32.3,1
MOIL-SAMP-00656,21.55661,79.74962,Chikla Mine,1.18,341.6,0.276,59.6,35.9,1269.3,30.8,2.054,24.0,1
MOIL-SAMP-00657,21.41237,79.26465,Kandri Mine,0.57,308.2,0.354,67.0,33.8,1182.3,18.2,1.774,18.5,1
MOIL-SAMP-00658,21.37048,78.99971,Gumgaon Mine,2.31,370.5,0.281,61.2,34.9,1339.9,24.85,2.497,42.0,1
MOIL-SAMP-00659,21.75124,80.17234,Balaghat Mine (Largest underground Mn mine),5.87,422.0,0.628,30.3,33.9,1454.1,-6.44,1.056,15.5,0
MOIL-SAMP-00660,21.68105,79.72107,Tirodi Mine,1.04,390.6,0.298,61.9,35.5,1144.8,28.35,2.856,39.3,1
MOIL-SAMP-00661,21.79761,80.19757,Balaghat Mine (Largest underground Mn mine),1.19,323.2,0.149,63.1,31.2,1376.2,22.91,2.541,54.0,1
MOIL-SAMP-00662,21.75532,80.16229,Balaghat Mine (Largest underground Mn mine),5.82,458.7,0.529,41.6,31.7,1307.3,-5.57,1.125,8.1,0
MOIL-SAMP-00663,21.4525,79.27792,Kandri Mine,4.08,366.3,0.661,29.8,32.4,1298.1,-4.0,1.437,6.7,0
MOIL-SAMP-00664,21.58112,79.71185,Dongri Buzurg Mine,3.35,442.6,0.519,40.4,29.5,1299.9,3.36,1.318,11.1,0
MOIL-SAMP-00665,21.65332,79.6911,Tirodi Mine,4.61,453.6,0.35,56.9,32.1,1370.9,-10.31,1.066,1.8,0
MOIL-SAMP-00666,21.94152,80.43658,Ukwa Mine,4.37,413.4,0.55,51.8,32.5,1385.1,-11.03,0.849,21.2,0
MOIL-SAMP-00667,21.60733,79.78518,Sitasaongi Mine,3.67,346.0,0.615,34.1,29.2,1252.0,-7.36,1.554,10.9,0
MOIL-SAMP-00668,22.02261,80.48922,Ukwa Mine,6.42,372.8,0.436,36.5,28.9,1378.0,-5.36,1.178,15.3,0
MOIL-SAMP-00669,21.44044,79.26047,Kandri Mine,2.68,341.8,0.545,24.4,30.3,1344.7,-8.02,1.726,3.6,0
MOIL-SAMP-00670,21.571,79.69514,Dongri Buzurg Mine,1.89,347.1,0.363,58.0,31.3,1126.7,16.88,2.307,21.3,1
MOIL-SAMP-00671,21.45075,79.25875,Kandri Mine,3.83,422.0,0.437,57.0,31.0,1194.2,-5.68,1.172,19.6,0
MOIL-SAMP-00672,21.79863,80.21145,Balaghat Mine (Largest underground Mn mine),2.53,399.0,0.473,45.3,28.4,1269.3,4.51,0.818,22.1,0
MOIL-SAMP-00673,21.56869,79.76573,Sitasaongi Mine,1.66,400.3,0.57,34.7,33.3,1314.8,-7.41,1.026,6.9,0
MOIL-SAMP-00674,21.41003,79.26054,Kandri Mine,1.02,398.4,0.252,73.6,34.8,1255.9,24.42,2.226,45.5,1
MOIL-SAMP-00675,21.57602,79.75217,Sitasaongi Mine,1.2,388.7,0.752,48.8,28.4,1426.9,0.96,1.235,12.2,0
MOIL-SAMP-00676,21.59011,79.71255,Dongri Buzurg Mine,4.29,421.2,0.391,64.4,35.4,1386.9,22.53,1.947,51.1,1
MOIL-SAMP-00677,21.80432,80.18456,Balaghat Mine (Largest underground Mn mine),0.35,389.0,0.346,60.8,36.6,1261.0,20.72,2.08,39.8,1
MOIL-SAMP-00678,21.75356,80.16368,Balaghat Mine (Largest underground Mn mine),5.94,443.3,0.659,60.3,32.0,1379.8,-8.94,1.083,11.3,0
MOIL-SAMP-00679,21.80369,80.18498,Balaghat Mine (Largest underground Mn mine),0.27,370.4,0.235,68.2,34.4,1354.1,24.8,1.456,44.0,1
MOIL-SAMP-00680,21.58627,79.75583,Sitasaongi Mine,0.65,366.9,0.272,56.3,32.0,1387.0,21.3,2.149,33.5,1
MOIL-SAMP-00681,21.88143,80.19536,Balaghat Mine (Largest underground Mn mine),8.77,452.6,0.66,46.0,26.4,1349.9,0.73,1.295,12.2,0
MOIL-SAMP-00682,21.57449,79.75904,Sitasaongi Mine,0.96,408.5,0.12,49.1,35.5,1201.3,26.7,1.594,58.9,1
MOIL-SAMP-00683,21.37073,79.27244,Mansar Mine,3.02,432.9,0.684,37.5,28.4,1343.3,-7.44,1.275,16.2,0
MOIL-SAMP-00684,21.40512,79.25672,Kandri Mine,1.69,394.8,0.306,61.5,33.8,1283.6,24.56,2.243,21.4,1
MOIL-SAMP-00685,21.42109,79.26069,Kandri Mine,0.79,375.8,0.259,61.7,36.3,1232.5,13.56,2.196,54.4,1
MOIL-SAMP-00686,21.75643,80.17369,Balaghat Mine (Largest underground Mn mine),5.28,420.2,0.613,54.6,34.4,1423.9,-7.13,0.985,14.2,0
MOIL-SAMP-00687,21.37626,79.00661,Gumgaon Mine,1.7,430.6,0.657,36.1,27.9,1347.0,-0.94,1.129,19.5,0
MOIL-SAMP-00688,21.60074,79.76543,Sitasaongi Mine,2.01,423.9,0.302,66.1,34.3,1177.5,32.58,2.694,29.0,1
MOIL-SAMP-00689,21.96881,80.4771,Ukwa Mine,0.94,451.6,0.357,53.8,33.1,1419.0,24.37,2.14,46.3,1
MOIL-SAMP-00690,21.95435,80.45492,Ukwa Mine,2.03,436.7,0.744,33.9,30.5,1369.6,-2.45,1.17,11.1,0
MOIL-SAMP-00691,21.39019,79.01259,Gumgaon Mine,1.02,377.0,0.247,52.8,32.7,1434.9,25.21,2.619,61.6,1
MOIL-SAMP-00692,21.55789,79.72609,Chikla Mine,1.8,394.9,0.573,28.5,31.7,1373.0,-1.62,0.996,6.4,0
MOIL-SAMP-00693,21.60255,79.77467,Sitasaongi Mine,2.58,404.0,0.686,18.2,30.9,1396.8,-2.06,1.463,11.4,0
MOIL-SAMP-00694,21.95622,80.46262,Ukwa Mine,1.42,418.5,0.146,54.6,35.8,1343.8,26.67,1.561,51.7,1
MOIL-SAMP-00695,21.56616,79.7344,Chikla Mine,0.81,458.8,0.298,66.2,34.0,1194.9,16.78,2.149,36.0,1
MOIL-SAMP-00696,21.5926,79.72535,Dongri Buzurg Mine,5.16,413.8,0.417,29.8,27.9,1368.4,1.41,1.091,22.0,0
MOIL-SAMP-00697,21.50785,79.67842,Dongri Buzurg Mine,5.47,398.8,0.648,63.8,33.9,1376.1,1.44,1.03,16.4,0
MOIL-SAMP-00698,21.80046,80.17273,Balaghat Mine (Largest underground Mn mine),1.52,443.0,0.41,37.1,34.1,1302.8,-0.62,1.43,9.7,0
MOIL-SAMP-00699,21.81737,80.19736,Balaghat Mine (Largest underground Mn mine),1.95,458.1,0.203,52.0,31.0,1246.8,18.9,1.828,36.2,1
MOIL-SAMP-00700,21.42056,79.262,Kandri Mine,0.65,328.0,0.284,46.6,34.5,1291.2,29.4,2.115,51.4,1
MOIL-SAMP-00701,21.39028,79.2522,Kandri Mine,3.33,329.3,0.861,54.9,29.4,1254.1,-0.97,1.302,5.6,0
MOIL-SAMP-00702,21.61179,79.7674,Sitasaongi Mine,3.25,384.4,0.755,30.9,27.6,1346.3,-6.71,1.203,7.0,0
MOIL-SAMP-00703,21.54744,79.7102,Dongri Buzurg Mine,1.51,343.5,0.745,32.7,35.2,1271.6,-6.47,1.109,-0.1,0
MOIL-SAMP-00704,21.54979,79.75033,Chikla Mine,1.84,408.2,0.827,45.7,29.8,1261.0,-9.96,1.187,18.9,0
MOIL-SAMP-00705,21.98931,80.48766,Ukwa Mine,3.11,362.7,0.244,65.5,36.8,1343.8,40.66,2.505,11.5,1
MOIL-SAMP-00706,21.66719,79.6979,Tirodi Mine,2.95,437.0,0.431,66.9,33.9,1410.5,24.03,2.08,56.7,1
MOIL-SAMP-00707,21.39416,79.26398,Mansar Mine,1.03,421.7,0.303,69.9,34.5,1218.5,25.41,2.298,47.0,1
MOIL-SAMP-00708,21.55001,79.74464,Chikla Mine,1.62,389.3,0.258,62.4,33.6,1256.9,23.03,2.304,16.4,1
MOIL-SAMP-00709,21.5818,79.76864,Sitasaongi Mine,0.8,416.0,0.422,57.4,34.7,1259.7,31.89,2.092,54.0,1
MOIL-SAMP-00710,21.5514,79.7306,Chikla Mine,1.87,336.2,0.218,57.4,37.1,1336.1,21.51,1.886,38.7,1
MOIL-SAMP-00711,21.56384,79.74342,Chikla Mine,0.16,417.1,0.157,61.9,37.2,1344.9,23.74,2.097,10.2,1
MOIL-SAMP-00712,21.43434,79.27667,Kandri Mine,2.16,352.4,0.283,61.9,33.7,1248.8,25.44,2.254,49.2,1
MOIL-SAMP-00713,21.96652,80.4607,Ukwa Mine,0.77,420.3,0.34,48.4,33.6,1306.4,27.31,2.257,44.8,1
MOIL-SAMP-00714,21.53871,79.72119,Chikla Mine,3.57,306.4,0.704,29.6,33.5,1244.1,-0.1,1.118,24.3,0
MOIL-SAMP-00715,21.53689,79.75001,Chikla Mine,3.16,397.9,0.51,35.8,33.8,1206.8,-11.77,1.013,8.4,0
MOIL-SAMP-00716,21.40047,79.25703,Kandri Mine,2.1,309.6,0.539,26.8,34.3,1308.9,-0.2,1.042,14.5,0
MOIL-SAMP-00717,21.55364,79.74592,Chikla Mine,1.27,392.4,0.374,56.6,34.9,1365.1,22.67,2.036,30.1,1
MOIL-SAMP-00718,21.41398,79.26502,Kandri Mine,0.39,337.9,0.321,51.3,36.2,1265.4,11.1,2.358,46.7,1
MOIL-SAMP-00719,21.60468,79.75166,Chikla Mine,4.55,274.1,0.88,34.8,31.4,1379.3,-11.1,0.854,5.6,0
MOIL-SAMP-00720,21.73425,80.16338,Balaghat Mine (Largest underground Mn mine),7.94,445.9,0.626,42.4,30.1,1360.9,-6.02,1.156,10.2,0
MOIL-SAMP-00721,21.58637,79.71833,Dongri Buzurg Mine,4.18,436.9,0.248,54.0,38.2,1282.6,38.08,2.186,51.9,1
MOIL-SAMP-00722,21.7468,80.15629,Balaghat Mine (Largest underground Mn mine),6.94,402.3,0.688,58.6,32.4,1371.8,-18.13,1.308,10.7,0
MOIL-SAMP-00723,21.57607,79.74385,Chikla Mine,1.29,485.3,0.227,59.8,38.1,1353.3,33.72,2.285,44.2,1
MOIL-SAMP-00724,21.54406,79.73522,Chikla Mine,2.37,394.7,0.691,22.3,32.2,1305.9,-7.92,1.33,10.1,0
MOIL-SAMP-00725,21.58072,79.7615,Sitasaongi Mine,0.26,438.9,0.186,56.8,34.8,1288.6,24.44,2.217,44.7,1
MOIL-SAMP-00726,21.41466,79.26677,Kandri Mine,0.26,440.2,0.383,64.1,32.8,1281.7,29.08,2.22,46.9,1
MOIL-SAMP-00727,21.41114,79.27629,Mansar Mine,1.49,319.5,0.19,66.1,35.5,1375.8,24.52,2.295,25.5,1
MOIL-SAMP-00728,21.7372,79.73419,Tirodi Mine,5.74,349.8,0.611,15.0,30.2,1378.7,-6.59,0.904,6.1,0
MOIL-SAMP-00729,21.97625,80.49382,Ukwa Mine,2.82,418.7,0.506,30.1,32.8,1211.6,-4.78,1.26,19.8,0
MOIL-SAMP-00730,21.57781,79.71501,Dongri Buzurg Mine,3.2,365.8,0.371,51.5,35.7,1266.5,28.34,2.168,44.0,1
MOIL-SAMP-00731,21.57657,79.73575,Chikla Mine,1.48,367.9,0.25,68.5,32.4,1312.6,15.53,2.073,50.2,1
MOIL-SAMP-00732,21.39827,79.26409,Mansar Mine,0.92,379.6,0.354,49.0,35.0,1140.4,27.28,1.827,44.7,1
MOIL-SAMP-00733,21.41544,79.28051,Mansar Mine,2.08,474.2,0.232,64.8,34.1,1371.9,26.77,1.798,52.9,1
MOIL-SAMP-00734,21.57944,79.74759,Chikla Mine,1.75,348.2,0.242,48.9,34.6,1451.9,19.47,1.854,43.4,1
MOIL-SAMP-00735,21.521,79.69656,Dongri Buzurg Mine,3.65,408.3,0.609,48.7,31.1,1297.0,-9.03,1.333,12.7,0
MOIL-SAMP-00736,21.83302,80.19417,Balaghat Mine (Largest underground Mn mine),3.45,456.9,0.291,61.3,32.9,1289.4,20.98,2.516,46.4,1
MOIL-SAMP-00737,21.39594,79.25906,Kandri Mine,2.47,318.1,0.311,58.7,34.3,1313.8,14.66,2.041,40.3,1
MOIL-SAMP-00738,21.42392,79.0005,Gumgaon Mine,3.63,418.4,0.596,35.1,28.9,1269.9,-9.07,1.486,22.4,0
MOIL-SAMP-00739,21.36591,79.27097,Mansar Mine,3.55,331.9,0.713,51.8,31.8,1339.4,-5.84,0.973,9.4,0
MOIL-SAMP-00740,21.59243,79.72975,Dongri Buzurg Mine,5.41,423.9,0.753,41.1,36.8,1340.6,-4.79,1.289,8.3,0
MOIL-SAMP-00741,21.5796,79.72938,Chikla Mine,2.12,437.8,0.69,69.1,30.5,1282.2,-4.71,0.724,15.2,0
MOIL-SAMP-00742,21.58346,79.74035,Chikla Mine,2.1,483.4,0.612,50.9,30.7,1166.5,-8.95,1.258,7.1,0
MOIL-SAMP-00743,21.71361,79.73299,Tirodi Mine,3.34,323.9,0.613,50.2,28.3,1257.2,-13.88,1.209,7.6,0
MOIL-SAMP-00744,21.83728,80.18453,Balaghat Mine (Largest underground Mn mine),3.86,370.5,0.675,51.4,30.4,1561.0,-7.69,1.459,14.5,0
MOIL-SAMP-00745,21.8477,80.20785,Balaghat Mine (Largest underground Mn mine),5.43,403.3,0.845,20.2,29.6,1370.7,8.69,1.056,12.8,0
MOIL-SAMP-00746,21.9832,80.48107,Ukwa Mine,2.15,372.8,0.263,58.1,32.9,1331.6,26.73,2.342,53.2,1
MOIL-SAMP-00747,21.52505,79.73555,Chikla Mine,4.41,421.7,0.679,51.9,29.5,1330.3,-7.72,1.126,12.3,0
MOIL-SAMP-00748,21.40747,79.25113,Kandri Mine,1.95,399.6,0.695,52.1,29.2,1387.8,-6.7,0.825,18.5,0
MOIL-SAMP-00749,21.39631,79.01681,Gumgaon Mine,1.56,348.6,0.253,62.6,36.1,1258.4,26.3,2.646,52.1,1
MOIL-SAMP-00750,21.48796,79.66464,Dongri Buzurg Mine,8.05,322.7,0.608,68.6,34.8,1348.6,-12.22,1.194,12.0,0
MOIL-SAMP-00751,21.82487,80.19213,Balaghat Mine (Largest underground Mn mine),2.52,501.9,0.429,49.8,36.8,1366.4,19.34,2.067,40.6,1
MOIL-SAMP-00752,21.53646,79.67483,Dongri Buzurg Mine,3.04,376.1,0.667,15.0,27.5,1205.6,-11.52,1.228,15.4,0
MOIL-SAMP-00753,21.98642,80.48113,Ukwa Mine,2.45,442.7,0.279,48.7,33.4,1206.9,22.59,2.125,46.1,1
MOIL-SAMP-00754,21.69129,79.72625,Tirodi Mine,1.2,390.8,0.38,57.3,34.0,1222.8,18.62,2.763,46.5,1
MOIL-SAMP-00755,21.53827,79.71577,Chikla Mine,3.97,352.1,0.451,33.0,33.5,1280.4,3.48,0.856,18.3,0
MOIL-SAMP-00756,21.98441,80.46586,Ukwa Mine,1.83,461.6,0.274,55.6,36.0,1371.9,27.4,2.524,49.3,1
MOIL-SAMP-00757,21.99704,80.47879,Ukwa Mine,3.4,462.3,0.328,60.5,35.4,1361.1,15.12,1.702,33.3,1
MOIL-SAMP-00758,21.56148,79.74463,Chikla Mine,0.43,436.5,0.35,68.6,34.0,1163.0,16.86,2.241,54.6,1
MOIL-SAMP-00759,21.36903,78.98806,Gumgaon Mine,2.89,387.6,0.7,44.8,31.5,1314.0,-8.14,1.28,18.5,0
MOIL-SAMP-00760,21.38891,79.01005,Gumgaon Mine,0.79,308.3,0.346,56.5,35.7,1189.6,38.82,1.904,46.7,1
MOIL-SAMP-00761,21.60745,79.71153,Dongri Buzurg Mine,6.09,317.7,0.571,63.0,31.4,1386.6,-6.42,0.526,13.5,0
MOIL-SAMP-00762,21.57494,79.75221,Sitasaongi Mine,1.27,413.7,0.246,41.6,32.1,1413.9,19.05,1.672,51.7,1
MOIL-SAMP-00763,21.40893,79.00125,Gumgaon Mine,1.97,351.1,0.448,41.4,31.3,1141.0,-3.69,1.029,12.0,0
MOIL-SAMP-00764,21.40153,79.26568,Mansar Mine,0.85,327.8,0.184,48.0,34.7,1475.3,11.89,1.815,31.7,1
MOIL-SAMP-00765,21.84276,80.19669,Balaghat Mine (Largest underground Mn mine),4.56,492.7,0.241,45.5,35.6,1244.6,22.25,2.154,38.5,1
MOIL-SAMP-00766,21.39949,79.27449,Mansar Mine,0.23,313.3,0.334,61.0,32.8,1416.8,14.62,2.526,33.9,1
MOIL-SAMP-00767,21.96208,80.4616,Ukwa Mine,0.93,390.3,0.366,51.7,35.3,1333.6,23.08,2.239,66.7,1
MOIL-SAMP-00768,21.44873,79.29002,Kandri Mine,4.24,370.0,0.775,70.6,32.8,1221.4,-3.07,0.678,18.4,0
MOIL-SAMP-00769,21.42605,79.26188,Kandri Mine,1.13,360.5,0.407,50.0,34.3,1106.6,24.33,2.277,26.2,1
MOIL-SAMP-00770,21.39056,78.99576,Gumgaon Mine,0.73,358.1,0.267,64.4,34.7,1247.1,20.17,2.325,47.6,1
MOIL-SAMP-00771,21.4102,79.00273,Gumgaon Mine,2.1,331.4,0.603,34.3,30.7,1268.0,-6.86,0.859,0.4,0
MOIL-SAMP-00772,21.96298,80.44816,Ukwa Mine,2.12,474.0,0.773,41.1,34.9,1308.5,-9.83,1.303,9.7,0
MOIL-SAMP-00773,21.39945,79.26665,Mansar Mine,0.68,466.7,0.373,54.6,36.9,1265.0,23.8,2.797,39.5,1
MOIL-SAMP-00774,21.57138,79.75987,Sitasaongi Mine,1.29,422.7,0.281,61.2,31.7,1496.8,19.0,2.415,50.2,1
MOIL-SAMP-00775,21.55617,79.69764,Dongri Buzurg Mine,0.24,393.2,0.159,54.3,35.0,1281.5,20.14,2.639,52.1,1
MOIL-SAMP-00776,21.95785,80.44955,Ukwa Mine,2.21,391.9,0.309,71.4,33.8,1433.7,19.92,2.686,38.3,1
MOIL-SAMP-00777,21.38222,79.26499,Mansar Mine,1.93,394.5,0.726,23.8,30.7,1371.1,11.07,1.189,6.4,0
MOIL-SAMP-00778,21.3851,78.99026,Gumgaon Mine,1.46,306.3,0.355,66.6,36.1,1299.2,20.54,2.317,57.2,1
MOIL-SAMP-00779,21.55164,79.73679,Chikla Mine,1.52,383.9,0.254,64.6,34.7,1221.8,13.07,1.601,42.7,1
MOIL-SAMP-00780,21.98519,80.48026,Ukwa Mine,2.28,398.0,0.244,67.5,35.3,1416.9,24.64,2.894,39.9,1
MOIL-SAMP-00781,21.61508,79.77672,Sitasaongi Mine,3.9,307.0,0.746,65.4,30.3,1439.1,0.6,0.946,7.7,0
MOIL-SAMP-00782,21.37868,79.25585,Mansar Mine,2.78,408.7,0.737,61.3,31.1,1234.8,1.69,1.589,14.3,0
MOIL-SAMP-00783,21.94144,80.43407,Ukwa Mine,4.57,380.0,0.829,35.6,36.0,1404.2,-3.23,1.296,11.3,0
MOIL-SAMP-00784,21.54062,79.74,Chikla Mine,2.65,362.3,0.308,53.8,36.4,1395.7,27.94,2.395,46.5,1
MOIL-SAMP-00785,21.44186,79.27167,Kandri Mine,2.79,514.9,0.308,52.2,37.3,1410.7,14.01,1.651,28.5,1
MOIL-SAMP-00786,21.54909,79.73379,Chikla Mine,1.9,416.3,0.311,49.6,38.1,1334.3,28.41,2.222,34.1,1
MOIL-SAMP-00787,21.56668,79.71923,Dongri Buzurg Mine,2.66,419.7,0.523,19.0,29.9,1348.1,-11.23,0.882,7.7,0
MOIL-SAMP-00788,21.96044,80.4682,Ukwa Mine,0.84,377.1,0.261,69.7,33.0,1508.7,28.02,1.739,50.1,1
MOIL-SAMP-00789,21.69491,79.70402,Tirodi Mine,1.34,413.5,0.288,69.2,34.0,1378.5,28.89,1.853,44.1,1
MOIL-SAMP-00790,21.96854,80.47216,Ukwa Mine,0.43,411.5,0.373,44.5,33.6,1385.9,26.36,1.903,30.0,1
MOIL-SAMP-00791,21.56052,79.75791,Sitasaongi Mine,2.51,378.6,0.625,45.7,35.0,1405.5,7.28,1.352,6.6,0
MOIL-SAMP-00792,21.92871,80.44853,Ukwa Mine,4.79,475.1,0.644,38.9,35.6,1353.1,-8.3,1.106,11.4,0
MOIL-SAMP-00793,21.38512,79.28501,Mansar Mine,1.89,354.5,0.578,31.1,30.8,1210.1,-0.65,1.333,9.4,0
MOIL-SAMP-00794,21.56989,79.70072,Dongri Buzurg Mine,1.79,401.5,0.252,47.7,36.1,1104.6,24.75,1.977,46.2,1
MOIL-SAMP-00795,21.41213,79.26633,Kandri Mine,0.54,395.1,0.312,55.8,34.1,1273.0,21.59,3.249,52.2,1
MOIL-SAMP-00796,21.9865,80.48131,Ukwa Mine,2.46,410.0,0.474,47.6,32.5,1441.5,-6.61,0.978,4.2,0
MOIL-SAMP-00797,21.977,80.47074,Ukwa Mine,1.03,441.9,0.283,59.8,35.8,1325.0,13.76,2.343,34.5,1
MOIL-SAMP-00798,21.53886,79.73385,Chikla Mine,2.96,342.5,0.191,53.2,35.2,1279.3,21.33,1.76,60.5,1
MOIL-SAMP-00799,21.54555,79.73238,Chikla Mine,2.32,353.3,0.531,54.2,30.4,1311.9,1.06,1.388,20.8,0
MOIL-SAMP-00800,21.45408,79.25216,Kandri Mine,4.38,375.7,0.506,43.7,32.4,1277.2,-0.43,1.347,21.2,0
MOIL-SAMP-00801,21.60064,79.762,Sitasaongi Mine,1.95,389.5,0.254,51.6,35.2,1322.4,28.6,2.551,25.4,1
MOIL-SAMP-00802,21.60267,79.70644,Dongri Buzurg Mine,5.46,381.2,0.765,36.1,31.7,1332.7,-12.57,0.697,23.7,0
MOIL-SAMP-00803,21.38232,78.99454,Gumgaon Mine,1.3,353.0,0.25,57.6,36.5,1278.7,27.33,2.4,31.4,1
MOIL-SAMP-00804,21.54486,79.7363,Chikla Mine,2.25,368.8,0.294,62.4,34.6,1359.1,21.69,2.179,70.9,1
MOIL-SAMP-00805,21.52115,79.67543,Dongri Buzurg Mine,4.29,422.0,0.527,66.1,28.6,1166.7,-15.68,1.735,12.3,0
MOIL-SAMP-00806,21.4029,79.27329,Mansar Mine,0.54,348.7,0.197,58.1,34.8,1304.8,27.29,1.961,60.3,1
MOIL-SAMP-00807,21.57658,79.7074,Dongri Buzurg Mine,2.7,408.5,0.192,49.8,32.9,1405.7,22.54,1.955,50.8,1
MOIL-SAMP-00808,21.54569,79.69842,Dongri Buzurg Mine,0.92,417.8,0.241,63.5,33.5,1316.6,16.87,1.811,42.5,1
MOIL-SAMP-00809,21.53761,79.73383,Chikla Mine,3.09,374.4,0.592,48.9,30.1,1347.0,-7.57,0.558,22.4,0
MOIL-SAMP-00810,21.35659,79.26949,Mansar Mine,4.59,311.2,0.368,36.0,31.7,1288.2,-8.65,1.319,14.6,0
MOIL-SAMP-00811,21.56989,79.75618,Sitasaongi Mine,1.53,256.0,0.823,26.3,27.1,1340.0,-6.32,1.448,8.2,0
MOIL-SAMP-00812,21.3774,79.00745,Gumgaon Mine,1.6,370.1,0.375,58.0,30.6,1285.0,31.54,2.117,48.9,1
MOIL-SAMP-00813,21.7909,80.20192,Balaghat Mine (Largest underground Mn mine),1.98,388.0,0.391,15.0,31.7,1378.5,-15.83,1.391,16.2,0
MOIL-SAMP-00814,21.56543,79.7592,Sitasaongi Mine,1.95,384.6,0.28,51.9,30.8,1316.2,16.6,2.419,58.2,1
MOIL-SAMP-00815,21.5782,79.73207,Chikla Mine,1.83,319.5,0.569,49.9,35.5,1315.2,-3.14,1.357,22.2,0
MOIL-SAMP-00816,21.51247,79.68475,Dongri Buzurg Mine,4.78,376.0,0.678,26.2,32.3,1429.1,-3.06,1.146,6.3,0
MOIL-SAMP-00817,21.42397,79.26162,Kandri Mine,0.95,380.5,0.147,46.7,35.9,1313.9,21.34,2.009,46.9,1
MOIL-SAMP-00818,21.60746,79.76146,Sitasaongi Mine,2.71,432.2,0.4,55.4,35.2,1330.3,26.52,1.856,48.2,1
MOIL-SAMP-00819,21.55512,79.75245,Sitasaongi Mine,3.21,424.2,0.79,36.4,26.1,1155.6,-7.08,0.708,3.6,0
MOIL-SAMP-00820,21.9422,80.46066,Ukwa Mine,2.95,388.9,0.746,49.7,28.2,1317.9,-8.04,1.052,13.2,0
MOIL-SAMP-00821,21.38874,79.26238,Mansar Mine,1.5,330.1,0.672,20.5,27.7,1334.4,-14.77,1.241,16.7,0
MOIL-SAMP-00822,21.40057,79.01727,Gumgaon Mine,1.82,350.7,0.651,23.3,29.0,1298.2,-3.49,1.158,4.6,0
MOIL-SAMP-00823,21.71728,79.73356,Tirodi Mine,3.72,350.8,0.599,30.8,28.0,1323.1,-6.46,1.372,23.1,0
MOIL-SAMP-00824,21.38682,78.99597,Gumgaon Mine,0.86,371.9,0.303,65.2,33.0,1363.2,27.97,2.488,49.0,1
MOIL-SAMP-00825,21.57414,79.69397,Dongri Buzurg Mine,2.26,381.5,0.368,59.7,34.3,1168.4,25.2,2.511,57.6,1
MOIL-SAMP-00826,21.40309,79.25521,Kandri Mine,1.96,396.2,0.673,30.2,32.1,1271.0,-6.48,1.196,5.3,0
MOIL-SAMP-00827,21.94776,80.45008,Ukwa Mine,2.9,461.2,0.635,43.8,31.3,1454.5,-3.41,1.576,13.7,0
MOIL-SAMP-00828,21.4065,79.27613,Mansar Mine,0.99,335.5,0.386,62.5,32.6,1334.8,26.5,2.289,40.5,1
MOIL-SAMP-00829,21.37023,79.00231,Gumgaon Mine,2.32,322.9,0.614,46.7,27.2,1185.6,-10.17,1.37,11.6,0
MOIL-SAMP-00830,21.40754,78.99024,Gumgaon Mine,2.23,389.0,0.515,39.5,33.2,1330.4,1.02,1.375,19.1,0
MOIL-SAMP-00831,21.85573,80.2251,Balaghat Mine (Largest underground Mn mine),7.06,394.4,0.77,42.8,29.8,1363.0,-8.86,1.133,10.8,0
MOIL-SAMP-00832,21.61011,79.75868,Sitasaongi Mine,3.01,440.5,0.669,58.0,31.8,1372.5,-4.72,1.186,17.5,0
MOIL-SAMP-00833,21.39906,79.26223,Kandri Mine,2.04,333.1,0.344,50.0,34.5,1241.0,22.75,2.3,49.3,1
MOIL-SAMP-00834,21.55377,79.74068,Chikla Mine,1.19,352.3,0.373,48.0,37.3,1329.3,18.63,2.639,46.7,1
MOIL-SAMP-00835,21.59852,79.75667,Sitasaongi Mine,1.77,420.1,0.665,22.0,33.8,1216.9,-7.53,1.189,10.9,0
MOIL-SAMP-00836,21.56203,79.73407,Chikla Mine,0.87,307.5,0.155,63.3,34.3,1367.5,26.43,2.306,43.7,1
MOIL-SAMP-00837,21.41415,79.25098,Kandri Mine,1.69,386.2,0.591,28.2,30.1,1396.4,-4.56,1.156,23.8,0
MOIL-SAMP-00838,21.57356,79.75872,Sitasaongi Mine,1.07,441.6,0.254,67.8,33.9,1222.3,31.8,2.035,41.3,1
MOIL-SAMP-00839,21.55486,79.6859,Dongri Buzurg Mine,1.19,394.7,0.301,54.6,32.4,1298.0,28.14,1.721,34.6,1
MOIL-SAMP-00840,21.36978,79.26888,Mansar Mine,3.15,345.0,0.675,42.6,33.8,1277.3,-9.96,1.138,4.7,0
MOIL-SAMP-00841,21.52451,79.7463,Chikla Mine,4.44,350.2,0.818,63.2,33.7,1340.8,-8.91,1.397,11.3,0
MOIL-SAMP-00842,21.54589,79.70727,Dongri Buzurg Mine,1.36,383.8,0.162,60.2,34.4,1267.4,27.05,2.019,32.6,1
MOIL-SAMP-00843,21.54992,79.70361,Dongri Buzurg Mine,0.79,349.6,0.45,60.1,34.6,1374.6,27.56,1.93,46.9,1
MOIL-SAMP-00844,21.58543,79.74358,Chikla Mine,2.32,305.2,0.221,39.5,34.7,1330.2,14.55,1.874,52.8,1
MOIL-SAMP-00845,21.4858,79.65199,Dongri Buzurg Mine,8.89,440.6,0.88,26.2,37.0,1171.0,-2.58,1.491,15.5,0
MOIL-SAMP-00846,21.57708,79.73189,Chikla Mine,1.74,379.5,0.258,62.3,33.7,1357.4,22.37,2.178,31.3,1
MOIL-SAMP-00847,21.41062,79.28606,Mansar Mine,1.94,370.7,0.736,38.9,28.8,1300.2,-1.81,1.259,13.6,0
MOIL-SAMP-00848,21.97597,80.46817,Ukwa Mine,0.88,339.2,0.262,61.0,32.6,1306.9,21.94,1.774,33.0,1
MOIL-SAMP-00849,21.57513,79.76093,Sitasaongi Mine,0.87,396.6,0.35,55.8,36.0,1423.1,16.3,2.017,13.6,1
MOIL-SAMP-00850,21.37522,79.26893,Mansar Mine,2.55,324.8,0.556,42.6,29.0,1228.0,-0.88,0.955,12.0,0
MOIL-SAMP-00851,21.38014,78.98841,Gumgaon Mine,1.93,439.7,0.465,49.7,31.3,1389.7,-21.88,1.283,12.5,0
MOIL-SAMP-00852,21.62669,79.69852,Tirodi Mine,7.04,410.1,0.677,19.7,27.9,1314.0,0.55,0.842,13.6,0
MOIL-SAMP-00853,21.43967,79.27472,Kandri Mine,2.63,346.0,0.47,68.5,36.8,1287.3,24.75,1.989,36.5,1
MOIL-SAMP-00854,21.58505,79.70084,Dongri Buzurg Mine,3.45,393.8,0.583,51.7,32.0,1346.2,-3.58,0.807,10.3,0
MOIL-SAMP-00855,22.02163,80.51654,Ukwa Mine,7.76,387.0,0.621,31.1,32.9,1400.6,-11.02,1.189,5.9,0
MOIL-SAMP-00856,21.38748,79.00659,Gumgaon Mine,0.57,350.8,0.12,50.6,33.5,1353.9,27.53,1.98,52.3,1
MOIL-SAMP-00857,21.38019,79.0168,Gumgaon Mine,1.89,440.9,0.571,48.2,29.6,1204.6,-5.49,1.173,0.7,0
MOIL-SAMP-00858,21.93963,80.44958,Ukwa Mine,3.67,423.1,0.542,30.0,31.3,1223.4,-0.96,1.504,14.7,0
MOIL-SAMP-00859,21.66858,79.71295,Tirodi Mine,2.21,453.6,0.368,61.0,34.9,1392.2,42.17,1.936,41.0,1
MOIL-SAMP-00860,21.51519,79.69278,Dongri Buzurg Mine,4.32,397.3,0.609,43.9,30.8,1358.1,0.2,1.024,21.0,0
MOIL-SAMP-00861,21.52402,79.67332,Dongri Buzurg Mine,4.15,397.8,0.324,64.9,33.8,1347.1,17.76,2.319,55.7,1
MOIL-SAMP-00862,21.38001,79.26494,Mansar Mine,2.16,400.6,0.22,41.5,33.3,1135.9,12.21,2.28,33.7,1
MOIL-SAMP-00863,21.84555,80.21724,Balaghat Mine (Largest underground Mn mine),5.68,439.4,0.702,21.9,29.7,1464.8,-5.69,1.091,15.7,0
MOIL-SAMP-00864,21.54699,79.70446,Dongri Buzurg Mine,1.07,453.5,0.22,49.9,34.5,1337.3,33.17,2.026,38.1,1
MOIL-SAMP-00865,21.4126,79.29013,Mansar Mine,2.4,320.3,0.763,64.2,31.7,1056.4,-5.61,1.11,10.9,0
MOIL-SAMP-00866,21.97689,80.46305,Ukwa Mine,1.11,313.7,0.207,56.4,32.9,1341.4,35.75,1.796,50.9,1
MOIL-SAMP-00867,21.54598,79.7353,Chikla Mine,2.16,432.6,0.254,47.5,32.5,1388.0,17.87,2.372,27.6,1
MOIL-SAMP-00868,21.67374,79.69812,Tirodi Mine,2.39,392.0,0.475,43.6,26.3,1388.5,-1.23,1.416,20.3,0
MOIL-SAMP-00869,21.58704,79.78161,Sitasaongi Mine,2.18,344.6,0.532,51.3,33.8,1279.6,4.3,1.397,6.9,0
MOIL-SAMP-00870,21.85161,80.20272,Balaghat Mine (Largest underground Mn mine),5.66,485.1,0.427,46.4,30.4,1406.4,-13.25,1.245,22.3,0
MOIL-SAMP-00871,21.62794,79.7763,Sitasaongi Mine,5.22,332.0,0.7,45.9,31.0,1303.3,-5.62,1.061,10.8,0
MOIL-SAMP-00872,21.39058,79.00257,Gumgaon Mine,0.07,321.1,0.299,68.0,33.2,1304.2,28.34,1.191,27.9,1
MOIL-SAMP-00873,21.98383,80.46309,Ukwa Mine,1.82,383.9,0.241,48.8,31.4,1251.7,13.76,1.685,39.9,1
MOIL-SAMP-00874,21.4021,79.00989,Gumgaon Mine,1.41,464.0,0.294,58.4,34.9,1237.4,29.75,1.683,14.2,1
MOIL-SAMP-00875,21.7109,79.71976,Tirodi Mine,2.52,348.1,0.593,63.3,32.0,1328.7,-10.29,1.203,4.5,0
MOIL-SAMP-00876,21.5228,79.6669,Dongri Buzurg Mine,4.68,370.1,0.599,27.1,30.2,1250.7,1.63,1.316,10.1,0
MOIL-SAMP-00877,21.41668,79.00364,Gumgaon Mine,2.82,381.5,0.593,54.0,26.7,1294.2,-14.73,1.102,17.0,0
MOIL-SAMP-00878,21.55665,79.73756,Chikla Mine,0.98,454.6,0.372,60.0,33.0,1372.4,31.14,2.24,19.8,1
MOIL-SAMP-00879,21.58178,79.71116,Dongri Buzurg Mine,3.39,465.6,0.198,61.0,33.9,1312.1,24.23,1.96,30.0,1
MOIL-SAMP-00880,21.37142,79.00501,Gumgaon Mine,2.2,411.2,0.58,48.0,31.2,1353.8,-5.49,1.207,14.4,0
MOIL-SAMP-00881,21.61302,79.77184,Sitasaongi Mine,3.5,318.0,0.196,59.4,34.4,1383.2,22.48,2.584,47.7,1
MOIL-SAMP-00882,21.57921,79.7107,Dongri Buzurg Mine,3.11,373.0,0.26,58.3,34.2,1272.8,26.62,2.005,36.5,1
MOIL-SAMP-00883,21.37799,78.99943,Gumgaon Mine,1.5,322.0,0.305,67.0,37.1,1291.2,29.44,2.522,43.4,1
MOIL-SAMP-00884,21.55105,79.70036,Dongri Buzurg Mine,0.45,378.2,0.321,56.4,32.9,1360.2,29.35,2.461,29.0,1
MOIL-SAMP-00885,21.38976,79.26504,Mansar Mine,1.23,335.5,0.354,72.9,36.8,1270.0,13.05,2.791,29.9,1
MOIL-SAMP-00886,21.96665,80.48382,Ukwa Mine,1.64,310.9,0.538,61.0,33.0,1521.1,-2.96,1.102,7.8,0
MOIL-SAMP-00887,21.37184,79.00946,Gumgaon Mine,2.25,387.3,0.755,47.4,31.9,1344.6,-6.96,1.314,10.3,0
MOIL-SAMP-00888,21.55079,79.69604,Dongri Buzurg Mine,0.38,338.4,0.326,67.0,33.9,1381.2,44.33,2.553,32.5,1
MOIL-SAMP-00889,21.36418,78.99253,Gumgaon Mine,3.17,394.4,0.339,60.2,36.6,1374.8,9.1,2.002,53.8,1
MOIL-SAMP-00890,21.41293,79.01277,Gumgaon Mine,2.62,421.1,0.624,46.8,33.7,1353.6,-9.15,1.076,19.5,0
MOIL-SAMP-00891,21.58733,79.76572,Sitasaongi Mine,0.68,419.1,0.36,74.7,35.9,1308.4,26.27,2.29,30.9,1
MOIL-SAMP-00892,21.56333,79.69826,Dongri Buzurg Mine,1.04,436.9,0.305,51.9,31.7,1237.0,29.07,2.774,31.0,1
MOIL-SAMP-00893,21.95763,80.45302,Ukwa Mine,1.93,356.6,0.64,46.1,30.7,1399.3,-11.58,1.516,3.2,0
MOIL-SAMP-00894,21.39361,78.99057,Gumgaon Mine,1.3,382.3,0.251,62.1,36.8,1325.0,23.87,1.651,36.6,1
MOIL-SAMP-00895,21.53644,79.73634,Chikla Mine,3.16,374.9,0.491,43.3,33.8,1383.7,-14.75,0.744,9.0,0
MOIL-SAMP-00896,21.69123,79.73031,Tirodi Mine,1.61,428.7,0.789,40.8,31.8,1329.4,4.28,1.226,11.7,0
MOIL-SAMP-00897,21.70248,79.70871,Tirodi Mine,1.68,328.5,0.547,25.7,32.8,1394.3,-5.01,1.111,6.2,0
MOIL-SAMP-00898,21.56216,79.74884,Chikla Mine,0.75,389.5,0.351,59.4,33.8,1332.5,18.8,2.549,42.2,1
MOIL-SAMP-00899,21.81103,80.20672,Balaghat Mine (Largest underground Mn mine),2.22,421.9,0.582,34.6,29.6,1460.4,9.61,1.04,4.1,0
MOIL-SAMP-00900,21.55424,79.7383,Chikla Mine,1.2,308.0,0.461,70.5,33.7,1277.8,26.49,2.567,49.4,1
MOIL-SAMP-00901,21.57739,79.76153,Sitasaongi Mine,0.62,444.5,0.32,54.5,36.4,1217.2,26.74,2.565,45.8,1
MOIL-SAMP-00902,21.88489,80.22116,Balaghat Mine (Largest underground Mn mine),9.76,404.6,0.756,34.3,29.9,1322.0,-5.09,1.433,22.6,0
MOIL-SAMP-00903,21.36588,78.98704,Gumgaon Mine,3.24,362.9,0.665,26.7,28.7,1230.3,-10.66,1.473,10.7,0
MOIL-SAMP-00904,21.95057,80.4458,Ukwa Mine,2.99,374.5,0.636,59.0,35.0,1281.0,2.84,0.871,11.4,0
MOIL-SAMP-00905,21.61347,79.77733,Sitasaongi Mine,3.77,377.6,0.758,29.3,30.4,1376.2,-16.09,1.1,5.9,0
MOIL-SAMP-00906,21.79718,80.18604,Balaghat Mine (Largest underground Mn mine),0.6,449.6,0.414,51.6,35.8,1376.1,34.51,2.109,39.8,1
MOIL-SAMP-00907,21.57193,79.74378,Chikla Mine,0.84,372.2,0.4,61.5,34.7,1173.2,12.49,1.756,42.5,1
MOIL-SAMP-00908,21.93692,80.44937,Ukwa Mine,3.94,456.1,0.359,67.2,33.7,1336.7,20.99,2.292,33.3,1
MOIL-SAMP-00909,21.41652,79.27625,Mansar Mine,2.08,290.2,0.284,61.1,32.7,1291.3,24.3,1.849,28.3,1
MOIL-SAMP-00910,21.99413,80.47798,Ukwa Mine,3.07,367.2,0.765,55.1,28.7,1431.4,-11.62,0.906,18.2,0
MOIL-SAMP-00911,21.38963,78.99502,Gumgaon Mine,0.82,357.7,0.285,56.1,33.8,1317.5,22.23,2.136,19.5,1
MOIL-SAMP-00912,21.45065,79.28822,Kandri Mine,4.32,401.1,0.762,30.4,31.8,1382.2,3.15,1.072,9.5,0
MOIL-SAMP-00913,21.37275,79.00132,Gumgaon Mine,2.05,442.2,0.248,57.4,31.3,1314.8,13.18,2.282,68.9,1
MOIL-SAMP-00914,21.54777,79.68474,Dongri Buzurg Mine,1.48,436.9,0.227,65.4,35.9,1303.1,33.9,2.328,38.3,1
MOIL-SAMP-00915,21.57324,79.74365,Chikla Mine,0.98,365.9,0.12,67.5,38.7,1162.1,34.97,2.515,66.5,1
MOIL-SAMP-00916,21.99425,80.47501,Ukwa Mine,2.99,403.9,0.22,48.4,33.1,1465.6,31.87,2.291,40.0,1
MOIL-SAMP-00917,21.78539,80.16644,Balaghat Mine (Largest underground Mn mine),2.87,395.1,0.658,33.2,28.8,1508.9,-8.45,1.144,11.6,0
MOIL-SAMP-00918,21.41417,78.99769,Gumgaon Mine,2.59,297.9,0.653,45.9,29.6,1316.2,2.46,1.421,18.2,0
MOIL-SAMP-00919,21.85389,80.18767,Balaghat Mine (Largest underground Mn mine),5.68,307.2,0.523,52.4,33.1,1310.3,-4.63,0.84,10.7,0
MOIL-SAMP-00920,21.38832,79.26061,Mansar Mine,1.67,369.4,0.67,46.4,29.7,1268.2,-0.24,0.993,13.5,0
MOIL-SAMP-00921,21.69674,79.71432,Tirodi Mine,0.91,458.9,0.351,46.7,37.6,1347.2,18.08,2.371,30.4,1
MOIL-SAMP-00922,21.68556,79.71841,Tirodi Mine,0.48,307.5,0.341,79.2,36.1,1298.0,36.45,2.0,26.4,1
MOIL-SAMP-00923,21.78579,80.17235,Balaghat Mine (Largest underground Mn mine),2.41,487.3,0.242,66.3,35.2,1232.9,26.81,2.305,40.1,1
MOIL-SAMP-00924,21.44051,79.26818,Kandri Mine,2.6,357.9,0.647,41.3,29.9,1232.9,-4.2,1.471,20.4,0
MOIL-SAMP-00925,21.52495,79.68266,Dongri Buzurg Mine,3.56,410.7,0.229,60.9,35.6,1244.3,34.36,2.273,30.7,1
MOIL-SAMP-00926,21.75633,80.16929,Balaghat Mine (Largest underground Mn mine),5.43,361.7,0.388,43.4,34.7,1255.6,26.58,2.092,48.6,1
MOIL-SAMP-00927,21.41697,79.26549,Kandri Mine,0.16,349.6,0.334,57.8,32.1,1225.9,23.05,1.447,26.3,1
MOIL-SAMP-00928,21.562,79.69005,Dongri Buzurg Mine,1.17,352.5,0.381,54.5,34.1,1441.3,35.81,2.859,25.9,1
MOIL-SAMP-00929,21.8057,80.18968,Balaghat Mine (Largest underground Mn mine),0.43,364.0,0.307,69.4,37.5,1350.0,23.26,2.248,31.5,1
MOIL-SAMP-00930,21.76846,80.17244,Balaghat Mine (Largest underground Mn mine),4.07,379.6,0.239,62.9,34.6,1444.3,15.55,2.417,23.8,1
MOIL-SAMP-00931,21.41495,78.98706,Gumgaon Mine,3.09,378.0,0.645,40.3,31.8,1309.6,2.67,1.049,10.7,0
MOIL-SAMP-00932,21.72575,80.16411,Balaghat Mine (Largest underground Mn mine),8.82,366.0,0.843,30.3,30.8,1123.0,-14.07,0.922,12.4,0
MOIL-SAMP-00933,21.97368,80.464,Ukwa Mine,0.75,453.3,0.277,47.0,35.6,1175.1,29.98,2.037,36.9,1
MOIL-SAMP-00934,21.39794,79.26939,Mansar Mine,0.37,331.7,0.343,58.1,33.7,1257.2,27.62,2.528,38.4,1
MOIL-SAMP-00935,21.41855,79.26971,Kandri Mine,0.33,402.6,0.358,64.1,32.1,1302.0,26.58,2.205,48.1,1
MOIL-SAMP-00936,21.83473,80.18474,Balaghat Mine (Largest underground Mn mine),3.57,449.4,0.644,51.8,32.5,1365.8,-4.68,1.186,16.7,0
MOIL-SAMP-00937,21.81513,80.19322,Balaghat Mine (Largest underground Mn mine),1.52,393.9,0.204,63.5,35.0,1244.4,25.83,2.452,48.6,1
MOIL-SAMP-00938,21.60162,79.78013,Sitasaongi Mine,2.86,434.4,0.566,33.4,34.9,1246.3,1.06,0.966,12.6,0
MOIL-SAMP-00939,21.67627,79.69919,Tirodi Mine,2.12,435.6,0.605,31.5,29.2,1329.3,-12.88,0.728,15.7,0
MOIL-SAMP-00940,21.78405,80.17447,Balaghat Mine (Largest underground Mn mine),2.43,396.3,0.211,53.4,34.5,1297.5,25.67,2.036,42.8,1
MOIL-SAMP-00941,21.68494,79.72044,Tirodi Mine,0.69,422.9,0.397,55.9,30.7,1202.9,11.11,2.854,34.9,1
MOIL-SAMP-00942,21.38022,79.27363,Mansar Mine,1.97,401.1,0.361,47.8,33.8,1283.6,11.71,2.65,36.8,1
MOIL-SAMP-00943,21.55844,79.75132,Sitasaongi Mine,2.89,348.2,0.518,36.4,29.8,1261.5,-6.06,1.34,19.6,0
MOIL-SAMP-00944,21.59785,79.73636,Chikla Mine,3.73,390.1,0.784,48.4,30.2,1252.7,-6.43,0.958,15.4,0
MOIL-SAMP-00945,21.80856,80.18116,Balaghat Mine (Largest underground Mn mine),0.92,396.3,0.136,61.5,38.0,1288.8,38.83,1.925,38.1,1
MOIL-SAMP-00946,21.80429,80.18815,Balaghat Mine (Largest underground Mn mine),0.22,436.5,0.168,48.0,32.9,1368.0,30.61,2.438,21.6,1
MOIL-SAMP-00947,21.98327,80.49063,Ukwa Mine,2.88,430.6,0.703,45.7,31.6,1350.6,7.03,0.916,13.4,0
MOIL-SAMP-00948,21.5828,79.68542,Dongri Buzurg Mine,3.42,430.8,0.723,50.5,29.8,1226.7,-8.17,1.321,9.7,0
MOIL-SAMP-00949,21.96037,80.46311,Ukwa Mine,0.98,448.7,0.172,70.8,36.7,1240.0,31.1,2.413,31.0,1
MOIL-SAMP-00950,21.38862,79.0061,Gumgaon Mine,0.45,400.3,0.243,47.6,34.0,1425.2,19.73,1.773,40.4,1
MOIL-SAMP-00951,21.58306,79.7551,Sitasaongi Mine,0.61,366.6,0.319,57.7,32.0,1251.4,29.86,2.332,57.0,1
MOIL-SAMP-00952,21.37193,79.2617,Mansar Mine,3.11,458.2,0.718,42.2,22.5,1297.6,-8.47,1.147,17.0,0
MOIL-SAMP-00953,21.51913,79.6805,Dongri Buzurg Mine,4.23,325.4,0.48,51.6,28.6,1332.1,-3.51,1.247,8.9,0
MOIL-SAMP-00954,21.99571,80.47923,Ukwa Mine,3.28,404.9,0.132,59.7,34.5,1404.8,31.06,2.245,23.7,1
MOIL-SAMP-00955,21.9601,80.46765,Ukwa Mine,0.87,410.4,0.293,55.3,36.7,1276.6,16.19,2.305,56.8,1
MOIL-SAMP-00956,21.68956,79.70731,Tirodi Mine,0.8,447.0,0.282,52.8,35.0,1284.3,22.98,2.325,40.7,1
MOIL-SAMP-00957,21.95078,80.47299,Ukwa Mine,1.97,432.8,0.313,59.6,35.7,1301.2,15.62,1.802,45.2,1
MOIL-SAMP-00958,21.38672,79.26786,Mansar Mine,1.36,435.3,0.312,58.4,34.0,1349.9,28.59,2.289,47.3,1
MOIL-SAMP-00959,21.59146,79.73953,Chikla Mine,2.99,377.7,0.522,39.0,27.6,1426.4,-8.99,1.313,10.4,0
MOIL-SAMP-00960,21.56389,79.69756,Dongri Buzurg Mine,1.09,383.4,0.261,50.4,34.0,1262.9,31.06,1.962,31.3,1
MOIL-SAMP-00961,21.58046,79.75569,Sitasaongi Mine,0.62,418.9,0.168,70.0,36.7,1307.1,27.3,2.029,61.8,1
MOIL-SAMP-00962,21.40887,79.27746,Mansar Mine,1.29,353.3,0.253,57.9,35.0,1184.2,9.38,2.304,49.7,1
MOIL-SAMP-00963,21.63955,79.68967,Tirodi Mine,6.01,427.0,0.516,38.5,28.9,1428.5,-6.57,1.223,10.1,0
MOIL-SAMP-00964,21.57874,79.69751,Dongri Buzurg Mine,2.73,335.5,0.475,45.9,34.8,1279.1,-6.44,1.092,5.4,0
MOIL-SAMP-00965,21.82319,80.17753,Balaghat Mine (Largest underground Mn mine),2.5,513.8,0.806,49.1,32.6,1270.2,-2.41,1.083,17.1,0
MOIL-SAMP-00966,21.40365,79.00153,Gumgaon Mine,1.38,402.9,0.258,78.5,35.5,1379.4,17.54,3.11,47.6,1
MOIL-SAMP-00967,21.39417,79.27018,Mansar Mine,0.51,329.7,0.311,61.7,35.9,1265.7,24.57,2.057,39.6,1
MOIL-SAMP-00968,21.69265,79.68816,Tirodi Mine,2.81,447.2,0.614,43.7,30.8,1316.3,-1.97,1.118,20.5,0
MOIL-SAMP-00969,21.86782,80.21813,Balaghat Mine (Largest underground Mn mine),7.89,388.1,0.712,56.8,27.7,1291.8,-12.02,1.241,21.3,0
MOIL-SAMP-00970,21.41526,79.27332,Kandri Mine,0.68,373.3,0.316,44.7,32.2,1219.5,28.56,2.542,33.6,1
MOIL-SAMP-00971,21.61351,79.76304,Sitasaongi Mine,3.38,422.7,0.581,53.9,32.3,1197.2,-22.22,1.019,16.5,0
MOIL-SAMP-00972,21.60029,79.7191,Dongri Buzurg Mine,5.59,389.4,0.766,59.9,34.2,1311.8,1.07,1.395,16.9,0
MOIL-SAMP-00973,21.59468,79.74001,Chikla Mine,3.34,405.2,0.514,44.7,31.3,1426.3,-9.95,1.085,11.1,0
MOIL-SAMP-00974,21.37799,79.28678,Mansar Mine,2.63,372.1,0.592,49.6,33.8,1205.9,-6.63,1.305,3.7,0
MOIL-SAMP-00975,21.53628,79.69225,Dongri Buzurg Mine,2.03,390.3,0.294,54.2,30.0,1287.5,17.86,2.182,45.2,1
MOIL-SAMP-00976,21.56299,79.7014,Dongri Buzurg Mine,1.08,386.3,0.358,59.0,35.5,1456.3,28.21,1.897,52.8,1
MOIL-SAMP-00977,21.58495,79.76554,Sitasaongi Mine,0.52,358.9,0.4,64.5,37.3,1410.1,25.74,2.314,54.9,1
MOIL-SAMP-00978,21.43034,79.2673,Kandri Mine,1.48,342.1,0.338,52.6,35.4,1329.4,25.08,2.363,42.3,1
MOIL-SAMP-00979,21.82864,80.18695,Balaghat Mine (Largest underground Mn mine),2.89,429.5,0.587,23.7,33.9,1404.0,-7.67,1.174,18.4,0
MOIL-SAMP-00980,21.94656,80.4545,Ukwa Mine,2.75,424.7,0.255,49.6,33.7,1401.9,16.1,2.069,42.5,1
MOIL-SAMP-00981,21.97761,80.46775,Ukwa Mine,1.06,375.0,0.706,38.0,33.3,1239.5,-9.71,1.2,10.1,0
MOIL-SAMP-00982,21.38954,78.99302,Gumgaon Mine,1.03,358.3,0.249,58.5,35.2,1223.8,17.69,1.416,34.5,1
MOIL-SAMP-00983,21.417,79.00501,Gumgaon Mine,2.86,355.0,0.165,66.0,32.8,1279.5,24.98,2.155,81.8,1
MOIL-SAMP-00984,21.54724,79.74459,Chikla Mine,1.93,386.9,0.26,50.8,33.4,1335.9,19.63,2.437,23.3,1
MOIL-SAMP-00985,21.41062,79.26467,Kandri Mine,0.75,318.9,0.339,70.6,34.6,1262.1,21.19,1.74,32.6,1
MOIL-SAMP-00986,21.97958,80.47006,Ukwa Mine,1.3,371.3,0.34,56.2,36.6,1320.8,26.42,2.205,51.2,1
MOIL-SAMP-00987,21.42401,79.2402,Kandri Mine,2.88,334.9,0.651,42.8,32.7,1269.9,-1.66,1.133,-3.6,0
MOIL-SAMP-00988,21.42372,79.29496,Mansar Mine,3.64,319.2,0.558,75.7,26.9,1281.1,-4.49,1.064,-0.8,0
MOIL-SAMP-00989,21.36938,79.26282,Mansar Mine,3.34,234.6,0.368,57.5,34.4,1203.4,26.02,2.32,29.0,1
MOIL-SAMP-00990,21.41365,79.28301,Mansar Mine,2.02,387.3,0.292,65.3,37.0,1426.0,26.42,2.051,38.3,1
MOIL-SAMP-00991,21.96828,80.46588,Ukwa Mine,0.22,528.0,0.215,60.4,33.5,1295.8,15.03,1.762,35.3,1
MOIL-SAMP-00992,21.60314,79.75236,Chikla Mine,4.4,398.5,0.522,45.5,32.2,1503.9,-6.92,1.147,4.6,0
MOIL-SAMP-00993,21.76802,79.73891,Tirodi Mine,9.13,513.3,0.584,20.0,31.0,1431.7,-16.54,1.599,6.4,0
MOIL-SAMP-00994,21.40653,79.25471,Kandri Mine,1.72,426.9,0.37,41.8,35.9,1235.8,30.35,2.523,35.4,1
MOIL-SAMP-00995,21.57386,79.74593,Chikla Mine,1.11,332.3,0.277,63.7,34.9,1335.6,20.05,2.497,45.8,1
MOIL-SAMP-00996,21.56508,79.72547,Chikla Mine,1.71,465.2,0.757,48.4,29.2,1399.5,-1.03,1.447,16.7,0
MOIL-SAMP-00997,21.80341,80.21008,Balaghat Mine (Largest underground Mn mine),2.36,461.9,0.834,34.7,28.2,1360.6,-11.99,0.758,18.0,0
MOIL-SAMP-00998,21.9485,80.44072,Ukwa Mine,3.55,408.4,0.531,58.8,29.9,1408.8,-11.44,1.242,12.6,0
MOIL-SAMP-00999,21.40412,78.99467,Gumgaon Mine,1.66,363.5,0.227,62.3,31.7,1217.5,27.18,2.81,48.7,1
MOIL-SAMP-01000,21.40119,79.27502,Mansar Mine,0.41,390.2,0.331,68.7,33.1,1229.3,22.5,2.041,45.8,1
MOIL-SAMP-01001,21.41761,79.28235,Mansar Mine,2.38,287.0,0.534,32.7,28.2,1337.3,2.35,1.556,2.9,0
MOIL-SAMP-01002,21.58049,79.76181,Sitasaongi Mine,0.29,372.3,0.374,53.7,35.7,1304.7,32.99,2.497,44.0,1
MOIL-SAMP-01003,21.57095,79.75782,Sitasaongi Mine,1.37,392.7,0.284,54.8,34.5,1446.5,38.13,1.817,57.3,1
MOIL-SAMP-01004,21.8255,80.19263,Balaghat Mine (Largest underground Mn mine),2.6,354.0,0.716,52.0,33.3,1215.3,-9.15,1.228,19.3,0
MOIL-SAMP-01005,21.5887,79.7491,Chikla Mine,2.77,318.1,0.279,61.9,34.1,1309.1,31.58,2.684,40.9,1
MOIL-SAMP-01006,21.40712,79.27858,Mansar Mine,1.16,325.8,0.246,56.3,34.3,1276.5,28.6,2.354,28.6,1
MOIL-SAMP-01007,21.38563,78.99711,Gumgaon Mine,0.85,363.4,0.215,58.9,32.4,1387.5,3.89,2.504,29.0,1
MOIL-SAMP-01008,21.40729,79.2738,Mansar Mine,1.03,390.8,0.389,64.6,33.8,1314.6,24.28,2.138,56.7,1
MOIL-SAMP-01009,21.39402,79.0202,Gumgaon Mine,1.83,324.9,0.82,49.2,31.4,1331.3,-7.26,1.14,15.2,0
MOIL-SAMP-01010,21.41327,79.2795,Mansar Mine,1.82,408.9,0.315,64.0,35.0,1288.2,25.94,1.854,37.2,1
MOIL-SAMP-01011,21.94907,80.46099,Ukwa Mine,2.22,418.0,0.199,70.5,33.2,1351.2,21.3,2.128,56.3,1
MOIL-SAMP-01012,21.40538,79.27113,Mansar Mine,0.84,329.5,0.216,71.7,34.0,1347.9,19.36,2.013,40.4,1
MOIL-SAMP-01013,21.9725,80.49551,Ukwa Mine,2.88,409.9,0.772,63.1,31.1,1403.2,-11.29,1.45,7.9,0
MOIL-SAMP-01014,21.42323,79.25918,Kandri Mine,1.06,307.5,0.252,43.6,34.0,1293.0,41.36,1.798,51.7,1
MOIL-SAMP-01015,21.40452,79.26305,Kandri Mine,1.44,416.7,0.251,51.6,38.3,1349.5,27.54,2.13,52.0,1
MOIL-SAMP-01016,21.37082,78.98904,Gumgaon Mine,2.67,422.6,0.737,38.9,27.5,1386.2,-1.78,0.974,12.8,0
MOIL-SAMP-01017,21.72176,79.71849,Tirodi Mine,3.7,341.1,0.755,39.3,32.0,1412.4,-0.85,1.565,16.3,0
MOIL-SAMP-01018,21.98464,80.49222,Ukwa Mine,3.1,430.9,0.442,44.8,33.3,1247.3,-0.2,1.366,17.1,0
MOIL-SAMP-01019,21.81765,80.18582,Balaghat Mine (Largest underground Mn mine),1.68,393.6,0.297,55.8,34.9,1243.0,19.48,2.095,47.9,1
MOIL-SAMP-01020,21.55728,79.74279,Chikla Mine,0.8,357.1,0.259,56.3,36.5,1207.2,33.27,2.266,23.6,1
MOIL-SAMP-01021,21.60684,79.75844,Sitasaongi Mine,2.65,334.7,0.691,62.1,32.6,1313.2,-3.87,1.228,7.0,0
MOIL-SAMP-01022,21.55574,79.73238,Chikla Mine,1.39,329.2,0.369,48.9,38.0,1194.8,19.81,2.049,51.4,1
MOIL-SAMP-01023,21.56519,79.71583,Dongri Buzurg Mine,2.27,402.9,0.156,62.9,35.0,1357.1,19.84,2.348,19.6,1
MOIL-SAMP-01024,21.38608,79.26727,Mansar Mine,1.45,390.3,0.245,47.0,36.2,1363.1,26.58,1.929,55.6,1
MOIL-SAMP-01025,21.55547,79.74682,Chikla Mine,1.12,457.1,0.316,56.2,33.9,1331.6,28.04,1.925,70.4,1
MOIL-SAMP-01026,21.55152,79.69913,Dongri Buzurg Mine,0.33,291.2,0.343,55.2,32.9,1207.8,30.62,1.909,34.5,1
MOIL-SAMP-01027,21.57013,79.78025,Sitasaongi Mine,2.45,420.5,0.795,51.4,32.6,1402.5,-5.92,1.442,10.0,0
MOIL-SAMP-01028,21.9468,80.45446,Ukwa Mine,2.73,402.3,0.296,60.1,29.8,1430.2,25.16,1.83,40.8,1
MOIL-SAMP-01029,21.39944,79.25006,Kandri Mine,2.62,398.1,0.637,47.2,30.1,1143.7,-12.21,0.817,15.6,0
MOIL-SAMP-01030,21.56964,79.74073,Chikla Mine,0.58,403.0,0.208,67.2,34.7,1309.6,28.2,2.198,37.8,1
MOIL-SAMP-01031,21.79614,80.17702,Balaghat Mine (Largest underground Mn mine),1.27,418.2,0.269,52.5,34.6,1338.2,17.44,2.191,52.5,1
MOIL-SAMP-01032,21.56825,79.70186,Dongri Buzurg Mine,1.64,322.5,0.357,68.8,35.5,1416.7,23.05,1.98,48.6,1
MOIL-SAMP-01033,21.97396,80.46832,Ukwa Mine,0.66,408.5,0.313,45.2,33.7,1192.1,24.22,1.804,56.6,1
MOIL-SAMP-01034,21.52533,79.65941,Dongri Buzurg Mine,5.05,453.8,0.688,32.7,32.1,1236.3,1.11,1.115,14.9,0
MOIL-SAMP-01035,21.57437,79.76708,Sitasaongi Mine,1.14,403.7,0.257,63.1,34.4,1295.7,17.93,2.205,26.2,1
MOIL-SAMP-01036,21.37467,79.00556,Gumgaon Mine,1.85,444.9,0.616,26.0,28.0,1349.6,-1.8,1.235,1.9,0
MOIL-SAMP-01037,21.8231,80.19159,Balaghat Mine (Largest underground Mn mine),2.32,386.5,0.377,58.0,32.7,1481.6,26.89,1.856,38.2,1
MOIL-SAMP-01038,21.54368,79.7285,Chikla Mine,2.69,434.4,0.315,55.7,32.2,1447.6,28.98,1.902,34.9,1
MOIL-SAMP-01039,21.41751,79.25987,Kandri Mine,0.74,416.5,0.296,57.0,34.4,1188.6,17.55,2.215,60.2,1
MOIL-SAMP-01040,21.58327,79.74334,Chikla Mine,2.08,429.6,0.357,60.6,38.3,1321.9,23.85,2.55,24.1,1
MOIL-SAMP-01041,21.4207,79.27244,Kandri Mine,0.7,370.0,0.196,56.6,33.0,1231.4,25.32,2.659,29.6,1
MOIL-SAMP-01042,21.40522,79.27497,Mansar Mine,0.82,390.4,0.327,76.9,32.6,1286.6,31.03,2.251,35.0,1
MOIL-SAMP-01043,21.58498,79.75976,Sitasaongi Mine,0.25,374.9,0.3,53.7,34.0,1287.4,16.96,2.635,43.7,1
MOIL-SAMP-01044,21.35503,79.01449,Gumgaon Mine,4.18,391.6,0.484,42.9,34.6,1330.6,0.05,0.856,11.9,0
MOIL-SAMP-01045,21.59024,79.77042,Sitasaongi Mine,1.26,378.9,0.154,50.4,34.0,1237.4,20.65,2.525,61.9,1
MOIL-SAMP-01046,21.92379,80.43679,Ukwa Mine,5.85,560.5,0.77,35.8,34.2,1402.2,-0.14,1.144,18.5,0
MOIL-SAMP-01047,21.7184,79.72154,Tirodi Mine,3.37,387.7,0.293,70.1,36.4,1211.0,18.55,1.971,48.0,1
MOIL-SAMP-01048,21.37957,78.99435,Gumgaon Mine,1.56,448.3,0.205,51.7,32.9,1308.4,28.38,2.014,39.8,1
MOIL-SAMP-01049,21.37779,78.99797,Gumgaon Mine,1.57,443.3,0.625,30.0,31.2,1353.3,-16.84,0.604,5.0,0
MOIL-SAMP-01050,21.58519,79.74429,Chikla Mine,2.3,371.0,0.278,41.5,32.9,1332.3,27.24,2.172,40.2,1
MOIL-SAMP-01051,21.83808,80.18952,Balaghat Mine (Largest underground Mn mine),3.94,414.0,0.272,55.5,33.1,1299.7,25.73,2.472,34.7,1
MOIL-SAMP-01052,21.57483,79.70326,Dongri Buzurg Mine,2.38,355.7,0.201,61.6,32.8,1303.1,25.11,2.382,46.8,1
MOIL-SAMP-01053,21.39679,79.25345,Kandri Mine,2.64,383.7,0.553,49.6,30.3,1128.6,-8.93,0.995,5.1,0
MOIL-SAMP-01054,21.52478,79.73401,Chikla Mine,4.47,366.4,0.638,29.5,31.5,1314.0,-15.63,1.089,8.9,0
MOIL-SAMP-01055,21.40176,79.2572,Kandri Mine,1.97,416.6,0.211,65.9,32.0,1340.3,25.4,2.159,39.9,1
MOIL-SAMP-01056,21.56938,79.7587,Sitasaongi Mine,1.52,359.4,0.679,26.9,34.5,1487.7,-9.52,0.979,8.6,0
MOIL-SAMP-01057,21.74179,79.72837,Tirodi Mine,6.05,475.2,0.661,15.0,33.8,1274.3,-9.82,1.21,12.5,0
MOIL-SAMP-01058,21.72575,80.15768,Balaghat Mine (Largest underground Mn mine),9.02,434.5,0.593,46.5,31.8,1459.8,-19.41,1.208,16.8,0
MOIL-SAMP-01059,21.41573,78.99724,Gumgaon Mine,2.77,351.0,0.627,21.5,27.5,1171.6,-9.94,0.917,13.4,0
MOIL-SAMP-01060,21.40167,79.00645,Gumgaon Mine,1.22,384.3,0.163,48.8,35.8,1269.0,27.79,1.745,38.8,1
MOIL-SAMP-01061,21.56721,79.74737,Chikla Mine,0.63,422.2,0.361,60.8,32.6,1220.8,22.53,1.699,39.9,1
MOIL-SAMP-01062,22.00022,80.48071,Ukwa Mine,3.8,345.6,0.261,49.1,32.4,1363.4,25.18,2.26,30.5,1
MOIL-SAMP-01063,21.59404,79.75247,Chikla Mine,3.44,423.6,0.204,60.0,34.6,1281.6,22.69,2.31,39.9,1
MOIL-SAMP-01064,21.67488,79.69543,Tirodi Mine,2.52,398.1,0.537,51.9,28.3,1186.2,-9.64,1.195,13.0,0
MOIL-SAMP-01065,21.58284,79.7054,Dongri Buzurg Mine,3.29,381.5,0.636,66.0,29.3,1283.9,-2.59,1.399,14.9,0
MOIL-SAMP-01066,21.41285,79.25939,Kandri Mine,0.91,323.6,0.442,49.4,35.3,1261.2,15.61,2.324,49.4,1
MOIL-SAMP-01067,21.58543,79.76267,Sitasaongi Mine,0.32,391.6,0.249,51.0,31.8,1256.6,22.9,1.817,32.3,1
MOIL-SAMP-01068,21.41747,79.27144,Kandri Mine,0.46,344.7,0.297,71.4,38.1,1241.8,31.62,1.595,48.6,1
MOIL-SAMP-01069,21.40758,78.99646,Gumgaon Mine,1.93,406.1,0.595,40.9,29.2,1374.2,2.75,1.075,16.1,0
MOIL-SAMP-01070,21.57993,79.71592,Dongri Buzurg Mine,3.45,408.7,0.557,43.1,29.9,1335.5,-7.31,1.298,7.2,0
MOIL-SAMP-01071,21.55818,79.71828,Dongri Buzurg Mine,2.21,382.3,0.62,41.6,30.3,1174.5,2.61,1.362,8.3,0
MOIL-SAMP-01072,21.40634,79.28027,Mansar Mine,1.19,339.2,0.659,57.3,34.9,1246.5,-4.16,1.327,18.6,0
MOIL-SAMP-01073,21.56194,79.75739,Sitasaongi Mine,2.36,369.1,0.159,62.2,34.8,1134.7,22.61,2.233,35.3,1
MOIL-SAMP-01074,21.39032,78.99778,Gumgaon Mine,0.53,363.6,0.229,64.3,36.2,1145.5,33.75,2.656,32.6,1
MOIL-SAMP-01075,22.01474,80.4918,Ukwa Mine,5.72,403.9,0.644,32.8,33.8,1288.5,-17.5,1.421,16.3,0
MOIL-SAMP-01076,21.39542,79.27492,Mansar Mine,0.35,297.6,0.504,46.4,30.4,1305.3,-6.94,1.215,14.3,0
MOIL-SAMP-01077,21.6164,79.7834,Sitasaongi Mine,4.36,387.9,0.561,50.7,27.1,1407.2,-2.46,1.198,13.5,0
MOIL-SAMP-01078,21.77345,80.16197,Balaghat Mine (Largest underground Mn mine),4.14,362.6,0.681,72.0,31.8,1327.6,3.74,1.273,11.8,0
MOIL-SAMP-01079,21.68616,79.70327,Tirodi Mine,1.24,409.0,0.192,55.2,36.1,1327.0,21.33,1.822,36.7,1
MOIL-SAMP-01080,21.57085,79.70698,Dongri Buzurg Mine,2.11,295.9,0.218,54.7,35.3,1303.4,40.01,2.183,30.2,1
MOIL-SAMP-01081,21.71617,79.72859,Tirodi Mine,3.37,483.2,0.591,35.4,31.1,1179.0,-3.19,1.214,9.7,0
MOIL-SAMP-01082,21.39805,79.26375,Mansar Mine,0.96,368.9,0.254,58.4,35.3,1234.4,30.89,1.976,36.8,1
MOIL-SAMP-01083,21.56258,79.69556,Dongri Buzurg Mine,0.97,343.9,0.292,73.1,34.2,1300.4,17.91,1.497,38.4,1
MOIL-SAMP-01084,21.95904,80.47942,Ukwa Mine,1.54,436.5,0.594,30.0,30.7,1333.0,2.04,1.406,13.5,0
MOIL-SAMP-01085,21.40445,79.2846,Mansar Mine,1.4,227.9,0.217,76.4,34.7,1373.3,21.42,1.348,33.2,1
MOIL-SAMP-01086,21.41904,79.00248,Gumgaon Mine,3.08,389.2,0.436,62.0,32.4,1325.0,19.38,2.215,44.7,1
MOIL-SAMP-01087,22.00216,80.47433,Ukwa Mine,3.83,369.1,0.68,41.4,32.0,1279.8,1.09,1.054,16.6,0
MOIL-SAMP-01088,21.84111,80.18556,Balaghat Mine (Largest underground Mn mine),4.27,416.0,0.707,49.3,28.2,1268.0,-6.06,1.19,9.2,0
MOIL-SAMP-01089,21.57117,79.75023,Chikla Mine,1.13,360.6,0.172,52.7,32.7,1340.2,22.68,2.277,44.6,1
MOIL-SAMP-01090,21.60119,79.76534,Sitasaongi Mine,2.06,408.9,0.622,44.3,31.2,1284.7,-0.75,1.491,8.8,0
MOIL-SAMP-01091,21.56324,79.72473,Chikla Mine,1.79,376.2,0.576,60.9,31.8,1274.9,-1.89,1.39,-0.7,0
MOIL-SAMP-01092,21.39226,79.24764,Kandri Mine,3.39,398.4,0.674,47.0,31.2,1344.3,-0.37,1.028,21.8,0
MOIL-SAMP-01093,21.80781,80.17865,Balaghat Mine (Largest underground Mn mine),1.07,416.8,0.262,63.3,36.4,1397.3,11.66,2.287,44.7,1
MOIL-SAMP-01094,21.60524,79.75284,Chikla Mine,4.64,382.4,0.571,64.6,26.7,1249.5,-11.72,1.161,20.5,0
MOIL-SAMP-01095,21.41266,79.26141,Kandri Mine,0.75,412.9,0.291,68.0,34.2,1302.8,14.87,2.35,31.4,1
MOIL-SAMP-01096,21.68358,79.72721,Tirodi Mine,1.38,465.9,0.234,51.6,33.9,1366.2,25.29,2.151,37.8,1
MOIL-SAMP-01097,21.69697,79.71814,Tirodi Mine,0.99,297.6,0.39,42.3,31.5,1314.0,23.54,1.995,27.9,1
MOIL-SAMP-01098,21.58063,79.75792,Sitasaongi Mine,0.41,318.3,0.415,65.0,33.5,1198.0,24.11,2.158,37.8,1
MOIL-SAMP-01099,21.56448,79.73268,Chikla Mine,0.97,308.5,0.17,83.4,33.3,1259.2,31.83,2.781,23.7,1
MOIL-SAMP-01100,21.85856,80.22733,Balaghat Mine (Largest underground Mn mine),7.45,411.0,0.558,31.1,33.5,1378.2,-0.65,1.249,12.9,0
MOIL-SAMP-01101,21.78397,80.17929,Balaghat Mine (Largest underground Mn mine),2.21,343.2,0.579,34.5,29.2,1183.4,0.49,1.214,10.1,0
MOIL-SAMP-01102,21.38913,79.00309,Gumgaon Mine,0.23,359.4,0.202,71.1,35.6,1284.6,31.57,2.098,59.3,1
MOIL-SAMP-01103,21.63477,79.70593,Tirodi Mine,6.01,461.7,0.596,33.0,30.3,1143.5,-11.69,1.069,15.0,0
MOIL-SAMP-01104,21.66708,79.70155,Tirodi Mine,2.75,344.8,0.284,61.4,33.9,1286.8,28.33,1.747,26.0,1
MOIL-SAMP-01105,21.38697,79.26824,Mansar Mine,1.32,382.4,0.346,57.9,38.7,1306.4,27.18,1.952,40.3,1
MOIL-SAMP-01106,21.66164,79.7191,Tirodi Mine,3.0,439.8,0.88,40.0,29.8,1328.1,-9.37,1.232,10.2,0
MOIL-SAMP-01107,21.96545,80.46704,Ukwa Mine,0.3,431.2,0.284,65.5,33.6,1314.8,19.29,2.694,42.7,1
MOIL-SAMP-01108,21.37602,79.27126,Mansar Mine,2.44,421.2,0.572,42.3,32.6,1318.6,-6.16,1.059,14.6,0
MOIL-SAMP-01109,21.6861,79.70968,Tirodi Mine,0.61,431.4,0.255,49.2,30.7,1385.4,21.34,2.178,3.8,1
MOIL-SAMP-01110,21.54625,79.68693,Dongri Buzurg Mine,1.38,438.1,0.271,69.0,32.0,1396.6,28.86,1.871,35.3,1
MOIL-SAMP-01111,21.40518,79.2804,Mansar Mine,1.1,490.9,0.33,59.3,37.5,1391.6,17.03,2.282,37.8,1
MOIL-SAMP-01112,21.70395,79.71118,Tirodi Mine,1.75,376.4,0.276,49.3,35.3,1411.7,25.79,2.497,42.1,1
MOIL-SAMP-01113,21.59262,79.76151,Sitasaongi Mine,1.07,370.8,0.315,56.1,32.6,1347.8,30.48,2.291,40.6,1
MOIL-SAMP-01114,21.94513,80.46673,Ukwa Mine,2.53,410.9,0.573,26.2,35.6,1366.3,-11.32,1.477,6.8,0
MOIL-SAMP-01115,21.7254,80.18383,Balaghat Mine (Largest underground Mn mine),8.53,349.2,0.593,44.0,28.3,1350.6,0.35,1.094,11.2,0
MOIL-SAMP-01116,21.70921,79.72922,Tirodi Mine,2.72,364.7,0.388,55.0,32.9,1303.3,21.86,2.059,40.8,1
MOIL-SAMP-01117,21.69772,80.16147,Balaghat Mine (Largest underground Mn mine),11.89,441.3,0.635,43.3,34.3,1368.8,-11.79,1.239,19.4,0
MOIL-SAMP-01118,21.54941,79.72472,Chikla Mine,2.45,439.7,0.594,19.6,28.6,1332.6,-8.97,1.364,10.8,0
MOIL-SAMP-01119,21.40396,79.27107,Mansar Mine,0.69,421.8,0.328,65.5,37.4,1305.3,26.26,1.731,37.0,1
MOIL-SAMP-01120,21.36535,79.26447,Mansar Mine,3.72,301.8,0.491,44.4,34.9,1323.9,-1.33,1.136,18.8,0
MOIL-SAMP-01121,21.42077,79.26438,Kandri Mine,0.5,380.0,0.316,58.5,32.6,1352.4,28.63,2.439,38.9,1
MOIL-SAMP-01122,21.38722,79.0162,Gumgaon Mine,1.46,373.3,0.289,66.9,36.6,1301.0,24.64,2.177,45.6,1
MOIL-SAMP-01123,21.41645,79.27254,Kandri Mine,0.58,361.6,0.234,67.7,36.9,1146.1,24.65,2.606,58.8,1
MOIL-SAMP-01124,21.39003,79.27598,Mansar Mine,0.93,368.3,0.26,59.3,33.9,1348.8,27.61,2.384,44.6,1
MOIL-SAMP-01125,21.56169,79.74885,Chikla Mine,0.77,346.4,0.161,50.1,37.4,1330.6,36.05,1.861,44.9,1
MOIL-SAMP-01126,21.38457,79.26055,Mansar Mine,1.97,421.9,0.717,45.1,31.9,1335.8,-4.33,0.994,8.4,0
MOIL-SAMP-01127,21.59342,79.77345,Sitasaongi Mine,1.73,355.1,0.473,30.5,31.7,1199.0,-11.66,1.378,20.4,0
MOIL-SAMP-01128,21.5386,79.68863,Dongri Buzurg Mine,1.93,447.3,0.364,57.1,38.2,1303.9,13.01,2.439,46.6,1
MOIL-SAMP-01129,21.5676,79.71113,Dongri Buzurg Mine,2.07,303.5,0.228,59.7,35.7,1223.9,25.1,1.876,52.9,1
MOIL-SAMP-01130,21.64603,79.6868,Tirodi Mine,5.53,443.7,0.463,53.1,29.7,1314.0,-16.38,0.926,18.2,0
MOIL-SAMP-01131,21.40005,78.99998,Gumgaon Mine,1.02,423.7,0.322,52.2,35.9,1259.8,29.32,2.17,33.2,1
MOIL-SAMP-01132,22.01351,80.49785,Ukwa Mine,5.9,371.6,0.682,60.1,30.7,1309.0,-6.97,1.216,18.2,0
MOIL-SAMP-01133,21.61128,79.75756,Sitasaongi Mine,3.15,359.6,0.555,35.9,31.6,1333.8,-2.22,1.261,10.0,0
MOIL-SAMP-01134,21.3935,79.01326,Gumgaon Mine,1.11,392.6,0.319,54.6,35.3,1313.3,19.49,1.871,27.4,1
MOIL-SAMP-01135,21.38914,78.9996,Gumgaon Mine,0.4,414.9,0.366,65.6,32.7,1369.0,22.36,1.213,43.5,1
MOIL-SAMP-01136,21.58284,79.74545,Chikla Mine,2.06,326.0,0.518,48.1,30.6,1317.6,-0.06,1.22,9.7,0
MOIL-SAMP-01137,21.38107,79.00328,Gumgaon Mine,1.12,354.4,0.23,60.8,36.4,1282.8,27.82,3.092,34.6,1
MOIL-SAMP-01138,21.57454,79.7002,Dongri Buzurg Mine,2.29,417.7,0.629,39.3,31.8,1259.0,-5.58,1.17,16.0,0
MOIL-SAMP-01139,21.92731,80.42795,Ukwa Mine,6.11,427.6,0.564,62.0,33.4,1397.6,-10.3,1.003,15.2,0
MOIL-SAMP-01140,21.99523,80.48447,Ukwa Mine,3.46,381.3,0.73,38.3,25.7,1292.2,-6.5,1.062,17.8,0
MOIL-SAMP-01141,21.43038,79.28811,Mansar Mine,3.91,445.0,0.519,39.6,35.5,1379.8,-9.34,1.377,10.1,0
MOIL-SAMP-01142,21.42833,79.25766,Kandri Mine,1.58,335.4,0.337,63.8,33.4,1383.1,21.01,1.331,41.5,1
MOIL-SAMP-01143,21.576,79.72749,Chikla Mine,1.97,396.5,0.726,51.7,32.3,1249.2,0.17,1.421,7.7,0
MOIL-SAMP-01144,21.70859,79.71699,Tirodi Mine,2.23,499.6,0.545,40.2,32.2,1243.2,3.0,1.02,9.0,0
MOIL-SAMP-01145,21.71794,79.71255,Tirodi Mine,3.27,352.7,0.589,46.2,29.9,1345.7,-8.04,0.588,16.9,0
MOIL-SAMP-01146,21.71506,79.72976,Tirodi Mine,3.31,343.5,0.362,65.2,34.7,1182.1,34.05,1.9,81.1,1
MOIL-SAMP-01147,21.4045,79.26807,Mansar Mine,0.88,333.7,0.522,42.4,36.5,1420.8,-8.47,1.12,17.0,0
MOIL-SAMP-01148,21.37159,78.98326,Gumgaon Mine,2.97,366.4,0.603,34.3,30.5,1286.1,-8.7,1.503,9.8,0
MOIL-SAMP-01149,21.39674,79.27804,Mansar Mine,0.54,297.4,0.257,73.0,37.8,1366.1,11.97,2.252,46.5,1
MOIL-SAMP-01150,21.98387,80.47695,Ukwa Mine,1.98,397.7,0.271,64.8,34.2,1386.0,29.4,2.404,40.2,1
MOIL-SAMP-01151,21.39244,79.00123,Gumgaon Mine,0.21,272.2,0.342,60.4,33.5,1340.7,17.04,2.106,38.7,1
MOIL-SAMP-01152,21.42588,79.26204,Kandri Mine,1.11,355.4,0.247,49.2,32.1,1382.7,25.71,2.339,19.5,1
MOIL-SAMP-01153,21.76917,80.16496,Balaghat Mine (Largest underground Mn mine),4.35,410.8,0.758,26.9,32.2,1278.7,-1.95,1.273,18.2,0
MOIL-SAMP-01154,21.40034,79.27067,Mansar Mine,0.35,433.1,0.227,72.3,35.7,1249.8,13.66,2.439,17.4,1
MOIL-SAMP-01155,21.77175,80.18681,Balaghat Mine (Largest underground Mn mine),3.4,444.7,0.251,51.1,32.7,1349.7,24.9,2.514,60.5,1
MOIL-SAMP-01156,21.81981,80.19267,Balaghat Mine (Largest underground Mn mine),1.99,435.4,0.323,53.2,37.2,1369.4,23.45,2.417,43.6,1
MOIL-SAMP-01157,21.56762,79.74706,Chikla Mine,0.63,376.3,0.587,59.8,29.1,1210.0,-6.2,1.776,21.9,0
MOIL-SAMP-01158,21.57729,79.76477,Sitasaongi Mine,0.74,396.8,0.324,52.8,33.6,1387.8,33.33,2.379,58.4,1
MOIL-SAMP-01159,21.7898,80.16941,Balaghat Mine (Largest underground Mn mine),2.32,434.5,0.803,55.0,27.8,1266.1,2.48,1.38,10.8,0
MOIL-SAMP-01160,21.41724,79.2549,Kandri Mine,1.25,354.7,0.239,59.0,35.9,1209.4,16.3,1.686,48.3,1
MOIL-SAMP-01161,21.35775,78.9873,Gumgaon Mine,4.03,300.9,0.619,53.4,31.2,1165.7,-3.41,1.507,5.0,0
MOIL-SAMP-01162,21.41447,79.27069,Kandri Mine,0.47,378.7,0.33,49.4,35.8,1375.3,23.28,2.235,44.0,1
MOIL-SAMP-01163,21.55626,79.70951,Dongri Buzurg Mine,1.28,415.4,0.66,25.5,28.5,1376.5,-0.31,1.415,21.9,0
MOIL-SAMP-01164,21.56678,79.75978,Sitasaongi Mine,1.8,432.7,0.327,60.7,35.5,1200.7,12.43,2.375,41.0,1
MOIL-SAMP-01165,21.55294,79.73068,Chikla Mine,1.73,353.2,0.5,44.1,32.2,1383.2,-11.11,1.308,6.6,0
MOIL-SAMP-01166,21.41284,79.00434,Gumgaon Mine,2.4,365.5,0.857,44.5,28.4,1223.7,3.42,1.283,15.0,0
MOIL-SAMP-01167,21.5527,79.74759,Chikla Mine,1.43,400.1,0.805,59.0,36.3,1391.9,-7.97,0.936,4.5,0
MOIL-SAMP-01168,21.59601,79.7527,Chikla Mine,3.66,433.8,0.279,75.3,34.6,1204.8,20.52,1.902,26.9,1
MOIL-SAMP-01169,21.56811,79.71669,Dongri Buzurg Mine,2.53,440.1,0.88,32.3,32.6,1357.2,-11.68,1.331,11.8,0
MOIL-SAMP-01170,21.42133,79.01326,Gumgaon Mine,3.5,403.9,0.592,58.9,28.5,1147.5,-3.49,1.47,15.5,0
MOIL-SAMP-01171,21.55057,79.70006,Dongri Buzurg Mine,0.47,373.8,0.385,54.5,34.8,1318.9,31.62,1.899,62.8,1
MOIL-SAMP-01172,21.66787,79.71425,Tirodi Mine,2.28,403.5,0.481,41.1,31.6,1283.8,-8.07,1.013,16.0,0
MOIL-SAMP-01173,21.68872,79.7121,Tirodi Mine,0.3,411.0,0.179,60.6,38.1,1241.5,25.48,2.628,49.2,1
MOIL-SAMP-01174,21.41496,79.01953,Gumgaon Mine,3.15,415.2,0.667,22.5,29.3,1382.4,-7.92,1.023,16.7,0
MOIL-SAMP-01175,21.40091,79.28121,Mansar Mine,0.91,430.2,0.32,65.3,34.0,1280.2,25.0,2.278,40.0,1
MOIL-SAMP-01176,21.59124,79.70686,Dongri Buzurg Mine,4.23,358.5,0.598,35.5,34.0,1281.8,-2.06,1.173,12.0,0
MOIL-SAMP-01177,21.82204,80.1946,Balaghat Mine (Largest underground Mn mine),2.29,404.5,0.355,59.3,35.1,1255.6,18.22,2.576,52.6,1
MOIL-SAMP-01178,21.37502,78.98329,Gumgaon Mine,2.7,328.0,0.88,24.0,29.4,1115.0,0.87,0.957,16.2,0
MOIL-SAMP-01179,21.696,79.7211,Tirodi Mine,1.04,342.0,0.33,52.6,34.6,1356.8,30.7,2.02,42.5,1
MOIL-SAMP-01180,21.40691,79.26725,Kandri Mine,1.12,376.0,0.243,51.1,32.6,1478.7,27.28,1.873,14.1,1
MOIL-SAMP-01181,21.58311,79.752,Chikla Mine,2.3,324.7,0.294,48.7,37.6,1477.9,18.73,1.877,19.3,1
MOIL-SAMP-01182,21.5878,79.7756,Sitasaongi Mine,1.6,378.1,0.691,59.3,33.5,1291.9,-1.67,1.495,9.4,0
MOIL-SAMP-01183,21.41451,78.99831,Gumgaon Mine,2.62,352.5,0.587,44.6,31.7,1300.5,-3.36,1.388,3.3,0
MOIL-SAMP-01184,21.87027,80.21575,Balaghat Mine (Largest underground Mn mine),8.05,295.8,0.88,29.8,30.1,1410.3,-7.77,1.177,11.7,0
MOIL-SAMP-01185,21.52815,79.67807,Dongri Buzurg Mine,3.49,335.7,0.254,53.9,37.3,1240.8,26.98,1.765,35.2,1
MOIL-SAMP-01186,21.59338,79.75682,Sitasaongi Mine,1.23,403.7,0.26,61.9,33.2,1248.0,32.27,2.768,46.8,1
MOIL-SAMP-01187,21.36966,79.27643,Mansar Mine,3.15,330.7,0.697,37.7,28.5,1412.0,-2.69,1.46,10.8,0
MOIL-SAMP-01188,21.36985,78.9977,Gumgaon Mine,2.42,422.1,0.613,55.1,33.5,1255.9,-7.22,1.128,8.0,0
MOIL-SAMP-01189,21.96115,80.46244,Ukwa Mine,0.95,394.1,0.192,57.5,33.7,1319.7,27.48,2.325,52.1,1
MOIL-SAMP-01190,21.43209,79.28134,Kandri Mine,2.23,329.1,0.477,65.6,32.8,1382.9,20.16,1.763,36.5,1
MOIL-SAMP-01191,21.41646,79.27856,Mansar Mine,2.12,284.6,0.378,50.7,35.8,1272.4,29.8,2.099,66.7,1
MOIL-SAMP-01192,21.59505,79.75449,Sitasaongi Mine,1.49,386.3,0.22,58.3,35.5,1396.2,19.34,1.569,58.1,1
MOIL-SAMP-01193,21.37212,79.26725,Mansar Mine,2.92,370.5,0.558,35.5,26.5,1278.8,1.14,1.247,24.2,0
MOIL-SAMP-01194,21.52044,79.67436,Dongri Buzurg Mine,4.41,376.3,0.774,34.1,27.9,1271.3,-5.96,1.367,13.6,0
MOIL-SAMP-01195,21.57001,79.74449,Chikla Mine,0.66,340.7,0.231,81.8,32.7,1268.4,17.82,2.2,28.1,1
MOIL-SAMP-01196,21.99853,80.47173,Ukwa Mine,3.4,415.2,0.723,43.2,31.4,1423.0,-9.21,1.412,18.7,0
MOIL-SAMP-01197,21.88606,80.21826,Balaghat Mine (Largest underground Mn mine),9.78,396.1,0.644,30.1,35.9,1286.1,-5.22,0.917,4.3,0
MOIL-SAMP-01198,21.43104,79.2853,Mansar Mine,3.87,309.1,0.665,45.9,30.2,1293.6,-3.17,1.139,18.3,0
MOIL-SAMP-01199,21.41134,79.00194,Gumgaon Mine,2.23,398.5,0.263,50.1,33.3,1298.4,21.43,2.126,31.3,1
MOIL-SAMP-01200,21.55799,79.73329,Chikla Mine,1.15,445.7,0.355,42.2,35.7,1373.5,18.77,1.978,37.8,1
MOIL-SAMP-01201,21.42373,79.2562,Kandri Mine,1.34,307.5,0.184,69.0,34.3,1168.5,29.27,2.538,34.6,1
MOIL-SAMP-01202,21.97013,80.47304,Ukwa Mine,0.57,414.3,0.346,56.5,36.1,1311.6,29.93,2.346,46.1,1
MOIL-SAMP-01203,21.58679,79.77204,Sitasaongi Mine,1.22,315.3,0.386,56.9,35.9,1335.6,21.31,2.067,36.5,1
MOIL-SAMP-01204,21.57427,79.75609,Sitasaongi Mine,1.09,404.7,0.353,62.0,36.5,1305.9,23.5,2.19,54.5,1
MOIL-SAMP-01205,21.58236,79.7625,Sitasaongi Mine,0.17,309.8,0.277,61.2,33.1,1375.8,13.97,2.705,46.2,1
MOIL-SAMP-01206,21.94687,80.44821,Ukwa Mine,3.1,369.9,0.499,54.4,29.2,1321.2,4.23,1.303,11.1,0
MOIL-SAMP-01207,21.82715,80.21148,Balaghat Mine (Largest underground Mn mine),3.7,468.5,0.727,16.9,31.6,1388.4,-3.11,1.366,11.8,0
MOIL-SAMP-01208,21.71218,79.73291,Tirodi Mine,3.21,430.6,0.668,48.2,26.6,1355.3,-5.87,1.3,4.4,0
MOIL-SAMP-01209,21.59967,79.77018,Sitasaongi Mine,2.07,363.5,0.308,58.6,31.9,1317.8,14.05,2.204,47.8,1
MOIL-SAMP-01210,21.82556,80.21261,Balaghat Mine (Largest underground Mn mine),3.65,380.0,0.584,46.2,32.2,1146.1,5.07,1.277,24.0,0
MOIL-SAMP-01211,21.37518,79.27109,Mansar Mine,2.53,377.3,0.333,55.4,34.9,1252.5,15.86,1.832,47.6,1
MOIL-SAMP-01212,21.57659,79.76711,Sitasaongi Mine,0.95,484.3,0.289,64.6,36.4,1218.2,17.91,1.877,64.6,1
MOIL-SAMP-01213,21.6107,79.76151,Sitasaongi Mine,3.06,380.4,0.346,77.5,36.3,1339.5,28.48,1.672,32.3,1
MOIL-SAMP-01214,21.58427,79.74874,Chikla Mine,2.29,392.5,0.663,38.5,36.7,1319.8,-6.44,0.944,10.3,0
MOIL-SAMP-01215,21.66321,79.70676,Tirodi Mine,2.92,421.0,0.449,49.8,25.9,1393.9,-4.18,1.248,15.1,0
MOIL-SAMP-01216,21.56859,79.70304,Dongri Buzurg Mine,1.72,358.2,0.419,73.1,36.0,1282.6,10.9,2.113,65.8,1
MOIL-SAMP-01217,21.40254,79.018,Gumgaon Mine,2.01,376.0,0.59,56.9,29.4,1256.9,-9.31,1.173,14.8,0
MOIL-SAMP-01218,21.99506,80.47612,Ukwa Mine,3.11,339.3,0.51,45.4,30.8,1286.8,0.5,0.698,8.9,0
MOIL-SAMP-01219,21.59779,79.74126,Chikla Mine,3.68,356.9,0.501,29.0,35.5,1353.5,-3.55,0.858,5.7,0
MOIL-SAMP-01220,21.53025,79.72586,Chikla Mine,4.14,363.7,0.54,42.5,29.2,1310.0,1.74,1.145,-2.5,0
MOIL-SAMP-01221,21.41293,79.27144,Kandri Mine,0.64,334.8,0.225,58.9,34.1,1307.6,27.51,2.235,43.8,1
MOIL-SAMP-01222,21.55397,79.70778,Dongri Buzurg Mine,1.07,398.6,0.276,50.6,30.0,1183.2,20.84,2.145,38.3,1
MOIL-SAMP-01223,21.43077,79.26302,Kandri Mine,1.58,393.8,0.634,56.7,27.3,1177.0,-3.99,1.332,-1.3,0
MOIL-SAMP-01224,21.41266,79.27713,Mansar Mine,1.68,333.0,0.355,53.8,33.9,1230.4,31.12,2.087,17.6,1
MOIL-SAMP-01225,21.97737,80.4836,Ukwa Mine,1.92,443.1,0.306,75.5,32.4,1346.2,19.8,1.96,39.4,1
MOIL-SAMP-01226,21.41898,79.28693,Mansar Mine,2.73,391.3,0.249,62.5,35.5,1243.8,15.99,2.106,65.6,1
MOIL-SAMP-01227,21.38927,79.00702,Gumgaon Mine,0.49,476.8,0.24,58.5,34.7,1232.4,23.49,2.414,40.6,1
MOIL-SAMP-01228,21.94692,80.46645,Ukwa Mine,2.34,423.7,0.628,27.5,31.2,1247.3,-5.19,1.095,16.2,0
MOIL-SAMP-01229,21.38138,79.26848,Mansar Mine,1.9,420.3,0.4,52.3,33.7,1222.6,24.23,1.653,26.8,1
MOIL-SAMP-01230,21.56289,79.71817,Dongri Buzurg Mine,2.36,360.7,0.523,23.5,27.4,1227.3,-0.1,1.315,26.1,0
MOIL-SAMP-01231,21.67546,79.7079,Tirodi Mine,1.62,379.2,0.327,66.1,38.5,1180.1,26.28,2.312,51.2,1
MOIL-SAMP-01232,21.92633,80.45484,Ukwa Mine,4.8,323.3,0.752,39.1,32.0,1360.2,-7.54,1.017,5.6,0
MOIL-SAMP-01233,21.41293,79.25251,Kandri Mine,1.57,397.0,0.713,66.6,33.7,1414.6,-7.42,1.205,15.4,0
MOIL-SAMP-01234,21.38387,79.28941,Mansar Mine,2.31,374.3,0.469,31.5,32.7,1176.5,-2.79,1.308,17.1,0
MOIL-SAMP-01235,21.57681,79.73409,Chikla Mine,1.59,373.5,0.48,45.4,31.0,1264.5,-1.33,1.165,19.2,0
MOIL-SAMP-01236,21.65907,79.72179,Tirodi Mine,3.33,371.3,0.624,43.6,32.3,1241.0,-12.48,1.35,13.2,0
MOIL-SAMP-01237,21.41788,79.00931,Gumgaon Mine,3.03,419.7,0.502,54.2,35.1,1406.9,0.58,1.523,18.3,0
MOIL-SAMP-01238,21.36236,78.99771,Gumgaon Mine,3.23,339.9,0.706,29.0,26.8,1257.4,-11.44,1.368,6.5,0
MOIL-SAMP-01239,21.38753,79.28474,Mansar Mine,1.68,413.0,0.635,62.4,31.4,1344.3,-1.69,1.108,11.3,0
MOIL-SAMP-01240,21.39761,79.26002,Kandri Mine,2.26,362.6,0.315,58.7,34.7,1304.7,20.77,2.79,30.8,1
MOIL-SAMP-01241,21.93905,80.46905,Ukwa Mine,3.2,378.2,0.544,49.2,28.6,1377.0,-18.56,1.064,8.3,0
MOIL-SAMP-01242,21.41435,79.24925,Kandri Mine,1.86,372.6,0.45,51.4,33.0,1334.4,-1.45,1.308,19.5,0
MOIL-SAMP-01243,21.79442,80.18445,Balaghat Mine (Largest underground Mn mine),0.94,377.8,0.295,63.3,35.3,1324.0,26.62,2.056,57.5,1
MOIL-SAMP-01244,21.39739,79.00298,Gumgaon Mine,0.68,378.7,0.247,56.3,30.6,1364.4,20.5,2.565,24.4,1
MOIL-SAMP-01245,21.68671,79.71979,Tirodi Mine,0.53,430.3,0.222,62.5,33.2,1153.4,13.71,2.065,59.4,1
MOIL-SAMP-01246,21.68089,79.71654,Tirodi Mine,0.86,435.6,0.372,66.7,36.3,1455.5,28.93,2.092,43.1,1
MOIL-SAMP-01247,21.78945,80.18943,Balaghat Mine (Largest underground Mn mine),1.46,404.8,0.284,78.4,34.9,1332.3,16.78,2.262,52.8,1
MOIL-SAMP-01248,21.44524,79.27175,Kandri Mine,3.16,446.3,0.644,38.5,32.6,1295.5,1.95,1.213,21.4,0
MOIL-SAMP-01249,21.52329,79.6917,Dongri Buzurg Mine,3.45,353.8,0.619,23.0,33.4,1373.2,3.59,1.189,9.9,0
MOIL-SAMP-01250,21.43103,79.28213,Kandri Mine,2.21,322.5,0.615,50.9,27.4,1428.1,-9.2,1.304,18.9,0
MOIL-SAMP-01251,21.40461,79.25655,Kandri Mine,1.75,415.9,0.552,56.0,28.9,1329.1,-7.29,1.269,6.4,0
MOIL-SAMP-01252,21.68474,79.7161,Tirodi Mine,0.43,323.8,0.276,74.7,31.7,1418.9,19.14,2.172,34.9,1
MOIL-SAMP-01253,21.93282,80.42987,Ukwa Mine,5.53,415.5,0.779,47.6,30.9,1392.3,-5.4,0.979,2.9,0
MOIL-SAMP-01254,21.40332,79.27516,Mansar Mine,0.63,382.7,0.375,67.1,36.1,1093.2,23.66,2.03,48.0,1
MOIL-SAMP-01255,21.70985,79.70612,Tirodi Mine,2.53,394.3,0.601,23.4,31.8,1327.7,-17.83,1.719,13.8,0
MOIL-SAMP-01256,21.59813,79.78474,Sitasaongi Mine,2.97,333.3,0.745,27.1,32.8,1247.4,0.49,1.651,12.5,0
MOIL-SAMP-01257,21.39603,79.28374,Mansar Mine,1.13,430.5,0.34,57.0,37.9,1231.9,19.7,1.841,46.0,1
MOIL-SAMP-01258,21.56699,79.76614,Sitasaongi Mine,1.85,361.1,0.639,54.3,30.7,1379.5,-11.09,1.001,10.7,0
MOIL-SAMP-01259,21.61949,79.6767,Tirodi Mine,8.6,422.3,0.789,64.3,30.9,1354.1,-0.36,0.811,22.9,0
MOIL-SAMP-01260,21.56177,79.6958,Dongri Buzurg Mine,0.88,362.1,0.308,66.1,33.1,1366.4,27.56,2.276,57.3,1
MOIL-SAMP-01261,21.66385,79.52896,Tirodi Mine,19.44,416.2,0.599,34.5,34.2,1253.6,-11.61,1.418,12.4,0
MOIL-SAMP-01262,21.57851,79.85188,Sitasaongi Mine,9.42,451.3,0.805,51.4,31.5,1192.3,-3.35,0.93,16.2,0
MOIL-SAMP-01263,21.28007,79.90117,Balaghat Mine (Largest underground Mn mine),64.9,411.9,0.685,31.9,29.2,1232.6,-7.47,1.024,9.1,0
MOIL-SAMP-01264,21.40502,79.44501,Mansar Mine,17.85,371.0,0.742,30.5,29.0,1275.4,-3.58,0.784,11.4,0
MOIL-SAMP-01265,21.85969,79.12865,Gumgaon Mine,53.42,422.8,0.596,32.4,31.7,1112.0,-1.39,1.057,17.0,0
MOIL-SAMP-01266,21.3037,79.43073,Dongri Buzurg Mine,39.09,372.8,0.591,26.8,34.1,1241.8,-5.71,1.023,21.7,0
MOIL-SAMP-01267,21.20086,80.52829,,999.0,298.3,0.486,49.6,29.6,1416.7,4.39,1.311,11.7,0
MOIL-SAMP-01268,21.76561,80.0414,Balaghat Mine (Largest underground Mn mine),15.62,352.7,0.668,38.0,34.5,1459.9,-0.85,1.297,18.7,0
MOIL-SAMP-01269,21.64055,79.88082,Sitasaongi Mine,13.94,306.2,0.616,66.6,31.2,1276.0,-6.38,1.148,10.5,0
MOIL-SAMP-01270,21.50809,80.26126,Ukwa Mine,55.15,349.5,0.521,43.3,34.6,1196.7,-3.09,1.176,9.2,0
MOIL-SAMP-01271,21.46786,79.24593,Kandri Mine,6.03,414.0,0.632,60.0,36.3,1330.8,-16.67,1.326,13.2,0
MOIL-SAMP-01272,21.33387,78.97272,Gumgaon Mine,7.06,351.0,0.457,28.8,33.1,1347.7,-10.22,1.155,11.1,0
MOIL-SAMP-01273,21.65514,79.59868,Tirodi Mine,12.59,366.4,0.711,22.9,29.7,1335.8,0.71,0.77,9.0,0
MOIL-SAMP-01274,21.68704,79.0155,Gumgaon Mine,32.74,335.9,0.699,28.3,31.2,1278.0,-5.87,1.363,16.6,0
MOIL-SAMP-01275,21.3712,79.23404,Kandri Mine,6.11,361.4,0.617,57.2,33.9,1149.3,0.25,1.294,15.0,0
MOIL-SAMP-01276,21.48188,79.49944,Tirodi Mine,31.92,335.5,0.88,52.9,33.7,1385.6,-3.1,0.902,-0.9,0
MOIL-SAMP-01277,21.36845,80.20478,Balaghat Mine (Largest underground Mn mine),48.03,452.8,0.552,34.9,32.7,1374.5,-4.07,1.199,9.1,0
MOIL-SAMP-01278,21.6805,80.64394,Ukwa Mine,36.61,353.5,0.564,31.7,31.5,1312.0,-3.24,1.309,10.6,0
MOIL-SAMP-01279,21.97369,80.61604,Ukwa Mine,15.3,400.8,0.707,30.4,28.4,1335.7,-4.3,0.928,12.0,0
MOIL-SAMP-01280,21.1588,80.05409,Balaghat Mine (Largest underground Mn mine),72.49,279.3,0.597,34.6,34.2,1273.7,-7.69,1.517,18.4,0
MOIL-SAMP-01281,21.59567,80.47809,Ukwa Mine,41.18,388.5,0.652,57.3,25.4,1318.3,3.84,1.206,15.5,0
MOIL-SAMP-01282,21.7637,79.96804,Sitasaongi Mine,29.3,414.8,0.618,41.3,28.7,1224.8,-15.97,1.255,11.0,0
MOIL-SAMP-01283,22.1089,80.07859,Dongri Buzurg Mine,72.95,317.2,0.683,31.2,28.5,1285.9,-4.07,1.218,4.6,0
MOIL-SAMP-01284,21.47094,80.49868,Ukwa Mine,55.05,378.7,0.741,34.2,34.6,1304.1,-5.92,1.018,9.4,0
MOIL-SAMP-01285,22.09499,79.54458,Tirodi Mine,48.28,382.7,0.783,37.3,33.6,1370.7,-5.49,1.118,13.9,0
MOIL-SAMP-01286,21.69024,79.35909,Mansar Mine,33.52,386.8,0.671,44.2,30.6,1284.3,-2.54,1.001,13.6,0
MOIL-SAMP-01287,22.06134,80.3298,Balaghat Mine (Largest underground Mn mine),32.19,431.5,0.484,37.9,32.3,1254.6,-2.25,1.165,2.3,0
MOIL-SAMP-01288,21.52496,80.29507,Ukwa Mine,52.14,395.6,0.521,35.7,32.9,1371.8,-11.52,1.237,16.7,0
MOIL-SAMP-01289,21.59556,78.92893,Gumgaon Mine,23.86,400.7,0.735,27.2,31.4,1283.5,-2.0,1.198,14.4,0
MOIL-SAMP-01290,22.04828,79.19652,Gumgaon Mine,75.38,409.9,0.565,25.4,26.8,1367.4,-5.51,1.423,13.6,0
MOIL-SAMP-01291,21.66389,80.55678,Ukwa Mine,34.85,443.3,0.857,61.4,33.1,1265.6,-4.01,1.591,12.7,0
MOIL-SAMP-01292,21.31739,80.5713,,999.0,358.2,0.676,47.4,33.7,1327.8,-0.2,0.913,0.4,0
MOIL-SAMP-01293,21.68797,78.8632,Gumgaon Mine,35.86,305.1,0.662,36.5,31.1,1241.0,-5.83,0.956,15.1,0
MOIL-SAMP-01294,21.21547,80.0566,Balaghat Mine (Largest underground Mn mine),66.3,397.2,0.546,40.8,28.5,1295.2,-2.54,1.286,4.5,0
MOIL-SAMP-01295,21.92358,80.40691,Ukwa Mine,7.99,401.2,0.71,29.3,33.2,1203.6,-10.07,1.019,7.4,0
MOIL-SAMP-01296,21.57421,79.03707,Gumgaon Mine,20.54,348.7,0.767,23.1,29.2,1268.1,-7.29,0.906,10.5,0
MOIL-SAMP-01297,21.68775,80.11494,Balaghat Mine (Largest underground Mn mine),14.73,340.6,0.577,44.8,37.0,1318.7,-7.98,1.102,4.8,0
MOIL-SAMP-01298,22.12622,80.24537,Balaghat Mine (Largest underground Mn mine),36.29,322.7,0.607,46.8,33.0,1306.3,7.98,1.211,7.0,0
MOIL-SAMP-01299,21.79656,80.54155,Ukwa Mine,20.42,464.2,0.545,39.4,27.9,1260.3,-2.12,1.473,4.2,0
MOIL-SAMP-01300,21.89689,79.12676,Gumgaon Mine,57.37,374.5,0.792,33.6,33.7,1402.0,-7.84,1.219,10.4,0
MOIL-SAMP-01301,21.60923,79.44709,Mansar Mine,29.51,327.0,0.693,40.1,27.8,1415.9,-11.2,1.395,2.6,0
MOIL-SAMP-01302,21.23752,78.94768,Gumgaon Mine,17.93,289.9,0.601,53.0,29.7,1288.8,-4.34,1.043,19.0,0
MOIL-SAMP-01303,21.94421,79.85455,Tirodi Mine,31.75,526.8,0.586,49.9,27.1,1332.6,-8.39,0.732,12.3,0
MOIL-SAMP-01304,21.72496,79.25976,Kandri Mine,34.06,350.8,0.725,58.7,33.2,1258.4,-7.68,0.813,11.8,0
MOIL-SAMP-01305,21.40865,79.54846,Dongri Buzurg Mine,22.27,388.3,0.67,42.9,38.5,1211.5,-4.44,1.103,25.2,0
MOIL-SAMP-01306,21.78022,79.62945,Tirodi Mine,13.46,410.6,0.625,46.9,27.7,1404.9,-12.68,0.798,6.9,0
MOIL-SAMP-01307,21.16689,80.06194,Balaghat Mine (Largest underground Mn mine),71.46,291.6,0.689,37.3,32.2,1437.7,-14.36,1.046,9.8,0
MOIL-SAMP-01308,21.68483,80.00456,Balaghat Mine (Largest underground Mn mine),22.93,474.3,0.75,36.5,33.9,1325.9,-14.02,0.823,14.2,0
MOIL-SAMP-01309,21.76835,80.21073,Balaghat Mine (Largest underground Mn mine),4.49,385.4,0.577,40.9,30.8,1333.1,-7.6,1.196,19.9,0
MOIL-SAMP-01310,21.73561,80.11159,Balaghat Mine (Largest underground Mn mine),10.77,458.4,0.605,62.9,25.4,1291.9,2.62,1.135,14.8,0
MOIL-SAMP-01311,21.22259,80.52049,,999.0,374.6,0.65,20.0,30.3,1391.9,-15.14,1.167,10.3,0
MOIL-SAMP-01312,21.25614,80.26641,Balaghat Mine (Largest underground Mn mine),60.96,391.1,0.576,40.2,29.5,1399.3,-2.66,1.054,2.0,0
MOIL-SAMP-01313,21.45135,79.00571,Gumgaon Mine,6.66,339.3,0.717,46.2,30.7,1247.4,-10.91,0.949,7.4,0
MOIL-SAMP-01314,21.91527,79.63782,Tirodi Mine,26.31,416.7,0.793,37.2,27.8,1112.5,-8.94,1.598,10.3,0
MOIL-SAMP-01315,21.54511,80.0393,Balaghat Mine (Largest underground Mn mine),32.31,300.1,0.844,33.4,31.8,1239.7,-13.66,1.25,8.0,0
MOIL-SAMP-01316,21.62399,79.81024,Sitasaongi Mine,6.82,408.0,0.733,46.0,30.4,1297.7,0.52,1.152,10.4,0
MOIL-SAMP-01317,21.28638,79.55379,Dongri Buzurg Mine,33.12,325.9,0.636,28.8,31.4,1362.7,-10.24,0.85,16.8,0
MOIL-SAMP-01318,21.94748,79.8323,Tirodi Mine,31.1,526.5,0.647,37.9,34.1,1276.1,-1.87,1.492,15.9,0
MOIL-SAMP-01319,22.11013,79.10934,Gumgaon Mine,80.26,451.8,0.651,55.4,31.2,1385.9,-7.27,1.256,19.1,0
MOIL-SAMP-01320,21.82729,80.4955,Ukwa Mine,15.82,451.0,0.585,38.8,38.0,1367.5,-5.15,1.046,5.4,0
MOIL-SAMP-01321,21.94502,80.16278,Balaghat Mine (Largest underground Mn mine),15.96,422.0,0.638,49.8,33.2,1178.1,1.21,1.078,11.8,0
MOIL-SAMP-01322,21.52313,80.55904,Ukwa Mine,50.08,357.3,0.532,26.5,30.6,1238.4,-10.14,1.438,8.5,0
MOIL-SAMP-01323,21.70352,79.84913,Sitasaongi Mine,16.15,452.4,0.676,40.7,35.4,1447.4,-10.21,0.944,5.4,0
MOIL-SAMP-01324,21.27324,78.85905,Gumgaon Mine,19.8,389.2,0.756,42.8,29.2,1211.3,-8.77,1.156,17.2,0
MOIL-SAMP-01325,21.74665,79.81687,Sitasaongi Mine,19.0,459.5,0.751,52.0,27.5,1162.7,-7.52,1.348,17.3,0
MOIL-SAMP-01326,22.09698,79.39844,Mansar Mine,78.37,435.7,0.625,63.3,30.3,1508.6,-8.78,1.269,2.2,0
MOIL-SAMP-01327,21.8983,80.47638,Ukwa Mine,7.76,449.0,0.468,42.3,30.5,1329.1,-1.26,0.913,11.8,0
MOIL-SAMP-01328,21.49385,79.59278,Tirodi Mine,24.96,316.5,0.646,23.3,32.6,1358.4,-5.73,1.202,18.1,0
MOIL-SAMP-01329,21.79593,79.77259,Tirodi Mine,13.29,314.3,0.705,57.8,33.4,1232.0,-9.51,1.591,21.6,0
MOIL-SAMP-01330,21.31095,79.24742,Mansar Mine,9.98,411.5,0.441,49.6,30.9,1319.0,-2.69,1.168,15.6,0
MOIL-SAMP-01331,21.98475,79.19979,Gumgaon Mine,68.73,413.3,0.8,53.6,35.6,1370.2,-9.45,1.147,6.4,0
MOIL-SAMP-01332,21.33136,80.28939,Ukwa Mine,72.77,450.6,0.649,45.7,31.5,1295.9,-12.62,1.273,7.9,0
MOIL-SAMP-01333,22.00225,80.3825,Ukwa Mine,9.61,446.1,0.729,46.4,26.5,1325.9,-6.31,0.877,12.9,0
MOIL-SAMP-01334,22.08237,80.63976,Ukwa Mine,21.78,408.0,0.594,42.1,28.1,1256.3,-3.23,1.157,5.2,0
MOIL-SAMP-01335,21.61127,79.8394,Sitasaongi Mine,8.7,488.5,0.616,34.7,30.4,1331.1,-2.81,0.995,12.1,0
MOIL-SAMP-01336,21.44065,78.97125,Gumgaon Mine,6.37,365.6,0.724,55.3,28.9,1296.2,0.79,1.502,19.1,0
MOIL-SAMP-01337,21.2482,80.15606,Balaghat Mine (Largest underground Mn mine),61.37,377.2,0.741,25.4,32.8,1350.5,1.29,1.311,16.9,0
MOIL-SAMP-01338,21.63719,79.44553,Mansar Mine,31.93,447.3,0.865,43.9,31.7,1192.0,-10.15,1.22,24.6,0
MOIL-SAMP-01339,21.27822,80.02985,Balaghat Mine (Largest underground Mn mine),60.21,405.1,0.748,52.0,37.2,1317.1,-5.19,0.887,13.8,0
MOIL-SAMP-01340,21.25005,79.96513,Balaghat Mine (Largest underground Mn mine),65.26,390.8,0.687,31.2,35.1,1340.2,-5.07,0.885,14.0,0
MOIL-SAMP-01341,22.05012,79.42201,Mansar Mine,73.74,424.2,0.611,35.2,31.6,1371.4,-0.46,1.133,13.2,0
MOIL-SAMP-01342,21.60065,79.95942,Balaghat Mine (Largest underground Mn mine),32.45,442.7,0.534,34.3,31.2,1461.2,-3.2,0.979,24.4,0
MOIL-SAMP-01343,21.45568,79.90151,Balaghat Mine (Largest underground Mn mine),48.41,372.8,0.445,47.8,31.2,1388.3,3.87,1.423,10.5,0
MOIL-SAMP-01344,21.71555,79.50609,Tirodi Mine,21.82,395.6,0.722,73.3,33.5,1360.3,-13.07,1.076,22.2,0
MOIL-SAMP-01345,21.46633,79.62095,Dongri Buzurg Mine,12.51,388.6,0.696,40.7,30.8,1279.4,-1.6,0.865,6.7,0
MOIL-SAMP-01346,21.15483,79.29312,Mansar Mine,26.97,339.6,0.383,40.1,27.9,1245.8,4.83,1.254,5.5,0
MOIL-SAMP-01347,21.37153,80.18167,Balaghat Mine (Largest underground Mn mine),47.66,344.4,0.59,49.1,34.5,1313.0,-2.85,1.4,8.9,0
MOIL-SAMP-01348,21.58612,80.3622,Ukwa Mine,43.61,296.7,0.684,41.5,30.7,1380.8,-5.34,1.57,8.4,0
MOIL-SAMP-01349,21.28431,80.16935,Balaghat Mine (Largest underground Mn mine),57.33,339.1,0.627,47.5,31.5,1300.3,-6.01,1.442,9.9,0
MOIL-SAMP-01350,22.02789,79.68313,Tirodi Mine,37.67,498.3,0.748,30.2,30.6,1313.6,-9.31,0.966,7.4,0
MOIL-SAMP-01351,21.50874,79.39985,Mansar Mine,17.97,328.3,0.655,66.4,26.4,1280.1,-7.35,0.376,17.1,0
MOIL-SAMP-01352,21.70167,79.16639,Gumgaon Mine,38.29,356.5,0.64,39.5,31.3,1287.1,-10.71,0.849,-1.7,0
MOIL-SAMP-01353,21.75663,80.36523,Ukwa Mine,25.67,410.5,0.658,36.0,35.9,1396.3,-0.49,1.395,13.7,0
MOIL-SAMP-01354,22.00871,79.102,Gumgaon Mine,69.05,431.0,0.385,45.3,25.3,1315.3,2.38,1.166,8.9,0
MOIL-SAMP-01355,21.68862,79.32382,Mansar Mine,32.56,378.4,0.711,28.1,30.5,1271.5,8.32,1.305,12.9,0
MOIL-SAMP-01356,22.03634,78.98763,Gumgaon Mine,71.35,473.1,0.616,40.8,32.8,1277.1,-5.55,1.302,13.5,0
MOIL-SAMP-01357,21.2254,78.88353,Gumgaon Mine,22.11,240.0,0.654,43.2,31.5,1278.1,-4.97,1.22,16.1,0
MOIL-SAMP-01358,21.65718,78.90615,Gumgaon Mine,31.07,452.7,0.655,42.1,33.3,1258.8,-10.25,1.187,14.9,0
MOIL-SAMP-01359,21.73189,79.57924,Tirodi Mine,14.84,333.8,0.625,50.0,21.8,1333.4,-2.89,1.194,10.8,0
MOIL-SAMP-01360,21.74004,80.48135,Ukwa Mine,25.24,428.3,0.552,42.3,27.7,1364.2,-7.52,0.668,12.5,0
MOIL-SAMP-01361,21.70159,79.82824,Sitasaongi Mine,14.85,342.5,0.573,44.8,27.2,1310.7,-12.41,0.97,16.8,0
MOIL-SAMP-01362,22.14873,79.69979,Tirodi Mine,50.91,385.3,0.88,69.4,29.4,1374.7,-9.95,1.011,12.6,0
MOIL-SAMP-01363,21.9252,79.50847,Mansar Mine,63.2,521.1,0.718,54.9,25.1,1189.5,-5.59,1.181,15.0,0
MOIL-SAMP-01364,21.37331,80.23986,Balaghat Mine (Largest underground Mn mine),47.77,432.8,0.406,46.7,31.8,1384.3,-8.04,1.033,5.5,0
MOIL-SAMP-01365,21.88323,79.3738,Mansar Mine,54.66,407.3,0.77,43.8,24.8,1223.8,8.96,1.244,16.3,0
MOIL-SAMP-01366,21.6147,79.76874,Sitasaongi Mine,3.6,436.5,0.648,38.0,32.9,1298.8,-4.09,0.951,24.9,0
MOIL-SAMP-01367,21.54679,79.7539,Sitasaongi Mine,4.07,383.6,0.785,35.2,26.4,1275.3,-3.51,1.252,12.7,0
MOIL-SAMP-01368,21.81268,80.37637,Ukwa Mine,19.61,463.7,0.521,48.9,27.6,1310.0,-5.39,0.685,11.4,0
MOIL-SAMP-01369,21.95654,79.95526,Tirodi Mine,38.68,349.4,0.628,45.4,24.7,1416.3,4.53,1.352,17.7,0
MOIL-SAMP-01370,21.31584,79.77545,Chikla Mine,27.71,400.5,0.677,39.1,32.4,1338.3,7.22,1.086,9.0,0
MOIL-SAMP-01371,21.59622,79.17246,Kandri Mine,22.11,421.5,0.616,44.2,31.2,1275.5,-1.68,1.493,17.8,0
MOIL-SAMP-01372,22.09871,80.03694,Tirodi Mine,56.27,385.3,0.608,24.6,30.0,1424.3,-7.73,1.315,-3.8,0
MOIL-SAMP-01373,22.11774,80.17466,Balaghat Mine (Largest underground Mn mine),34.88,503.0,0.658,46.6,30.4,1415.0,-3.58,1.215,13.8,0
MOIL-SAMP-01374,21.6335,79.49583,Tirodi Mine,23.47,411.6,0.647,28.5,30.1,1284.5,-4.45,1.119,2.2,0
MOIL-SAMP-01375,21.36882,79.72776,Chikla Mine,21.69,395.4,0.634,39.4,25.5,1250.2,-2.54,1.407,18.2,0
MOIL-SAMP-01376,21.21286,79.51498,Dongri Buzurg Mine,42.18,309.6,0.618,29.3,31.2,1303.7,-8.72,1.364,0.4,0
MOIL-SAMP-01377,21.19281,79.22219,Mansar Mine,23.29,356.5,0.545,37.1,24.6,1274.0,-1.57,1.326,17.1,0
MOIL-SAMP-01378,22.05773,79.50025,Mansar Mine,76.65,449.9,0.566,43.2,30.7,1253.9,-8.23,1.438,12.3,0
MOIL-SAMP-01379,21.61967,79.66836,Tirodi Mine,9.01,365.8,0.587,40.4,28.3,1342.6,-1.56,0.965,9.7,0
MOIL-SAMP-01380,21.19644,80.61506,,999.0,330.0,0.676,60.8,29.7,1352.5,-7.66,0.655,15.8,0
MOIL-SAMP-01381,21.47407,80.11673,Balaghat Mine (Largest underground Mn mine),37.04,437.4,0.629,52.7,28.0,1277.2,-1.48,1.11,6.2,0
MOIL-SAMP-01382,21.67137,80.34336,Ukwa Mine,35.23,491.8,0.87,58.1,30.3,1095.4,2.06,1.322,6.8,0
MOIL-SAMP-01383,21.98487,79.32397,Mansar Mine,65.11,410.2,0.793,19.7,32.0,1243.0,-10.96,1.046,7.6,0
MOIL-SAMP-01384,21.69435,79.16293,Gumgaon Mine,37.4,419.3,0.632,27.9,31.0,1224.2,-4.31,1.278,15.5,0
MOIL-SAMP-01385,21.80368,79.50753,Tirodi Mine,24.95,420.5,0.553,37.6,33.6,1297.8,-10.15,1.241,14.4,0
MOIL-SAMP-01386,21.80334,80.35384,Ukwa Mine,21.69,417.7,0.527,41.7,35.3,1297.3,-0.74,1.059,10.3,0
MOIL-SAMP-01387,21.66666,79.52739,Tirodi Mine,19.56,371.8,0.565,37.4,35.7,1307.3,-7.33,1.117,5.2,0
MOIL-SAMP-01388,22.05724,79.77947,Tirodi Mine,41.31,366.1,0.598,41.2,31.2,1288.3,-8.3,1.231,20.9,0
MOIL-SAMP-01389,21.5029,80.41189,Ukwa Mine,51.75,280.4,0.639,48.7,27.4,1284.0,-5.58,1.267,4.9,0
MOIL-SAMP-01390,21.63686,79.7178,Tirodi Mine,5.72,308.0,0.764,65.1,31.8,1408.2,-20.62,1.234,15.2,0
MOIL-SAMP-01391,21.75421,79.75331,Tirodi Mine,8.28,373.0,0.789,38.1,35.6,1372.0,5.31,1.344,16.1,0
MOIL-SAMP-01392,21.28897,79.14809,Mansar Mine,17.69,360.8,0.505,71.0,31.4,1252.2,-4.75,1.124,-0.1,0
MOIL-SAMP-01393,21.22709,80.00826,Balaghat Mine (Largest underground Mn mine),66.26,391.7,0.634,59.2,32.7,1389.8,-1.13,1.325,4.6,0
MOIL-SAMP-01394,21.36152,79.18643,Kandri Mine,10.36,389.5,0.655,37.4,37.0,1330.4,7.14,1.072,12.5,0
MOIL-SAMP-01395,21.51222,80.14114,Balaghat Mine (Largest underground Mn mine),32.45,350.4,0.47,30.6,29.7,1286.6,-9.45,1.2,9.2,0
MOIL-SAMP-01396,21.26833,79.26462,Mansar Mine,14.36,274.2,0.803,43.9,25.3,1249.9,-11.77,1.181,10.1,0
MOIL-SAMP-01397,21.96117,80.14646,Balaghat Mine (Largest underground Mn mine),18.05,475.7,0.732,51.6,28.3,1360.7,-9.22,1.16,12.6,0
MOIL-SAMP-01398,21.63152,79.71187,Tirodi Mine,6.31,405.2,0.754,44.4,34.2,1307.7,-5.93,1.429,8.4,0
MOIL-SAMP-01399,21.3607,79.14024,Kandri Mine,14.54,400.5,0.526,48.5,31.2,1162.1,-2.94,1.126,5.4,0
MOIL-SAMP-01400,21.98336,78.8904,Gumgaon Mine,66.5,428.0,0.656,39.9,30.1,1121.9,-14.77,1.443,22.5,0
MOIL-SAMP-01401,21.19314,79.88228,Balaghat Mine (Largest underground Mn mine),74.39,403.7,0.539,51.1,31.1,1281.7,-4.63,1.244,17.2,0
MOIL-SAMP-01402,21.31113,79.98317,Balaghat Mine (Largest underground Mn mine),58.28,315.6,0.677,58.8,27.1,1458.3,-4.37,0.865,9.4,0
MOIL-SAMP-01403,21.18919,79.88008,Balaghat Mine (Largest underground Mn mine),74.88,324.0,0.716,51.5,29.0,1428.0,-4.06,1.091,7.6,0
MOIL-SAMP-01404,21.20591,79.31487,Mansar Mine,21.68,424.1,0.809,49.0,30.9,1327.7,-9.69,1.856,16.5,0
MOIL-SAMP-01405,21.33004,80.57483,,999.0,371.7,0.501,47.3,29.6,1343.3,-5.75,1.285,3.4,0
MOIL-SAMP-01406,21.74936,79.86449,Sitasaongi Mine,21.29,329.3,0.705,42.6,36.1,1380.3,-7.48,1.176,-0.3,0
MOIL-SAMP-01407,21.16862,80.14519,Balaghat Mine (Largest underground Mn mine),70.22,317.9,0.801,55.5,26.7,1364.7,-9.68,1.684,12.4,0
MOIL-SAMP-01408,21.81175,79.36022,Mansar Mine,46.63,313.6,0.871,58.7,30.2,1313.0,-16.36,1.417,21.7,0
MOIL-SAMP-01409,21.23575,79.65857,Chikla Mine,37.36,335.2,0.496,52.5,28.7,1274.3,5.7,1.025,11.9,0
MOIL-SAMP-01410,22.14278,80.41114,Balaghat Mine (Largest underground Mn mine),44.17,501.4,0.546,24.4,28.5,1369.1,-9.21,1.197,15.4,0
MOIL-SAMP-01411,21.32057,80.34465,Ukwa Mine,72.71,416.9,0.694,27.6,34.6,1269.8,-6.49,1.092,21.2,0
MOIL-SAMP-01412,21.75084,80.28031,Ukwa Mine,30.85,342.2,0.416,47.7,29.8,1306.0,-5.55,0.993,21.9,0
MOIL-SAMP-01413,21.97045,79.17739,Gumgaon Mine,66.56,408.0,0.768,39.7,39.1,1149.3,-4.2,0.981,8.8,0
MOIL-SAMP-01414,21.80965,79.32614,Mansar Mine,45.85,388.7,0.715,31.7,34.7,1325.9,-6.17,1.096,11.3,0
MOIL-SAMP-01415,21.87419,79.46681,Mansar Mine,56.35,319.3,0.649,52.7,33.7,1309.3,-11.23,1.35,15.3,0
MOIL-SAMP-01416,21.60347,79.91307,Sitasaongi Mine,15.9,431.7,0.515,43.7,26.6,1268.8,-3.86,1.086,14.3,0
MOIL-SAMP-01417,21.37981,79.54383,Dongri Buzurg Mine,24.97,295.2,0.711,62.6,31.0,1230.5,-1.94,1.311,16.4,0
MOIL-SAMP-01418,21.25857,79.21423,Mansar Mine,16.58,393.9,0.653,48.2,28.7,1202.0,2.8,1.187,5.1,0
MOIL-SAMP-01419,22.00959,79.75785,Tirodi Mine,35.78,421.7,0.514,40.6,29.5,1250.1,-4.41,1.185,13.1,0
MOIL-SAMP-01420,21.5698,79.11921,Gumgaon Mine,23.14,298.8,0.712,49.6,28.7,1247.9,0.64,1.21,13.7,0
MOIL-SAMP-01421,21.2463,79.70656,Chikla Mine,35.37,317.3,0.804,30.4,33.1,1469.4,-6.17,1.284,18.7,0
MOIL-SAMP-01422,21.76475,78.92027,Gumgaon Mine,42.18,451.0,0.672,42.0,31.6,1234.5,-9.18,1.247,18.6,0
MOIL-SAMP-01423,21.93387,79.75599,Tirodi Mine,27.46,432.0,0.576,31.8,34.6,1388.3,-5.95,1.076,13.6,0
MOIL-SAMP-01424,21.26752,79.71803,Chikla Mine,32.93,373.7,0.772,38.0,26.5,1252.5,-8.31,1.154,10.7,0
MOIL-SAMP-01425,21.28033,79.93625,Balaghat Mine (Largest underground Mn mine),63.3,415.5,0.574,27.8,33.5,1373.6,2.77,1.252,1.8,0
MOIL-SAMP-01426,21.97752,80.46454,Ukwa Mine,1.11,411.7,0.293,42.6,34.3,1357.6,17.54,1.685,33.1,1
MOIL-SAMP-01427,21.92487,80.01862,Dongri Buzurg Mine,52.8,368.2,0.831,33.6,32.0,1374.7,-4.6,1.072,7.6,0
MOIL-SAMP-01428,21.67204,79.51668,Tirodi Mine,20.59,388.9,0.511,52.4,29.2,1272.7,-1.23,1.099,12.9,0
MOIL-SAMP-01429,21.19344,79.80367,Balaghat Mine (Largest underground Mn mine),78.15,448.4,0.676,35.3,31.0,1337.8,-1.37,0.837,18.6,0
MOIL-SAMP-01430,21.37949,80.29414,Ukwa Mine,67.5,375.1,0.677,54.9,36.6,1359.3,-2.75,1.21,0.6,0
MOIL-SAMP-01431,21.93956,79.53623,Tirodi Mine,33.35,381.4,0.536,17.3,27.1,1339.4,-2.75,1.204,8.5,0
MOIL-SAMP-01432,21.73905,80.18451,Balaghat Mine (Largest underground Mn mine),7.02,370.5,0.705,48.4,29.0,1315.1,-5.27,1.226,14.5,0
MOIL-SAMP-01433,21.91154,80.10407,Balaghat Mine (Largest underground Mn mine),14.81,382.9,0.604,46.7,30.0,1376.1,-4.16,0.701,19.9,0
MOIL-SAMP-01434,21.24772,79.09099,Gumgaon Mine,18.31,338.5,0.625,51.4,30.9,1258.4,-8.72,1.217,10.1,0
MOIL-SAMP-01435,21.62714,79.26852,Kandri Mine,23.24,427.2,0.551,57.1,28.4,1411.8,-9.51,1.617,18.6,0
MOIL-SAMP-01436,22.00905,79.35988,Mansar Mine,68.16,439.4,0.413,30.7,25.7,1283.4,-1.27,1.347,22.4,0
MOIL-SAMP-01437,22.02677,79.58556,Tirodi Mine,39.73,464.3,0.587,43.0,32.4,1322.2,-7.83,1.137,18.4,0
MOIL-SAMP-01438,21.33902,80.12647,Balaghat Mine (Largest underground Mn mine),51.63,371.6,0.634,44.7,34.4,1323.9,-14.03,1.145,13.9,0
MOIL-SAMP-01439,21.93942,79.89038,Tirodi Mine,33.15,363.7,0.539,52.6,31.0,1303.4,-8.47,1.089,10.1,0
MOIL-SAMP-01440,21.26783,78.86295,Gumgaon Mine,19.9,419.6,0.633,37.0,30.9,1303.5,-6.49,1.025,15.6,0
MOIL-SAMP-01441,21.80455,80.08798,Balaghat Mine (Largest underground Mn mine),10.27,467.9,0.618,36.4,31.8,1258.1,-2.37,1.024,15.3,0
MOIL-SAMP-01442,21.4659,79.50209,Tirodi Mine,33.03,418.6,0.534,31.1,37.7,1252.6,-7.07,1.178,4.0,0
MOIL-SAMP-01443,21.30478,80.02284,Balaghat Mine (Largest underground Mn mine),57.6,354.3,0.511,32.3,30.6,1450.6,-4.64,1.548,11.6,0
MOIL-SAMP-01444,21.40363,80.38896,Ukwa Mine,62.93,387.3,0.645,61.0,31.5,1494.0,3.63,1.345,5.3,0
MOIL-SAMP-01445,21.57356,79.50816,Tirodi Mine,24.89,400.6,0.404,46.8,25.3,1343.7,-7.54,1.347,12.9,0
MOIL-SAMP-01446,21.42556,80.07509,Balaghat Mine (Largest underground Mn mine),43.26,408.9,0.657,50.9,29.8,1346.4,-1.3,1.313,12.1,0
MOIL-SAMP-01447,21.90497,79.59381,Tirodi Mine,27.02,500.5,0.691,60.0,28.7,1194.2,7.5,1.526,20.2,0
MOIL-SAMP-01448,21.93379,79.71844,Tirodi Mine,27.12,391.4,0.724,36.9,26.0,1323.8,0.74,0.9,11.8,0
MOIL-SAMP-01449,21.52021,79.84884,Sitasaongi Mine,11.44,370.1,0.569,49.2,35.3,1333.9,-1.74,1.309,7.1,0
MOIL-SAMP-01450,21.40378,79.40198,Mansar Mine,13.38,366.9,0.646,31.2,30.7,1296.1,-11.64,1.111,9.6,0
MOIL-SAMP-01451,21.49436,80.11989,Balaghat Mine (Largest underground Mn mine),34.78,399.7,0.462,62.8,34.0,1452.5,-1.41,1.182,6.0,0
MOIL-SAMP-01452,21.88578,80.389,Ukwa Mine,12.21,358.1,0.542,47.7,30.8,1346.5,1.64,1.261,18.5,0
MOIL-SAMP-01453,21.80928,80.19607,Balaghat Mine (Largest underground Mn mine),1.18,384.3,0.31,65.5,33.8,1209.4,17.48,1.888,30.5,1
MOIL-SAMP-01454,21.59659,80.10876,Balaghat Mine (Largest underground Mn mine),24.17,308.0,0.88,47.2,32.0,1306.3,-3.47,1.213,18.8,0
MOIL-SAMP-01455,21.3118,79.23602,Mansar Mine,10.27,267.4,0.794,47.9,29.6,1244.2,2.62,0.689,11.3,0
MOIL-SAMP-01456,21.55056,79.45919,Mansar Mine,25.63,470.8,0.784,34.4,26.2,1227.6,-2.1,1.185,10.6,0
MOIL-SAMP-01457,21.70058,80.1047,Balaghat Mine (Largest underground Mn mine),14.14,440.9,0.792,32.7,30.8,1371.7,-7.9,1.304,20.7,0
MOIL-SAMP-01458,21.85679,79.13933,Gumgaon Mine,53.39,372.7,0.437,35.6,32.9,1270.6,3.9,1.366,18.1,0
MOIL-SAMP-01459,22.11457,78.85952,,999.0,436.5,0.85,29.1,30.9,1346.1,-7.84,1.338,17.2,0
MOIL-SAMP-01460,21.24109,79.11159,Mansar Mine,24.1,301.4,0.768,46.4,30.1,1363.4,-0.98,1.136,7.6,0
MOIL-SAMP-01461,22.07586,79.63368,Tirodi Mine,43.65,375.9,0.87,46.1,28.0,1291.1,-19.25,1.091,19.1,0
MOIL-SAMP-01462,21.21408,79.24919,Mansar Mine,20.49,292.7,0.705,45.8,29.7,1305.2,-0.91,1.321,19.0,0
MOIL-SAMP-01463,21.23004,78.91796,Gumgaon Mine,19.87,329.7,0.722,39.0,30.6,1212.3,2.56,0.897,-1.1,0
MOIL-SAMP-01464,21.53433,80.62201,,999.0,416.2,0.574,21.0,31.1,1344.5,-11.53,1.312,5.4,0
MOIL-SAMP-01465,21.76397,79.78781,Tirodi Mine,11.24,378.1,0.747,43.8,29.9,1318.9,-5.82,0.959,11.7,0
MOIL-SAMP-01466,21.86161,79.92545,Dongri Buzurg Mine,41.4,382.8,0.606,39.2,32.8,1350.4,-15.81,1.173,9.6,0
MOIL-SAMP-01467,22.09572,80.32641,Balaghat Mine (Largest underground Mn mine),35.47,442.0,0.696,46.5,33.3,1342.6,-11.59,0.944,20.5,0
MOIL-SAMP-01468,21.79029,79.64015,Tirodi Mine,13.66,333.5,0.743,55.0,31.0,1262.9,-5.95,1.21,-0.3,0
MOIL-SAMP-01469,21.35171,80.03239,Balaghat Mine (Largest underground Mn mine),52.35,469.8,0.783,44.4,29.4,1317.4,-0.32,0.915,8.4,0
MOIL-SAMP-01470,21.95391,79.36481,Mansar Mine,62.2,358.8,0.541,24.2,34.1,1258.6,-3.77,1.042,14.8,0
MOIL-SAMP-01471,21.18361,79.92913,Balaghat Mine (Largest underground Mn mine),73.45,302.1,0.816,53.1,30.7,1331.4,-2.88,1.343,4.6,0
MOIL-SAMP-01472,21.66581,79.26701,Kandri Mine,27.51,395.5,0.683,41.6,30.2,1305.7,0.4,1.273,19.9,0
MOIL-SAMP-01473,21.31948,78.91491,Gumgaon Mine,12.08,349.0,0.757,55.7,32.9,1270.2,-4.4,1.725,16.5,0
MOIL-SAMP-01474,21.38926,78.85052,Gumgaon Mine,15.79,406.9,0.74,53.8,31.8,1135.6,2.51,1.176,0.7,0
MOIL-SAMP-01475,21.30744,80.64427,,999.0,464.5,0.606,35.5,32.3,1178.7,-6.9,1.466,12.5,0
MOIL-SAMP-01476,21.92967,79.48563,Mansar Mine,62.78,432.8,0.718,60.9,33.7,1221.8,-13.93,1.111,8.4,0
MOIL-SAMP-01477,21.54514,79.90494,Sitasaongi Mine,15.48,400.0,0.747,70.1,31.7,1275.4,-7.81,1.376,15.5,0
MOIL-SAMP-01478,21.66774,80.17647,Balaghat Mine (Largest underground Mn mine),14.94,400.5,0.688,27.0,35.6,1293.8,7.08,1.225,15.6,0
MOIL-SAMP-01479,21.21862,79.0123,Gumgaon Mine,19.11,405.5,0.558,29.6,31.6,1297.1,-5.48,1.275,8.8,0
MOIL-SAMP-01480,21.43449,80.34358,Ukwa Mine,60.37,356.4,0.788,51.3,31.8,1314.8,-3.89,1.086,16.8,0
MOIL-SAMP-01481,22.06501,79.47657,Mansar Mine,76.71,260.7,0.78,49.2,28.7,1265.2,-7.16,1.137,15.6,0
MOIL-SAMP-01482,22.11329,79.34771,Mansar Mine,79.47,421.0,0.715,34.7,35.2,1373.2,-1.78,1.219,17.4,0
MOIL-SAMP-01483,21.75636,79.20015,Gumgaon Mine,45.26,417.4,0.516,34.9,32.4,1054.8,-12.92,1.407,22.5,0
MOIL-SAMP-01484,22.07971,79.88483,Tirodi Mine,46.69,402.0,0.697,45.6,30.1,1299.5,-5.38,1.129,8.6,0
MOIL-SAMP-01485,21.41111,79.58284,Dongri Buzurg Mine,19.76,368.9,0.554,22.8,25.5,1374.4,-4.7,0.98,12.0,0
MOIL-SAMP-01486,21.25646,78.98029,Gumgaon Mine,15.08,241.4,0.67,47.5,33.4,1267.3,-0.04,1.147,11.4,0
MOIL-SAMP-01487,21.44425,80.55463,,999.0,344.8,0.602,32.9,30.8,1292.6,-2.73,1.358,5.0,0
MOIL-SAMP-01488,21.95294,80.57208,Ukwa Mine,10.87,401.3,0.757,56.0,30.4,1337.4,1.2,1.01,15.5,0
MOIL-SAMP-01489,22.02611,80.31367,Balaghat Mine (Largest underground Mn mine),27.96,352.8,0.688,57.2,27.2,1336.0,0.88,0.855,13.8,0
MOIL-SAMP-01490,21.72489,80.09955,Balaghat Mine (Largest underground Mn mine),12.49,404.4,0.779,53.3,25.2,1429.9,-1.5,1.249,10.3,0
MOIL-SAMP-01491,22.11606,79.8637,Tirodi Mine,49.71,361.2,0.623,46.1,31.4,1155.8,-1.15,1.391,22.0,0
MOIL-SAMP-01492,21.91997,80.21345,Balaghat Mine (Largest underground Mn mine),13.27,368.7,0.629,36.4,27.8,1373.3,-9.42,1.14,16.3,0
MOIL-SAMP-01493,22.11124,79.67593,Tirodi Mine,46.92,438.5,0.621,49.0,30.1,1311.2,-0.47,0.946,15.3,0
MOIL-SAMP-01494,21.61072,79.90629,Sitasaongi Mine,15.35,331.7,0.736,40.7,30.7,1224.6,0.02,1.265,10.0,0
MOIL-SAMP-01495,21.17735,79.05928,Gumgaon Mine,24.36,367.2,0.704,22.0,33.8,1373.9,-8.97,1.23,3.8,0
MOIL-SAMP-01496,21.21755,79.99059,Balaghat Mine (Largest underground Mn mine),67.8,288.5,0.687,34.4,31.9,1331.6,-13.04,1.204,10.3,0
MOIL-SAMP-01497,22.1442,80.06844,Tirodi Mine,62.25,445.9,0.749,34.6,35.5,1289.9,-12.78,1.356,6.8,0
MOIL-SAMP-01498,21.37993,79.41832,Mansar Mine,15.19,303.9,0.747,26.7,38.6,1291.9,-3.76,1.091,7.5,0
MOIL-SAMP-01499,22.10545,79.77971,Tirodi Mine,46.59,464.9,0.491,58.2,32.5,1196.7,-8.3,1.206,4.5,0
MOIL-SAMP-01500,21.15972,80.34792,,999.0,350.7,0.613,36.0,32.2,1367.1,-4.02,1.204,4.1,0
MOIL-SAMP-01501,21.39826,79.01742,Gumgaon Mine,1.7,378.7,0.628,49.8,35.5,1169.2,-9.39,0.876,11.5,0
MOIL-SAMP-01502,21.8237,80.32793,Ukwa Mine,21.53,349.2,0.585,45.3,32.3,1406.0,2.25,1.548,9.8,0
MOIL-SAMP-01503,21.22603,80.52651,,999.0,360.4,0.688,39.9,25.6,1212.4,-6.96,1.119,16.4,0
MOIL-SAMP-01504,21.62656,79.48637,Tirodi Mine,24.62,386.9,0.666,38.8,27.9,1259.1,-12.3,1.273,11.6,0
MOIL-SAMP-01505,22.04432,79.33434,Mansar Mine,71.75,464.5,0.615,58.2,31.0,1355.7,-4.26,1.227,3.9,0
MOIL-SAMP-01506,22.09712,80.07959,Balaghat Mine (Largest underground Mn mine),34.43,476.0,0.658,49.1,34.3,1362.7,-10.16,1.35,12.1,0
MOIL-SAMP-01507,22.05993,79.7482,Tirodi Mine,41.21,524.9,0.88,45.0,36.7,1310.8,-9.23,1.271,1.3,0
MOIL-SAMP-01508,21.34967,80.17377,Balaghat Mine (Largest underground Mn mine),50.09,383.7,0.474,44.1,30.3,1327.0,-7.44,0.751,14.1,0
MOIL-SAMP-01509,22.02274,79.2222,Gumgaon Mine,73.44,339.2,0.436,40.9,33.0,1407.3,2.68,0.747,9.9,0
MOIL-SAMP-01510,21.35277,79.29945,Mansar Mine,5.7,388.7,0.616,36.6,29.7,1317.2,-17.07,0.922,1.2,0
MOIL-SAMP-01511,21.7686,79.13079,Gumgaon Mine,43.79,403.8,0.643,61.2,29.6,1304.8,-3.59,1.076,10.0,0
MOIL-SAMP-01512,21.25669,80.50634,,999.0,459.8,0.7,46.1,34.1,1260.0,-6.43,1.63,2.9,0
MOIL-SAMP-01513,21.82581,80.04416,Balaghat Mine (Largest underground Mn mine),15.02,421.5,0.693,56.7,36.4,1223.5,-7.28,1.233,0.7,0
MOIL-SAMP-01514,21.76383,80.22564,Balaghat Mine (Largest underground Mn mine),5.83,345.3,0.876,40.7,30.8,1388.8,0.43,1.004,9.4,0
MOIL-SAMP-01515,21.69147,78.92607,Gumgaon Mine,34.14,360.0,0.544,41.2,32.2,1200.5,-6.23,1.09,10.4,0
MOIL-SAMP-01516,21.63229,79.9672,Balaghat Mine (Largest underground Mn mine),29.52,468.5,0.506,48.4,33.7,1313.2,-4.19,1.295,12.7,0
MOIL-SAMP-01517,21.64234,80.62365,Ukwa Mine,39.43,352.3,0.554,27.7,27.8,1431.5,-5.01,0.967,1.0,0
MOIL-SAMP-01518,22.047,80.41378,Ukwa Mine,10.37,441.6,0.834,29.2,33.7,1301.1,-8.66,0.776,10.5,0
MOIL-SAMP-01519,21.64081,80.62191,Ukwa Mine,39.51,422.6,0.643,41.1,29.1,1295.3,-11.65,1.084,20.4,0
MOIL-SAMP-01520,22.06601,79.35448,Mansar Mine,74.34,417.2,0.652,65.1,34.3,1376.0,-6.43,1.181,15.8,0
MOIL-SAMP-01521,21.37209,79.888,Balaghat Mine (Largest underground Mn mine),56.76,323.6,0.592,49.6,27.6,1320.0,0.55,1.181,11.8,0
MOIL-SAMP-01522,21.20415,80.28869,Balaghat Mine (Largest underground Mn mine),66.98,343.2,0.743,55.7,34.4,1329.9,-6.3,0.971,19.3,0
MOIL-SAMP-01523,21.62832,79.82338,Sitasaongi Mine,8.17,370.0,0.64,29.4,30.6,1197.0,4.91,0.93,-2.4,0
MOIL-SAMP-01524,21.65248,79.55869,Tirodi Mine,16.65,410.7,0.562,52.3,29.1,1347.3,-0.71,1.13,5.6,0
MOIL-SAMP-01525,21.83634,79.16464,Gumgaon Mine,52.0,366.9,0.63,39.1,28.7,1478.2,-4.88,1.187,13.7,0
MOIL-SAMP-01526,22.12651,80.10684,Balaghat Mine (Largest underground Mn mine),36.78,346.0,0.683,54.1,30.7,1295.9,-6.28,0.932,8.2,0
MOIL-SAMP-01527,21.61007,80.09058,Balaghat Mine (Largest underground Mn mine),23.51,477.5,0.518,47.3,30.4,1383.9,-3.48,1.008,8.4,0
MOIL-SAMP-01528,21.16182,79.22935,Mansar Mine,26.5,294.1,0.721,54.4,31.4,1364.3,-2.13,1.445,8.7,0
MOIL-SAMP-01529,21.73101,79.43579,Mansar Mine,40.5,436.4,0.573,68.1,30.7,1403.6,-7.38,1.456,23.0,0
MOIL-SAMP-01530,21.76278,79.31746,Mansar Mine,40.6,461.1,0.598,46.3,35.3,1280.0,-15.76,0.966,16.2,0
MOIL-SAMP-01531,21.69856,79.27685,Kandri Mine,31.15,365.2,0.661,53.1,29.9,1274.6,-0.87,1.111,11.7,0
MOIL-SAMP-01532,21.62135,79.95355,Balaghat Mine (Largest underground Mn mine),31.38,427.2,0.421,44.1,30.2,1351.2,1.61,1.319,21.5,0
MOIL-SAMP-01533,21.51592,79.74779,Chikla Mine,5.4,431.9,0.634,67.1,32.2,1307.8,-3.1,1.518,10.8,0
MOIL-SAMP-01534,21.36053,80.11128,Balaghat Mine (Largest underground Mn mine),49.5,410.7,0.761,41.9,30.3,1362.5,-13.52,0.952,2.0,0
MOIL-SAMP-01535,21.52231,80.38779,Ukwa Mine,49.97,374.1,0.499,43.2,32.4,1381.4,4.83,1.054,12.1,0
MOIL-SAMP-01536,21.42963,79.1738,Kandri Mine,9.76,348.7,0.624,29.4,29.5,1200.5,-13.0,1.083,14.4,0
MOIL-SAMP-01537,21.28114,79.88661,Balaghat Mine (Largest underground Mn mine),65.49,387.6,0.618,51.0,30.0,1426.4,-6.31,1.311,13.3,0
MOIL-SAMP-01538,21.37857,79.02977,Gumgaon Mine,3.12,377.6,0.782,29.4,31.5,1176.9,-11.03,1.057,8.8,0
MOIL-SAMP-01539,21.41995,79.27445,Kandri Mine,0.84,283.4,0.371,37.3,32.7,1320.7,10.72,2.233,41.6,1
MOIL-SAMP-01540,21.58222,79.53559,Tirodi Mine,21.97,344.3,0.739,45.7,30.5,1273.6,-8.27,1.4,9.4,0
MOIL-SAMP-01541,21.29584,80.57647,,999.0,413.0,0.719,15.0,28.2,1424.0,2.87,1.452,7.6,0
MOIL-SAMP-01542,21.29955,80.3002,Ukwa Mine,75.91,367.4,0.63,42.4,37.1,1300.6,-4.64,1.261,15.7,0
MOIL-SAMP-01543,21.32661,79.74928,Chikla Mine,26.31,391.4,0.792,37.1,33.5,1401.3,-4.29,0.865,12.2,0
MOIL-SAMP-01544,22.14556,80.3789,Balaghat Mine (Largest underground Mn mine),42.79,477.9,0.634,42.8,32.2,1243.6,-8.51,1.301,11.3,0
MOIL-SAMP-01545,21.66701,80.14701,Balaghat Mine (Largest underground Mn mine),15.55,324.9,0.495,38.2,30.6,1359.2,1.2,1.196,13.7,0
MOIL-SAMP-01546,21.93533,79.39006,Mansar Mine,60.64,431.7,0.724,51.6,31.2,1207.7,-2.59,1.355,12.0,0
MOIL-SAMP-01547,21.71214,79.8721,Sitasaongi Mine,18.33,278.5,0.736,36.6,31.9,1353.0,11.14,1.585,6.2,0
MOIL-SAMP-01548,21.5484,80.09298,Balaghat Mine (Largest underground Mn mine),29.74,340.6,0.658,44.8,27.8,1353.2,-12.35,1.512,10.7,0
MOIL-SAMP-01549,21.21004,80.31487,Balaghat Mine (Largest underground Mn mine),66.82,378.2,0.633,31.7,25.2,1385.9,1.12,1.08,15.9,0
MOIL-SAMP-01550,21.62654,79.98375,Balaghat Mine (Largest underground Mn mine),28.66,403.6,0.635,48.0,28.3,1321.8,-4.56,0.974,20.1,0
MOIL-SAMP-01551,21.59985,79.45238,Mansar Mine,29.05,403.6,0.55,46.8,29.5,1279.7,-12.29,1.099,8.0,0
MOIL-SAMP-01552,21.51096,79.85863,Sitasaongi Mine,12.87,394.5,0.624,28.4,31.3,1329.4,-4.54,1.191,23.3,0
MOIL-SAMP-01553,22.08184,79.31389,Mansar Mine,75.73,386.7,0.855,49.1,32.6,1420.2,-3.73,0.872,5.6,0
MOIL-SAMP-01554,21.16984,79.06823,Gumgaon Mine,25.4,393.0,0.819,50.1,31.5,1188.0,1.53,1.219,2.2,0
MOIL-SAMP-01555,22.01737,80.58361,Ukwa Mine,13.12,310.7,0.619,30.3,30.5,1451.3,-7.26,1.164,10.8,0
MOIL-SAMP-01556,21.34896,79.88661,Balaghat Mine (Largest underground Mn mine),59.0,340.2,0.624,34.8,34.3,1215.2,7.65,0.931,18.2,0
MOIL-SAMP-01557,21.79913,79.16417,Gumgaon Mine,48.11,413.0,0.712,43.6,35.2,1304.5,-3.43,1.416,28.2,0
MOIL-SAMP-01558,21.93031,79.4892,Mansar Mine,62.98,449.2,0.535,38.0,31.2,1311.3,-10.61,1.518,14.5,0
MOIL-SAMP-01559,21.82319,79.72749,Tirodi Mine,14.95,274.9,0.671,39.1,30.8,1296.7,-7.28,1.15,9.5,0
MOIL-SAMP-01560,21.88653,80.45134,Ukwa Mine,9.17,441.8,0.501,65.8,30.5,1389.3,-3.05,1.256,9.4,0
MOIL-SAMP-01561,21.53107,79.36574,Mansar Mine,17.58,419.0,0.699,40.2,33.4,1339.3,-3.84,1.066,14.3,0
MOIL-SAMP-01562,21.78171,79.11073,Gumgaon Mine,44.6,360.3,0.578,38.3,33.8,1195.0,-19.73,1.295,16.1,0
MOIL-SAMP-01563,21.31758,80.30389,Ukwa Mine,73.89,359.6,0.642,32.5,31.5,1323.5,-9.27,1.098,-3.0,0
MOIL-SAMP-01564,21.48739,79.98629,Balaghat Mine (Largest underground Mn mine),40.57,275.7,0.594,45.8,25.7,1348.6,-6.17,1.181,7.0,0
MOIL-SAMP-01565,21.72164,80.37802,Ukwa Mine,28.78,426.5,0.511,39.9,28.0,1224.9,-0.17,1.436,-7.8,0
MOIL-SAMP-01566,21.22134,79.1416,Mansar Mine,23.81,326.1,0.686,37.4,28.1,1349.4,-7.24,1.298,11.5,0
MOIL-SAMP-01567,21.37822,79.42038,Mansar Mine,15.43,367.6,0.547,51.5,33.3,1222.0,-6.85,1.226,17.8,0
MOIL-SAMP-01568,21.44136,79.33145,Mansar Mine,7.73,330.9,0.816,39.3,31.7,1231.4,-1.23,1.246,12.1,0
MOIL-SAMP-01569,21.79464,79.33825,Mansar Mine,44.38,419.8,0.609,35.7,29.7,1389.2,-4.45,1.496,20.2,0
MOIL-SAMP-01570,21.5949,80.40305,Ukwa Mine,41.8,262.7,0.46,60.4,32.7,1316.4,-7.14,1.379,18.2,0
MOIL-SAMP-01571,21.51316,79.90646,Sitasaongi Mine,16.92,348.9,0.466,30.8,31.8,1221.7,-3.29,1.193,14.9,0
MOIL-SAMP-01572,22.11553,79.59518,Tirodi Mine,48.82,448.6,0.741,60.1,32.4,1270.5,-3.56,1.379,10.9,0
MOIL-SAMP-01573,21.33389,78.89158,Gumgaon Mine,13.15,324.9,0.644,32.5,35.3,1374.7,-5.65,1.306,16.0,0
MOIL-SAMP-01574,21.87777,80.04164,Balaghat Mine (Largest underground Mn mine),17.2,449.8,0.619,39.6,33.4,1288.4,-5.05,1.461,12.8,0
MOIL-SAMP-01575,22.09044,80.11125,Balaghat Mine (Largest underground Mn mine),32.79,389.0,0.583,37.1,32.6,1439.5,-11.76,1.197,6.0,0
MOIL-SAMP-01576,21.23006,79.15044,Mansar Mine,22.5,403.6,0.53,39.3,29.9,1199.2,-4.53,1.091,17.6,0
MOIL-SAMP-01577,21.25301,78.96483,Gumgaon Mine,15.78,410.5,0.619,50.6,26.8,1249.6,0.57,1.005,13.6,0
MOIL-SAMP-01578,22.02869,79.83718,Tirodi Mine,39.68,451.9,0.735,43.9,31.0,1361.9,4.52,1.42,14.7,0
MOIL-SAMP-01579,21.17636,79.56462,Dongri Buzurg Mine,43.96,330.6,0.692,54.9,31.3,1259.7,-11.85,1.398,15.8,0
MOIL-SAMP-01580,21.915,78.99985,Gumgaon Mine,57.92,372.3,0.687,38.0,31.5,1319.7,-1.74,1.327,14.0,0
MOIL-SAMP-01581,21.41245,79.12949,Gumgaon Mine,13.34,336.3,0.671,34.1,24.8,1277.7,-10.01,1.51,18.3,0
MOIL-SAMP-01582,21.80483,80.44385,Ukwa Mine,18.21,460.3,0.63,60.1,32.5,1469.9,4.15,1.457,16.1,0
MOIL-SAMP-01583,21.45937,79.29531,Kandri Mine,5.53,332.0,0.589,69.5,29.9,1337.3,-9.38,1.223,17.2,0
MOIL-SAMP-01584,21.43418,79.97767,Balaghat Mine (Largest underground Mn mine),46.13,343.7,0.616,34.8,34.3,1314.3,3.37,0.912,13.9,0
MOIL-SAMP-01585,21.28128,80.35933,Ukwa Mine,76.76,356.3,0.608,45.5,32.9,1339.1,-11.07,0.828,13.6,0
MOIL-SAMP-01586,21.17857,80.04439,Balaghat Mine (Largest underground Mn mine),70.55,354.5,0.652,32.3,28.7,1379.5,1.61,1.031,13.8,0
MOIL-SAMP-01587,22.01037,79.43536,Mansar Mine,69.77,452.3,0.486,31.1,29.5,1308.6,-7.67,0.78,7.2,0
MOIL-SAMP-01588,21.62615,80.60497,Ukwa Mine,40.36,487.7,0.695,51.3,30.2,1363.5,-14.88,1.609,6.9,0
MOIL-SAMP-01589,21.69058,79.34035,Mansar Mine,33.1,345.6,0.541,44.8,32.6,1241.0,-4.13,1.298,10.6,0
MOIL-SAMP-01590,21.59484,80.59518,Ukwa Mine,43.3,436.4,0.522,50.5,31.7,1392.2,1.76,1.174,30.5,0
MOIL-SAMP-01591,21.84762,79.16867,Gumgaon Mine,53.31,381.1,0.587,46.3,28.3,1273.7,-1.14,1.086,20.4,0
MOIL-SAMP-01592,21.74758,79.98589,Balaghat Mine (Largest underground Mn mine),21.69,296.2,0.603,59.9,31.4,1292.1,-0.58,1.545,17.8,0
MOIL-SAMP-01593,21.78585,79.86517,Sitasaongi Mine,24.89,437.6,0.718,53.2,29.8,1213.2,-1.53,1.074,9.2,0
MOIL-SAMP-01594,21.67346,80.00115,Balaghat Mine (Largest underground Mn mine),23.95,397.0,0.647,52.5,27.4,1376.8,-5.17,1.394,20.5,0
MOIL-SAMP-01595,21.45966,79.4749,Tirodi Mine,35.45,315.5,0.504,54.0,29.7,1249.8,-4.02,1.391,9.7,0
MOIL-SAMP-01596,21.68967,80.29847,Ukwa Mine,35.4,391.1,0.613,19.9,34.6,1336.2,-6.11,1.186,11.5,0
MOIL-SAMP-01597,21.59186,79.50841,Tirodi Mine,23.89,433.5,0.675,58.2,31.9,1345.9,0.89,1.076,20.0,0
MOIL-SAMP-01598,21.40981,79.39643,Mansar Mine,12.86,404.9,0.499,44.6,29.2,1449.0,-0.92,1.138,20.9,0
MOIL-SAMP-01599,21.15009,80.31768,,999.0,268.9,0.671,29.3,31.1,1275.9,-2.25,1.558,6.8,0
MOIL-SAMP-01600,21.99795,79.46899,Mansar Mine,69.38,471.4,0.819,42.4,33.7,1338.4,-12.43,0.915,21.1,0
MOIL-SAMP-01601,21.6192,78.86497,Gumgaon Mine,28.98,287.1,0.796,41.0,33.8,1362.3,-1.7,1.148,20.0,0
MOIL-SAMP-01602,22.07209,80.55452,Ukwa Mine,14.57,441.3,0.769,45.2,34.5,1364.2,-13.03,1.176,0.5,0
MOIL-SAMP-01603,21.62707,78.86644,Gumgaon Mine,29.66,427.1,0.516,56.3,32.8,1252.4,-10.39,0.921,7.6,0
MOIL-SAMP-01604,21.58044,79.37726,Mansar Mine,22.88,347.4,0.843,24.4,28.6,1333.8,5.08,1.217,5.7,0
MOIL-SAMP-01605,21.38122,78.86299,Gumgaon Mine,14.53,394.5,0.697,20.6,28.4,1301.6,-3.29,1.123,4.2,0
MOIL-SAMP-01606,21.52364,79.59112,Tirodi Mine,22.28,311.0,0.606,28.0,26.6,1277.0,-0.82,1.324,10.2,0
MOIL-SAMP-01607,21.71055,79.56055,Tirodi Mine,16.16,387.0,0.574,23.2,32.5,1457.9,-5.67,1.274,15.0,0
MOIL-SAMP-01608,21.31327,80.17681,Balaghat Mine (Largest underground Mn mine),54.11,256.0,0.593,51.4,30.4,1412.9,-16.01,1.297,17.1,0
MOIL-SAMP-01609,21.53972,79.53104,Tirodi Mine,25.15,325.0,0.637,53.9,27.7,1141.9,-6.78,1.346,16.7,0
MOIL-SAMP-01610,21.41298,79.61003,Dongri Buzurg Mine,18.03,362.8,0.609,24.3,25.6,1288.9,0.48,1.504,14.8,0
MOIL-SAMP-01611,21.38956,80.22617,Balaghat Mine (Largest underground Mn mine),45.83,396.0,0.808,31.7,30.1,1292.3,3.77,0.937,8.6,0
MOIL-SAMP-01612,22.05995,80.30363,Balaghat Mine (Largest underground Mn mine),30.9,423.3,0.664,35.8,28.5,1298.1,-11.89,0.822,7.6,0
MOIL-SAMP-01613,21.83464,79.36242,Mansar Mine,49.16,390.6,0.566,58.7,31.3,1334.1,-6.36,1.092,13.9,0
MOIL-SAMP-01614,21.89293,80.30586,Balaghat Mine (Largest underground Mn mine),15.82,507.3,0.723,31.7,32.4,1361.8,-2.94,0.972,23.6,0
MOIL-SAMP-01615,21.5629,80.38627,Ukwa Mine,45.58,364.6,0.537,39.5,34.1,1505.3,-10.72,1.019,21.0,0
MOIL-SAMP-01616,21.33241,79.37127,Mansar Mine,12.5,343.7,0.642,51.0,30.8,1289.4,-4.55,1.434,14.4,0
MOIL-SAMP-01617,21.78689,79.96191,Sitasaongi Mine,30.67,414.8,0.529,35.7,30.9,1294.6,-9.52,1.004,14.9,0
MOIL-SAMP-01618,21.42213,79.97096,Balaghat Mine (Largest underground Mn mine),47.63,433.6,0.831,48.0,29.7,1336.1,-12.07,0.998,12.9,0
MOIL-SAMP-01619,21.33779,78.88491,Gumgaon Mine,13.57,386.4,0.58,16.0,30.2,1288.7,-4.81,1.247,0.7,0
MOIL-SAMP-01620,21.19963,79.81295,Balaghat Mine (Largest underground Mn mine),77.07,410.4,0.508,15.0,33.0,1297.4,-3.88,0.892,4.4,0
MOIL-SAMP-01621,21.33594,79.03409,Gumgaon Mine,6.92,418.7,0.574,35.7,32.0,1301.3,-9.53,1.469,14.5,0
MOIL-SAMP-01622,21.4192,80.13735,Balaghat Mine (Largest underground Mn mine),42.7,440.8,0.669,55.9,28.2,1357.1,3.14,1.556,12.8,0
MOIL-SAMP-01623,21.87711,79.26906,Mansar Mine,52.98,435.5,0.528,18.9,31.7,1334.6,-11.29,0.76,12.9,0
MOIL-SAMP-01624,21.30068,79.73844,Chikla Mine,29.17,386.7,0.711,45.0,33.6,1311.7,-3.91,1.153,13.6,0
MOIL-SAMP-01625,21.49191,79.41084,Mansar Mine,17.66,380.4,0.533,38.4,29.2,1083.7,-5.74,0.948,8.9,0
MOIL-SAMP-01626,21.94946,80.64633,Ukwa Mine,18.52,422.4,0.722,52.8,31.5,1414.1,-13.0,1.489,14.5,0
MOIL-SAMP-01627,21.61368,80.27456,Ukwa Mine,43.97,423.0,0.773,39.8,34.8,1345.5,-6.34,1.19,14.6,0
MOIL-SAMP-01628,21.48025,80.36838,Ukwa Mine,54.9,310.0,0.53,37.2,33.0,1349.3,-5.67,1.249,16.8,0
MOIL-SAMP-01629,22.10164,78.95087,Gumgaon Mine,78.74,496.0,0.743,35.1,28.8,1196.2,-6.04,0.756,2.5,0
MOIL-SAMP-01630,21.92565,78.97849,Gumgaon Mine,59.15,392.4,0.763,33.6,32.1,1355.8,-8.42,1.19,12.4,0
MOIL-SAMP-01631,21.62015,79.19595,Kandri Mine,23.64,374.0,0.433,34.7,34.4,1370.1,-10.85,1.241,7.5,0
MOIL-SAMP-01632,21.99154,80.32105,Balaghat Mine (Largest underground Mn mine),25.06,458.3,0.774,48.0,37.7,1228.8,-0.94,1.002,17.8,0
MOIL-SAMP-01633,21.97825,79.06953,Gumgaon Mine,65.28,419.5,0.574,30.0,32.6,1329.4,-6.45,1.319,6.7,0
MOIL-SAMP-01634,21.91815,79.29813,Mansar Mine,57.57,389.8,0.686,27.2,29.2,1222.3,-11.28,0.75,24.3,0
MOIL-SAMP-01635,21.92123,79.64733,Tirodi Mine,26.67,480.4,0.524,28.1,31.8,1297.4,-1.82,1.027,15.9,0
MOIL-SAMP-01636,21.88762,78.91032,Gumgaon Mine,55.72,384.3,0.782,39.8,30.9,1238.1,-3.28,1.416,19.2,0
MOIL-SAMP-01637,21.61083,80.23779,Balaghat Mine (Largest underground Mn mine),21.83,334.9,0.66,26.2,31.1,1490.2,-6.18,1.226,21.0,0
MOIL-SAMP-01638,21.67114,80.61781,Ukwa Mine,36.28,482.9,0.685,43.0,28.6,1421.0,-14.79,1.112,3.8,0
MOIL-SAMP-01639,21.62283,80.0766,Balaghat Mine (Largest underground Mn mine),22.93,359.7,0.517,54.7,24.5,1226.3,-8.97,1.532,16.6,0
MOIL-SAMP-01640,21.46211,79.43151,Mansar Mine,17.89,363.8,0.708,15.0,30.0,1367.4,-9.57,1.135,10.8,0
MOIL-SAMP-01641,21.77916,78.92593,Gumgaon Mine,43.63,417.2,0.768,39.4,31.9,1250.7,-4.73,0.995,9.2,0
MOIL-SAMP-01642,22.08742,79.78767,Tirodi Mine,44.74,432.3,0.486,53.1,35.3,1330.0,-0.63,0.954,11.5,0
MOIL-SAMP-01643,21.40331,79.99934,Balaghat Mine (Largest underground Mn mine),48.22,453.7,0.427,37.2,28.9,1383.7,1.2,1.122,8.6,0
MOIL-SAMP-01644,21.34872,80.44754,Ukwa Mine,68.51,383.3,0.494,34.7,29.5,1476.1,1.14,1.058,11.0,0
MOIL-SAMP-01645,22.01366,79.24202,Gumgaon Mine,73.16,435.9,0.51,28.7,33.6,1297.9,-11.36,1.447,20.1,0
MOIL-SAMP-01646,21.26293,79.98924,Balaghat Mine (Largest underground Mn mine),63.07,250.2,0.658,26.5,33.9,1344.5,-5.12,1.358,16.5,0
MOIL-SAMP-01647,21.47451,79.15125,Kandri Mine,13.58,350.0,0.647,30.8,30.4,1244.2,-7.28,1.126,21.3,0
MOIL-SAMP-01648,21.4261,79.06537,Gumgaon Mine,7.55,417.2,0.509,31.7,29.5,1396.6,-2.31,1.426,13.9,0
MOIL-SAMP-01649,21.93914,78.86607,Gumgaon Mine,62.22,340.1,0.496,46.9,26.3,1322.8,-4.88,1.034,17.2,0
MOIL-SAMP-01650,21.19199,80.26026,Balaghat Mine (Largest underground Mn mine),67.92,278.7,0.704,44.3,26.4,1252.5,-14.29,1.339,15.2,0
MOIL-SAMP-01651,21.62527,79.92318,Sitasaongi Mine,17.43,354.3,0.469,17.8,33.2,1254.2,1.37,0.879,10.7,0
MOIL-SAMP-01652,21.5214,79.01106,Gumgaon Mine,14.42,377.6,0.508,39.6,29.2,1349.5,-3.34,1.03,11.8,0
MOIL-SAMP-01653,21.3077,79.01452,Gumgaon Mine,9.31,348.5,0.728,38.1,31.3,1311.2,-6.04,1.271,15.5,0
MOIL-SAMP-01654,21.76864,80.52553,Ukwa Mine,22.83,394.5,0.671,15.0,35.7,1428.3,0.27,0.777,20.7,0
MOIL-SAMP-01655,22.14697,79.97524,Tirodi Mine,57.4,444.1,0.654,26.2,27.3,1246.3,-2.96,1.61,16.1,0
MOIL-SAMP-01656,21.20978,80.01023,Balaghat Mine (Largest underground Mn mine),68.04,445.8,0.607,34.2,29.5,1267.0,-5.13,1.464,10.8,0
MOIL-SAMP-01657,21.85133,80.27464,Balaghat Mine (Largest underground Mn mine),10.52,538.3,0.471,47.3,28.8,1452.5,-15.51,1.212,10.0,0
MOIL-SAMP-01658,21.27583,79.26881,Mansar Mine,13.52,391.1,0.712,44.8,34.1,1212.7,-14.23,0.855,23.4,0
MOIL-SAMP-01659,22.13168,80.26941,Balaghat Mine (Largest underground Mn mine),37.37,422.5,0.577,57.1,29.2,1308.6,-8.22,0.619,11.1,0
MOIL-SAMP-01660,21.9067,80.29995,Balaghat Mine (Largest underground Mn mine),16.38,416.1,0.669,37.3,30.8,1180.8,-9.31,1.014,4.7,0
MOIL-SAMP-01661,21.58872,79.19734,Kandri Mine,20.31,391.6,0.708,61.9,33.8,1286.5,-6.87,0.974,20.1,0
MOIL-SAMP-01662,21.83925,79.4947,Mansar Mine,53.93,329.7,0.542,55.3,31.6,1318.8,-0.4,0.995,16.5,0
MOIL-SAMP-01663,21.28473,80.46759,,999.0,374.1,0.69,41.3,27.9,1241.6,-7.01,1.404,8.7,0
MOIL-SAMP-01664,21.6353,79.6375,Tirodi Mine,9.94,451.6,0.57,30.5,32.4,1214.1,6.65,1.25,10.6,0
MOIL-SAMP-01665,21.44471,80.10467,Balaghat Mine (Largest underground Mn mine),40.47,323.3,0.719,24.5,26.5,1356.2,-6.38,1.224,7.1,0
MOIL-SAMP-01666,21.33978,79.18593,Kandri Mine,11.98,290.3,0.662,57.0,32.4,1309.1,-8.18,0.94,12.5,0
MOIL-SAMP-01667,21.49766,80.16832,Balaghat Mine (Largest underground Mn mine),33.76,446.7,0.637,40.8,29.9,1240.9,-0.23,1.766,11.7,0
MOIL-SAMP-01668,21.42532,80.34643,Ukwa Mine,61.3,402.2,0.651,58.5,30.4,1463.0,-6.56,0.898,8.1,0
MOIL-SAMP-01669,22.06447,79.84814,Tirodi Mine,43.79,435.6,0.59,51.6,29.6,1281.4,-3.97,1.164,-6.2,0
MOIL-SAMP-01670,21.21888,79.12905,Mansar Mine,24.8,360.1,0.638,61.9,31.1,1338.0,-7.05,1.367,-0.6,0
MOIL-SAMP-01671,21.44567,79.32403,Mansar Mine,7.47,390.9,0.593,27.8,24.9,1282.9,2.48,1.637,15.2,0
MOIL-SAMP-01672,21.51711,78.8513,Gumgaon Mine,20.99,332.9,0.684,44.3,33.8,1195.9,2.23,1.546,18.7,0
MOIL-SAMP-01673,21.78803,79.53228,Tirodi Mine,21.87,369.8,0.778,40.0,33.7,1301.3,-3.53,1.265,15.9,0
MOIL-SAMP-01674,21.33553,78.8837,Gumgaon Mine,13.79,406.2,0.676,33.0,32.6,1305.1,-6.85,1.326,1.8,0
MOIL-SAMP-01675,22.00683,80.24683,Balaghat Mine (Largest underground Mn mine),23.42,377.4,0.725,47.8,32.5,1216.8,-8.76,0.884,22.2,0
MOIL-SAMP-01676,21.38879,80.14781,Balaghat Mine (Largest underground Mn mine),45.93,336.7,0.576,35.9,30.5,1378.4,2.83,0.858,20.7,0
MOIL-SAMP-01677,21.80829,79.82012,Tirodi Mine,17.14,400.1,0.672,47.0,36.0,1353.5,-14.53,0.917,26.4,0
MOIL-SAMP-01678,21.53749,79.79333,Sitasaongi Mine,6.04,373.8,0.674,40.6,29.5,1497.6,-10.4,1.272,-1.4,0
MOIL-SAMP-01679,21.64755,79.84264,Sitasaongi Mine,11.06,337.3,0.602,53.1,36.2,1318.3,-4.58,1.02,12.9,0
MOIL-SAMP-01680,21.76304,79.43068,Mansar Mine,43.55,400.2,0.744,27.8,34.0,1398.2,-0.59,1.071,22.9,0
MOIL-SAMP-01681,21.7909,79.04884,Gumgaon Mine,44.45,435.7,0.687,44.6,28.5,1182.7,-5.59,1.148,14.0,0
MOIL-SAMP-01682,21.6732,78.97002,Gumgaon Mine,31.37,402.2,0.641,38.1,32.9,1198.5,-4.64,1.3,14.2,0
MOIL-SAMP-01683,21.98519,79.08359,Gumgaon Mine,66.21,438.6,0.518,59.9,32.7,1094.5,-7.99,1.308,14.1,0
MOIL-SAMP-01684,22.02349,79.21374,Gumgaon Mine,73.25,437.2,0.662,43.8,34.0,1199.3,-0.74,1.216,11.7,0
MOIL-SAMP-01685,21.63537,79.02776,Gumgaon Mine,27.12,439.6,0.697,59.2,32.2,1236.4,-8.34,1.118,17.1,0
MOIL-SAMP-01686,21.72101,80.35534,Ukwa Mine,29.68,465.5,0.691,41.5,31.1,1432.3,-12.52,1.089,8.3,0
MOIL-SAMP-01687,21.80792,79.79648,Tirodi Mine,15.66,511.9,0.755,50.5,34.9,1335.3,-4.69,1.209,13.8,0
MOIL-SAMP-01688,21.85131,79.31069,Mansar Mine,50.27,367.0,0.681,24.7,26.4,1306.3,-5.38,0.988,22.0,0
MOIL-SAMP-01689,21.51635,79.94072,Balaghat Mine (Largest underground Mn mine),40.63,380.0,0.591,42.7,30.6,1305.1,-3.99,1.113,16.2,0
MOIL-SAMP-01690,21.22087,80.52438,,999.0,348.7,0.631,54.1,30.9,1388.4,-7.13,1.173,8.7,0
MOIL-SAMP-01691,21.35874,79.73453,Chikla Mine,22.76,377.7,0.663,50.7,31.1,1352.3,-5.21,1.145,10.4,0
MOIL-SAMP-01692,22.03977,78.99392,Gumgaon Mine,71.72,410.6,0.599,33.4,28.3,1308.2,-4.17,1.189,7.4,0
MOIL-SAMP-01693,21.95102,78.95926,Gumgaon Mine,62.06,419.9,0.69,43.0,32.7,1308.7,0.08,1.567,10.2,0
MOIL-SAMP-01694,21.70802,80.53884,Ukwa Mine,29.66,392.5,0.556,48.1,29.0,1341.2,-2.0,1.093,18.7,0
MOIL-SAMP-01695,21.56595,79.51432,Tirodi Mine,24.79,408.2,0.498,40.9,31.3,1295.4,1.76,1.023,14.0,0
MOIL-SAMP-01696,21.85843,80.33256,Ukwa Mine,18.5,400.3,0.496,34.0,33.3,1233.0,-2.46,0.868,3.5,0
MOIL-SAMP-01697,21.41582,78.92318,Gumgaon Mine,8.69,340.0,0.522,36.7,30.1,1222.9,-4.1,0.866,17.8,0
MOIL-SAMP-01698,21.22039,79.39703,Dongri Buzurg Mine,48.25,379.3,0.737,53.2,30.6,1225.8,4.46,1.139,22.1,0
MOIL-SAMP-01699,22.0946,80.57906,Ukwa Mine,18.09,475.8,0.802,52.0,29.1,1294.2,-8.7,1.126,16.5,0
MOIL-SAMP-01700,21.24712,80.15531,Balaghat Mine (Largest underground Mn mine),61.5,333.9,0.701,52.8,28.1,1415.1,4.7,1.272,-2.4,0
MOIL-SAMP-01701,21.68166,79.19103,Gumgaon Mine,37.58,331.9,0.749,36.6,29.2,1180.9,-8.0,1.11,6.2,0
MOIL-SAMP-01702,21.67619,79.29777,Mansar Mine,30.87,442.1,0.542,57.2,28.5,1322.0,-1.75,1.493,6.6,0
MOIL-SAMP-01703,21.77533,79.17202,Gumgaon Mine,45.95,427.4,0.611,52.9,32.9,1333.7,0.27,0.865,1.0,0
MOIL-SAMP-01704,21.89919,79.59733,Tirodi Mine,26.28,409.9,0.502,43.5,33.2,1364.2,-6.46,0.933,9.9,0
MOIL-SAMP-01705,21.25551,79.99952,Balaghat Mine (Largest underground Mn mine),63.52,354.8,0.618,44.6,28.8,1264.0,-5.9,0.871,13.6,0
MOIL-SAMP-01706,21.50796,79.6757,Dongri Buzurg Mine,5.56,381.7,0.454,43.1,30.2,1432.9,1.4,1.061,5.7,0
MOIL-SAMP-01707,21.81524,80.43908,Ukwa Mine,17.15,453.2,0.56,46.4,33.8,1360.7,-4.58,1.267,5.6,0
MOIL-SAMP-01708,21.31681,79.17471,Kandri Mine,14.64,335.7,0.652,42.5,31.0,1364.6,-0.95,0.956,15.2,0
MOIL-SAMP-01709,21.55156,79.45752,Mansar Mine,25.57,368.9,0.504,54.4,34.3,1267.0,-6.03,1.786,9.8,0
MOIL-SAMP-01710,21.30818,80.64718,,999.0,392.9,0.818,44.7,28.6,1397.5,2.42,1.373,3.5,0
MOIL-SAMP-01711,21.59301,79.48418,Tirodi Mine,26.11,354.1,0.559,38.8,29.0,1163.1,2.07,1.218,14.7,0
MOIL-SAMP-01712,21.46515,80.63463,,999.0,467.2,0.548,20.2,28.4,1428.6,-4.41,0.946,8.9,0
MOIL-SAMP-01713,21.47465,79.5191,Tirodi Mine,31.14,402.1,0.638,30.3,28.2,1257.0,-1.74,0.883,14.1,0
MOIL-SAMP-01714,21.91418,79.62506,Tirodi Mine,26.63,389.0,0.54,48.6,30.1,1260.0,1.76,1.718,15.1,0
MOIL-SAMP-01715,21.87587,79.94514,Dongri Buzurg Mine,43.87,359.5,0.793,54.0,31.6,1303.4,-11.78,1.14,19.9,0
MOIL-SAMP-01716,21.71314,79.23507,Kandri Mine,32.91,428.3,0.679,40.7,33.2,1180.8,-3.59,1.341,4.4,0
MOIL-SAMP-01717,21.91571,80.51706,Ukwa Mine,7.69,389.0,0.515,45.0,31.7,1224.8,-8.61,1.146,21.6,0
MOIL-SAMP-01718,21.40409,80.58097,,999.0,410.9,0.544,43.0,32.2,1350.5,2.1,1.205,12.5,0
MOIL-SAMP-01719,21.5975,79.56476,Tirodi Mine,18.51,350.1,0.519,30.7,27.6,1367.3,-3.4,1.285,9.9,0
MOIL-SAMP-01720,21.87631,80.61932,Ukwa Mine,18.62,447.7,0.755,59.3,27.9,1421.1,-7.32,1.125,11.6,0
MOIL-SAMP-01721,21.74576,79.7817,Tirodi Mine,9.36,448.0,0.535,42.1,32.6,1438.6,-7.44,1.157,24.7,0
MOIL-SAMP-01722,22.14341,79.39331,Mansar Mine,83.36,418.9,0.721,44.4,31.9,1285.2,-2.83,1.412,14.6,0
MOIL-SAMP-01723,21.45033,79.2494,Kandri Mine,4.11,454.4,0.759,46.9,30.7,1355.9,-7.38,1.519,17.1,0
MOIL-SAMP-01724,22.00572,78.88906,Gumgaon Mine,68.96,414.1,0.595,33.9,31.2,1352.4,1.66,1.016,9.4,0
MOIL-SAMP-01725,21.97194,80.09149,Balaghat Mine (Largest underground Mn mine),21.19,444.6,0.646,56.8,29.1,1528.3,-4.4,0.787,10.6,0
MOIL-SAMP-01726,21.42596,79.84659,Sitasaongi Mine,19.49,396.4,0.672,19.1,30.2,1305.8,-1.96,0.842,12.9,0
MOIL-SAMP-01727,21.70632,80.51666,Ukwa Mine,29.37,293.3,0.458,27.8,31.6,1285.7,-4.54,0.91,15.5,0
MOIL-SAMP-01728,21.30471,78.91793,Gumgaon Mine,12.99,369.3,0.596,54.3,29.8,1248.9,-6.56,1.292,11.7,0
MOIL-SAMP-01729,21.50566,79.09913,Gumgaon Mine,16.12,371.9,0.721,48.4,33.1,1305.8,-6.33,1.219,25.4,0
MOIL-SAMP-01730,21.51708,79.89788,Sitasaongi Mine,15.93,445.3,0.687,25.9,32.7,1261.8,-1.18,1.176,17.5,0
MOIL-SAMP-01731,21.38299,80.30993,Ukwa Mine,66.71,333.3,0.806,31.6,31.2,1375.5,-3.43,1.014,17.2,0
MOIL-SAMP-01732,21.24191,79.56964,Dongri Buzurg Mine,36.96,410.7,0.59,23.9,30.2,1290.8,1.83,1.376,8.6,0
MOIL-SAMP-01733,22.06788,80.17168,Balaghat Mine (Largest underground Mn mine),29.39,283.9,0.627,15.0,27.1,1367.6,-4.3,1.521,11.4,0
MOIL-SAMP-01734,21.87358,80.27723,Balaghat Mine (Largest underground Mn mine),12.17,297.1,0.718,49.1,30.3,1279.1,0.12,1.505,4.3,0
MOIL-SAMP-01735,21.3229,80.33627,Ukwa Mine,72.61,352.1,0.604,48.8,33.3,1344.8,-10.0,1.066,15.4,0
MOIL-SAMP-01736,21.8396,79.88722,Dongri Buzurg Mine,37.19,334.2,0.664,62.6,33.7,1285.8,-8.43,1.192,11.5,0
MOIL-SAMP-01737,22.05766,79.92142,Tirodi Mine,46.06,300.0,0.624,35.4,32.0,1434.2,-2.65,0.804,15.7,0
MOIL-SAMP-01738,21.45039,80.16542,Balaghat Mine (Largest underground Mn mine),39.0,447.3,0.643,46.7,28.8,1241.6,-9.61,1.576,11.2,0
MOIL-SAMP-01739,21.72628,78.99126,Gumgaon Mine,37.07,416.2,0.686,34.8,31.5,1243.2,-4.83,0.948,20.6,0
MOIL-SAMP-01740,21.20592,80.23762,Balaghat Mine (Largest underground Mn mine),66.17,364.7,0.778,48.4,34.1,1316.0,1.86,0.746,14.2,0
MOIL-SAMP-01741,21.49793,80.32086,Ukwa Mine,54.15,337.0,0.757,39.5,30.8,1336.4,-3.26,1.181,7.3,0
MOIL-SAMP-01742,21.56652,80.4121,Ukwa Mine,44.77,421.4,0.711,45.7,27.4,1407.3,-6.79,1.603,14.2,0
MOIL-SAMP-01743,22.01979,79.25809,Gumgaon Mine,74.37,466.4,0.88,67.8,29.2,1346.6,1.99,0.762,4.6,0
MOIL-SAMP-01744,21.80278,79.93414,Sitasaongi Mine,30.2,441.6,0.601,24.0,26.7,1266.9,0.13,1.475,11.0,0
MOIL-SAMP-01745,21.16143,80.24935,Balaghat Mine (Largest underground Mn mine),71.17,354.5,0.697,19.3,30.0,1398.9,-4.11,0.832,2.9,0
MOIL-SAMP-01746,21.53249,79.39861,Mansar Mine,19.76,362.3,0.722,23.6,27.9,1387.1,1.84,1.187,9.3,0
MOIL-SAMP-01747,21.19118,79.82187,Balaghat Mine (Largest underground Mn mine),77.43,340.3,0.776,45.0,29.2,1346.3,-6.73,1.27,12.6,0
MOIL-SAMP-01748,21.29958,79.75432,Chikla Mine,29.32,299.5,0.588,50.4,31.5,1195.7,8.07,0.857,8.6,0
MOIL-SAMP-01749,21.3708,78.94094,Gumgaon Mine,6.8,425.5,0.636,36.9,30.6,1309.7,-1.71,0.992,3.8,0
MOIL-SAMP-01750,21.88158,79.55719,Tirodi Mine,26.87,410.1,0.88,43.3,35.2,1294.8,-5.32,1.29,5.0,0
MOIL-SAMP-01751,21.59562,79.92124,Sitasaongi Mine,16.65,463.0,0.542,33.4,30.0,1332.2,-11.65,1.129,19.7,0
MOIL-SAMP-01752,21.65473,79.24975,Kandri Mine,26.35,426.6,0.511,26.5,32.7,1265.0,-9.62,1.352,18.7,0
MOIL-SAMP-01753,21.43978,79.55978,Dongri Buzurg Mine,19.04,393.7,0.644,52.3,31.9,1252.2,-3.8,1.188,6.2,0
MOIL-SAMP-01754,21.28219,78.99858,Gumgaon Mine,12.06,400.5,0.688,37.0,31.6,1298.9,3.2,1.446,15.4,0
MOIL-SAMP-01755,21.72144,78.93876,Gumgaon Mine,37.11,420.2,0.7,51.7,31.5,1202.3,-4.07,0.942,6.4,0
MOIL-SAMP-01756,21.54919,79.00314,Gumgaon Mine,17.47,371.9,0.729,44.1,28.3,1336.0,-7.42,1.201,11.4,0
MOIL-SAMP-01757,21.65182,80.24289,Balaghat Mine (Largest underground Mn mine),17.62,425.3,0.806,48.0,30.3,1333.6,-4.29,1.268,12.5,0
MOIL-SAMP-01758,21.28038,79.09277,Gumgaon Mine,15.4,334.1,0.804,26.3,36.2,1255.4,-3.23,0.993,10.9,0
MOIL-SAMP-01759,21.7093,79.72815,Tirodi Mine,2.67,507.3,0.237,46.5,37.1,1245.3,22.16,2.251,47.9,1
MOIL-SAMP-01760,21.80225,79.20298,Gumgaon Mine,49.96,410.0,0.826,43.2,32.6,1320.4,-12.73,1.144,15.7,0
MOIL-SAMP-01761,21.766,80.1742,Balaghat Mine (Largest underground Mn mine),4.26,463.4,0.33,62.6,34.3,1315.4,25.74,2.746,44.7,1
MOIL-SAMP-01762,21.39625,78.97896,Gumgaon Mine,2.53,287.1,0.789,36.0,28.1,1247.0,-3.91,1.144,15.4,0
MOIL-SAMP-01763,21.92677,79.43214,Mansar Mine,60.75,443.0,0.708,29.5,32.9,1318.9,-16.65,1.077,15.4,0
MOIL-SAMP-01764,22.07414,79.01127,Gumgaon Mine,75.52,369.4,0.723,15.0,32.4,1333.5,-4.68,1.325,16.0,0
MOIL-SAMP-01765,21.82175,79.61237,Tirodi Mine,18.16,426.3,0.845,29.9,29.7,1265.6,4.27,1.192,11.3,0
MOIL-SAMP-01766,21.49831,79.42733,Mansar Mine,19.46,315.0,0.721,57.0,32.2,1267.0,-7.77,0.993,7.3,0
MOIL-SAMP-01767,21.74388,78.89357,Gumgaon Mine,40.61,397.0,0.636,37.4,29.9,1215.5,-7.27,1.28,14.0,0
MOIL-SAMP-01768,21.45482,80.62777,,999.0,319.6,0.763,39.3,34.1,1281.6,-5.27,1.366,11.0,0
MOIL-SAMP-01769,21.76622,80.63229,Ukwa Mine,28.03,340.1,0.567,48.9,30.1,1324.5,4.53,1.093,-4.3,0
MOIL-SAMP-01770,21.59221,79.11247,Gumgaon Mine,24.96,400.0,0.88,34.1,28.9,1365.2,-8.22,1.356,14.5,0
MOIL-SAMP-01771,21.19488,80.32271,,999.0,346.0,0.431,22.3,32.7,1385.8,-1.68,1.186,8.0,0
MOIL-SAMP-01772,21.34969,79.52288,Dongri Buzurg Mine,28.93,463.8,0.511,26.4,25.3,1233.1,-2.28,1.111,12.9,0
MOIL-SAMP-01773,21.90773,80.38498,Ukwa Mine,10.86,307.9,0.683,36.6,31.8,1351.7,-7.98,1.472,16.8,0
MOIL-SAMP-01774,21.26237,78.94817,Gumgaon Mine,15.33,312.1,0.607,59.1,33.0,1314.8,-3.72,1.278,13.2,0
MOIL-SAMP-01775,22.09894,80.51811,Ukwa Mine,15.37,318.4,0.567,58.7,31.7,1269.9,-3.99,1.119,14.8,0
MOIL-SAMP-01776,22.01875,80.32624,Balaghat Mine (Largest underground Mn mine),27.89,359.5,0.652,38.0,30.7,1429.3,2.95,1.001,11.5,0
MOIL-SAMP-01777,21.16373,80.09883,Balaghat Mine (Largest underground Mn mine),71.22,258.6,0.765,50.5,32.2,1366.8,-0.92,1.233,12.2,0
MOIL-SAMP-01778,21.26128,79.66011,Chikla Mine,34.58,317.5,0.669,55.1,29.4,1150.5,-7.63,1.278,15.6,0
MOIL-SAMP-01779,21.17275,79.22622,Mansar Mine,25.37,364.1,0.722,32.1,34.2,1216.8,-4.87,1.093,10.0,0
MOIL-SAMP-01780,21.68801,79.21684,Kandri Mine,30.41,472.1,0.601,56.0,33.4,1323.7,3.16,0.936,16.1,0
MOIL-SAMP-01781,21.67327,79.31558,Mansar Mine,30.75,375.3,0.704,38.6,31.1,1343.2,-2.25,1.458,4.0,0
MOIL-SAMP-01782,21.63303,80.16386,Balaghat Mine (Largest underground Mn mine),18.89,417.9,0.74,38.6,33.8,1434.5,-13.21,1.326,7.8,0
MOIL-SAMP-01783,21.29135,80.10776,Balaghat Mine (Largest underground Mn mine),57.11,205.3,0.667,37.6,33.3,1489.7,-7.63,0.764,12.8,0
MOIL-SAMP-01784,21.16839,79.89941,Balaghat Mine (Largest underground Mn mine),76.17,320.8,0.809,17.0,26.7,1315.3,1.12,1.117,18.1,0
MOIL-SAMP-01785,21.81353,78.92827,Gumgaon Mine,47.33,430.8,0.507,36.1,26.7,1352.7,-4.04,1.195,12.5,0
MOIL-SAMP-01786,21.32032,79.36122,Mansar Mine,12.55,410.1,0.744,35.1,33.9,1278.1,-2.51,1.211,10.2,0
MOIL-SAMP-01787,21.93919,79.96234,Dongri Buzurg Mine,50.66,453.3,0.725,29.8,32.6,1278.7,-7.09,1.16,13.1,0
MOIL-SAMP-01788,21.20309,80.02856,Balaghat Mine (Largest underground Mn mine),68.28,362.9,0.556,59.3,27.7,1414.3,-1.61,1.04,23.5,0
MOIL-SAMP-01789,21.15833,79.54956,Dongri Buzurg Mine,46.35,378.7,0.599,44.3,29.2,1210.0,-4.51,1.5,1.0,0
MOIL-SAMP-01790,21.42131,80.38375,Ukwa Mine,61.07,373.0,0.628,69.2,27.6,1328.2,-10.85,1.333,8.0,0
MOIL-SAMP-01791,21.8101,80.40571,Ukwa Mine,18.61,386.1,0.795,34.2,31.6,1289.0,-10.26,1.381,15.7,0
MOIL-SAMP-01792,21.16908,80.41134,,999.0,490.5,0.535,47.5,32.7,1229.2,-1.76,1.222,13.7,0
MOIL-SAMP-01793,21.79941,79.2661,Mansar Mine,44.39,391.3,0.548,39.6,28.7,1193.7,0.42,1.325,12.3,0
MOIL-SAMP-01794,21.5307,80.6079,,999.0,336.1,0.452,46.6,26.8,1346.1,-4.57,1.289,13.3,0
MOIL-SAMP-01795,21.2496,79.41782,Dongri Buzurg Mine,44.39,413.8,0.806,55.7,26.8,1281.8,-11.33,1.006,11.9,0
MOIL-SAMP-01796,22.01677,79.80681,Tirodi Mine,37.52,418.8,0.88,34.2,30.7,1317.7,-10.57,0.905,14.4,0
MOIL-SAMP-01797,21.33642,79.75117,Chikla Mine,25.24,374.4,0.576,56.8,30.8,1214.1,0.14,0.96,4.9,0
MOIL-SAMP-01798,21.60799,80.51743,Ukwa Mine,40.13,431.3,0.514,41.5,36.8,1466.9,-11.94,1.141,11.2,0
MOIL-SAMP-01799,21.17149,79.29531,Mansar Mine,25.15,388.9,0.596,41.1,30.4,1321.5,-7.09,0.91,4.9,0
MOIL-SAMP-01800,21.67942,79.45043,Mansar Mine,36.14,362.3,0.61,58.6,32.3,1302.7,-4.95,1.334,15.4,0
MOIL-SAMP-01801,21.5434,79.13261,Gumgaon Mine,21.55,296.6,0.67,23.9,30.5,1279.2,-6.67,1.291,9.1,0
MOIL-SAMP-01802,21.49678,79.48344,Tirodi Mine,31.99,308.5,0.631,41.6,30.5,1300.8,-2.73,1.145,16.7,0
MOIL-SAMP-01803,21.77523,79.27517,Mansar Mine,41.71,314.2,0.77,32.2,34.4,1316.9,-7.9,1.112,9.9,0
MOIL-SAMP-01804,22.12824,79.75225,Tirodi Mine,48.77,439.1,0.733,36.0,33.9,1348.1,2.48,1.676,13.0,0
MOIL-SAMP-01805,21.96189,79.97643,Dongri Buzurg Mine,53.56,400.1,0.722,59.7,34.3,1268.2,-3.49,1.603,19.4,0
MOIL-SAMP-01806,22.02868,80.45272,Ukwa Mine,6.89,489.9,0.515,35.3,29.1,1254.8,-10.04,1.089,8.8,0
MOIL-SAMP-01807,21.96486,78.90304,Gumgaon Mine,64.27,395.3,0.66,30.1,31.0,1365.5,-5.59,1.098,13.2,0
MOIL-SAMP-01808,21.70494,79.35435,Mansar Mine,34.97,419.2,0.544,29.9,34.4,1186.2,-5.88,1.224,13.9,0
MOIL-SAMP-01809,21.30171,80.46492,,999.0,345.0,0.424,25.4,37.2,1358.8,-1.36,1.01,17.9,0
MOIL-SAMP-01810,21.80693,79.00803,Gumgaon Mine,45.97,357.1,0.696,48.8,33.1,1243.7,-1.74,1.185,20.8,0
MOIL-SAMP-01811,21.53221,80.57909,Ukwa Mine,49.53,341.9,0.635,28.6,33.6,1486.2,1.87,1.119,6.8,0
MOIL-SAMP-01812,21.76245,79.97594,Sitasaongi Mine,29.81,375.0,0.516,40.6,33.8,1226.4,-7.03,1.285,22.6,0
MOIL-SAMP-01813,21.37743,79.28265,Mansar Mine,2.48,458.3,0.648,38.2,32.4,1314.3,-7.87,1.186,5.6,0
MOIL-SAMP-01814,21.30275,80.59697,,999.0,341.2,0.573,52.5,32.2,1350.0,-6.75,0.989,23.1,0
MOIL-SAMP-01815,22.05974,79.44271,Mansar Mine,75.25,417.5,0.69,43.6,35.7,1252.2,-4.07,1.415,8.2,0
MOIL-SAMP-01816,21.69223,79.22216,Kandri Mine,30.79,292.8,0.68,51.4,28.2,1295.2,-8.7,1.461,3.3,0
MOIL-SAMP-01817,21.28858,79.82444,Chikla Mine,31.68,378.2,0.521,67.7,28.2,1432.1,2.72,1.059,12.0,0
MOIL-SAMP-01818,21.95011,80.40266,Ukwa Mine,7.03,408.0,0.481,49.0,30.4,1348.2,-6.72,1.094,12.9,0
MOIL-SAMP-01819,21.459,80.11925,Balaghat Mine (Largest underground Mn mine),38.63,413.8,0.486,40.6,32.8,1291.0,-10.48,1.614,2.0,0
MOIL-SAMP-01820,21.67381,79.09345,Gumgaon Mine,32.63,341.1,0.46,37.3,28.7,1160.3,-3.05,1.374,2.9,0
MOIL-SAMP-01821,22.14569,80.6064,Ukwa Mine,24.29,500.7,0.574,30.2,29.8,1268.2,1.27,0.833,16.1,0
MOIL-SAMP-01822,21.29515,80.52945,,999.0,323.4,0.666,27.0,28.7,1243.0,2.71,1.31,21.8,0
MOIL-SAMP-01823,22.06711,79.42149,Mansar Mine,75.57,389.5,0.57,53.8,35.2,1290.9,-1.86,1.028,3.9,0
MOIL-SAMP-01824,21.70734,80.55748,Ukwa Mine,30.27,409.8,0.489,49.3,30.8,1401.8,-10.97,1.191,7.5,0
MOIL-SAMP-01825,21.26839,79.42168,Dongri Buzurg Mine,42.57,371.8,0.642,37.2,28.5,1300.0,-3.04,1.373,16.6,0
MOIL-SAMP-01826,22.02964,80.15874,Balaghat Mine (Largest underground Mn mine),25.29,504.6,0.798,32.6,34.8,1355.5,-3.62,1.057,-0.7,0
MOIL-SAMP-01827,21.91544,80.43424,Ukwa Mine,6.78,425.9,0.645,29.5,33.1,1322.1,-12.82,1.45,1.1,0
MOIL-SAMP-01828,21.56404,79.59025,Tirodi Mine,18.86,458.4,0.454,45.0,33.3,1188.1,-5.22,0.887,21.9,0
MOIL-SAMP-01829,21.593,80.53078,Ukwa Mine,41.97,438.1,0.73,36.8,31.4,1348.1,-0.7,1.388,7.7,0
MOIL-SAMP-01830,22.04413,80.52985,Ukwa Mine,10.57,358.1,0.48,38.2,29.5,1434.5,4.54,1.78,22.6,0
MOIL-SAMP-01831,21.4238,80.25239,Ukwa Mine,64.16,421.0,0.763,36.0,31.9,1272.1,-5.35,1.013,10.9,0
MOIL-SAMP-01832,21.25677,79.18254,Mansar Mine,18.21,482.3,0.45,35.7,31.2,1425.1,-4.64,1.046,2.9,0
MOIL-SAMP-01833,21.91245,79.95157,Dongri Buzurg Mine,47.57,462.4,0.654,51.7,31.9,1319.7,-14.51,1.056,19.2,0
MOIL-SAMP-01834,21.41686,79.87068,Sitasaongi Mine,21.6,355.4,0.704,57.3,35.2,1230.8,-0.13,1.122,-0.2,0
MOIL-SAMP-01835,21.38091,79.26793,Mansar Mine,1.96,382.2,0.716,60.6,28.3,1354.0,-7.7,1.084,1.0,0
MOIL-SAMP-01836,21.83738,79.49667,Mansar Mine,53.83,515.6,0.659,45.1,31.4,1433.9,-1.5,1.111,10.8,0
MOIL-SAMP-01837,21.83814,79.70788,Tirodi Mine,16.56,410.2,0.646,63.9,29.4,1289.6,-5.13,0.563,9.1,0
MOIL-SAMP-01838,21.65232,79.93848,Sitasaongi Mine,19.91,379.5,0.556,29.4,35.6,1284.1,-6.84,1.055,4.4,0
MOIL-SAMP-01839,21.86202,79.52313,Tirodi Mine,27.6,478.4,0.56,33.7,29.3,1412.8,0.18,0.966,16.6,0
MOIL-SAMP-01840,22.00213,79.7346,Tirodi Mine,34.74,329.2,0.625,46.1,32.2,1253.1,-9.8,0.812,26.1,0
MOIL-SAMP-01841,21.28751,79.19787,Mansar Mine,14.49,344.9,0.755,39.0,29.4,1282.6,-4.68,0.979,19.8,0
MOIL-SAMP-01842,21.18223,80.22617,Balaghat Mine (Largest underground Mn mine),68.7,437.3,0.35,52.8,31.7,1285.8,-5.94,1.211,7.6,0
MOIL-SAMP-01843,21.16501,79.33575,Mansar Mine,26.57,248.1,0.744,28.8,29.1,1284.8,-1.88,0.571,5.7,0
MOIL-SAMP-01844,21.56304,80.18626,Balaghat Mine (Largest underground Mn mine),26.48,418.4,0.729,46.7,40.3,1326.1,-9.93,1.529,13.7,0
MOIL-SAMP-01845,22.13824,80.214,Balaghat Mine (Largest underground Mn mine),37.23,374.2,0.651,51.6,29.0,1184.6,-3.32,1.371,17.2,0
MOIL-SAMP-01846,21.21614,80.51879,,999.0,381.0,0.88,28.6,32.5,1312.4,-9.25,1.453,16.6,0
MOIL-SAMP-01847,22.13563,80.41083,Balaghat Mine (Largest underground Mn mine),43.48,436.8,0.576,48.6,30.5,1386.2,0.07,0.937,14.9,0
MOIL-SAMP-01848,21.63994,79.43481,Mansar Mine,31.57,468.5,0.652,47.9,34.6,1364.2,-1.97,1.235,8.7,0
MOIL-SAMP-01849,21.60754,79.29421,Kandri Mine,21.26,341.1,0.512,35.0,24.8,1355.5,-4.78,0.834,6.5,0
MOIL-SAMP-01850,21.55487,78.92529,Gumgaon Mine,19.8,419.1,0.7,32.1,29.2,1314.8,-0.83,0.975,7.8,0
MOIL-SAMP-01851,21.88533,79.53467,Tirodi Mine,28.66,380.1,0.618,15.0,29.0,1239.9,-5.77,1.618,5.8,0
MOIL-SAMP-01852,21.4629,79.95071,Balaghat Mine (Largest underground Mn mine),44.81,355.1,0.823,64.5,35.0,1257.3,-0.7,0.931,8.1,0
MOIL-SAMP-01853,21.89247,79.91885,Dongri Buzurg Mine,43.89,492.0,0.852,57.7,27.4,1301.7,-2.84,1.092,11.5,0
MOIL-SAMP-01854,21.67523,80.42641,Ukwa Mine,32.66,454.4,0.621,65.6,32.4,1329.8,-3.54,1.152,8.3,0
MOIL-SAMP-01855,21.93692,79.78717,Tirodi Mine,28.46,406.0,0.573,56.6,30.2,1368.7,-8.08,1.112,12.4,0
MOIL-SAMP-01856,21.60161,80.33862,Ukwa Mine,42.66,415.6,0.646,44.0,32.4,1335.2,-7.91,1.127,10.4,0
MOIL-SAMP-01857,21.19242,80.64251,,999.0,362.3,0.614,39.5,34.4,1428.5,-5.88,1.054,7.7,0
MOIL-SAMP-01858,21.6687,79.5621,Tirodi Mine,15.97,444.7,0.823,35.1,32.1,1375.8,-0.0,0.837,20.3,0
MOIL-SAMP-01859,21.88517,79.85386,Tirodi Mine,26.06,479.0,0.594,48.4,31.4,1315.0,-1.42,0.92,18.3,0
MOIL-SAMP-01860,21.66613,79.98517,Balaghat Mine (Largest underground Mn mine),25.77,373.8,0.503,33.2,33.3,1352.5,-12.33,1.52,11.7,0
MOIL-SAMP-01861,21.1993,79.37412,Mansar Mine,24.34,413.1,0.528,49.1,27.2,1235.4,7.7,1.384,10.6,0
MOIL-SAMP-01862,21.54804,79.3982,Mansar Mine,21.06,393.7,0.513,53.2,32.0,1406.5,-10.34,1.059,15.9,0
MOIL-SAMP-01863,21.97762,79.68042,Tirodi Mine,32.17,426.9,0.737,52.8,32.2,1225.2,-1.81,0.781,9.5,0
MOIL-SAMP-01864,21.57246,79.95364,Balaghat Mine (Largest underground Mn mine),35.07,409.2,0.588,41.9,29.2,1343.0,-0.43,1.171,7.7,0
MOIL-SAMP-01865,21.20455,79.78055,Chikla Mine,40.0,318.4,0.75,35.6,31.8,1239.3,-1.58,0.979,14.4,0
MOIL-SAMP-01866,21.29224,80.34381,Ukwa Mine,75.81,352.2,0.699,56.0,27.7,1250.4,-3.66,1.442,12.2,0
MOIL-SAMP-01867,21.6017,80.15076,Balaghat Mine (Largest underground Mn mine),22.52,391.5,0.829,29.9,27.7,1291.2,-7.26,1.26,8.0,0
MOIL-SAMP-01868,21.26317,80.25172,Balaghat Mine (Largest underground Mn mine),60.0,413.5,0.622,33.1,29.9,1267.7,-5.94,1.212,1.4,0
MOIL-SAMP-01869,22.08784,80.10301,Balaghat Mine (Largest underground Mn mine),32.73,577.2,0.77,49.3,31.5,1319.6,1.29,1.177,11.2,0
MOIL-SAMP-01870,21.28531,79.59441,Dongri Buzurg Mine,31.57,341.6,0.88,43.0,27.0,1201.0,-8.28,0.719,16.4,0
MOIL-SAMP-01871,21.60089,79.17198,Gumgaon Mine,29.07,472.1,0.869,35.3,34.5,1385.9,-8.64,1.201,11.9,0
MOIL-SAMP-01872,21.74032,80.13274,Balaghat Mine (Largest underground Mn mine),8.89,450.7,0.661,22.8,38.0,1347.2,-3.82,1.409,18.9,0
MOIL-SAMP-01873,21.35193,79.66843,Chikla Mine,24.71,379.0,0.639,48.1,34.1,1284.1,-0.13,1.27,9.8,0
MOIL-SAMP-01874,21.40008,80.09509,Balaghat Mine (Largest underground Mn mine),45.5,365.0,0.806,37.9,29.6,1343.6,1.51,1.414,4.1,0
MOIL-SAMP-01875,22.05716,80.28368,Balaghat Mine (Largest underground Mn mine),29.87,448.2,0.471,47.4,32.0,1283.5,-10.81,1.111,23.9,0
MOIL-SAMP-01876,21.86837,79.07238,Gumgaon Mine,53.25,431.6,0.752,40.6,34.4,1322.8,-9.33,1.313,20.1,0
MOIL-SAMP-01877,21.26416,79.65892,Chikla Mine,34.3,406.2,0.673,43.3,32.8,1294.4,-9.78,1.035,26.4,0
MOIL-SAMP-01878,21.51294,79.79287,Sitasaongi Mine,8.42,386.7,0.35,48.7,26.8,1245.7,-9.98,1.14,14.2,0
MOIL-SAMP-01879,21.53409,80.27392,Ukwa Mine,51.99,423.4,0.593,29.4,34.5,1352.8,1.14,1.547,14.0,0
MOIL-SAMP-01880,21.66167,80.55956,Ukwa Mine,35.17,430.5,0.836,35.1,32.0,1281.0,-2.87,1.301,12.0,0
MOIL-SAMP-01881,21.52868,79.53509,Tirodi Mine,25.66,358.9,0.754,60.6,30.3,1313.8,-13.89,1.192,7.4,0
MOIL-SAMP-01882,21.91826,80.49206,Ukwa Mine,6.03,413.7,0.613,41.7,32.5,1455.3,-6.02,1.151,12.6,0
MOIL-SAMP-01883,21.71549,80.03715,Balaghat Mine (Largest underground Mn mine),18.26,457.8,0.692,61.6,33.6,1334.6,4.9,1.209,20.3,0
MOIL-SAMP-01884,21.30009,80.41387,Ukwa Mine,74.06,437.9,0.721,51.7,30.4,1409.3,-3.8,0.96,6.7,0
MOIL-SAMP-01885,21.32887,80.13169,Balaghat Mine (Largest underground Mn mine),52.68,414.1,0.42,38.4,28.7,1349.9,5.03,1.694,7.2,0
MOIL-SAMP-01886,21.56958,79.40713,Mansar Mine,23.52,404.1,0.438,27.0,30.6,1360.4,-6.05,0.893,23.7,0
MOIL-SAMP-01887,21.91863,79.65326,Tirodi Mine,26.23,403.4,0.609,27.0,34.6,1251.2,-1.73,1.258,9.4,0
MOIL-SAMP-01888,21.77645,79.0616,Gumgaon Mine,43.03,398.0,0.588,41.5,34.0,1291.5,-10.7,0.886,13.7,0
MOIL-SAMP-01889,21.28157,79.21513,Mansar Mine,14.2,354.3,0.55,51.7,31.5,1280.9,6.87,0.838,10.7,0
MOIL-SAMP-01890,21.77256,79.3056,Mansar Mine,41.55,402.6,0.868,23.4,35.2,1311.8,-4.02,1.107,9.1,0
MOIL-SAMP-01891,21.60864,80.38974,Ukwa Mine,40.55,363.7,0.646,35.4,29.5,1247.3,-0.24,1.427,17.9,0
MOIL-SAMP-01892,21.6935,78.86035,Gumgaon Mine,36.54,471.2,0.81,63.1,30.1,1317.6,-6.85,1.236,14.5,0
MOIL-SAMP-01893,22.0327,79.27818,Gumgaon Mine,76.46,414.4,0.598,55.4,32.2,1306.5,2.77,1.343,18.7,0
MOIL-SAMP-01894,21.73886,79.70628,Tirodi Mine,5.64,381.0,0.622,38.3,32.8,1185.6,-2.46,1.219,12.9,0
MOIL-SAMP-01895,21.56015,78.99293,Gumgaon Mine,18.71,330.2,0.63,59.2,31.2,1222.4,1.28,0.919,5.4,0
MOIL-SAMP-01896,21.7501,79.29048,Mansar Mine,38.97,412.6,0.72,41.3,31.5,1301.2,-4.84,1.215,6.2,0
MOIL-SAMP-01897,21.69734,79.96558,Sitasaongi Mine,24.66,398.0,0.768,23.0,27.8,1321.3,-9.53,1.138,13.7,0
MOIL-SAMP-01898,21.70755,80.33545,Ukwa Mine,31.88,341.7,0.638,35.0,32.3,1351.0,-9.11,0.903,6.2,0
MOIL-SAMP-01899,21.19892,79.11686,Mansar Mine,27.32,291.8,0.732,37.7,29.3,1392.6,-1.17,1.415,20.4,0
MOIL-SAMP-01900,21.80328,78.9161,Gumgaon Mine,46.44,420.6,0.665,42.6,34.4,1307.4,-2.3,1.53,15.0,0
MOIL-SAMP-01901,22.00383,80.05059,Dongri Buzurg Mine,61.73,422.0,0.747,50.4,32.5,1347.5,-2.78,0.91,10.3,0
MOIL-SAMP-01902,21.98801,79.38719,Mansar Mine,66.3,420.1,0.668,34.4,30.7,1279.2,-16.08,1.054,5.6,0
MOIL-SAMP-01903,22.07038,78.93826,Gumgaon Mine,75.39,402.6,0.581,46.8,29.7,1175.2,-8.06,1.626,19.3,0
MOIL-SAMP-01904,21.56696,79.17085,Kandri Mine,19.34,386.7,0.748,61.9,31.5,1234.1,-7.38,0.929,12.6,0
MOIL-SAMP-01905,21.82209,79.94996,Sitasaongi Mine,32.89,431.8,0.648,41.2,35.2,1360.0,-18.87,1.388,8.6,0
MOIL-SAMP-01906,21.84151,79.92094,Dongri Buzurg Mine,39.32,401.6,0.744,47.9,26.9,1253.5,-14.04,1.12,15.4,0
MOIL-SAMP-01907,21.93731,79.16935,Gumgaon Mine,62.8,394.8,0.632,58.1,34.0,1289.9,-12.47,1.236,7.1,0
MOIL-SAMP-01908,21.60534,79.89214,Sitasaongi Mine,13.8,343.9,0.754,49.6,33.2,1246.6,3.89,0.984,8.1,0
MOIL-SAMP-01909,22.08148,79.01763,Gumgaon Mine,76.34,431.2,0.759,39.6,30.1,1283.7,-11.28,1.075,13.7,0
MOIL-SAMP-01910,21.44929,79.51342,Tirodi Mine,33.68,332.3,0.584,50.1,33.1,1384.3,-15.76,1.036,13.5,0
MOIL-SAMP-01911,21.52894,78.9718,Gumgaon Mine,15.57,360.0,0.697,54.3,33.0,1329.9,-9.82,1.023,30.3,0
MOIL-SAMP-01912,21.57732,79.84085,Sitasaongi Mine,8.29,434.9,0.769,60.3,29.3,1300.2,0.43,1.348,14.1,0
MOIL-SAMP-01913,21.44283,79.09218,Gumgaon Mine,10.88,332.6,0.727,44.4,32.9,1251.3,3.15,1.399,14.9,0
MOIL-SAMP-01914,21.84462,79.34395,Mansar Mine,49.93,395.1,0.578,36.5,29.1,1280.3,-1.02,0.64,1.2,0
MOIL-SAMP-01915,21.67705,79.79436,Sitasaongi Mine,10.96,424.2,0.88,41.8,31.8,1315.6,-0.03,0.904,10.1,0
MOIL-SAMP-01916,21.84583,79.9517,Sitasaongi Mine,35.13,501.2,0.495,45.2,34.3,1332.8,-8.72,1.45,13.3,0
MOIL-SAMP-01917,21.2593,80.16351,Balaghat Mine (Largest underground Mn mine),60.11,303.8,0.545,35.0,32.2,1402.8,-12.61,1.057,10.2,0
MOIL-SAMP-01918,21.77898,80.62694,Ukwa Mine,26.57,416.7,0.471,47.6,30.8,1300.0,-9.76,1.364,13.9,0
MOIL-SAMP-01919,21.63366,80.08958,Balaghat Mine (Largest underground Mn mine),21.23,491.1,0.735,60.8,32.5,1290.2,-11.45,1.39,15.2,0
MOIL-SAMP-01920,22.08389,80.6253,Ukwa Mine,20.69,458.3,0.745,39.6,31.1,1273.7,-6.16,0.608,3.0,0
MOIL-SAMP-01921,21.43719,79.94592,Balaghat Mine (Largest underground Mn mine),47.48,463.5,0.708,35.4,33.5,1222.0,-11.13,1.134,3.3,0
MOIL-SAMP-01922,21.46649,79.7957,Sitasaongi Mine,13.37,336.8,0.653,29.4,28.9,1357.5,-3.66,1.251,9.9,0
MOIL-SAMP-01923,22.14502,79.48694,Mansar Mine,85.52,413.7,0.852,51.0,24.0,1226.1,2.28,0.923,9.6,0
MOIL-SAMP-01924,21.27971,79.86274,Balaghat Mine (Largest underground Mn mine),66.83,484.4,0.535,29.3,32.4,1241.8,-10.96,1.512,9.5,0
MOIL-SAMP-01925,21.66971,79.98734,Balaghat Mine (Largest underground Mn mine),25.35,400.3,0.88,43.6,32.3,1150.7,-13.62,1.043,16.2,0
MOIL-SAMP-01926,21.6425,79.17383,Gumgaon Mine,32.96,388.7,0.456,54.9,33.2,1247.1,-7.24,1.404,8.3,0
MOIL-SAMP-01927,21.75941,80.12546,Balaghat Mine (Largest underground Mn mine),7.97,419.1,0.576,53.4,28.1,1237.2,-14.02,1.435,14.4,0
MOIL-SAMP-01928,22.12926,78.85285,,999.0,422.4,0.589,47.9,35.7,1194.3,-4.79,1.038,12.2,0
MOIL-SAMP-01929,21.17399,79.97583,Balaghat Mine (Largest underground Mn mine),72.85,377.4,0.736,48.0,27.6,1290.4,-3.48,1.226,10.0,0
MOIL-SAMP-01930,21.26793,80.37653,Ukwa Mine,77.98,322.5,0.625,64.7,32.3,1304.2,2.13,1.415,14.4,0
MOIL-SAMP-01931,21.94956,80.64818,Ukwa Mine,18.71,389.8,0.712,31.3,31.0,1372.3,3.57,1.515,5.7,0
MOIL-SAMP-01932,21.56404,79.45083,Mansar Mine,26.01,330.8,0.556,42.3,29.9,1240.1,-4.29,1.147,3.9,0
MOIL-SAMP-01933,21.71042,79.99751,Balaghat Mine (Largest underground Mn mine),22.1,470.2,0.539,46.4,30.5,1335.2,-6.75,0.888,6.2,0
MOIL-SAMP-01934,21.1613,79.21214,Mansar Mine,26.92,366.5,0.612,39.7,24.2,1344.0,-6.13,0.95,12.3,0
MOIL-SAMP-01935,21.43163,80.27235,Ukwa Mine,62.65,459.4,0.559,60.8,31.0,1320.1,-3.95,1.107,6.3,0
MOIL-SAMP-01936,21.45777,79.76204,Chikla Mine,11.98,373.9,0.725,50.7,27.6,1252.5,-6.43,1.362,15.3,0
MOIL-SAMP-01937,21.47392,78.86104,Gumgaon Mine,17.31,372.7,0.631,43.8,28.4,1184.5,-0.04,0.89,24.9,0
MOIL-SAMP-01938,21.83584,79.46445,Mansar Mine,52.32,341.0,0.552,33.5,36.1,1227.2,-7.74,0.845,2.3,0
MOIL-SAMP-01939,21.8744,79.95879,Dongri Buzurg Mine,44.58,478.4,0.626,54.5,28.3,1219.7,-2.9,1.333,8.6,0
MOIL-SAMP-01940,21.17912,79.16613,Mansar Mine,26.62,400.8,0.588,37.6,31.2,1339.8,8.79,0.675,14.6,0
MOIL-SAMP-01941,21.48051,79.45829,Mansar Mine,21.26,351.6,0.648,33.5,31.4,1297.6,-4.01,1.345,9.5,0
MOIL-SAMP-01942,21.82247,80.49909,Ukwa Mine,16.41,356.4,0.497,47.0,30.8,1232.8,-12.38,1.265,8.3,0
MOIL-SAMP-01943,21.94725,80.01217,Dongri Buzurg Mine,54.34,322.0,0.768,45.5,32.9,1263.6,6.14,1.409,16.2,0
MOIL-SAMP-01944,21.6315,79.97896,Balaghat Mine (Largest underground Mn mine),28.66,376.0,0.721,32.8,37.6,1365.6,-7.94,1.022,4.2,0
MOIL-SAMP-01945,22.04206,79.81654,Tirodi Mine,40.48,406.6,0.837,42.0,30.9,1251.8,-8.3,0.903,22.2,0
MOIL-SAMP-01946,21.48511,80.26118,Ukwa Mine,57.5,349.3,0.525,23.6,25.4,1284.8,-2.6,0.961,6.9,0
MOIL-SAMP-01947,21.56395,80.18665,Balaghat Mine (Largest underground Mn mine),26.38,352.4,0.642,23.8,30.2,1400.6,-8.51,1.004,22.2,0
MOIL-SAMP-01948,21.98511,79.38882,Mansar Mine,66.02,499.2,0.356,35.3,28.0,1157.7,-5.35,1.114,13.6,0
MOIL-SAMP-01949,21.87496,79.41791,Mansar Mine,54.83,412.2,0.615,45.7,33.5,1263.5,-7.12,0.59,3.4,0
MOIL-SAMP-01950,21.68589,79.22487,Kandri Mine,30.05,430.7,0.618,33.3,32.9,1137.5,-11.24,1.06,13.7,0
MOIL-SAMP-01951,21.83549,80.28916,Balaghat Mine (Largest underground Mn mine),11.14,386.1,0.705,30.4,33.4,1361.0,-3.69,1.35,2.6,0
MOIL-SAMP-01952,22.03803,79.48647,Mansar Mine,74.15,380.9,0.453,47.6,27.0,1281.1,-0.61,1.095,9.5,0
MOIL-SAMP-01953,22.11961,79.35483,Mansar Mine,80.24,401.7,0.671,41.7,29.2,1344.9,4.49,1.055,5.4,0
MOIL-SAMP-01954,21.18117,80.62051,,999.0,357.0,0.715,22.4,35.5,1347.2,-10.17,1.318,9.4,0
MOIL-SAMP-01955,21.77651,80.36633,Ukwa Mine,23.63,318.8,0.72,44.8,29.8,1342.0,2.27,0.952,17.6,0
MOIL-SAMP-01956,21.72098,79.55122,Tirodi Mine,17.32,392.7,0.66,40.7,33.5,1353.8,-11.06,0.838,25.3,0
MOIL-SAMP-01957,21.74519,80.40627,Ukwa Mine,25.45,321.3,0.448,54.6,24.2,1223.7,-11.94,1.553,6.5,0
MOIL-SAMP-01958,21.90154,80.11948,Balaghat Mine (Largest underground Mn mine),13.0,412.5,0.756,62.1,28.3,1271.5,-2.5,1.136,14.4,0
MOIL-SAMP-01959,21.4645,78.90693,Gumgaon Mine,12.82,364.6,0.659,21.1,32.4,1268.7,-4.88,1.21,1.3,0
MOIL-SAMP-01960,21.56387,79.7447,Chikla Mine,0.29,424.1,0.343,39.4,36.0,1436.1,23.6,1.901,34.5,1
MOIL-SAMP-01961,21.38764,79.66343,Dongri Buzurg Mine,18.73,422.6,0.613,28.0,29.4,1309.2,-3.8,1.106,5.7,0
MOIL-SAMP-01962,22.10073,79.23905,Gumgaon Mine,82.19,364.6,0.466,50.5,29.2,1428.4,-1.42,0.832,3.0,0
MOIL-SAMP-01963,21.45232,79.05202,Gumgaon Mine,8.47,410.0,0.623,20.8,30.5,1448.3,-8.66,0.991,13.7,0
MOIL-SAMP-01964,21.93494,80.25002,Balaghat Mine (Largest underground Mn mine),16.02,381.3,0.731,34.0,34.4,1443.5,-0.69,1.141,12.6,0
MOIL-SAMP-01965,22.06335,79.64879,Tirodi Mine,42.01,383.5,0.645,24.3,29.7,1335.1,-0.72,1.331,27.0,0
MOIL-SAMP-01966,21.17493,79.71879,Chikla Mine,43.14,319.9,0.55,39.7,31.1,1481.8,-6.66,0.963,23.7,0
MOIL-SAMP-01967,21.65005,79.19238,Kandri Mine,26.9,402.1,0.529,36.4,26.9,1297.6,0.2,1.574,15.2,0
MOIL-SAMP-01968,22.07364,80.16839,Balaghat Mine (Largest underground Mn mine),30.04,423.1,0.709,37.7,30.8,1378.2,-10.75,1.277,16.7,0
MOIL-SAMP-01969,21.67363,80.24596,Balaghat Mine (Largest underground Mn mine),15.49,389.8,0.667,44.8,31.8,1432.3,-13.1,0.748,9.1,0
MOIL-SAMP-01970,21.2933,80.41924,,999.0,335.8,0.67,25.9,34.5,1212.0,-5.66,0.924,4.6,0
MOIL-SAMP-01971,21.97214,80.53844,Ukwa Mine,7.29,378.4,0.526,42.7,28.6,1326.5,-5.45,1.034,15.5,0
MOIL-SAMP-01972,21.82672,79.08889,Gumgaon Mine,48.97,501.2,0.665,46.8,31.3,1291.2,-10.69,0.917,8.2,0
MOIL-SAMP-01973,21.87457,79.67686,Tirodi Mine,20.95,435.1,0.491,52.0,31.2,1441.0,-10.01,1.446,21.7,0
MOIL-SAMP-01974,21.86368,79.79022,Tirodi Mine,20.87,350.1,0.674,42.2,30.4,1329.6,-0.01,1.501,23.5,0
MOIL-SAMP-01975,21.15411,80.52821,,999.0,361.5,0.731,38.7,34.7,1344.2,1.75,0.882,6.3,0
MOIL-SAMP-01976,21.83705,79.91972,Sitasaongi Mine,32.54,413.7,0.776,38.9,29.9,1335.3,1.03,0.959,15.2,0
MOIL-SAMP-01977,21.23708,79.69038,Chikla Mine,36.6,403.5,0.571,43.2,32.5,1253.7,-3.33,1.027,17.2,0
MOIL-SAMP-01978,21.19614,79.78704,Chikla Mine,41.0,308.1,0.434,20.1,35.1,1254.3,-3.17,1.474,14.1,0
MOIL-SAMP-01979,21.80898,79.41247,Mansar Mine,47.69,463.4,0.563,45.7,29.4,1169.4,-4.55,1.056,15.4,0
MOIL-SAMP-01980,21.72756,79.41186,Mansar Mine,39.18,400.9,0.73,31.2,31.2,1174.3,-10.38,0.95,14.2,0
MOIL-SAMP-01981,22.04214,79.42758,Mansar Mine,73.0,428.8,0.617,42.2,29.3,1239.2,-1.12,1.131,12.2,0
MOIL-SAMP-01982,21.34255,79.34797,Mansar Mine,9.9,466.8,0.671,32.1,32.3,1266.6,0.78,1.209,14.5,0
MOIL-SAMP-01983,21.46915,79.64401,Dongri Buzurg Mine,10.89,344.0,0.654,42.7,30.3,1196.6,-9.91,1.138,10.5,0
MOIL-SAMP-01984,21.26765,79.11878,Mansar Mine,21.52,355.0,0.444,34.1,32.9,1229.5,-4.96,1.137,16.5,0
MOIL-SAMP-01985,21.42364,78.87746,Gumgaon Mine,13.48,463.2,0.619,34.9,29.0,1279.2,8.84,1.557,5.8,0
MOIL-SAMP-01986,21.77294,79.77531,Tirodi Mine,11.23,279.8,0.807,23.9,27.1,1309.0,-5.6,1.345,10.8,0
MOIL-SAMP-01987,21.35658,79.48057,Dongri Buzurg Mine,31.31,450.2,0.639,59.7,32.9,1341.1,-11.49,1.185,6.3,0
MOIL-SAMP-01988,21.46848,79.1048,Gumgaon Mine,13.59,444.8,0.72,29.3,29.3,1271.9,-15.17,1.274,11.9,0
MOIL-SAMP-01989,21.85435,79.35988,Mansar Mine,51.26,453.1,0.555,41.9,28.5,1364.8,-7.2,1.496,16.5,0
MOIL-SAMP-01990,21.39483,78.97824,Gumgaon Mine,2.58,351.9,0.662,31.2,28.4,1167.8,-5.37,1.133,18.6,0
MOIL-SAMP-01991,21.76326,79.45973,Mansar Mine,44.78,342.4,0.734,44.4,28.8,1389.2,-10.49,1.391,12.6,0
MOIL-SAMP-01992,21.59365,79.08413,Gumgaon Mine,23.92,273.7,0.812,40.1,31.0,1266.1,-6.4,1.112,2.9,0
MOIL-SAMP-01993,21.62074,80.06589,Balaghat Mine (Largest underground Mn mine),23.69,421.2,0.642,38.0,28.4,1451.6,-10.69,1.012,22.5,0
MOIL-SAMP-01994,21.25593,78.94684,Gumgaon Mine,16.04,323.0,0.559,45.8,30.7,1303.9,-4.11,1.372,6.8,0
MOIL-SAMP-01995,21.57647,79.17217,Kandri Mine,20.19,370.8,0.728,47.6,29.9,1260.3,-6.09,0.834,14.8,0
MOIL-SAMP-01996,21.74612,79.91696,Sitasaongi Mine,24.21,396.7,0.733,40.0,32.4,1360.1,2.14,1.172,13.1,0
MOIL-SAMP-01997,21.98617,80.10886,Balaghat Mine (Largest underground Mn mine),21.87,440.1,0.593,38.3,26.9,1276.6,-4.33,1.123,13.9,0
MOIL-SAMP-01998,21.76632,79.41239,Mansar Mine,43.21,366.5,0.472,33.4,32.4,1357.5,-9.58,1.132,15.8,0
MOIL-SAMP-01999,21.96744,80.13322,Balaghat Mine (Largest underground Mn mine),19.08,434.8,0.619,41.3,30.9,1286.4,-0.6,1.122,26.3,0
MOIL-SAMP-02000,21.82087,79.81027,Tirodi Mine,17.64,367.5,0.824,24.8,36.2,1435.7,-8.54,1.092,14.7,0
MOIL-SAMP-02001,22.12368,80.21034,Balaghat Mine (Largest underground Mn mine),35.59,387.5,0.609,57.6,28.0,1426.5,-2.23,1.028,23.8,0
MOIL-SAMP-02002,21.6157,79.08723,Gumgaon Mine,26.32,416.4,0.671,75.4,31.1,1218.1,3.94,1.495,-1.6,0
MOIL-SAMP-02003,21.96285,80.50544,Ukwa Mine,3.91,335.4,0.685,48.5,34.0,1379.5,-5.68,1.23,19.3,0
MOIL-SAMP-02004,21.61828,79.67005,Tirodi Mine,9.05,477.8,0.766,43.9,27.2,1500.6,-5.44,1.336,13.8,0
MOIL-SAMP-02005,21.83448,80.12839,Balaghat Mine (Largest underground Mn mine),7.04,402.3,0.811,49.4,31.0,1360.8,-6.11,1.016,8.4,0
MOIL-SAMP-02006,21.6154,79.26705,Kandri Mine,21.94,464.2,0.385,55.2,27.3,1288.9,-7.34,1.356,14.0,0
MOIL-SAMP-02007,21.37379,80.39997,Ukwa Mine,66.08,377.5,0.685,58.4,33.3,1391.3,-2.61,1.024,19.5,0
MOIL-SAMP-02008,21.76694,80.49315,Ukwa Mine,22.38,473.2,0.419,40.5,31.8,1407.1,-3.1,1.417,12.4,0
MOIL-SAMP-02009,21.54208,80.10931,Balaghat Mine (Largest underground Mn mine),29.9,358.5,0.414,23.3,27.7,1243.5,-0.62,1.057,21.7,0
MOIL-SAMP-02010,21.81518,80.2698,Balaghat Mine (Largest underground Mn mine),8.64,325.5,0.756,23.8,32.9,1261.1,10.57,1.053,21.9,0
MOIL-SAMP-02011,22.0324,79.66591,Tirodi Mine,38.36,449.6,0.775,59.9,35.8,1373.4,-10.59,1.14,13.7,0
MOIL-SAMP-02012,21.18026,79.7056,Chikla Mine,42.65,414.8,0.715,41.4,30.0,1280.9,-3.54,1.107,6.5,0
MOIL-SAMP-02013,21.50144,79.68024,Dongri Buzurg Mine,6.08,372.0,0.595,60.7,32.7,1373.3,-12.02,1.064,11.5,0
MOIL-SAMP-02014,21.3208,80.23229,Balaghat Mine (Largest underground Mn mine),53.46,420.3,0.775,36.5,32.0,1412.2,-15.98,1.233,14.0,0
MOIL-SAMP-02015,21.75444,79.07931,Gumgaon Mine,40.94,356.4,0.763,52.0,35.0,1333.4,-10.92,1.089,14.3,0
MOIL-SAMP-02016,21.25293,80.3216,Ukwa Mine,80.5,320.5,0.545,47.8,27.5,1339.2,-5.62,1.071,10.6,0
MOIL-SAMP-02017,21.94676,79.43657,Mansar Mine,63.0,337.1,0.448,32.7,29.0,1305.6,-11.75,0.85,14.6,0
MOIL-SAMP-02018,21.79945,80.27638,Balaghat Mine (Largest underground Mn mine),9.21,528.6,0.693,27.9,26.5,1330.0,0.18,1.065,12.1,0
MOIL-SAMP-02019,21.68275,79.57147,Tirodi Mine,14.86,283.6,0.549,48.8,33.0,1292.2,-1.41,1.166,10.2,0
MOIL-SAMP-02020,21.56344,79.96757,Balaghat Mine (Largest underground Mn mine),34.85,271.4,0.622,30.3,28.1,1387.2,1.41,1.141,11.9,0
MOIL-SAMP-02021,21.69795,80.60301,Ukwa Mine,32.95,393.0,0.666,47.8,26.6,1346.2,0.91,1.063,15.9,0
MOIL-SAMP-02022,21.53382,79.46329,Mansar Mine,24.79,296.6,0.7,36.2,28.0,1236.2,2.56,1.62,13.8,0
MOIL-SAMP-02023,21.96392,79.91375,Tirodi Mine,36.74,482.4,0.615,36.2,33.4,1301.8,-8.24,1.362,15.3,0
MOIL-SAMP-02024,21.93431,79.63364,Tirodi Mine,28.45,359.6,0.798,44.8,34.3,1140.2,-7.22,0.756,16.3,0
MOIL-SAMP-02025,21.93733,79.83015,Tirodi Mine,29.98,379.2,0.411,24.9,28.1,1383.9,-2.35,1.401,10.4,0
MOIL-SAMP-02026,21.38615,80.0427,Balaghat Mine (Largest underground Mn mine),48.4,457.3,0.547,47.1,31.4,1425.7,0.3,1.255,17.5,0
MOIL-SAMP-02027,21.22789,80.52555,,999.0,292.0,0.657,35.4,28.9,1441.4,-11.01,1.066,9.2,0
MOIL-SAMP-02028,21.72419,79.72593,Tirodi Mine,4.1,357.6,0.384,56.4,31.3,1179.8,23.04,2.2,23.5,1
MOIL-SAMP-02029,21.74216,79.68324,Tirodi Mine,6.78,461.2,0.596,36.3,34.3,1312.0,-9.06,1.309,2.9,0
MOIL-SAMP-02030,21.70509,80.32964,Ukwa Mine,32.39,402.0,0.758,27.2,30.0,1479.3,-14.08,1.051,14.3,0
MOIL-SAMP-02031,21.32617,80.57059,,999.0,291.9,0.57,55.6,34.1,1214.6,-4.39,1.17,19.2,0
MOIL-SAMP-02032,21.21961,79.04574,Gumgaon Mine,19.49,381.8,0.516,44.9,26.5,1225.8,2.52,1.454,22.2,0
MOIL-SAMP-02033,21.96407,80.23842,Balaghat Mine (Largest underground Mn mine),18.63,379.0,0.501,29.4,26.9,1424.2,5.26,1.082,-0.6,0
MOIL-SAMP-02034,21.52891,79.73973,Chikla Mine,3.94,409.2,0.69,42.2,32.9,1230.7,-2.26,1.03,18.2,0
MOIL-SAMP-02035,21.81016,79.01296,Gumgaon Mine,46.34,453.8,0.599,56.3,29.2,1177.6,-4.91,1.023,15.1,0
MOIL-SAMP-02036,21.96703,80.44707,Ukwa Mine,2.16,378.1,0.651,40.0,33.4,1284.8,-7.05,1.362,14.7,0
MOIL-SAMP-02037,22.05326,79.99504,Tirodi Mine,49.66,465.0,0.603,30.2,34.8,1274.1,1.99,1.483,7.7,0
MOIL-SAMP-02038,21.15018,79.11411,Mansar Mine,31.97,298.3,0.612,36.8,37.6,1383.2,-1.72,1.394,10.9,0
MOIL-SAMP-02039,21.29922,79.80626,Chikla Mine,30.08,411.6,0.589,39.3,32.3,1315.9,-7.55,0.99,7.3,0
MOIL-SAMP-02040,21.53998,79.89028,Sitasaongi Mine,14.2,394.4,0.79,35.5,32.9,1334.4,-14.29,0.758,16.9,0
MOIL-SAMP-02041,21.34567,80.07673,Balaghat Mine (Largest underground Mn mine),51.79,304.7,0.694,43.5,35.2,1349.0,-5.71,1.377,10.5,0
MOIL-SAMP-02042,21.4666,79.8765,Sitasaongi Mine,17.57,415.7,0.831,35.8,32.2,1442.4,-2.63,1.063,18.0,0
MOIL-SAMP-02043,22.0632,79.39819,Mansar Mine,74.69,444.0,0.719,48.8,32.6,1178.1,-7.14,1.07,20.3,0
MOIL-SAMP-02044,22.09333,79.63251,Tirodi Mine,45.57,380.8,0.735,28.8,29.9,1305.7,3.22,1.267,12.8,0
MOIL-SAMP-02045,22.13258,79.46968,Mansar Mine,83.74,417.5,0.639,50.1,31.3,1381.6,-8.54,1.568,17.1,0
MOIL-SAMP-02046,21.23929,78.86461,Gumgaon Mine,22.07,324.7,0.671,46.1,28.3,1173.2,0.55,1.341,15.4,0
MOIL-SAMP-02047,22.13642,79.57756,Tirodi Mine,51.53,423.2,0.65,42.2,32.6,1224.9,-0.07,0.78,16.5,0
MOIL-SAMP-02048,21.27756,79.37953,Mansar Mine,17.3,385.2,0.54,37.7,28.4,1361.5,-3.33,1.316,25.1,0
MOIL-SAMP-02049,21.51922,79.83799,Sitasaongi Mine,10.64,361.8,0.777,56.4,33.6,1283.6,-14.69,1.041,17.3,0
MOIL-SAMP-02050,21.20313,80.11604,Balaghat Mine (Largest underground Mn mine),66.68,319.3,0.459,39.7,31.8,1483.4,-6.14,1.733,7.0,0
MOIL-SAMP-02051,21.97075,79.49664,Mansar Mine,67.44,460.1,0.511,33.5,28.5,1374.4,-11.11,0.75,15.5,0
MOIL-SAMP-02052,22.01125,80.40822,Ukwa Mine,7.81,445.8,0.674,45.8,33.0,1410.9,-6.67,0.919,13.0,0
MOIL-SAMP-02053,21.38524,80.114,Balaghat Mine (Largest underground Mn mine),46.75,327.8,0.713,24.5,28.2,1399.1,-13.84,1.514,17.2,0
MOIL-SAMP-02054,21.54427,79.42263,Mansar Mine,22.41,362.7,0.619,28.8,31.1,1279.1,-3.33,0.879,8.0,0
MOIL-SAMP-02055,21.53279,79.53682,Tirodi Mine,25.22,401.0,0.496,46.1,32.7,1439.6,2.44,1.08,9.4,0
MOIL-SAMP-02056,21.69512,80.04248,Balaghat Mine (Largest underground Mn mine),19.11,399.4,0.507,31.1,28.3,1247.1,-3.91,0.983,14.3,0
MOIL-SAMP-02057,21.62487,79.18881,Kandri Mine,24.37,435.9,0.565,35.4,32.8,1206.1,-9.98,1.099,3.7,0
MOIL-SAMP-02058,21.5346,80.51407,Ukwa Mine,48.16,435.7,0.628,28.3,31.7,1308.3,0.04,0.683,6.3,0
MOIL-SAMP-02059,21.98996,79.12768,Gumgaon Mine,67.46,438.1,0.564,22.5,27.7,1104.8,-3.7,1.116,7.3,0
MOIL-SAMP-02060,22.14746,80.05612,Tirodi Mine,61.81,448.3,0.783,15.0,32.9,1308.9,-7.07,1.48,9.3,0
MOIL-SAMP-02061,21.28428,78.97914,Gumgaon Mine,12.07,416.6,0.495,35.0,29.9,1207.2,-13.49,0.997,4.2,0
MOIL-SAMP-02062,21.16571,80.14841,Balaghat Mine (Largest underground Mn mine),70.52,408.9,0.873,28.1,31.8,1303.1,-3.3,1.005,19.2,0
MOIL-SAMP-02063,21.6367,79.63612,Tirodi Mine,9.97,368.6,0.644,18.1,30.1,1272.0,-2.09,1.116,9.0,0
MOIL-SAMP-02064,22.14022,79.00239,Gumgaon Mine,82.82,304.2,0.575,40.7,31.6,1299.8,-13.84,1.273,0.9,0
MOIL-SAMP-02065,21.79224,79.59854,Tirodi Mine,16.63,326.1,0.52,32.8,33.4,1263.6,-9.39,1.443,22.6,0
MOIL-SAMP-02066,21.60603,80.27007,Ukwa Mine,44.94,447.6,0.556,47.8,32.3,1362.9,-1.49,1.146,1.5,0
MOIL-SAMP-02067,21.75443,79.61627,Tirodi Mine,12.55,360.7,0.672,33.1,31.6,1397.4,-22.41,0.852,15.2,0
MOIL-SAMP-02068,21.3298,79.76695,Chikla Mine,26.08,440.1,0.619,20.2,31.5,1338.6,-8.53,1.109,19.4,0
MOIL-SAMP-02069,21.70205,79.66008,Tirodi Mine,5.87,250.6,0.485,33.7,31.0,1376.9,-6.79,1.186,10.4,0
MOIL-SAMP-02070,21.50531,79.18442,Kandri Mine,12.98,414.2,0.831,45.9,31.8,1223.1,1.96,1.146,10.6,0
MOIL-SAMP-02071,21.75457,79.89029,Sitasaongi Mine,23.22,400.1,0.379,21.4,32.3,1317.6,-3.38,0.851,9.5,0
MOIL-SAMP-02072,21.9968,79.27615,Mansar Mine,66.21,377.1,0.623,63.2,34.3,1361.8,2.8,0.914,20.2,0
MOIL-SAMP-02073,21.65173,79.58951,Tirodi Mine,13.6,307.9,0.58,30.8,29.8,1275.5,-9.4,1.255,18.0,0
MOIL-SAMP-02074,21.69617,79.51055,Tirodi Mine,21.17,345.1,0.761,32.9,33.6,1230.3,-1.3,1.067,12.9,0
MOIL-SAMP-02075,22.12823,79.87267,Tirodi Mine,51.28,427.6,0.686,46.9,35.6,1372.9,-13.12,1.114,10.5,0
MOIL-SAMP-02076,21.85488,79.0537,Gumgaon Mine,51.54,320.9,0.493,36.9,33.9,1244.4,2.26,0.789,16.8,0
MOIL-SAMP-02077,21.63153,80.0929,Balaghat Mine (Largest underground Mn mine),21.27,359.8,0.8,40.2,28.6,1347.4,-16.15,1.346,10.6,0
MOIL-SAMP-02078,21.29209,80.16633,Balaghat Mine (Largest underground Mn mine),56.48,391.8,0.817,59.6,30.6,1247.2,-15.26,1.107,8.2,0
MOIL-SAMP-02079,22.13358,80.6206,Ukwa Mine,24.15,364.3,0.487,35.6,30.7,1393.5,-10.7,1.379,11.1,0
MOIL-SAMP-02080,21.92887,79.68689,Tirodi Mine,26.74,396.5,0.569,39.2,26.7,1421.8,-7.67,1.217,8.8,0
MOIL-SAMP-02081,21.22823,80.45185,,999.0,362.5,0.531,47.2,30.8,1386.7,-12.43,1.558,9.1,0
MOIL-SAMP-02082,21.23845,79.70041,Chikla Mine,36.31,352.7,0.8,38.9,32.5,1189.4,3.87,0.846,6.6,0
MOIL-SAMP-02083,21.89169,80.57874,Ukwa Mine,14.21,421.0,0.582,33.7,34.2,1280.0,9.36,1.193,5.4,0
MOIL-SAMP-02084,21.22808,79.99064,Balaghat Mine (Largest underground Mn mine),66.69,324.7,0.562,36.2,32.4,1226.7,2.4,1.086,25.4,0
MOIL-SAMP-02085,21.9481,79.4125,Mansar Mine,62.52,486.2,0.749,19.1,30.2,1355.4,-7.63,1.292,25.2,0
MOIL-SAMP-02086,21.20277,79.46838,Dongri Buzurg Mine,45.5,430.8,0.605,47.0,32.5,1350.3,-11.83,1.418,16.7,0
MOIL-SAMP-02087,21.92853,79.69396,Tirodi Mine,26.63,464.7,0.605,40.3,32.3,1322.1,-9.18,1.09,12.1,0
MOIL-SAMP-02088,21.66266,79.69462,Tirodi Mine,3.55,400.9,0.66,57.8,32.9,1313.4,-0.7,1.172,14.1,0
MOIL-SAMP-02089,21.88381,79.60783,Tirodi Mine,24.28,422.9,0.701,45.2,33.6,1337.3,1.37,1.339,7.8,0
MOIL-SAMP-02090,22.11058,80.2868,Balaghat Mine (Largest underground Mn mine),35.58,441.7,0.622,15.0,27.8,1292.4,-10.17,1.394,16.7,0
MOIL-SAMP-02091,21.43921,78.91359,Gumgaon Mine,10.66,316.3,0.766,32.4,33.3,1211.2,-11.73,1.389,14.5,0
MOIL-SAMP-02092,22.07286,80.19897,Balaghat Mine (Largest underground Mn mine),29.92,411.2,0.64,19.8,29.8,1315.1,-3.73,1.1,18.7,0
MOIL-SAMP-02093,21.87697,79.86467,Tirodi Mine,25.96,416.3,0.718,45.3,29.9,1380.3,-11.43,1.228,7.6,0
MOIL-SAMP-02094,21.21142,79.70169,Chikla Mine,39.26,336.9,0.78,44.9,31.5,1288.8,-12.99,1.22,21.0,0
MOIL-SAMP-02095,21.31908,78.94292,Gumgaon Mine,10.11,441.3,0.537,15.0,28.5,1253.5,-13.8,1.083,8.6,0
MOIL-SAMP-02096,22.14036,80.30601,Balaghat Mine (Largest underground Mn mine),39.32,500.7,0.35,37.5,28.0,1323.0,-7.37,1.578,17.0,0
MOIL-SAMP-02097,21.77432,79.36627,Mansar Mine,42.72,442.7,0.705,26.8,30.3,1285.7,-4.62,1.161,15.0,0
MOIL-SAMP-02098,21.23251,79.76007,Chikla Mine,36.76,360.0,0.789,34.2,29.3,1412.7,3.77,1.393,10.2,0
MOIL-SAMP-02099,22.00145,79.35013,Mansar Mine,67.2,444.2,0.743,40.1,27.0,1210.6,-6.85,1.061,15.6,0
MOIL-SAMP-02100,21.28254,79.35575,Mansar Mine,15.38,438.4,0.451,44.3,35.5,1259.3,-1.86,0.995,11.9,0
MOIL-SAMP-02101,22.00786,78.87557,Gumgaon Mine,69.45,405.6,0.608,31.0,32.7,1324.5,-8.02,1.344,14.6,0
MOIL-SAMP-02102,21.26155,79.1643,Mansar Mine,18.83,335.8,0.694,38.0,29.1,1331.5,-4.27,1.24,12.9,0
MOIL-SAMP-02103,21.74177,79.12204,Gumgaon Mine,40.69,492.8,0.768,42.2,32.3,1241.9,0.98,0.952,5.0,0
MOIL-SAMP-02104,21.59665,80.30411,Ukwa Mine,44.41,422.9,0.646,50.5,26.5,1255.0,-2.97,0.747,12.5,0
MOIL-SAMP-02105,21.41125,80.11139,Balaghat Mine (Largest underground Mn mine),43.97,389.2,0.735,15.8,31.2,1380.0,-7.71,1.512,21.6,0
MOIL-SAMP-02106,21.63492,80.28887,Ukwa Mine,41.21,412.9,0.641,30.3,33.2,1350.1,2.95,0.998,10.2,0
MOIL-SAMP-02107,22.01201,79.46713,Mansar Mine,70.81,391.9,0.696,42.5,28.5,1342.2,-10.08,1.336,7.2,0
MOIL-SAMP-02108,21.2344,79.11113,Mansar Mine,24.67,331.6,0.691,28.5,36.7,1380.5,-15.42,1.254,5.7,0
MOIL-SAMP-02109,22.08394,79.12747,Gumgaon Mine,77.68,479.3,0.463,33.3,29.0,1290.4,-0.86,1.308,19.1,0
MOIL-SAMP-02110,21.64595,80.63845,Ukwa Mine,39.72,429.8,0.484,31.9,34.8,1143.9,-4.79,1.381,11.8,0
MOIL-SAMP-02111,21.92037,79.27831,Mansar Mine,57.76,400.6,0.725,38.5,31.0,1242.3,5.75,0.813,16.1,0
MOIL-SAMP-02112,21.59019,79.99763,Balaghat Mine (Largest underground Mn mine),30.58,239.2,0.553,24.1,34.4,1350.0,-7.5,1.46,14.6,0
MOIL-SAMP-02113,21.36086,80.17185,Balaghat Mine (Largest underground Mn mine),48.86,405.4,0.574,19.9,28.7,1357.9,-10.17,1.258,13.9,0
MOIL-SAMP-02114,21.49508,80.00607,Balaghat Mine (Largest underground Mn mine),38.81,436.1,0.635,37.4,33.8,1294.6,3.98,0.967,15.3,0
MOIL-SAMP-02115,21.90548,79.05879,Gumgaon Mine,57.16,419.6,0.579,30.0,33.3,1263.2,-0.01,1.491,8.8,0
MOIL-SAMP-02116,21.3176,79.56774,Dongri Buzurg Mine,29.38,305.4,0.567,41.1,35.0,1237.2,-5.71,0.813,17.8,0
MOIL-SAMP-02117,21.45137,80.19307,Balaghat Mine (Largest underground Mn mine),38.83,319.2,0.56,68.3,28.3,1318.3,-10.31,1.203,15.1,0
MOIL-SAMP-02118,21.90243,79.80854,Tirodi Mine,25.56,399.7,0.631,43.4,28.5,1239.3,-2.59,0.976,8.2,0
MOIL-SAMP-02119,21.5298,80.12009,Balaghat Mine (Largest underground Mn mine),30.94,400.3,0.776,45.1,30.0,1344.7,1.29,1.327,21.1,0
MOIL-SAMP-02120,21.62459,79.11127,Gumgaon Mine,28.15,320.1,0.696,66.9,34.3,1298.1,-21.19,1.38,17.3,0
MOIL-SAMP-02121,22.02028,78.87135,Gumgaon Mine,70.88,455.6,0.82,15.9,34.8,1248.2,-7.54,1.228,16.2,0
MOIL-SAMP-02122,22.07722,79.65788,Tirodi Mine,43.39,428.9,0.605,52.3,33.9,1361.2,-6.61,0.899,19.3,0
MOIL-SAMP-02123,21.82849,80.58117,Ukwa Mine,19.35,479.2,0.507,53.2,30.5,1408.9,-5.2,1.252,25.2,0
MOIL-SAMP-02124,21.83288,78.92383,Gumgaon Mine,49.52,391.9,0.688,33.9,33.8,1175.3,1.2,1.102,10.5,0
MOIL-SAMP-02125,22.06771,79.99736,Tirodi Mine,51.1,429.2,0.814,62.1,32.5,1362.8,-8.1,0.775,9.8,0
MOIL-SAMP-02126,22.10618,79.62721,Tirodi Mine,47.07,343.2,0.602,38.9,32.2,1411.2,-6.65,1.205,4.8,0
MOIL-SAMP-02127,22.06804,80.39504,Ukwa Mine,13.38,448.6,0.728,39.5,32.5,1364.1,-9.41,1.403,11.0,0
MOIL-SAMP-02128,21.48497,79.33076,Mansar Mine,11.33,425.7,0.621,46.3,28.5,1412.1,-15.23,0.882,9.3,0
MOIL-SAMP-02129,21.24828,80.02782,Balaghat Mine (Largest underground Mn mine),63.46,299.8,0.74,60.5,32.2,1369.7,-5.81,1.18,14.4,0
MOIL-SAMP-02130,21.54115,80.24167,Balaghat Mine (Largest underground Mn mine),29.44,401.3,0.612,67.5,30.1,1155.8,-10.05,1.658,5.1,0
MOIL-SAMP-02131,21.89909,80.17176,Balaghat Mine (Largest underground Mn mine),10.8,379.2,0.523,27.6,31.7,1165.1,-3.56,1.033,11.5,0
MOIL-SAMP-02132,21.73872,79.20087,Gumgaon Mine,43.57,478.9,0.731,47.3,28.2,1302.6,-8.05,1.283,5.8,0
MOIL-SAMP-02133,21.48741,80.0925,Balaghat Mine (Largest underground Mn mine),36.19,346.0,0.698,34.1,32.0,1335.2,-11.66,0.932,11.7,0
MOIL-SAMP-02134,21.32992,79.8357,Chikla Mine,27.69,379.2,0.655,31.8,30.8,1300.6,-7.68,1.51,13.2,0
MOIL-SAMP-02135,21.8228,80.34704,Ukwa Mine,20.34,403.5,0.632,39.7,28.3,1287.1,7.95,1.341,14.0,0
MOIL-SAMP-02136,21.16196,79.02586,Gumgaon Mine,25.46,417.9,0.807,64.0,33.3,1271.9,0.86,1.316,8.3,0
MOIL-SAMP-02137,21.25391,79.6527,Chikla Mine,35.56,369.1,0.539,27.0,33.3,1252.4,-3.36,1.252,8.1,0
MOIL-SAMP-02138,21.36942,79.35993,Mansar Mine,9.55,427.7,0.686,43.1,29.1,1125.3,-8.26,1.194,12.9,0
MOIL-SAMP-02139,21.34308,78.89266,Gumgaon Mine,12.6,309.2,0.634,57.0,29.0,1294.7,1.85,1.037,7.0,0
MOIL-SAMP-02140,21.24194,80.53931,,999.0,389.1,0.565,48.9,31.0,1406.6,-0.06,1.144,20.8,0
MOIL-SAMP-02141,21.80661,80.35383,Ukwa Mine,21.39,384.5,0.493,36.8,31.5,1375.2,-4.08,0.905,15.4,0
MOIL-SAMP-02142,22.10049,79.99855,Tirodi Mine,54.18,401.6,0.646,33.8,29.6,1304.1,-5.53,1.254,9.2,0
MOIL-SAMP-02143,21.85808,79.06596,Gumgaon Mine,52.04,386.4,0.705,33.2,24.9,1276.8,-4.65,1.143,20.6,0
MOIL-SAMP-02144,22.00644,79.08383,Gumgaon Mine,68.54,375.4,0.655,55.9,35.9,1176.1,7.03,1.036,7.7,0
MOIL-SAMP-02145,21.80639,80.46981,Ukwa Mine,17.87,442.0,0.722,46.0,34.5,1288.8,-3.25,1.202,13.0,0
MOIL-SAMP-02146,21.71607,80.5909,Ukwa Mine,30.61,338.0,0.863,34.3,35.9,1544.2,-5.25,1.339,9.4,0
MOIL-SAMP-02147,22.046,80.10218,Balaghat Mine (Largest underground Mn mine),28.33,454.3,0.511,45.4,32.3,1256.8,-8.74,0.856,9.4,0
MOIL-SAMP-02148,21.40334,79.69052,Chikla Mine,18.6,301.7,0.417,68.1,30.1,1303.4,-8.79,1.389,9.1,0
MOIL-SAMP-02149,22.08618,79.9998,Tirodi Mine,52.93,324.4,0.668,41.6,32.8,1288.7,2.48,1.077,16.3,0
MOIL-SAMP-02150,22.0727,79.34749,Mansar Mine,75.0,396.0,0.632,53.5,30.8,1228.3,-4.07,0.892,17.3,0
MOIL-SAMP-02151,21.57698,80.4761,Ukwa Mine,43.24,465.2,0.504,28.3,27.4,1272.5,-9.48,1.193,7.7,0
MOIL-SAMP-02152,21.91988,79.43213,Mansar Mine,60.02,370.6,0.514,51.6,33.2,1425.0,-15.36,0.934,5.2,0
MOIL-SAMP-02153,21.31197,78.98319,Gumgaon Mine,8.99,383.4,0.642,37.7,28.5,1240.5,-4.4,1.343,7.8,0
MOIL-SAMP-02154,21.92711,79.53904,Tirodi Mine,32.05,507.0,0.6,48.6,32.6,1315.3,-3.63,0.926,16.2,0
MOIL-SAMP-02155,21.48265,78.95811,Gumgaon Mine,11.12,383.8,0.465,39.4,35.9,1441.5,-6.73,1.126,8.9,0
MOIL-SAMP-02156,22.10561,79.3264,Mansar Mine,78.44,451.5,0.621,20.5,32.3,1163.6,2.56,1.15,27.2,0
MOIL-SAMP-02157,21.59057,79.7351,Chikla Mine,2.97,307.9,0.556,54.3,28.8,1274.5,-5.19,1.06,9.3,0
MOIL-SAMP-02158,22.07859,79.94854,Tirodi Mine,49.44,315.1,0.435,38.9,35.6,1373.4,1.36,0.909,3.4,0
MOIL-SAMP-02159,21.32844,79.7357,Chikla Mine,26.11,339.7,0.562,31.2,32.5,1267.3,-13.88,1.207,9.6,0
MOIL-SAMP-02160,21.29387,80.23367,Balaghat Mine (Largest underground Mn mine),56.44,370.0,0.623,48.2,33.5,1440.9,-9.52,0.807,14.3,0
MOIL-SAMP-02161,21.36839,80.00801,Balaghat Mine (Largest underground Mn mine),51.45,449.0,0.652,51.6,33.7,1221.1,-8.67,1.026,7.2,0
MOIL-SAMP-02162,22.06261,80.13772,Balaghat Mine (Largest underground Mn mine),29.21,341.7,0.762,35.8,29.5,1248.3,-2.89,1.368,4.1,0
MOIL-SAMP-02163,21.25329,78.98126,Gumgaon Mine,15.41,351.3,0.61,48.6,30.5,1279.8,0.76,1.058,12.2,0
MOIL-SAMP-02164,21.72134,79.30107,Mansar Mine,35.87,447.1,0.684,62.9,29.8,1282.8,2.31,1.045,8.4,0
MOIL-SAMP-02165,21.59588,80.46372,Ukwa Mine,41.15,328.3,0.574,38.0,36.0,1338.4,-12.99,1.438,4.0,0
MOIL-SAMP-02166,21.29885,80.0026,Balaghat Mine (Largest underground Mn mine),58.87,389.6,0.75,38.3,29.1,1370.1,4.96,1.226,9.6,0
MOIL-SAMP-02167,22.08289,80.04629,Dongri Buzurg Mine,68.74,483.5,0.656,40.5,33.1,1417.8,-9.75,1.79,17.5,0
MOIL-SAMP-02168,21.41644,80.1101,Balaghat Mine (Largest underground Mn mine),43.43,398.5,0.681,38.4,33.9,1327.6,2.99,1.041,11.1,0
MOIL-SAMP-02169,22.05462,79.88435,Tirodi Mine,44.11,444.8,0.708,35.9,33.0,1341.0,-4.04,1.181,15.2,0
MOIL-SAMP-02170,21.66538,80.54184,Ukwa Mine,34.32,470.5,0.671,34.5,33.0,1263.3,-6.18,1.363,-2.1,0
MOIL-SAMP-02171,21.64068,79.6349,Tirodi Mine,9.83,407.6,0.639,56.7,35.5,1355.1,-12.31,1.388,10.0,0
MOIL-SAMP-02172,21.99405,80.25569,Balaghat Mine (Largest underground Mn mine),22.33,395.3,0.604,51.1,26.7,1373.5,-1.86,1.199,10.5,0
MOIL-SAMP-02173,21.93538,79.82223,Tirodi Mine,29.47,348.8,0.625,54.5,27.3,1300.1,-16.19,1.348,8.8,0
MOIL-SAMP-02174,21.15331,80.56748,,999.0,346.7,0.546,69.0,29.8,1453.0,-6.03,1.255,9.9,0
MOIL-SAMP-02175,21.96798,79.71772,Tirodi Mine,30.9,444.8,0.566,35.9,31.2,1384.9,-7.23,1.248,27.0,0
MOIL-SAMP-02176,21.71724,80.53308,Ukwa Mine,28.53,424.7,0.705,42.6,36.0,1236.6,-0.96,1.466,20.8,0
MOIL-SAMP-02177,21.50892,80.0773,Balaghat Mine (Largest underground Mn mine),34.39,431.7,0.524,56.8,28.7,1331.6,-1.89,1.186,11.8,0
MOIL-SAMP-02178,21.55061,79.98809,Balaghat Mine (Largest underground Mn mine),34.64,397.1,0.654,47.9,33.0,1256.1,-6.87,1.298,3.7,0
MOIL-SAMP-02179,22.10882,79.0132,Gumgaon Mine,79.35,332.3,0.716,35.7,34.8,1252.9,-10.19,1.403,8.3,0
MOIL-SAMP-02180,21.68463,80.57967,Ukwa Mine,33.39,374.7,0.611,50.6,32.2,1354.4,-13.73,1.389,4.1,0
MOIL-SAMP-02181,21.23046,79.67735,Chikla Mine,37.54,298.7,0.652,36.5,31.2,1293.1,-5.65,1.322,-0.2,0
MOIL-SAMP-02182,21.91651,80.01603,Dongri Buzurg Mine,51.91,385.2,0.694,29.8,30.8,1208.2,-5.25,1.17,9.4,0
MOIL-SAMP-02183,21.32662,78.9208,Gumgaon Mine,11.1,334.6,0.732,15.0,26.7,1199.8,-10.62,0.667,24.8,0
MOIL-SAMP-02184,21.53416,79.19381,Kandri Mine,15.01,353.9,0.625,27.5,31.6,1471.3,-3.79,1.152,8.6,0
MOIL-SAMP-02185,21.84588,80.46363,Ukwa Mine,13.51,366.7,0.533,28.6,25.9,1335.0,-1.72,1.233,15.9,0
MOIL-SAMP-02186,21.78062,79.49667,Mansar Mine,48.24,462.3,0.655,39.3,27.3,1393.5,-3.58,1.392,13.9,0
MOIL-SAMP-02187,21.23486,79.98902,Balaghat Mine (Largest underground Mn mine),66.02,421.9,0.516,15.0,27.4,1250.4,0.9,1.077,16.0,0
MOIL-SAMP-02188,21.88532,79.1019,Gumgaon Mine,55.59,321.2,0.762,41.1,34.1,1119.1,-9.99,0.988,17.0,0
MOIL-SAMP-02189,21.34309,80.14553,Balaghat Mine (Largest underground Mn mine),50.98,297.3,0.799,34.7,33.7,1395.1,-1.37,1.139,13.5,0
MOIL-SAMP-02190,21.74295,79.73062,Tirodi Mine,6.23,425.7,0.444,44.7,33.3,1341.9,-5.87,1.474,14.5,0
MOIL-SAMP-02191,21.21299,79.82299,Balaghat Mine (Largest underground Mn mine),75.28,333.1,0.607,40.8,29.9,1129.0,-7.36,0.846,16.4,0
MOIL-SAMP-02192,21.45773,79.81109,Sitasaongi Mine,14.79,386.6,0.47,33.1,31.4,1301.3,-7.06,0.899,12.2,0
MOIL-SAMP-02193,21.98425,79.65875,Tirodi Mine,33.21,438.3,0.434,49.6,32.5,1266.6,-4.41,1.253,9.3,0
MOIL-SAMP-02194,22.14583,78.91668,,999.0,462.9,0.722,46.5,29.1,1301.8,-4.52,1.019,18.7,0
MOIL-SAMP-02195,21.20605,80.268,Balaghat Mine (Largest underground Mn mine),66.47,436.2,0.633,34.0,28.3,1288.3,-5.98,1.307,7.0,0
MOIL-SAMP-02196,21.19281,79.06274,Gumgaon Mine,22.8,298.9,0.624,40.0,32.3,1294.0,-1.19,1.228,7.3,0
MOIL-SAMP-02197,21.9571,80.05117,Balaghat Mine (Largest underground Mn mine),22.14,419.0,0.602,46.8,31.4,1334.6,-1.63,0.998,25.2,0
MOIL-SAMP-02198,21.60837,80.07054,Balaghat Mine (Largest underground Mn mine),24.62,254.0,0.655,39.7,33.8,1153.8,-10.63,0.608,21.5,0
MOIL-SAMP-02199,22.02426,79.11812,Gumgaon Mine,71.01,376.4,0.726,34.1,31.2,1368.2,-0.4,1.091,14.3,0
MOIL-SAMP-02200,21.72935,80.51467,Ukwa Mine,26.82,410.7,0.487,48.8,31.7,1348.2,-1.9,1.324,9.0,0
MOIL-SAMP-02201,21.18688,79.10486,Mansar Mine,29.13,352.7,0.52,59.2,26.1,1296.9,-2.76,0.987,17.7,0
MOIL-SAMP-02202,21.80383,79.6982,Tirodi Mine,12.87,395.5,0.88,46.3,30.0,1411.9,-13.48,1.263,12.2,0
MOIL-SAMP-02203,22.06802,78.93244,Gumgaon Mine,75.19,485.6,0.677,47.7,32.2,1200.7,-7.83,0.823,8.6,0
MOIL-SAMP-02204,21.8513,79.08497,Gumgaon Mine,51.58,358.2,0.544,36.2,32.3,1319.6,-3.29,1.03,15.4,0
MOIL-SAMP-02205,21.32225,78.93992,Gumgaon Mine,10.03,403.3,0.439,39.7,32.6,1359.8,2.98,1.163,19.6,0
MOIL-SAMP-02206,21.45734,80.27865,Ukwa Mine,59.75,328.6,0.61,40.5,29.4,1256.5,-3.33,1.16,13.7,0
MOIL-SAMP-02207,21.60618,79.15724,Gumgaon Mine,28.66,441.5,0.45,44.6,30.9,1352.1,1.98,0.907,3.9,0
MOIL-SAMP-02208,21.74104,80.32204,Ukwa Mine,29.27,415.4,0.494,42.1,34.5,1371.1,-4.71,1.136,25.8,0
MOIL-SAMP-02209,21.25633,79.74486,Chikla Mine,34.08,405.8,0.538,41.2,26.5,1367.0,-13.93,0.913,5.5,0
MOIL-SAMP-02210,21.94918,79.24703,Gumgaon Mine,66.69,363.1,0.751,21.6,28.1,1279.7,-10.38,0.819,8.7,0
MOIL-SAMP-02211,21.95445,79.61718,Tirodi Mine,31.1,451.0,0.625,46.7,31.7,1311.0,-11.42,1.513,19.6,0
MOIL-SAMP-02212,21.96152,80.61795,Ukwa Mine,15.5,388.0,0.569,52.4,30.5,1453.2,-0.39,1.353,19.1,0
MOIL-SAMP-02213,21.8284,79.43362,Mansar Mine,50.42,403.4,0.636,40.7,31.8,1297.0,-4.58,1.167,1.4,0
MOIL-SAMP-02214,22.12585,79.88674,Tirodi Mine,51.52,475.1,0.571,35.7,35.6,1269.8,-3.83,1.282,12.4,0
MOIL-SAMP-02215,21.28733,80.35557,Ukwa Mine,76.15,296.4,0.832,40.1,34.0,1381.7,-5.85,0.896,26.5,0
MOIL-SAMP-02216,21.9431,80.22561,Balaghat Mine (Largest underground Mn mine),16.04,429.3,0.523,41.1,33.0,1445.8,-14.89,1.15,20.3,0
MOIL-SAMP-02217,21.74309,79.45391,Mansar Mine,42.51,453.1,0.576,70.7,31.3,1301.1,-2.19,1.229,21.9,0
MOIL-SAMP-02218,21.27075,79.10423,Gumgaon Mine,16.97,353.9,0.708,20.9,26.5,1412.9,-0.32,1.313,12.4,0
MOIL-SAMP-02219,21.56515,80.10333,Balaghat Mine (Largest underground Mn mine),27.64,350.4,0.664,57.9,32.6,1413.0,-3.0,1.335,10.6,0
MOIL-SAMP-02220,21.70341,79.63959,Tirodi Mine,7.97,407.6,0.646,30.0,30.7,1270.9,0.09,1.341,15.0,0
MOIL-SAMP-02221,22.07568,78.92326,Gumgaon Mine,76.13,394.5,0.699,54.0,32.2,1348.7,-6.5,0.815,4.8,0
MOIL-SAMP-02222,21.24997,80.37526,,999.0,316.4,0.53,32.5,31.0,1341.5,-2.72,1.498,12.7,0
MOIL-SAMP-02223,21.76244,80.24979,Balaghat Mine (Largest underground Mn mine),7.83,517.9,0.843,53.7,29.9,1213.2,-2.99,0.674,17.0,0
MOIL-SAMP-02224,21.16563,79.72654,Chikla Mine,44.13,363.3,0.764,32.8,30.2,1329.1,-1.31,1.24,11.9,0
MOIL-SAMP-02225,21.15635,79.17294,Mansar Mine,28.66,432.4,0.787,27.3,32.4,1295.7,-15.17,1.357,11.8,0
MOIL-SAMP-02226,21.23914,80.02316,Balaghat Mine (Largest underground Mn mine),64.56,394.0,0.599,34.2,37.0,1351.0,-9.41,0.979,8.4,0
MOIL-SAMP-02227,22.03692,79.5992,Tirodi Mine,40.34,430.7,0.801,36.9,34.2,1209.7,-0.09,0.894,23.9,0
MOIL-SAMP-02228,21.95741,80.24061,Balaghat Mine (Largest underground Mn mine),17.99,473.5,0.629,32.5,27.0,1325.6,-9.94,1.555,5.2,0
MOIL-SAMP-02229,21.84236,79.22109,Gumgaon Mine,54.78,378.5,0.797,35.5,30.4,1143.1,-15.78,1.228,17.8,0
MOIL-SAMP-02230,21.78983,79.79156,Tirodi Mine,13.72,399.5,0.515,46.3,29.6,1368.0,-4.93,1.01,9.9,0
MOIL-SAMP-02231,21.56203,80.53856,Ukwa Mine,45.48,419.1,0.594,22.8,31.3,1393.9,-6.37,1.173,4.3,0
MOIL-SAMP-02232,21.76054,78.91772,Gumgaon Mine,41.78,303.4,0.605,50.8,30.8,1167.9,-12.43,1.062,7.0,0
MOIL-SAMP-02233,21.33,79.7498,Chikla Mine,25.94,431.4,0.734,72.3,30.8,1306.4,-1.16,1.446,19.2,0
MOIL-SAMP-02234,22.1003,79.97894,Tirodi Mine,53.09,337.1,0.804,31.6,32.2,1291.8,-5.72,1.466,4.0,0
MOIL-SAMP-02235,21.93258,79.47614,Mansar Mine,62.75,487.4,0.801,46.7,32.1,1416.0,-3.5,0.922,7.7,0
MOIL-SAMP-02236,21.15457,79.27415,Mansar Mine,26.92,325.5,0.702,39.4,32.8,1195.9,-9.45,1.084,12.9,0
MOIL-SAMP-02237,21.26751,79.80436,Chikla Mine,33.47,432.7,0.617,41.2,31.4,1387.4,-10.09,1.206,20.8,0
MOIL-SAMP-02238,21.24568,79.50142,Dongri Buzurg Mine,39.67,371.9,0.598,30.4,30.6,1397.6,-6.88,1.293,16.3,0
MOIL-SAMP-02239,21.91113,79.8215,Tirodi Mine,26.97,422.9,0.61,68.9,32.0,1297.8,-3.63,1.266,12.7,0
MOIL-SAMP-02240,21.36928,80.2366,Balaghat Mine (Largest underground Mn mine),48.17,400.7,0.492,42.0,30.2,1322.0,-2.89,1.444,15.4,0
MOIL-SAMP-02241,21.80933,79.34757,Mansar Mine,46.13,402.8,0.724,44.2,27.7,1254.7,-5.07,1.316,14.3,0
MOIL-SAMP-02242,21.34372,80.2839,Ukwa Mine,71.6,363.7,0.509,37.6,29.8,1405.1,-11.28,0.976,17.5,0
MOIL-SAMP-02243,21.83524,80.59343,Ukwa Mine,19.57,355.0,0.396,61.0,28.8,1403.1,-9.81,1.348,25.1,0
MOIL-SAMP-02244,21.62441,79.16738,Gumgaon Mine,30.92,386.6,0.726,54.8,33.9,1366.4,-6.93,0.965,5.9,0
MOIL-SAMP-02245,21.82014,78.92761,Gumgaon Mine,48.06,444.2,0.579,36.9,33.6,1246.1,-6.57,1.79,20.1,0
MOIL-SAMP-02246,21.79486,79.36312,Mansar Mine,44.86,411.0,0.624,43.1,32.2,1285.6,-10.28,1.121,18.7,0
MOIL-SAMP-02247,21.58467,79.45173,Mansar Mine,27.73,293.7,0.423,42.5,31.8,1322.0,-0.82,1.41,17.6,0
MOIL-SAMP-02248,21.95515,80.21513,Balaghat Mine (Largest underground Mn mine),17.12,387.7,0.673,56.1,29.4,1467.8,-0.49,1.145,12.4,0
MOIL-SAMP-02249,21.19332,80.18275,Balaghat Mine (Largest underground Mn mine),67.36,365.6,0.783,56.2,32.5,1339.7,-1.37,0.966,20.8,0
MOIL-SAMP-02250,22.07486,79.1666,Gumgaon Mine,77.48,479.4,0.537,31.2,32.8,1346.4,-1.59,0.984,8.0,0
MOIL-SAMP-02251,21.93549,79.72311,Tirodi Mine,27.32,451.5,0.523,46.1,30.0,1331.2,-1.56,0.9,5.3,0
MOIL-SAMP-02252,21.26607,80.46114,,999.0,345.0,0.559,62.9,30.1,1344.3,-10.62,1.101,4.8,0
MOIL-SAMP-02253,21.8714,79.91687,Dongri Buzurg Mine,41.81,481.7,0.476,60.7,33.2,1325.2,-3.13,1.166,20.2,0
MOIL-SAMP-02254,21.47597,79.20775,Kandri Mine,8.96,352.9,0.757,51.3,32.3,1259.7,-11.86,0.998,4.2,0
MOIL-SAMP-02255,21.82685,79.43623,Mansar Mine,50.35,471.5,0.549,48.9,33.7,1197.6,-3.8,1.278,17.0,0
MOIL-SAMP-02256,21.92898,79.43704,Mansar Mine,61.12,460.0,0.782,40.8,33.7,1303.8,-1.48,0.789,18.5,0
MOIL-SAMP-02257,21.24806,80.17795,Balaghat Mine (Largest underground Mn mine),61.31,351.4,0.654,48.5,33.0,1306.0,1.71,1.487,12.4,0
MOIL-SAMP-02258,22.01989,79.52596,Tirodi Mine,41.53,374.2,0.543,21.5,31.5,1268.2,-19.14,1.222,8.2,0
MOIL-SAMP-02259,21.37066,79.69778,Chikla Mine,21.92,466.5,0.609,37.6,33.3,1212.4,-7.91,1.393,19.6,0
MOIL-SAMP-02260,21.63441,80.45288,Ukwa Mine,36.92,406.4,0.661,25.9,24.6,1425.9,-6.19,1.233,19.2,0
MOIL-SAMP-02261,21.29494,80.5202,,999.0,286.4,0.859,29.6,31.8,1405.3,-1.63,0.845,8.7,0
MOIL-SAMP-02262,21.60499,79.54719,Tirodi Mine,19.66,411.7,0.829,31.0,30.6,1323.1,-5.18,1.503,9.0,0
MOIL-SAMP-02263,21.2864,80.14568,Balaghat Mine (Largest underground Mn mine),57.23,382.1,0.713,37.7,30.2,1144.4,-1.85,1.251,8.9,0
MOIL-SAMP-02264,21.78202,80.606,Ukwa Mine,25.02,460.3,0.532,34.0,31.0,1390.5,0.43,1.049,-4.6,0
MOIL-SAMP-02265,21.35221,79.07898,Gumgaon Mine,9.0,356.5,0.739,47.5,33.8,1387.4,-4.48,1.336,5.7,0
MOIL-SAMP-02266,21.84221,78.95737,Gumgaon Mine,50.09,315.0,0.679,58.5,32.8,1333.4,1.6,0.764,17.4,0
MOIL-SAMP-02267,21.2865,80.38297,Ukwa Mine,75.86,349.4,0.697,40.8,29.0,1286.1,2.47,1.728,13.8,0
MOIL-SAMP-02268,21.60858,79.15816,Gumgaon Mine,28.93,412.9,0.651,37.1,34.1,1285.6,-1.91,1.058,13.6,0
MOIL-SAMP-02269,21.49358,80.44554,Ukwa Mine,52.51,431.4,0.649,48.5,31.2,1346.3,-3.27,1.173,4.6,0
MOIL-SAMP-02270,21.75364,80.27118,Balaghat Mine (Largest underground Mn mine),10.22,461.7,0.547,31.9,26.5,1305.4,-7.61,0.796,14.9,0
MOIL-SAMP-02271,21.788,79.95075,Sitasaongi Mine,29.99,487.8,0.617,60.9,36.1,1423.3,-3.39,1.419,5.2,0
MOIL-SAMP-02272,21.31994,80.59624,,999.0,270.9,0.751,31.4,32.3,1239.0,-7.97,1.123,16.3,0
MOIL-SAMP-02273,22.005,79.00565,Gumgaon Mine,67.87,419.3,0.729,41.5,37.2,1218.6,-1.04,1.159,18.7,0
MOIL-SAMP-02274,22.00697,79.73058,Tirodi Mine,35.25,380.9,0.614,40.5,28.0,1411.0,0.42,1.366,15.4,0
MOIL-SAMP-02275,22.14566,79.91485,Tirodi Mine,54.61,520.3,0.57,42.5,31.4,1344.3,-3.0,1.059,16.1,0
MOIL-SAMP-02276,21.98699,79.35251,Mansar Mine,65.64,349.1,0.513,17.1,26.6,1191.0,-0.3,1.196,9.0,0
MOIL-SAMP-02277,21.88002,80.17512,Balaghat Mine (Largest underground Mn mine),8.66,397.9,0.537,36.1,27.5,1422.1,2.45,1.115,11.4,0
MOIL-SAMP-02278,21.39665,79.43913,Mansar Mine,17.22,234.4,0.545,31.8,28.4,1315.7,7.54,1.146,-2.9,0
MOIL-SAMP-02279,21.72947,80.45528,Ukwa Mine,26.41,342.1,0.88,47.0,33.2,1379.7,-7.46,0.932,19.8,0
MOIL-SAMP-02280,21.74177,79.11815,Gumgaon Mine,40.56,473.7,0.543,46.3,29.2,1229.5,-14.4,0.846,14.2,0
MOIL-SAMP-02281,21.7237,78.85914,Gumgaon Mine,39.67,404.2,0.668,53.3,32.5,1259.4,-5.01,1.193,16.6,0
MOIL-SAMP-02282,22.13018,78.92211,,999.0,450.4,0.511,42.4,30.9,1281.4,-11.0,1.301,6.5,0
MOIL-SAMP-02283,21.62065,80.23349,Balaghat Mine (Largest underground Mn mine),20.67,414.8,0.563,48.1,30.3,1388.3,-5.0,1.369,10.6,0
MOIL-SAMP-02284,21.18362,79.80602,Balaghat Mine (Largest underground Mn mine),78.97,332.1,0.811,35.8,30.3,1255.1,3.88,0.961,9.5,0
MOIL-SAMP-02285,21.62927,80.28643,Ukwa Mine,41.88,275.0,0.457,57.4,33.2,1387.6,-20.99,1.226,7.9,0
MOIL-SAMP-02286,21.97129,79.66439,Tirodi Mine,31.7,420.7,0.517,54.8,30.7,1309.8,4.59,1.141,9.7,0
MOIL-SAMP-02287,21.39051,79.85528,Sitasaongi Mine,23.41,239.0,0.546,60.3,25.9,1169.2,-9.99,1.539,14.4,0
MOIL-SAMP-02288,21.16242,80.16722,Balaghat Mine (Largest underground Mn mine),70.8,283.4,0.401,50.7,35.1,1368.0,3.45,1.003,8.7,0
MOIL-SAMP-02289,22.09993,79.08888,Gumgaon Mine,78.87,388.3,0.632,23.8,32.9,1345.2,-0.03,0.946,8.6,0
MOIL-SAMP-02290,21.44579,80.01575,Balaghat Mine (Largest underground Mn mine),43.24,386.5,0.806,50.6,30.2,1426.5,-9.99,1.175,2.3,0
MOIL-SAMP-02291,21.24073,79.71361,Chikla Mine,35.92,361.1,0.514,59.3,28.0,1336.8,-2.95,1.343,9.0,0
MOIL-SAMP-02292,21.45484,80.11595,Balaghat Mine (Largest underground Mn mine),39.14,459.8,0.698,46.8,29.8,1274.9,-12.98,1.424,5.9,0
MOIL-SAMP-02293,22.00792,80.19512,Balaghat Mine (Largest underground Mn mine),22.73,449.7,0.723,24.0,26.5,1391.4,-9.86,1.077,11.8,0
MOIL-SAMP-02294,21.17441,79.66871,Chikla Mine,43.79,352.1,0.72,31.3,30.1,1315.5,3.87,1.203,11.5,0
MOIL-SAMP-02295,21.92184,80.42356,Ukwa Mine,6.86,419.1,0.786,16.9,26.6,1449.1,-15.46,1.075,7.9,0
MOIL-SAMP-02296,21.55536,80.27175,Ukwa Mine,49.92,279.9,0.695,29.0,26.9,1323.9,-2.33,1.415,10.5,0
MOIL-SAMP-02297,21.52042,79.68573,Dongri Buzurg Mine,3.9,420.6,0.48,53.3,33.9,1365.8,-6.81,1.222,22.2,0
MOIL-SAMP-02298,21.7834,80.39869,Ukwa Mine,21.63,426.7,0.638,20.2,34.9,1337.1,-8.94,0.747,5.5,0
MOIL-SAMP-02299,21.2207,80.45818,,999.0,323.4,0.577,28.8,28.4,1322.8,-5.56,1.311,3.3,0
MOIL-SAMP-02300,21.48291,78.90889,Gumgaon Mine,14.06,325.0,0.696,36.4,33.9,1294.8,3.29,1.023,19.8,0
MOIL-SAMP-02301,21.5759,79.33562,Mansar Mine,20.71,437.3,0.695,33.8,35.5,1407.7,-5.27,0.633,13.1,0
MOIL-SAMP-02302,22.0961,79.82638,Tirodi Mine,46.52,500.3,0.636,56.9,33.4,1133.1,-1.87,1.592,19.5,0
MOIL-SAMP-02303,21.94448,80.26785,Balaghat Mine (Largest underground Mn mine),17.77,441.1,0.791,41.5,31.1,1284.5,-4.99,1.072,10.3,0
MOIL-SAMP-02304,21.23096,80.43553,,999.0,348.0,0.546,67.9,31.7,1260.7,-0.83,0.887,24.6,0
MOIL-SAMP-02305,21.88576,78.94866,Gumgaon Mine,54.97,418.9,0.463,45.3,35.4,1445.6,-7.8,1.091,6.5,0
MOIL-SAMP-02306,22.09532,80.06438,Dongri Buzurg Mine,70.9,385.7,0.665,36.9,29.2,1404.8,0.42,1.345,18.7,0
MOIL-SAMP-02307,22.03798,79.04974,Gumgaon Mine,71.68,439.8,0.684,40.4,34.1,1247.5,4.61,1.152,13.4,0
MOIL-SAMP-02308,21.51559,79.96444,Balaghat Mine (Largest underground Mn mine),39.2,351.4,0.722,30.0,24.3,1528.6,-0.74,1.4,13.4,0
MOIL-SAMP-02309,21.51557,79.16548,Kandri Mine,15.15,427.8,0.691,31.7,36.7,1313.2,-11.63,1.3,1.8,0
MOIL-SAMP-02310,21.70879,78.97061,Gumgaon Mine,35.27,430.6,0.758,42.1,34.9,1367.4,-0.48,0.826,13.4,0
MOIL-SAMP-02311,21.85934,79.21848,Gumgaon Mine,56.38,433.1,0.559,30.7,32.2,1327.7,-6.66,1.54,25.4,0
MOIL-SAMP-02312,22.13125,79.27954,Gumgaon Mine,86.71,391.2,0.511,35.4,32.8,1191.6,-0.68,1.18,12.6,0
MOIL-SAMP-02313,21.26356,79.71129,Chikla Mine,33.43,298.7,0.787,36.2,33.1,1365.9,-0.79,1.116,5.9,0
MOIL-SAMP-02314,22.08915,79.89421,Tirodi Mine,48.02,365.1,0.651,45.3,29.2,1335.0,-8.65,1.327,16.7,0
MOIL-SAMP-02315,22.1091,79.22763,Gumgaon Mine,82.73,368.7,0.571,40.2,35.8,1378.8,-3.33,1.039,1.5,0
MOIL-SAMP-02316,21.89502,79.25579,Mansar Mine,54.98,359.0,0.753,44.8,29.9,1444.0,-7.68,1.051,10.5,0
MOIL-SAMP-02317,21.50271,79.33124,Mansar Mine,13.06,418.2,0.755,34.3,32.8,1329.7,-4.42,1.189,10.4,0
MOIL-SAMP-02318,21.83023,79.34886,Mansar Mine,48.43,415.9,0.628,36.6,25.0,1275.6,-7.85,1.454,14.7,0
MOIL-SAMP-02319,21.21337,79.47141,Dongri Buzurg Mine,44.34,352.3,0.667,29.4,32.3,1320.3,-2.48,1.216,14.1,0
MOIL-SAMP-02320,21.63623,79.79803,Sitasaongi Mine,7.02,358.0,0.47,48.6,28.2,1221.2,-12.69,1.172,8.5,0
MOIL-SAMP-02321,21.27271,80.12769,Balaghat Mine (Largest underground Mn mine),58.9,376.0,0.492,59.8,34.4,1344.5,1.41,1.446,23.4,0
MOIL-SAMP-02322,21.82831,79.80914,Tirodi Mine,18.27,466.4,0.688,52.7,29.2,1269.6,-9.68,1.135,18.5,0
MOIL-SAMP-02323,21.44226,79.96771,Balaghat Mine (Largest underground Mn mine),45.84,361.0,0.777,27.0,31.4,1425.1,-11.03,1.576,3.1,0
MOIL-SAMP-02324,21.9499,80.55166,Ukwa Mine,8.87,426.2,0.701,29.9,27.2,1349.5,-6.06,1.836,21.7,0
MOIL-SAMP-02325,21.9588,80.54358,Ukwa Mine,7.87,402.1,0.623,38.8,33.7,1272.0,-1.63,1.018,20.8,0
MOIL-SAMP-02326,21.21563,80.45543,,999.0,276.3,0.756,26.0,33.1,1424.0,-4.09,1.264,7.9,0
MOIL-SAMP-02327,21.60787,78.99431,Gumgaon Mine,23.97,311.1,0.464,49.5,31.2,1199.8,-3.34,1.017,13.0,0
MOIL-SAMP-02328,22.04795,79.36907,Mansar Mine,72.55,456.1,0.592,21.6,32.8,1277.8,-8.97,1.077,18.1,0
MOIL-SAMP-02329,22.10663,79.04686,Gumgaon Mine,79.24,479.0,0.678,52.4,33.9,1199.6,-4.8,1.423,8.4,0
MOIL-SAMP-02330,21.42594,80.10475,Balaghat Mine (Largest underground Mn mine),42.5,285.9,0.612,56.0,34.6,1375.6,-0.37,1.114,2.8,0
MOIL-SAMP-02331,21.64633,80.42499,Ukwa Mine,35.84,389.3,0.758,49.9,31.2,1236.2,-4.44,1.233,11.4,0
MOIL-SAMP-02332,21.67069,79.9791,Balaghat Mine (Largest underground Mn mine),25.99,380.9,0.505,50.0,31.3,1252.9,-17.97,1.027,15.0,0
MOIL-SAMP-02333,21.44317,80.59523,,999.0,440.7,0.487,37.6,30.1,1309.4,-6.58,1.277,14.6,0
MOIL-SAMP-02334,21.69143,79.08765,Gumgaon Mine,34.34,390.3,0.78,20.0,36.7,1256.0,-8.65,1.386,3.0,0
MOIL-SAMP-02335,21.4967,79.64895,Dongri Buzurg Mine,8.08,270.6,0.456,33.2,30.5,1389.3,-4.07,1.28,10.7,0
MOIL-SAMP-02336,21.79468,79.37473,Mansar Mine,45.11,323.7,0.624,22.3,34.2,1333.5,-2.78,0.864,13.1,0
MOIL-SAMP-02337,21.21295,80.41923,,999.0,445.2,0.71,50.0,31.8,1259.7,-1.64,1.014,16.6,0
MOIL-SAMP-02338,21.38233,80.55541,,999.0,348.0,0.489,40.6,32.2,1541.6,0.13,1.602,19.5,0
MOIL-SAMP-02339,21.79467,79.59105,Tirodi Mine,17.38,478.7,0.641,47.4,31.6,1239.7,-6.57,1.175,11.1,0
MOIL-SAMP-02340,21.49279,80.01289,Balaghat Mine (Largest underground Mn mine),38.7,355.6,0.714,24.0,31.8,1374.6,-6.49,1.124,8.6,0
MOIL-SAMP-02341,21.47631,79.91804,Balaghat Mine (Largest underground Mn mine),45.56,408.8,0.636,53.0,29.6,1430.7,-10.29,0.866,13.4,0
MOIL-SAMP-02342,21.84686,80.36543,Ukwa Mine,17.07,351.5,0.46,37.6,32.8,1287.8,-7.63,1.618,-1.2,0
MOIL-SAMP-02343,21.59526,79.39735,Mansar Mine,25.33,385.3,0.826,35.3,33.2,1252.7,-11.64,1.164,3.1,0
MOIL-SAMP-02344,21.28195,80.27083,Balaghat Mine (Largest underground Mn mine),58.2,352.6,0.75,57.8,34.0,1352.2,-0.37,1.541,8.2,0
MOIL-SAMP-02345,21.32174,79.31801,Mansar Mine,9.64,454.9,0.77,47.1,33.8,1314.3,-12.23,1.21,18.4,0
MOIL-SAMP-02346,21.63424,80.5973,Ukwa Mine,39.24,391.6,0.459,44.5,27.4,1264.3,-2.59,1.161,-0.9,0
MOIL-SAMP-02347,21.91975,78.93517,Gumgaon Mine,58.86,475.0,0.644,30.6,34.8,1306.8,-10.48,1.125,10.9,0
MOIL-SAMP-02348,21.50312,79.67067,Dongri Buzurg Mine,6.27,356.3,0.808,37.2,31.1,1295.4,2.69,1.029,11.6,0
MOIL-SAMP-02349,21.31636,80.51344,,999.0,338.9,0.735,41.2,31.9,1312.7,-1.47,1.042,18.8,0
MOIL-SAMP-02350,21.86181,79.36344,Mansar Mine,52.13,379.7,0.667,35.7,32.5,1345.8,-0.1,1.096,10.5,0
MOIL-SAMP-02351,22.12321,80.3608,Balaghat Mine (Largest underground Mn mine),39.74,423.7,0.605,38.5,28.9,1331.2,-6.77,0.959,10.7,0
MOIL-SAMP-02352,21.84286,80.04944,Balaghat Mine (Largest underground Mn mine),14.93,344.1,0.63,52.6,31.1,1335.0,-1.54,1.199,23.2,0
MOIL-SAMP-02353,21.30348,79.27823,Mansar Mine,10.46,330.0,0.64,47.5,28.7,1255.3,-12.3,1.03,1.0,0
MOIL-SAMP-02354,21.19115,79.41993,Dongri Buzurg Mine,49.35,361.4,0.412,56.2,35.2,1292.5,0.25,1.432,10.6,0
MOIL-SAMP-02355,21.27647,79.31873,Mansar Mine,14.25,459.6,0.652,35.5,35.7,1334.2,-10.76,1.369,7.4,0
MOIL-SAMP-02356,21.3345,79.86248,Balaghat Mine (Largest underground Mn mine),61.68,419.2,0.508,44.8,31.9,1322.1,-9.27,1.346,11.2,0
MOIL-SAMP-02357,21.18469,79.4205,Dongri Buzurg Mine,49.89,346.8,0.732,49.4,31.2,1300.0,1.27,1.46,17.8,0
MOIL-SAMP-02358,21.49385,79.52125,Tirodi Mine,29.41,318.8,0.35,45.6,30.5,1228.4,-2.2,0.908,12.0,0
MOIL-SAMP-02359,21.68987,79.14268,Gumgaon Mine,36.07,379.6,0.691,45.7,29.8,1117.3,-0.42,0.736,17.9,0
MOIL-SAMP-02360,21.45156,80.50678,Ukwa Mine,57.24,327.1,0.54,29.1,30.5,1286.4,-3.96,1.099,16.1,0
MOIL-SAMP-02361,21.55456,79.74895,Chikla Mine,1.31,379.1,0.305,57.8,35.7,1125.5,11.57,2.076,27.1,1
MOIL-SAMP-02362,21.29538,79.67447,Chikla Mine,30.57,400.9,0.88,57.9,29.3,1388.3,-6.17,1.113,6.9,0
MOIL-SAMP-02363,21.47022,78.85773,Gumgaon Mine,17.39,443.4,0.629,41.8,36.5,1256.1,-4.93,1.282,16.0,0
MOIL-SAMP-02364,21.88849,80.60608,Ukwa Mine,16.75,401.6,0.73,32.0,29.6,1368.9,-9.75,1.517,20.5,0
MOIL-SAMP-02365,21.48128,80.11981,Balaghat Mine (Largest underground Mn mine),36.2,302.5,0.747,46.2,32.2,1463.3,-10.03,1.665,17.4,0
MOIL-SAMP-02366,21.62391,79.37169,Mansar Mine,26.99,365.0,0.557,42.0,31.8,1274.7,-1.14,1.096,14.2,0
MOIL-SAMP-02367,22.09401,80.61524,Ukwa Mine,20.62,399.8,0.57,42.1,32.9,1248.1,-1.76,1.355,-0.4,0
MOIL-SAMP-02368,21.72373,79.11475,Gumgaon Mine,38.56,413.6,0.618,27.1,33.1,1267.5,1.13,1.341,7.6,0
MOIL-SAMP-02369,21.71523,80.48239,Ukwa Mine,27.99,404.5,0.591,36.2,30.0,1319.0,-10.87,1.341,5.7,0
MOIL-SAMP-02370,21.59211,80.09046,Balaghat Mine (Largest underground Mn mine),25.32,388.2,0.606,38.2,31.8,1308.4,-9.18,0.991,7.0,0
MOIL-SAMP-02371,21.88164,80.47031,Ukwa Mine,9.55,377.1,0.712,31.5,35.4,1497.8,1.31,1.399,22.1,0
MOIL-SAMP-02372,21.28942,79.84173,Balaghat Mine (Largest underground Mn mine),67.04,375.4,0.694,66.6,29.1,1225.4,-5.8,1.122,12.7,0
MOIL-SAMP-02373,21.45808,79.57293,Dongri Buzurg Mine,16.69,411.4,0.509,21.1,34.8,1205.8,-10.54,1.297,18.3,0
MOIL-SAMP-02374,21.99088,79.65275,Tirodi Mine,34.05,397.5,0.513,36.3,36.2,1298.7,-3.34,1.316,14.0,0
MOIL-SAMP-02375,21.24248,78.94906,Gumgaon Mine,17.36,384.0,0.514,50.9,29.1,1311.0,-13.69,1.36,20.6,0
MOIL-SAMP-02376,21.79131,79.90018,Sitasaongi Mine,27.17,417.2,0.753,32.5,33.0,1285.3,4.53,1.51,7.7,0
MOIL-SAMP-02377,21.37214,80.5342,,999.0,448.7,0.84,35.9,27.1,1365.4,-1.98,0.971,13.4,0
MOIL-SAMP-02378,21.42793,78.89059,Gumgaon Mine,12.32,374.5,0.652,55.8,31.1,1143.9,-8.68,1.097,12.9,0
MOIL-SAMP-02379,21.68841,79.65182,Tirodi Mine,6.53,333.4,0.73,43.2,33.0,1264.4,-8.67,1.433,4.6,0
MOIL-SAMP-02380,21.82156,79.00728,Gumgaon Mine,47.59,389.5,0.519,35.1,33.4,1318.5,2.67,1.451,2.9,0
MOIL-SAMP-02381,21.66179,79.20001,Kandri Mine,27.94,340.3,0.492,52.1,32.0,1251.4,-0.43,1.047,9.9,0
MOIL-SAMP-02382,21.46776,79.93914,Balaghat Mine (Largest underground Mn mine),45.03,383.2,0.563,27.3,27.7,1355.4,-0.37,1.393,9.0,0
MOIL-SAMP-02383,22.0934,80.4852,Ukwa Mine,13.98,416.1,0.701,41.4,35.4,1413.0,-5.69,0.928,23.2,0
MOIL-SAMP-02384,21.51106,79.1163,Gumgaon Mine,17.72,369.4,0.471,44.7,34.4,1126.7,-1.01,1.12,12.4,0
MOIL-SAMP-02385,22.0038,79.51533,Mansar Mine,71.54,305.5,0.788,15.0,29.8,1240.0,0.82,0.895,2.9,0
MOIL-SAMP-02386,21.52283,79.36237,Mansar Mine,16.62,359.5,0.577,25.7,34.0,1347.8,-8.63,1.746,13.0,0
MOIL-SAMP-02387,21.50136,80.60954,,999.0,329.4,0.433,41.7,28.5,1351.2,-8.55,1.107,3.9,0
MOIL-SAMP-02388,22.0243,79.00768,Gumgaon Mine,70.0,406.9,0.557,33.0,29.8,1168.4,-2.98,1.497,13.6,0
MOIL-SAMP-02389,21.87785,79.6496,Tirodi Mine,22.0,449.9,0.781,41.2,33.4,1369.9,-11.78,1.156,15.5,0
MOIL-SAMP-02390,22.1426,80.29663,Balaghat Mine (Largest underground Mn mine),39.27,420.4,0.642,32.0,30.4,1375.0,-3.75,1.149,7.8,0
MOIL-SAMP-02391,21.43863,80.30021,Ukwa Mine,61.04,364.3,0.628,56.2,33.9,1305.7,-4.87,1.187,8.7,0
MOIL-SAMP-02392,22.12036,79.6129,Tirodi Mine,48.9,390.6,0.749,65.9,32.9,1052.9,-10.62,1.5,14.1,0
MOIL-SAMP-02393,22.04643,79.10122,Gumgaon Mine,73.16,400.3,0.698,19.9,32.5,1309.2,0.49,1.49,13.1,0
MOIL-SAMP-02394,21.73718,79.00494,Gumgaon Mine,38.26,442.1,0.802,51.5,32.1,1205.0,0.32,1.067,7.1,0
MOIL-SAMP-02395,21.35778,79.7043,Chikla Mine,23.19,275.5,0.525,33.5,33.5,1217.9,-7.95,1.035,16.2,0
MOIL-SAMP-02396,22.01753,80.62595,Ukwa Mine,17.2,388.9,0.782,37.5,28.9,1255.4,-7.8,1.006,13.8,0
MOIL-SAMP-02397,21.21612,80.57817,,999.0,431.1,0.506,54.3,29.3,1223.9,-14.04,1.137,9.0,0
MOIL-SAMP-02398,21.90611,79.00921,Gumgaon Mine,56.94,434.7,0.603,68.2,28.8,1382.2,-10.65,1.021,6.4,0
MOIL-SAMP-02399,21.55946,80.49594,Ukwa Mine,45.26,449.5,0.712,45.7,31.7,1314.3,-7.35,1.033,24.5,0
MOIL-SAMP-02400,21.56451,79.85046,Sitasaongi Mine,9.48,374.4,0.546,49.5,31.8,1345.5,-12.68,0.966,13.0,0
MOIL-SAMP-02401,21.86025,80.20944,Balaghat Mine (Largest underground Mn mine),6.78,406.3,0.714,21.4,30.9,1450.5,5.69,1.314,21.0,0
MOIL-SAMP-02402,21.28693,79.18481,Mansar Mine,15.31,367.0,0.816,48.1,32.0,1442.0,-5.37,1.1,21.6,0
MOIL-SAMP-02403,21.53177,79.84696,Sitasaongi Mine,10.55,409.0,0.82,43.8,34.8,1322.5,-5.92,1.18,15.7,0
MOIL-SAMP-02404,21.19223,80.33725,,999.0,402.9,0.428,27.4,34.8,1383.8,0.59,1.064,19.1,0
MOIL-SAMP-02405,21.98459,79.39705,Mansar Mine,66.12,400.2,0.839,34.9,30.0,1405.9,4.34,1.191,15.5,0
MOIL-SAMP-02406,21.70928,79.68421,Tirodi Mine,3.93,460.2,0.647,17.2,27.7,1320.8,-8.44,0.996,26.6,0
MOIL-SAMP-02407,21.17684,78.8544,Gumgaon Mine,28.26,349.7,0.77,39.0,31.9,1301.9,4.36,0.939,5.6,0
MOIL-SAMP-02408,21.41268,80.57085,,999.0,326.4,0.69,45.5,32.9,1366.4,-7.28,1.218,12.9,0
MOIL-SAMP-02409,21.98424,79.70057,Tirodi Mine,32.73,484.8,0.728,43.4,32.2,1316.9,-2.41,1.023,9.2,0
MOIL-SAMP-02410,21.80381,80.45684,Ukwa Mine,18.19,313.8,0.458,56.3,32.2,1317.4,-5.17,1.015,16.2,0
MOIL-SAMP-02411,21.56716,79.7354,Chikla Mine,0.74,399.0,0.309,47.0,33.6,1326.9,23.27,2.42,56.1,1
MOIL-SAMP-02412,21.83784,79.29055,Mansar Mine,48.67,356.9,0.728,45.3,29.6,1252.9,-3.68,1.21,-0.4,0
MOIL-SAMP-02413,21.26935,79.34899,Mansar Mine,16.26,207.1,0.663,60.7,30.6,1286.2,-6.76,1.147,12.1,0
MOIL-SAMP-02414,22.14433,78.9701,Gumgaon Mine,83.34,392.4,0.419,47.0,31.9,1151.5,-5.16,1.131,17.1,0
MOIL-SAMP-02415,21.89557,79.89592,Tirodi Mine,29.57,472.7,0.754,42.5,30.7,1363.4,-7.51,1.345,10.6,0
MOIL-SAMP-02416,21.71557,80.41302,Ukwa Mine,28.48,454.6,0.662,41.4,34.2,1352.2,-9.82,1.299,5.8,0
MOIL-SAMP-02417,21.778,79.70687,Tirodi Mine,9.93,388.6,0.541,50.5,29.1,1332.8,5.36,1.186,7.9,0
MOIL-SAMP-02418,21.84425,79.06525,Gumgaon Mine,50.51,445.1,0.501,55.8,30.5,1379.5,-1.09,1.399,4.1,0
MOIL-SAMP-02419,21.66253,79.88547,Sitasaongi Mine,15.6,351.1,0.851,43.0,24.4,1503.0,-7.27,1.197,4.2,0
MOIL-SAMP-02420,21.99528,79.14313,Gumgaon Mine,68.36,422.0,0.602,31.2,32.9,1386.7,-4.17,1.086,25.0,0
MOIL-SAMP-02421,21.20851,79.42543,Dongri Buzurg Mine,47.46,406.0,0.618,23.1,28.2,1382.5,2.3,1.229,18.5,0
MOIL-SAMP-02422,22.02832,79.0939,Gumgaon Mine,71.08,481.1,0.744,40.4,31.2,1370.7,-3.74,1.331,9.5,0
MOIL-SAMP-02423,21.31331,79.34081,Mansar Mine,11.71,331.8,0.68,43.8,32.9,1418.4,-3.04,1.038,18.3,0
MOIL-SAMP-02424,21.56951,80.49179,Ukwa Mine,44.13,368.6,0.806,36.7,28.2,1269.2,-10.37,1.188,17.4,0
MOIL-SAMP-02425,21.50598,79.37174,Mansar Mine,15.73,411.9,0.532,56.7,35.0,1254.2,1.32,1.062,3.5,0
MOIL-SAMP-02426,21.67961,80.53537,Ukwa Mine,32.64,373.4,0.715,32.2,35.8,1379.8,4.35,1.611,2.8,0
MOIL-SAMP-02427,21.66387,80.2296,Balaghat Mine (Largest underground Mn mine),15.94,502.4,0.584,34.8,31.0,1335.8,-10.62,0.716,8.5,0
MOIL-SAMP-02428,21.33325,79.02012,Gumgaon Mine,6.65,316.5,0.648,26.3,29.8,1314.9,-1.57,1.349,12.5,0
MOIL-SAMP-02429,21.90263,79.82868,Tirodi Mine,26.44,410.6,0.745,37.3,33.6,1345.0,-11.12,1.14,-2.4,0
MOIL-SAMP-02430,22.02244,80.33828,Balaghat Mine (Largest underground Mn mine),28.9,376.4,0.72,44.9,31.6,1351.7,1.22,1.105,15.0,0
MOIL-SAMP-02431,21.83497,79.39193,Mansar Mine,49.86,386.2,0.673,35.6,32.8,1261.4,-5.02,1.208,7.5,0
MOIL-SAMP-02432,21.83544,80.08902,Balaghat Mine (Largest underground Mn mine),10.79,348.7,0.691,36.9,27.4,1283.0,-15.89,1.426,15.3,0
MOIL-SAMP-02433,21.24583,79.89408,Balaghat Mine (Largest underground Mn mine),68.61,320.6,0.87,57.6,27.2,1400.5,-1.75,1.363,20.6,0
MOIL-SAMP-02434,21.97331,78.87322,Gumgaon Mine,65.75,395.2,0.727,34.0,29.4,1240.0,-1.37,1.166,4.9,0
MOIL-SAMP-02435,21.66817,79.52143,Tirodi Mine,20.15,355.1,0.637,54.2,27.7,1334.2,-8.09,0.551,17.3,0
MOIL-SAMP-02436,21.6349,79.46256,Mansar Mine,32.74,423.4,0.854,34.5,28.0,1208.7,10.87,1.298,7.4,0
MOIL-SAMP-02437,22.06079,79.03435,Gumgaon Mine,74.11,418.9,0.647,65.4,31.0,1437.7,2.74,1.106,9.4,0
MOIL-SAMP-02438,21.30455,79.248,Mansar Mine,10.65,385.1,0.703,20.7,30.6,1233.0,-4.03,1.251,13.9,0
MOIL-SAMP-02439,21.33842,80.4647,,999.0,420.1,0.615,47.7,30.0,1362.0,-8.61,0.92,19.8,0
MOIL-SAMP-02440,21.76343,80.34655,Ukwa Mine,25.86,317.8,0.538,40.3,30.8,1352.8,-8.3,1.523,13.7,0
MOIL-SAMP-02441,21.67565,79.80777,Sitasaongi Mine,11.33,300.9,0.777,32.4,33.6,1386.3,-2.4,1.12,7.6,0
MOIL-SAMP-02442,21.70111,80.21135,Balaghat Mine (Largest underground Mn mine),11.48,397.5,0.619,39.7,34.2,1333.8,-0.42,1.568,1.0,0
MOIL-SAMP-02443,21.26397,79.67888,Chikla Mine,33.87,436.0,0.676,48.5,33.8,1203.5,-8.52,0.781,6.3,0
MOIL-SAMP-02444,21.2264,80.32392,Ukwa Mine,83.34,383.3,0.503,36.0,32.8,1339.0,-10.61,1.123,14.9,0
MOIL-SAMP-02445,22.07341,79.71313,Tirodi Mine,42.56,421.9,0.47,52.2,28.0,1263.5,-0.13,1.048,12.6,0
MOIL-SAMP-02446,21.46157,79.50262,Tirodi Mine,33.35,428.5,0.649,64.8,29.0,1393.6,-10.47,1.811,19.7,0
MOIL-SAMP-02447,21.96704,80.45151,Ukwa Mine,1.71,394.7,0.367,61.2,32.1,1325.2,28.09,2.088,47.3,1
MOIL-SAMP-02448,21.74765,80.22446,Balaghat Mine (Largest underground Mn mine),7.18,408.1,0.717,47.1,32.9,1323.7,-12.26,1.114,3.0,0
MOIL-SAMP-02449,21.49205,80.12781,Balaghat Mine (Largest underground Mn mine),34.87,400.2,0.654,57.2,31.5,1367.4,-5.75,1.138,7.2,0
MOIL-SAMP-02450,21.17876,80.31623,,999.0,237.5,0.726,41.3,29.4,1433.9,-13.58,1.272,-2.0,0
MOIL-SAMP-02451,21.37236,80.39227,Ukwa Mine,66.32,354.4,0.807,46.5,30.0,1313.3,-12.33,1.307,9.1,0
MOIL-SAMP-02452,21.29236,79.25783,Mansar Mine,11.79,376.5,0.449,61.2,27.8,1307.0,-1.16,1.313,18.5,0
MOIL-SAMP-02453,21.27534,79.08439,Gumgaon Mine,15.35,329.7,0.727,15.0,31.6,1320.1,-2.15,1.378,9.0,0
MOIL-SAMP-02454,21.2286,80.09347,Balaghat Mine (Largest underground Mn mine),64.19,350.0,0.76,40.7,30.1,1407.8,-1.5,1.423,19.1,0
MOIL-SAMP-02455,21.93403,78.98992,Gumgaon Mine,60.04,466.1,0.451,71.5,29.6,1238.3,-10.75,1.109,10.7,0
MOIL-SAMP-02456,21.92469,80.2132,Balaghat Mine (Largest underground Mn mine),13.77,494.6,0.642,68.1,36.4,1381.0,-1.63,1.043,14.7,0
MOIL-SAMP-02457,21.19252,79.04407,Gumgaon Mine,22.38,375.7,0.665,29.6,29.7,1373.3,-2.13,1.058,15.9,0
MOIL-SAMP-02458,21.94306,79.77426,Tirodi Mine,28.81,379.5,0.873,46.5,35.1,1326.0,-11.38,0.874,9.5,0
MOIL-SAMP-02459,21.20927,79.06406,Gumgaon Mine,21.09,347.6,0.561,59.8,31.2,1377.3,-6.1,1.368,3.8,0
MOIL-SAMP-02460,21.40301,78.96925,Gumgaon Mine,3.72,432.3,0.689,54.9,28.9,1253.7,-1.95,1.297,10.5,0
MOIL-SAMP-02461,21.81759,80.20819,Balaghat Mine (Largest underground Mn mine),2.73,396.3,0.501,73.0,32.5,1336.8,-10.41,0.917,8.5,0
MOIL-SAMP-02462,21.93237,80.50618,Ukwa Mine,5.57,388.6,0.542,56.9,31.6,1271.3,1.93,1.38,30.0,0
MOIL-SAMP-02463,21.3554,80.47211,,999.0,339.8,0.557,51.5,32.0,1351.8,-12.96,1.25,14.1,0
MOIL-SAMP-02464,21.33478,79.48276,Dongri Buzurg Mine,32.88,382.2,0.577,55.6,31.1,1363.2,-12.76,1.205,11.0,0
MOIL-SAMP-02465,21.24078,80.37255,,999.0,360.8,0.773,57.7,32.5,1342.7,-10.51,1.095,2.1,0
MOIL-SAMP-02466,22.09184,80.55782,Ukwa Mine,16.54,460.5,0.611,63.0,32.2,1382.5,-13.08,0.763,6.6,0
MOIL-SAMP-02467,21.49784,79.139,Gumgaon Mine,18.39,374.1,0.727,52.4,34.4,1176.0,-1.31,0.754,9.0,0
MOIL-SAMP-02468,21.65063,80.1614,Balaghat Mine (Largest underground Mn mine),17.0,415.1,0.741,54.7,32.2,1298.3,5.89,1.264,6.4,0
MOIL-SAMP-02469,21.39182,79.87642,Balaghat Mine (Largest underground Mn mine),55.63,326.4,0.689,39.7,30.2,1283.3,-6.68,1.797,24.7,0
MOIL-SAMP-02470,21.24911,79.89064,Balaghat Mine (Largest underground Mn mine),68.44,314.0,0.655,55.8,27.7,1343.4,-0.15,1.264,14.5,0
MOIL-SAMP-02471,21.16398,79.2406,Mansar Mine,26.09,402.8,0.623,50.6,31.1,1320.9,5.59,0.765,21.5,0
MOIL-SAMP-02472,21.34155,79.35734,Mansar Mine,10.74,421.2,0.862,50.1,30.7,1460.5,-4.03,1.226,-10.4,0
MOIL-SAMP-02473,22.05166,79.81683,Tirodi Mine,41.51,430.2,0.556,43.3,27.1,1321.3,-2.48,1.057,11.7,0
MOIL-SAMP-02474,22.12358,79.02763,Gumgaon Mine,81.02,349.3,0.68,37.8,32.2,1268.2,-8.35,1.198,4.2,0
MOIL-SAMP-02475,21.36402,79.75755,Chikla Mine,22.23,452.0,0.715,55.3,26.9,1176.6,2.58,0.754,19.6,0
MOIL-SAMP-02476,21.85776,79.50963,Mansar Mine,56.44,372.5,0.644,48.3,31.1,1234.2,-5.85,0.873,18.1,0
MOIL-SAMP-02477,21.73938,79.6414,Tirodi Mine,9.47,402.4,0.7,47.4,26.4,1330.5,3.28,1.323,21.2,0
MOIL-SAMP-02478,22.10775,79.17553,Gumgaon Mine,81.23,517.5,0.684,37.5,26.6,1275.5,-13.46,1.44,14.5,0
MOIL-SAMP-02479,21.50482,79.53331,Tirodi Mine,27.67,401.7,0.699,44.9,30.9,1303.5,-5.62,1.232,16.1,0
MOIL-SAMP-02480,21.36427,79.2596,Mansar Mine,3.98,340.2,0.498,20.7,30.1,1306.6,-0.47,0.879,18.1,0
MOIL-SAMP-02481,21.26285,80.6223,,999.0,324.2,0.738,16.1,29.5,1346.6,-0.96,1.396,16.3,0
MOIL-SAMP-02482,21.27362,79.04857,Gumgaon Mine,13.84,303.3,0.509,39.7,30.1,1374.9,-7.03,1.15,12.7,0
MOIL-SAMP-02483,21.28591,80.22209,Balaghat Mine (Largest underground Mn mine),57.23,333.8,0.574,48.3,29.3,1289.1,5.03,1.31,16.5,0
MOIL-SAMP-02484,21.85473,79.85284,Tirodi Mine,23.26,374.0,0.621,36.9,30.2,1302.2,-0.09,1.109,3.8,0
MOIL-SAMP-02485,21.19061,79.44061,Dongri Buzurg Mine,48.18,263.5,0.37,30.3,29.4,1266.9,-1.98,1.162,8.8,0
MOIL-SAMP-02486,21.26572,79.3605,Mansar Mine,17.21,381.8,0.833,57.9,32.0,1218.7,-9.72,1.463,7.3,0
MOIL-SAMP-02487,21.75039,79.41161,Mansar Mine,41.53,407.0,0.714,41.1,30.7,1349.8,1.55,0.976,17.6,0
MOIL-SAMP-02488,22.12618,79.64912,Tirodi Mine,48.87,517.2,0.596,45.3,27.5,1303.7,-7.65,1.415,12.5,0
MOIL-SAMP-02489,21.70392,79.37306,Mansar Mine,35.38,391.1,0.506,28.7,27.9,1228.7,-1.33,1.436,11.6,0
MOIL-SAMP-02490,22.00537,79.18981,Gumgaon Mine,70.62,485.1,0.49,28.9,29.8,1290.6,2.24,0.988,18.4,0
MOIL-SAMP-02491,21.21961,80.3639,,999.0,418.8,0.641,44.7,32.5,1296.6,-4.17,1.344,15.4,0
MOIL-SAMP-02492,21.62568,80.07244,Balaghat Mine (Largest underground Mn mine),22.87,393.8,0.805,37.6,34.3,1382.0,-5.15,0.938,7.0,0
MOIL-SAMP-02493,21.3293,80.6477,,999.0,358.2,0.711,32.3,30.4,1351.3,-10.49,0.882,15.5,0
MOIL-SAMP-02494,21.64165,79.03931,Gumgaon Mine,27.95,406.8,0.657,39.0,31.2,1368.3,3.89,1.303,12.3,0
MOIL-SAMP-02495,21.58806,80.03539,Balaghat Mine (Largest underground Mn mine),28.44,354.0,0.655,38.0,29.6,1324.6,-8.13,1.151,3.3,0
MOIL-SAMP-02496,21.23501,79.10806,Gumgaon Mine,20.43,341.1,0.438,51.4,34.7,1265.4,1.56,1.163,16.1,0
MOIL-SAMP-02497,21.55062,79.913,Sitasaongi Mine,16.14,339.5,0.689,46.6,28.0,1331.7,-4.63,0.957,10.1,0
MOIL-SAMP-02498,21.25172,80.51552,,999.0,348.3,0.459,48.2,36.0,1384.7,-0.9,1.393,9.0,0
MOIL-SAMP-02499,22.12785,78.96648,Gumgaon Mine,81.54,483.4,0.539,46.4,33.9,1234.0,-0.72,1.269,11.0,0
MOIL-SAMP-02500,22.12521,79.45954,Mansar Mine,82.7,454.5,0.454,40.1,30.8,1311.6,-2.45,0.76,18.8,0
MOIL-SAMP-02501,21.74496,80.63319,Ukwa Mine,29.98,373.3,0.552,47.4,30.8,1325.8,4.15,1.318,3.3,0
MOIL-SAMP-02502,21.27276,80.3586,Ukwa Mine,77.7,454.0,0.59,41.6,34.1,1384.6,8.81,1.204,18.4,0
MOIL-SAMP-02503,21.8752,79.35133,Mansar Mine,53.39,490.4,0.706,56.7,28.7,1418.2,4.85,1.374,13.0,0
MOIL-SAMP-02504,21.86349,79.89745,Dongri Buzurg Mine,40.0,427.8,0.617,47.4,34.1,1417.2,-10.38,0.904,14.8,0
MOIL-SAMP-02505,21.42297,80.27109,Ukwa Mine,63.6,338.3,0.62,33.5,31.8,1335.2,-3.17,1.291,5.5,0
MOIL-SAMP-02506,21.79383,79.57042,Tirodi Mine,18.95,353.4,0.638,41.9,30.3,1311.5,1.77,0.914,8.6,0
MOIL-SAMP-02507,21.62583,79.9357,Sitasaongi Mine,18.69,373.0,0.834,48.9,30.8,1379.3,-6.76,1.326,8.0,0
MOIL-SAMP-02508,21.55444,79.72216,Chikla Mine,2.34,358.5,0.601,58.9,34.2,1283.4,-9.82,1.295,5.6,0
MOIL-SAMP-02509,21.42889,80.2324,Balaghat Mine (Largest underground Mn mine),41.57,359.3,0.636,37.0,33.1,1282.4,-8.54,1.366,12.0,0
MOIL-SAMP-02510,21.25804,79.30124,Mansar Mine,15.75,372.7,0.748,29.6,32.2,1284.0,-12.04,0.93,1.7,0
MOIL-SAMP-02511,21.64727,79.98107,Balaghat Mine (Largest underground Mn mine),27.37,401.5,0.69,23.7,37.4,1331.7,2.37,1.036,3.6,0
MOIL-SAMP-02512,21.28461,79.02929,Gumgaon Mine,12.1,314.1,0.604,15.0,31.1,1368.6,-1.78,1.138,10.6,0
MOIL-SAMP-02513,21.20285,78.97281,Gumgaon Mine,21.06,399.8,0.733,43.5,32.9,1342.7,0.25,1.109,3.4,0
MOIL-SAMP-02514,21.82811,80.59973,Ukwa Mine,20.6,430.1,0.518,41.9,31.3,1381.5,-7.33,0.951,22.0,0
MOIL-SAMP-02515,21.53263,80.07257,Balaghat Mine (Largest underground Mn mine),32.11,359.1,0.634,44.1,30.8,1353.4,-0.59,1.03,17.3,0
MOIL-SAMP-02516,21.30274,79.96954,Balaghat Mine (Largest underground Mn mine),59.67,404.7,0.699,60.7,32.6,1305.1,-6.77,1.1,19.5,0
MOIL-SAMP-02517,21.24633,78.98773,Gumgaon Mine,16.09,378.4,0.743,44.5,28.8,1328.1,-8.27,0.888,7.9,0
MOIL-SAMP-02518,21.90161,80.23163,Balaghat Mine (Largest underground Mn mine),11.88,333.2,0.525,28.9,29.8,1405.1,-1.93,1.133,10.0,0
MOIL-SAMP-02519,21.94273,79.21348,Gumgaon Mine,64.77,458.5,0.647,57.3,30.1,1302.4,-1.66,1.464,-1.0,0
MOIL-SAMP-02520,21.81209,79.73245,Tirodi Mine,13.78,386.2,0.453,52.5,30.3,1148.0,-4.07,1.365,15.7,0
MOIL-SAMP-02521,21.41167,79.46851,Tirodi Mine,39.84,344.3,0.599,54.9,34.5,1288.2,0.24,1.243,11.6,0
MOIL-SAMP-02522,22.00967,79.83392,Tirodi Mine,37.58,478.5,0.486,45.8,31.4,1369.4,-4.99,1.24,10.3,0
MOIL-SAMP-02523,22.10258,78.90688,,999.0,367.5,0.643,38.0,32.4,1187.0,-2.64,1.1,13.8,0
MOIL-SAMP-02524,21.58041,80.49689,Ukwa Mine,42.96,498.8,0.451,59.5,28.7,1340.3,-13.57,0.891,1.2,0
MOIL-SAMP-02525,21.53363,79.41621,Mansar Mine,21.1,303.8,0.527,53.9,30.3,1265.6,-4.65,1.395,16.9,0
MOIL-SAMP-02526,21.52634,79.67738,Dongri Buzurg Mine,3.69,343.3,0.211,68.7,33.2,1385.8,31.28,2.008,35.4,1
MOIL-SAMP-02527,21.18286,79.852,Balaghat Mine (Largest underground Mn mine),76.78,418.0,0.431,44.5,32.7,1223.0,3.96,0.923,11.6,0
MOIL-SAMP-02528,22.01036,79.39548,Mansar Mine,68.89,455.7,0.728,45.5,32.2,1274.0,3.12,0.954,7.5,0
MOIL-SAMP-02529,21.85606,79.73466,Tirodi Mine,18.64,357.7,0.35,51.3,26.8,1399.1,-10.62,0.988,6.2,0
MOIL-SAMP-02530,21.28449,80.1383,Balaghat Mine (Largest underground Mn mine),57.5,238.0,0.555,35.0,33.0,1366.3,-3.19,1.327,13.3,0
MOIL-SAMP-02531,21.63745,79.04689,Gumgaon Mine,27.61,340.4,0.627,41.2,32.4,1246.4,-11.31,1.348,12.4,0
MOIL-SAMP-02532,21.82502,80.03814,Balaghat Mine (Largest underground Mn mine),15.62,393.7,0.658,37.4,30.9,1201.5,-12.51,1.163,22.8,0
MOIL-SAMP-02533,21.83537,79.87998,Dongri Buzurg Mine,36.4,411.4,0.755,37.5,33.0,1332.7,-5.76,0.938,16.6,0
MOIL-SAMP-02534,21.62591,80.38783,Ukwa Mine,38.72,384.3,0.434,44.7,30.8,1396.5,-12.26,0.987,13.5,0
MOIL-SAMP-02535,21.65669,79.55449,Tirodi Mine,16.97,321.5,0.581,24.7,27.0,1241.6,1.73,1.059,12.3,0
MOIL-SAMP-02536,21.64469,80.59757,Ukwa Mine,38.17,416.1,0.669,40.4,30.9,1291.8,-8.95,1.382,5.3,0
MOIL-SAMP-02537,21.76694,79.48497,Mansar Mine,46.33,443.1,0.833,34.3,28.1,1283.9,0.66,1.108,13.6,0
MOIL-SAMP-02538,22.12778,79.42687,Mansar Mine,82.25,421.7,0.668,23.7,34.3,1290.1,-1.87,1.401,11.3,0
MOIL-SAMP-02539,21.17815,78.93121,Gumgaon Mine,24.7,333.0,0.807,50.1,29.8,1310.5,-6.44,1.248,3.1,0
MOIL-SAMP-02540,21.98693,79.47798,Mansar Mine,68.5,462.7,0.381,59.4,33.3,1204.2,1.34,0.952,10.4,0
MOIL-SAMP-02541,21.89206,78.89842,Gumgaon Mine,56.43,389.6,0.765,38.4,37.1,1347.2,-9.99,0.918,4.3,0
MOIL-SAMP-02542,22.04134,79.46426,Mansar Mine,73.84,408.2,0.594,37.2,32.3,1213.7,-4.71,1.153,10.3,0
MOIL-SAMP-02543,21.24735,79.47126,Dongri Buzurg Mine,41.2,283.1,0.834,49.8,30.7,1292.4,-7.84,1.263,15.0,0
MOIL-SAMP-02544,21.50737,79.48228,Tirodi Mine,31.31,435.1,0.808,39.6,31.6,1178.8,-6.0,0.877,10.8,0
MOIL-SAMP-02545,21.81124,79.29571,Mansar Mine,45.75,444.6,0.557,65.3,35.1,1414.3,-1.51,1.388,12.3,0
MOIL-SAMP-02546,21.79808,79.91656,Sitasaongi Mine,28.72,408.5,0.713,58.3,33.3,1249.3,-5.3,1.012,14.8,0
MOIL-SAMP-02547,22.06039,78.9679,Gumgaon Mine,74.08,395.4,0.576,46.0,32.3,1260.5,-13.37,1.273,12.1,0
MOIL-SAMP-02548,21.45491,79.45767,Tirodi Mine,37.09,405.1,0.579,41.0,35.3,1280.2,-14.44,1.122,21.2,0
MOIL-SAMP-02549,21.16971,79.43701,Dongri Buzurg Mine,50.32,351.1,0.667,64.5,27.9,1246.7,-4.44,1.045,1.9,0
MOIL-SAMP-02550,21.61091,80.40406,Ukwa Mine,40.03,419.7,0.537,50.1,28.3,1232.9,-7.09,1.058,21.5,0
MOIL-SAMP-02551,21.71805,80.47254,Ukwa Mine,27.64,484.2,0.808,45.2,32.1,1168.4,-4.15,1.494,2.3,0
MOIL-SAMP-02552,21.41662,80.10273,Balaghat Mine (Largest underground Mn mine),43.55,300.6,0.638,63.0,30.1,1290.5,-6.08,0.959,27.0,0
MOIL-SAMP-02553,21.73799,80.62438,Ukwa Mine,30.12,315.3,0.683,42.4,28.5,1367.0,0.04,0.939,11.8,0
MOIL-SAMP-02554,21.52774,79.55254,Tirodi Mine,24.46,425.6,0.605,47.8,32.4,1278.7,-11.01,1.297,11.0,0
MOIL-SAMP-02555,21.72254,80.30499,Ukwa Mine,31.93,490.9,0.63,48.1,32.9,1338.2,-7.68,1.095,16.8,0
MOIL-SAMP-02556,21.25006,80.0652,Balaghat Mine (Largest underground Mn mine),62.37,300.3,0.669,34.8,30.6,1350.7,-4.53,1.181,17.4,0
MOIL-SAMP-02557,21.48597,79.75498,Chikla Mine,8.79,376.1,0.57,48.9,30.9,1394.6,-5.28,0.968,13.0,0
MOIL-SAMP-02558,21.9149,79.46117,Mansar Mine,60.39,438.4,0.656,28.6,30.4,1250.8,2.86,1.091,12.0,0
MOIL-SAMP-02559,21.76483,79.504,Tirodi Mine,23.4,454.3,0.683,46.8,34.9,1354.5,-12.67,1.02,15.6,0
MOIL-SAMP-02560,21.58599,79.74451,Chikla Mine,2.39,329.3,0.364,61.4,35.5,1302.5,23.13,2.424,26.8,1
MOIL-SAMP-02561,21.99733,80.26687,Balaghat Mine (Largest underground Mn mine),23.06,414.4,0.88,45.2,34.7,1434.9,2.09,1.613,18.6,0
MOIL-SAMP-02562,21.99038,79.8145,Tirodi Mine,34.93,334.7,0.521,34.4,32.6,1299.7,-9.39,1.319,10.3,0
MOIL-SAMP-02563,21.43736,78.93556,Gumgaon Mine,8.64,331.5,0.559,48.8,27.7,1242.2,-1.8,1.188,16.8,0
MOIL-SAMP-02564,22.14623,79.57365,Tirodi Mine,52.68,365.2,0.687,49.4,28.8,1410.3,0.22,1.171,1.4,0
MOIL-SAMP-02565,21.37589,80.1872,Balaghat Mine (Largest underground Mn mine),47.17,351.4,0.783,22.3,31.3,1265.6,-6.17,0.965,10.0,0
MOIL-SAMP-02566,21.24196,80.36954,,999.0,301.0,0.615,49.2,28.8,1191.8,2.82,1.58,11.7,0
MOIL-SAMP-02567,21.24473,79.45631,Dongri Buzurg Mine,42.34,315.0,0.749,32.8,31.2,1101.5,-0.69,1.202,15.1,0
MOIL-SAMP-02568,21.21727,80.29213,Balaghat Mine (Largest underground Mn mine),65.61,344.2,0.623,49.3,30.4,1363.9,-1.82,1.313,8.2,0
MOIL-SAMP-02569,21.62527,79.22753,Kandri Mine,23.39,438.6,0.589,40.0,32.8,1338.2,-1.59,1.516,8.5,0
MOIL-SAMP-02570,21.94565,80.02277,Dongri Buzurg Mine,54.86,425.6,0.748,29.0,31.8,1311.2,-11.15,1.222,12.0,0
MOIL-SAMP-02571,21.45185,80.29743,Ukwa Mine,59.73,226.5,0.846,42.9,28.7,1534.2,-4.46,0.929,18.6,0
MOIL-SAMP-02572,21.58291,79.82191,Sitasaongi Mine,6.3,484.3,0.63,64.8,35.7,1342.1,-12.5,1.383,17.7,0
MOIL-SAMP-02573,21.35008,79.57414,Dongri Buzurg Mine,25.91,405.3,0.539,51.9,28.9,1174.3,-3.63,1.189,8.8,0
MOIL-SAMP-02574,21.77496,79.66581,Tirodi Mine,10.83,419.0,0.496,42.6,31.6,1270.2,4.3,0.694,-4.8,0
MOIL-SAMP-02575,21.91344,79.17508,Gumgaon Mine,60.44,455.6,0.801,51.8,29.7,1306.7,-5.09,1.15,17.5,0
MOIL-SAMP-02576,21.1686,80.116,Balaghat Mine (Largest underground Mn mine),70.48,369.4,0.716,49.0,30.3,1256.8,3.68,1.103,24.1,0
MOIL-SAMP-02577,22.01271,79.88832,Tirodi Mine,40.08,467.1,0.727,33.3,35.8,1288.9,-3.78,1.316,11.2,0
MOIL-SAMP-02578,21.36295,80.58181,,999.0,341.0,0.692,37.2,30.8,1351.8,-5.88,0.85,8.5,0
MOIL-SAMP-02579,21.89221,79.69113,Tirodi Mine,22.66,361.4,0.748,37.1,31.0,1253.4,-2.14,1.058,16.6,0
MOIL-SAMP-02580,22.08716,79.80889,Tirodi Mine,45.14,360.7,0.59,22.7,35.4,1368.6,1.86,0.811,12.0,0
MOIL-SAMP-02581,21.76442,80.23441,Balaghat Mine (Largest underground Mn mine),6.44,426.4,0.848,48.4,34.8,1290.1,0.72,0.936,12.5,0
MOIL-SAMP-02582,21.58372,79.86901,Sitasaongi Mine,11.18,339.5,0.656,47.3,35.5,1273.4,-3.09,1.195,9.4,0
MOIL-SAMP-02583,21.77676,79.79009,Tirodi Mine,12.47,347.5,0.558,46.1,35.7,1136.7,-9.56,0.953,3.2,0
MOIL-SAMP-02584,21.51427,79.11594,Gumgaon Mine,17.96,403.6,0.43,47.9,34.4,1421.8,-3.98,1.244,9.6,0
MOIL-SAMP-02585,21.30047,80.08355,Balaghat Mine (Largest underground Mn mine),56.54,383.4,0.649,42.9,32.4,1259.0,8.63,1.13,15.6,0
MOIL-SAMP-02586,21.45028,79.6337,Dongri Buzurg Mine,13.23,433.9,0.617,44.6,32.0,1410.5,-5.14,1.555,18.2,0
MOIL-SAMP-02587,21.46865,80.34439,Ukwa Mine,56.67,307.0,0.762,25.4,34.3,1402.8,-14.01,1.168,10.9,0
MOIL-SAMP-02588,21.21443,79.2164,Mansar Mine,21.13,429.9,0.621,37.3,30.7,1375.1,-5.54,0.692,9.4,0
MOIL-SAMP-02589,21.56244,80.33268,Ukwa Mine,46.97,335.6,0.546,33.5,31.6,1142.3,-0.3,0.99,9.0,0
MOIL-SAMP-02590,21.79604,79.3116,Mansar Mine,44.19,417.4,0.706,46.3,33.1,1282.3,-6.48,0.963,11.7,0
MOIL-SAMP-02591,21.75123,79.58056,Tirodi Mine,15.54,505.7,0.612,56.2,29.4,1197.4,-3.23,1.184,6.3,0
MOIL-SAMP-02592,21.26356,79.19545,Mansar Mine,16.9,330.1,0.665,43.6,28.3,1325.9,-4.68,1.01,19.8,0
MOIL-SAMP-02593,21.39559,80.33901,Ukwa Mine,64.68,444.9,0.604,48.0,35.6,1322.1,-15.43,1.753,12.5,0
MOIL-SAMP-02594,21.61416,79.85769,Sitasaongi Mine,10.58,357.1,0.751,32.8,26.6,1288.3,-10.09,1.646,17.3,0
MOIL-SAMP-02595,21.58613,80.01446,Balaghat Mine (Largest underground Mn mine),29.86,360.7,0.529,55.2,30.1,1411.0,-5.34,1.418,0.2,0
MOIL-SAMP-02596,21.187,79.13685,Mansar Mine,27.27,413.2,0.404,74.6,27.2,1235.6,-2.47,1.047,12.1,0
MOIL-SAMP-02597,21.28643,79.31511,Mansar Mine,13.09,267.4,0.653,28.3,26.8,1300.8,-9.89,0.83,19.5,0
MOIL-SAMP-02598,21.95354,80.03561,Dongri Buzurg Mine,56.37,388.8,0.743,41.4,28.7,1320.8,2.47,1.157,18.5,0
MOIL-SAMP-02599,21.32599,80.38454,Ukwa Mine,71.51,323.5,0.763,41.3,29.2,1288.6,-3.34,1.155,13.5,0
MOIL-SAMP-02600,22.11379,79.72452,Tirodi Mine,47.03,427.4,0.83,42.8,34.1,1306.2,-5.14,1.128,3.1,0
MOIL-SAMP-02601,21.16991,80.39725,,999.0,320.3,0.579,44.4,34.7,1334.2,-3.68,0.804,16.0,0
MOIL-SAMP-02602,21.23393,79.93288,Balaghat Mine (Largest underground Mn mine),68.14,367.3,0.619,56.3,30.6,1256.8,0.01,1.266,19.0,0
MOIL-SAMP-02603,22.01717,80.47103,Ukwa Mine,5.45,393.3,0.606,34.9,30.0,1294.8,-7.57,1.176,10.2,0
MOIL-SAMP-02604,21.55701,79.50418,Tirodi Mine,26.21,389.1,0.615,43.5,32.9,1452.6,-7.07,1.19,12.2,0
MOIL-SAMP-02605,21.80743,79.01255,Gumgaon Mine,46.03,422.6,0.837,35.8,26.6,1271.5,-3.25,1.171,8.7,0
MOIL-SAMP-02606,22.09316,80.15362,Balaghat Mine (Largest underground Mn mine),32.33,435.0,0.775,33.4,29.2,1350.4,-0.44,1.039,15.0,0
MOIL-SAMP-02607,21.29056,79.05148,Gumgaon Mine,12.22,300.5,0.35,53.5,30.5,1263.5,-4.17,1.266,23.6,0
MOIL-SAMP-02608,21.88448,80.52928,Ukwa Mine,11.19,318.2,0.658,29.7,30.0,1425.9,-0.04,1.25,2.8,0
MOIL-SAMP-02609,21.67196,80.34217,Ukwa Mine,35.22,374.4,0.838,46.9,31.6,1377.9,0.95,1.562,15.0,0
MOIL-SAMP-02610,22.09967,80.5268,Ukwa Mine,15.77,459.3,0.57,16.4,35.5,1336.7,6.52,0.872,13.3,0
MOIL-SAMP-02611,21.40181,80.44222,Ukwa Mine,62.66,384.3,0.716,48.4,28.9,1340.5,-0.99,0.99,22.8,0
MOIL-SAMP-02612,21.38808,79.0701,Gumgaon Mine,6.98,355.5,0.52,22.1,28.6,1418.1,-3.36,0.974,20.4,0
MOIL-SAMP-02613,21.95669,79.44271,Mansar Mine,64.23,421.7,0.666,42.2,30.6,1224.4,-0.96,0.994,20.7,0
MOIL-SAMP-02614,21.73433,79.55191,Tirodi Mine,17.61,482.0,0.749,36.4,27.6,1337.2,-2.58,1.368,23.3,0
MOIL-SAMP-02615,21.89837,79.27469,Mansar Mine,55.33,440.9,0.683,48.0,32.2,1223.1,-3.55,1.016,6.3,0
MOIL-SAMP-02616,21.57287,79.1097,Gumgaon Mine,22.94,349.4,0.489,67.7,30.0,1285.7,0.86,1.15,12.0,0
MOIL-SAMP-02617,21.32515,80.59586,,999.0,226.9,0.63,37.6,31.3,1481.6,-2.04,0.92,16.9,0
MOIL-SAMP-02618,21.58948,79.30775,Kandri Mine,19.53,439.0,0.662,45.1,31.4,1245.1,-3.76,0.872,10.0,0
MOIL-SAMP-02619,21.73948,79.73265,Tirodi Mine,5.93,391.9,0.509,42.6,31.5,1309.1,5.75,1.09,15.3,0
MOIL-SAMP-02620,21.5247,80.55768,Ukwa Mine,49.88,362.6,0.719,31.5,26.7,1425.1,-10.12,0.918,12.9,0
MOIL-SAMP-02621,21.46649,79.61281,Dongri Buzurg Mine,13.05,414.8,0.845,21.1,29.7,1311.2,3.31,0.685,23.2,0
MOIL-SAMP-02622,21.83274,80.58397,Ukwa Mine,19.16,456.7,0.603,41.6,29.0,1251.2,-12.07,1.845,5.9,0
MOIL-SAMP-02623,22.02943,80.53655,Ukwa Mine,9.81,352.7,0.589,74.8,26.3,1335.1,-5.43,1.767,11.6,0
MOIL-SAMP-02624,21.513,80.13821,Balaghat Mine (Largest underground Mn mine),32.41,347.2,0.564,61.0,31.3,1288.1,0.03,1.128,10.6,0
MOIL-SAMP-02625,21.97137,78.88793,Gumgaon Mine,65.24,469.0,0.815,26.8,26.9,1195.7,-9.43,1.025,7.9,0
MOIL-SAMP-02626,22.11681,79.94047,Tirodi Mine,52.79,519.3,0.588,46.6,32.8,1366.7,-9.3,1.178,12.5,0
MOIL-SAMP-02627,21.99147,80.042,Dongri Buzurg Mine,60.11,352.6,0.698,50.3,32.8,1375.7,-14.73,1.292,3.4,0
MOIL-SAMP-02628,22.09085,80.09323,Balaghat Mine (Largest underground Mn mine),33.33,440.2,0.687,53.3,28.6,1308.5,-2.9,1.373,11.2,0
MOIL-SAMP-02629,21.9388,79.28142,Mansar Mine,59.8,429.1,0.672,48.2,30.8,1538.7,-0.29,1.492,0.9,0
MOIL-SAMP-02630,21.70273,79.40668,Mansar Mine,36.43,431.7,0.589,56.8,28.1,1352.4,-3.98,1.652,9.3,0
MOIL-SAMP-02631,22.10848,79.50314,Mansar Mine,82.1,351.6,0.607,44.9,34.2,1171.4,-1.23,0.81,4.7,0
MOIL-SAMP-02632,21.96225,79.0697,Gumgaon Mine,63.52,335.0,0.611,39.5,35.1,1239.9,-8.54,1.078,11.5,0
MOIL-SAMP-02633,22.01695,80.39376,Ukwa Mine,9.38,365.1,0.612,46.9,30.0,1302.0,-5.09,1.571,7.1,0
MOIL-SAMP-02634,21.53847,80.48762,Ukwa Mine,47.54,398.5,0.603,28.6,35.4,1291.2,-0.17,0.945,15.6,0
MOIL-SAMP-02635,21.54298,80.61039,Ukwa Mine,49.24,376.0,0.542,40.2,31.8,1437.4,-2.62,0.864,7.6,0
MOIL-SAMP-02636,21.40553,79.01245,Gumgaon Mine,1.87,302.3,0.494,41.0,34.1,1194.9,0.55,0.963,21.5,0
MOIL-SAMP-02637,21.97271,79.27383,Mansar Mine,63.55,377.3,0.633,40.3,26.0,1361.4,-12.23,1.061,11.8,0
MOIL-SAMP-02638,21.36039,80.45244,Ukwa Mine,67.2,334.2,0.69,42.9,33.4,1208.2,-1.08,1.008,8.8,0
MOIL-SAMP-02639,22.06589,79.98643,Tirodi Mine,50.29,353.2,0.523,52.5,30.2,1279.9,0.91,1.345,6.5,0
MOIL-SAMP-02640,22.02947,80.23013,Balaghat Mine (Largest underground Mn mine),25.48,394.4,0.537,43.6,29.1,1344.5,-10.8,0.924,12.1,0
MOIL-SAMP-02641,21.55629,78.91099,Gumgaon Mine,20.59,418.2,0.565,46.4,30.3,1292.9,1.06,1.394,4.1,0
MOIL-SAMP-02642,22.01644,80.33176,Balaghat Mine (Largest underground Mn mine),27.97,422.0,0.788,40.3,30.9,1396.7,-3.09,1.078,17.0,0
MOIL-SAMP-02643,22.0905,79.69796,Tirodi Mine,44.48,386.0,0.612,37.3,28.8,1446.2,-12.33,1.239,9.7,0
MOIL-SAMP-02644,21.56296,80.36409,Ukwa Mine,46.05,405.9,0.774,46.2,27.6,1298.1,-4.57,1.078,15.2,0
MOIL-SAMP-02645,21.86739,80.42817,Ukwa Mine,11.86,487.7,0.559,33.5,32.0,1342.7,-5.92,1.059,21.9,0
MOIL-SAMP-02646,21.97024,80.33392,Balaghat Mine (Largest underground Mn mine),23.95,475.5,0.629,36.8,28.9,1348.8,-2.93,1.137,17.6,0
MOIL-SAMP-02647,21.84848,79.7614,Tirodi Mine,18.33,379.9,0.576,15.0,31.3,1325.0,-6.49,1.137,17.6,0
MOIL-SAMP-02648,21.50186,79.93381,Balaghat Mine (Largest underground Mn mine),42.33,391.8,0.541,34.2,29.6,1404.7,-15.7,1.356,-2.3,0
MOIL-SAMP-02649,21.96343,80.17801,Balaghat Mine (Largest underground Mn mine),17.82,293.5,0.536,44.6,33.6,1440.9,-6.31,1.043,0.7,0
MOIL-SAMP-02650,21.60326,78.89923,Gumgaon Mine,25.79,324.2,0.632,44.3,28.9,1499.4,-4.0,1.176,9.4,0
MOIL-SAMP-02651,21.2021,80.00487,Balaghat Mine (Largest underground Mn mine),69.01,357.1,0.605,46.1,33.9,1279.1,-1.23,0.989,12.9,0
MOIL-SAMP-02652,21.78016,80.27383,Balaghat Mine (Largest underground Mn mine),9.28,356.1,0.537,34.6,30.3,1190.2,-8.76,1.234,3.8,0
MOIL-SAMP-02653,21.28609,79.57119,Dongri Buzurg Mine,32.38,413.8,0.521,29.2,32.7,1455.2,-7.94,1.455,11.2,0
MOIL-SAMP-02654,21.7783,79.4147,Mansar Mine,44.54,423.5,0.647,27.6,34.4,1202.8,-7.17,1.356,15.2,0
MOIL-SAMP-02655,21.23223,79.13408,Mansar Mine,23.31,407.7,0.67,57.7,32.2,1327.7,2.89,1.192,16.2,0
MOIL-SAMP-02656,21.66637,80.5954,Ukwa Mine,35.85,396.2,0.786,42.3,31.4,1325.0,-8.33,0.957,9.6,0
MOIL-SAMP-02657,21.98062,80.22369,Balaghat Mine (Largest underground Mn mine),20.05,349.1,0.416,26.6,29.9,1274.8,-5.59,1.427,9.3,0
MOIL-SAMP-02658,21.99696,80.08436,Balaghat Mine (Largest underground Mn mine),23.99,373.0,0.703,25.6,33.5,1308.0,5.68,1.198,12.6,0
MOIL-SAMP-02659,21.94264,79.42492,Mansar Mine,62.25,393.4,0.636,36.6,35.2,1247.6,-2.22,1.118,21.5,0
MOIL-SAMP-02660,21.62837,80.17331,Balaghat Mine (Largest underground Mn mine),19.31,388.4,0.667,27.1,31.9,1346.0,-14.11,1.202,3.9,0
MOIL-SAMP-02661,21.41068,80.08744,Balaghat Mine (Largest underground Mn mine),44.54,377.2,0.787,33.6,28.7,1290.3,-11.14,0.775,16.1,0
MOIL-SAMP-02662,21.97677,80.28915,Balaghat Mine (Largest underground Mn mine),21.96,378.7,0.601,24.5,30.6,1274.8,7.83,0.955,17.5,0
MOIL-SAMP-02663,21.34866,79.59609,Dongri Buzurg Mine,25.01,297.2,0.568,42.1,35.8,1268.0,0.36,1.134,15.1,0
MOIL-SAMP-02664,21.33189,80.4275,Ukwa Mine,70.46,395.3,0.644,26.6,34.3,1352.5,-15.44,1.549,7.9,0
MOIL-SAMP-02665,22.09476,80.44181,Ukwa Mine,14.27,475.2,0.61,15.0,35.3,1156.9,-6.49,1.645,24.2,0
MOIL-SAMP-02666,21.37449,80.5566,,999.0,425.9,0.787,52.8,34.1,1230.4,-16.87,1.074,8.3,0
MOIL-SAMP-02667,22.07311,80.01479,Tirodi Mine,52.63,496.1,0.821,43.2,32.9,1230.2,-4.18,1.103,28.8,0
MOIL-SAMP-02668,21.77663,80.48232,Ukwa Mine,21.21,457.4,0.692,31.9,31.3,1414.3,-9.27,1.06,18.3,0
MOIL-SAMP-02669,22.12413,79.20688,Gumgaon Mine,83.76,425.6,0.738,26.2,29.3,1346.3,-7.33,1.232,3.3,0
MOIL-SAMP-02670,21.85126,79.15376,Gumgaon Mine,53.22,363.6,0.472,27.1,34.4,1190.6,-4.91,1.639,12.2,0
MOIL-SAMP-02671,21.55103,79.62203,Tirodi Mine,17.99,399.7,0.593,26.2,33.7,1274.2,-8.29,1.17,20.1,0
MOIL-SAMP-02672,21.41016,79.01031,Gumgaon Mine,2.24,342.2,0.306,50.5,35.2,1430.3,34.41,1.743,60.8,1
MOIL-SAMP-02673,21.51792,80.55504,Ukwa Mine,50.57,389.3,0.675,61.7,36.9,1269.0,-5.18,1.083,12.8,0
MOIL-SAMP-02674,21.26735,80.14345,Balaghat Mine (Largest underground Mn mine),59.34,403.6,0.671,38.4,30.4,1399.6,-5.72,1.223,11.6,0
MOIL-SAMP-02675,21.58516,80.50598,Ukwa Mine,42.51,370.6,0.676,46.0,36.3,1324.9,-5.31,1.327,14.5,0
MOIL-SAMP-02676,21.60371,80.0625,Balaghat Mine (Largest underground Mn mine),25.49,400.9,0.705,19.7,29.3,1250.0,-3.93,1.143,8.1,0
MOIL-SAMP-02677,21.26851,80.13441,Balaghat Mine (Largest underground Mn mine),59.3,325.2,0.491,51.3,31.8,1356.2,1.88,1.243,12.0,0
MOIL-SAMP-02678,21.34054,80.40149,Ukwa Mine,69.72,388.8,0.495,61.8,33.4,1411.8,-3.4,1.243,13.8,0
MOIL-SAMP-02679,21.93212,79.36833,Mansar Mine,59.88,322.2,0.693,46.8,25.7,1184.6,-9.34,0.988,18.2,0
MOIL-SAMP-02680,21.64417,79.08436,Gumgaon Mine,29.22,398.1,0.656,49.1,34.3,1113.7,1.15,1.229,8.0,0
MOIL-SAMP-02681,22.00634,79.93015,Tirodi Mine,41.6,387.7,0.638,32.8,35.8,1262.2,-9.31,1.46,6.2,0
MOIL-SAMP-02682,22.14521,79.35934,,999.0,451.0,0.651,36.3,30.4,1327.8,-6.73,0.942,16.6,0
MOIL-SAMP-02683,21.82719,79.603,Tirodi Mine,19.22,417.2,0.57,32.5,31.7,1122.5,-0.12,1.281,16.1,0
MOIL-SAMP-02684,21.55852,79.1127,Gumgaon Mine,21.73,413.2,0.704,44.3,29.7,1222.9,-2.48,1.264,9.1,0
MOIL-SAMP-02685,21.44019,79.32124,Mansar Mine,6.84,419.5,0.699,33.2,33.6,1257.8,-3.29,0.991,13.5,0
MOIL-SAMP-02686,21.76768,80.48319,Ukwa Mine,22.2,375.1,0.656,50.4,31.8,1288.3,-9.31,1.407,14.3,0
MOIL-SAMP-02687,21.51964,80.08168,Balaghat Mine (Largest underground Mn mine),33.13,486.3,0.651,29.7,34.5,1391.0,-11.8,0.946,14.7,0
MOIL-SAMP-02688,21.60816,78.86858,Gumgaon Mine,27.73,444.3,0.642,46.1,31.6,1324.9,2.85,1.362,15.2,0
MOIL-SAMP-02689,21.2832,79.43184,Dongri Buzurg Mine,40.65,288.5,0.523,53.3,30.8,1327.2,-11.69,1.223,21.2,0
MOIL-SAMP-02690,21.84302,80.08633,Balaghat Mine (Largest underground Mn mine),11.36,374.4,0.563,22.8,30.4,1269.0,-18.57,1.338,7.5,0
MOIL-SAMP-02691,21.86334,80.12522,Balaghat Mine (Largest underground Mn mine),9.3,459.8,0.681,40.1,32.5,1402.1,-0.56,1.352,13.0,0
MOIL-SAMP-02692,21.8861,79.31121,Mansar Mine,54.11,403.0,0.822,45.6,27.8,1244.5,-13.06,1.071,10.5,0
MOIL-SAMP-02693,21.24528,78.95575,Gumgaon Mine,16.86,438.0,0.72,50.8,30.0,1248.0,1.33,1.198,9.3,0
MOIL-SAMP-02694,21.48286,79.27271,Kandri Mine,7.31,396.9,0.742,36.0,32.6,1342.4,-5.25,1.194,17.2,0
MOIL-SAMP-02695,22.05823,80.64413,Ukwa Mine,20.74,395.9,0.709,18.3,32.3,1492.8,-4.61,1.27,10.2,0
MOIL-SAMP-02696,22.08932,80.59098,Ukwa Mine,18.47,422.5,0.76,25.7,32.3,1431.2,2.9,1.752,13.1,0
MOIL-SAMP-02697,21.74823,80.19684,Balaghat Mine (Largest underground Mn mine),6.08,485.5,0.717,31.9,34.5,1265.6,-9.65,1.011,2.2,0
MOIL-SAMP-02698,21.19551,79.30658,Mansar Mine,22.66,417.3,0.566,29.6,30.1,1157.4,-1.49,0.971,10.6,0
MOIL-SAMP-02699,21.76966,79.39451,Mansar Mine,42.98,362.4,0.722,57.9,32.0,1174.8,-4.44,1.552,9.9,0
MOIL-SAMP-02700,21.5447,79.51762,Tirodi Mine,25.88,385.2,0.598,52.4,32.0,1211.9,2.99,1.365,14.9,0
MOIL-SAMP-02701,22.11806,79.85721,Tirodi Mine,49.72,459.1,0.802,56.3,32.7,1391.4,-4.97,1.148,10.9,0
MOIL-SAMP-02702,21.73049,79.31852,Mansar Mine,37.06,431.0,0.479,52.7,31.8,1272.8,-12.39,1.58,6.7,0
MOIL-SAMP-02703,21.65375,80.52459,Ukwa Mine,35.23,437.0,0.627,48.7,35.8,1240.2,-3.13,1.583,-2.6,0
MOIL-SAMP-02704,22.0279,79.08746,Gumgaon Mine,70.94,461.1,0.644,42.8,31.6,1178.6,-6.68,0.895,15.9,0
MOIL-SAMP-02705,21.46732,79.80476,Sitasaongi Mine,13.57,314.6,0.685,47.2,28.9,1329.4,-19.98,1.336,4.3,0
MOIL-SAMP-02706,21.2918,79.06032,Gumgaon Mine,12.5,371.0,0.603,28.7,30.1,1364.1,-11.56,1.476,13.4,0
MOIL-SAMP-02707,21.19416,79.08017,Gumgaon Mine,23.22,373.3,0.846,38.2,30.7,1266.3,2.25,1.212,9.9,0
MOIL-SAMP-02708,22.02168,80.35265,Balaghat Mine (Largest underground Mn mine),29.65,453.2,0.662,54.1,34.1,1295.0,-10.63,0.942,21.6,0
MOIL-SAMP-02709,21.89782,80.51723,Ukwa Mine,9.28,391.4,0.526,52.4,26.8,1355.1,-7.06,1.063,6.1,0
MOIL-SAMP-02710,21.43293,80.42849,Ukwa Mine,59.3,271.6,0.631,54.5,33.1,1246.1,-1.23,1.135,-1.1,0
MOIL-SAMP-02711,21.76293,80.22082,Balaghat Mine (Largest underground Mn mine),5.58,458.2,0.663,45.1,33.3,1273.1,-7.86,1.28,3.3,0
MOIL-SAMP-02712,21.41376,79.41342,Mansar Mine,14.66,384.8,0.583,28.6,34.9,1410.0,-16.94,1.07,15.3,0
MOIL-SAMP-02713,22.04267,79.41798,Mansar Mine,72.85,482.0,0.419,30.8,27.4,1282.9,-14.33,1.022,8.4,0
MOIL-SAMP-02714,22.14457,80.22462,Balaghat Mine (Largest underground Mn mine),38.02,398.9,0.73,41.5,26.1,1321.7,-10.42,0.974,13.0,0
MOIL-SAMP-02715,21.30126,80.38546,Ukwa Mine,74.21,380.8,0.679,40.6,29.3,1142.6,0.03,0.879,12.0,0
MOIL-SAMP-02716,21.80742,80.2868,Balaghat Mine (Largest underground Mn mine),10.3,518.9,0.616,27.5,26.0,1301.7,-8.69,0.973,10.7,0
MOIL-SAMP-02717,21.20322,79.11752,Mansar Mine,26.9,285.9,0.541,45.0,32.5,1315.2,-4.29,1.285,20.8,0
MOIL-SAMP-02718,21.37986,78.91455,Gumgaon Mine,9.23,311.7,0.705,55.0,34.9,1300.9,-3.26,0.924,15.8,0
MOIL-SAMP-02719,21.41022,80.12073,Balaghat Mine (Largest underground Mn mine),43.92,321.4,0.761,43.1,32.2,1338.3,-11.05,1.22,17.2,0
MOIL-SAMP-02720,21.58643,80.64136,Ukwa Mine,45.83,447.0,0.786,39.8,28.4,1361.4,0.09,1.067,17.5,0
MOIL-SAMP-02721,22.07721,78.92343,Gumgaon Mine,76.3,475.5,0.764,46.8,25.0,1274.6,1.71,1.393,17.0,0
MOIL-SAMP-02722,21.50652,80.12625,Balaghat Mine (Largest underground Mn mine),33.33,421.2,0.524,39.1,33.5,1237.6,-2.68,1.238,14.7,0
MOIL-SAMP-02723,21.6352,79.73738,Dongri Buzurg Mine,9.89,453.3,0.719,31.2,31.0,1434.6,-8.81,1.019,10.0,0
MOIL-SAMP-02724,21.99584,80.41038,Ukwa Mine,6.7,446.6,0.552,42.9,27.6,1264.8,8.25,1.089,5.4,0
MOIL-SAMP-02725,21.27365,79.01844,Gumgaon Mine,13.1,373.3,0.603,40.5,32.1,1325.6,-1.5,1.118,17.0,0
MOIL-SAMP-02726,22.01817,79.17518,Gumgaon Mine,71.59,344.3,0.637,51.8,32.1,1199.6,3.91,1.547,24.2,0
MOIL-SAMP-02727,21.3183,79.76573,Chikla Mine,27.33,321.3,0.55,41.2,29.6,1190.9,-10.67,0.985,13.7,0
MOIL-SAMP-02728,21.42279,80.45361,Ukwa Mine,60.3,402.2,0.583,43.7,32.3,1191.8,-7.38,1.333,-3.9,0
MOIL-SAMP-02729,21.73568,79.90039,Sitasaongi Mine,22.21,355.8,0.617,25.6,33.7,1344.1,7.53,1.071,8.3,0
MOIL-SAMP-02730,22.12163,79.79683,Tirodi Mine,48.63,503.5,0.705,48.7,31.3,1191.6,-4.04,0.877,13.4,0
MOIL-SAMP-02731,21.72079,79.59955,Tirodi Mine,12.46,413.2,0.587,42.6,31.1,1386.6,-12.75,0.73,11.6,0
MOIL-SAMP-02732,21.22684,80.23286,Balaghat Mine (Largest underground Mn mine),63.83,267.9,0.473,36.8,29.9,1416.8,4.05,1.065,8.8,0
MOIL-SAMP-02733,21.82691,80.44726,Ukwa Mine,15.75,439.0,0.618,37.1,34.0,1322.1,-6.69,1.063,18.3,0
MOIL-SAMP-02734,21.17596,80.07636,Balaghat Mine (Largest underground Mn mine),70.22,339.4,0.741,47.0,31.6,1405.0,-5.59,1.426,1.7,0
MOIL-SAMP-02735,21.83064,79.55951,Tirodi Mine,22.49,442.7,0.832,36.6,33.1,1266.5,-3.15,1.658,4.0,0
MOIL-SAMP-02736,21.74034,80.5622,Ukwa Mine,26.99,378.5,0.71,27.5,33.7,1403.9,2.31,1.162,11.8,0
MOIL-SAMP-02737,21.98698,79.1268,Gumgaon Mine,67.12,465.9,0.7,37.7,29.6,1161.4,3.24,1.525,6.7,0
MOIL-SAMP-02738,21.23106,80.34526,Ukwa Mine,82.46,377.8,0.566,34.4,27.5,1363.5,-4.24,1.309,-1.2,0
MOIL-SAMP-02739,21.80954,79.6673,Tirodi Mine,14.26,420.9,0.637,23.8,29.2,1347.8,-2.55,1.294,15.5,0
MOIL-SAMP-02740,22.1052,79.91957,Tirodi Mine,50.7,455.3,0.675,48.2,30.4,1263.3,-9.52,1.006,15.5,0
MOIL-SAMP-02741,21.15581,80.59559,,999.0,310.7,0.566,39.4,30.3,1333.3,-16.72,1.162,15.9,0
MOIL-SAMP-02742,21.80617,80.56161,Ukwa Mine,20.34,361.2,0.681,44.2,29.9,1254.3,6.2,1.205,9.9,0
MOIL-SAMP-02743,21.47492,80.16678,Balaghat Mine (Largest underground Mn mine),36.28,344.2,0.426,29.8,30.3,1248.0,-10.1,1.14,4.5,0
MOIL-SAMP-02744,21.88432,80.57333,Ukwa Mine,14.28,401.8,0.574,47.3,28.0,1417.0,4.05,1.386,5.5,0
MOIL-SAMP-02745,21.71916,79.23046,Kandri Mine,33.62,384.1,0.78,50.1,30.1,1317.9,-3.07,1.272,12.1,0
MOIL-SAMP-02746,21.19868,80.00856,Balaghat Mine (Largest underground Mn mine),69.27,430.5,0.599,29.5,33.2,1339.5,-2.21,1.319,7.1,0
MOIL-SAMP-02747,21.47317,78.94996,Gumgaon Mine,10.59,455.8,0.525,43.3,30.6,1127.8,-1.24,1.356,18.8,0
MOIL-SAMP-02748,21.22072,80.56342,,999.0,343.7,0.729,31.5,29.2,1422.7,-6.15,1.059,15.8,0
MOIL-SAMP-02749,21.53139,79.56795,Tirodi Mine,23.09,328.7,0.608,57.1,29.9,1306.8,0.63,1.328,8.5,0
MOIL-SAMP-02750,21.32801,80.58709,,999.0,407.9,0.708,59.8,30.2,1129.9,-13.3,1.32,11.2,0
MOIL-SAMP-02751,22.01552,79.01054,Gumgaon Mine,69.04,476.3,0.745,46.3,30.5,1340.8,-2.99,1.246,14.1,0
MOIL-SAMP-02752,22.00235,79.14329,Gumgaon Mine,69.13,481.6,0.51,48.7,30.0,1309.7,-0.99,1.172,11.1,0
MOIL-SAMP-02753,21.92949,79.36288,Mansar Mine,59.5,489.6,0.487,52.6,30.0,1376.2,-7.01,1.323,14.2,0
MOIL-SAMP-02754,21.90256,80.02732,Balaghat Mine (Largest underground Mn mine),19.9,439.6,0.644,42.4,35.9,1329.0,-9.0,1.192,18.3,0
MOIL-SAMP-02755,21.2706,79.73352,Chikla Mine,32.51,383.7,0.525,62.3,32.0,1223.8,-10.87,0.999,5.1,0
MOIL-SAMP-02756,21.58236,80.30144,Ukwa Mine,45.98,334.3,0.567,25.2,27.0,1271.2,-2.35,1.11,12.4,0
MOIL-SAMP-02757,21.4601,80.08293,Balaghat Mine (Largest underground Mn mine),39.37,448.3,0.486,35.6,31.3,1434.1,-2.83,1.259,16.5,0
MOIL-SAMP-02758,21.28129,80.04794,Balaghat Mine (Largest underground Mn mine),59.4,456.3,0.667,34.2,26.3,1307.1,-3.24,1.026,1.8,0
MOIL-SAMP-02759,21.98205,79.77278,Tirodi Mine,33.0,405.7,0.515,50.5,30.2,1117.3,-1.27,1.102,15.2,0
MOIL-SAMP-02760,21.63962,80.44374,Ukwa Mine,36.39,431.4,0.562,55.4,24.2,1302.3,-6.86,1.521,31.1,0
MOIL-SAMP-02761,21.62644,79.8635,Sitasaongi Mine,11.65,376.5,0.458,38.4,28.0,1298.7,-1.61,1.083,11.0,0
MOIL-SAMP-02762,21.57307,80.21168,Balaghat Mine (Largest underground Mn mine),25.49,402.6,0.514,46.3,33.5,1374.6,2.85,1.389,21.8,0
MOIL-SAMP-02763,21.96099,79.95496,Tirodi Mine,39.04,407.6,0.65,56.7,28.5,1368.8,-3.94,1.326,8.1,0
MOIL-SAMP-02764,21.58411,79.61683,Tirodi Mine,15.37,392.0,0.561,25.9,30.8,1282.5,-5.8,1.383,15.1,0
MOIL-SAMP-02765,21.19044,79.46514,Dongri Buzurg Mine,46.84,363.1,0.682,45.3,33.0,1269.1,-13.26,0.95,21.1,0
MOIL-SAMP-02766,21.61352,79.25361,Kandri Mine,21.77,393.1,0.64,40.7,31.2,1134.6,-9.24,1.413,7.5,0
MOIL-SAMP-02767,21.83624,79.12913,Gumgaon Mine,50.92,338.4,0.516,25.1,33.8,1200.3,-3.02,1.116,6.0,0
MOIL-SAMP-02768,21.64532,79.98321,Balaghat Mine (Largest underground Mn mine),27.33,400.7,0.88,52.0,26.1,1259.4,1.07,1.304,5.2,0
MOIL-SAMP-02769,21.67468,79.37327,Mansar Mine,32.31,388.6,0.706,54.8,29.3,1271.1,-1.69,1.261,8.8,0
MOIL-SAMP-02770,21.58736,80.48297,Ukwa Mine,42.12,378.3,0.676,37.7,34.4,1376.5,3.31,1.462,18.3,0
MOIL-SAMP-02771,21.62761,79.11749,Gumgaon Mine,28.72,444.8,0.727,31.0,31.2,1188.7,-18.18,1.261,6.0,0
MOIL-SAMP-02772,21.27779,80.47523,,999.0,320.3,0.758,52.1,30.4,1373.4,-4.42,1.216,24.4,0
MOIL-SAMP-02773,21.99154,79.79157,Tirodi Mine,34.43,444.0,0.706,25.6,33.1,1388.6,-12.86,0.633,15.2,0
MOIL-SAMP-02774,21.44548,78.93591,Gumgaon Mine,9.17,349.5,0.419,45.4,29.8,1214.1,-9.93,1.237,13.9,0
MOIL-SAMP-02775,21.22653,78.93117,Gumgaon Mine,19.66,374.2,0.51,28.1,28.4,1277.0,-9.94,1.391,5.1,0
MOIL-SAMP-02776,21.25763,79.61484,Dongri Buzurg Mine,33.87,386.8,0.562,56.3,34.8,1347.8,-3.4,1.177,-2.6,0
MOIL-SAMP-02777,21.24448,80.03954,Balaghat Mine (Largest underground Mn mine),63.56,362.3,0.511,43.9,30.3,1277.3,5.11,1.364,29.6,0
MOIL-SAMP-02778,21.71848,79.30608,Mansar Mine,35.6,459.0,0.654,15.4,35.1,1369.0,-2.86,1.221,1.6,0
MOIL-SAMP-02779,21.40486,78.99719,Gumgaon Mine,1.62,366.8,0.847,63.7,32.0,1192.2,-6.13,1.521,13.1,0
MOIL-SAMP-02780,21.65344,79.05508,Gumgaon Mine,29.5,467.9,0.588,30.2,26.2,1343.4,-0.1,1.064,20.8,0
MOIL-SAMP-02781,21.81158,79.17319,Gumgaon Mine,49.72,418.0,0.658,15.0,30.5,1386.0,-1.81,0.945,13.2,0
MOIL-SAMP-02782,21.33221,79.55732,Dongri Buzurg Mine,28.49,396.9,0.813,38.8,34.5,1140.2,-3.14,1.505,12.6,0
MOIL-SAMP-02783,21.23329,80.42816,,999.0,345.1,0.795,37.3,29.6,1333.9,-9.45,1.225,13.3,0
MOIL-SAMP-02784,21.44765,79.90698,Balaghat Mine (Largest underground Mn mine),48.77,438.0,0.496,38.7,33.6,1417.6,-1.7,1.266,14.0,0
MOIL-SAMP-02785,21.605,80.05647,Balaghat Mine (Largest underground Mn mine),25.69,346.8,0.797,36.2,30.6,1304.4,-13.93,1.514,11.9,0
MOIL-SAMP-02786,21.77381,79.32713,Mansar Mine,41.93,416.2,0.88,20.9,33.5,1280.7,-7.52,1.364,15.0,0
MOIL-SAMP-02787,22.11672,80.41842,Ukwa Mine,17.22,407.4,0.448,25.6,28.7,1432.7,-7.34,1.077,-0.7,0
MOIL-SAMP-02788,21.33719,79.18316,Kandri Mine,12.38,310.2,0.647,31.3,32.1,1369.6,-2.28,1.094,12.5,0
MOIL-SAMP-02789,21.89703,79.9373,Dongri Buzurg Mine,45.34,395.3,0.611,50.4,30.9,1219.5,-2.69,1.274,16.1,0
MOIL-SAMP-02790,22.02162,79.0414,Gumgaon Mine,69.82,467.7,0.665,33.0,30.1,1276.7,-10.44,0.767,11.3,0
MOIL-SAMP-02791,21.68438,78.86052,Gumgaon Mine,35.61,418.3,0.44,43.0,32.4,1166.5,-7.66,0.584,12.1,0
MOIL-SAMP-02792,21.26668,79.15912,Mansar Mine,18.71,375.9,0.465,58.3,32.1,1306.7,-9.68,0.988,12.5,0
MOIL-SAMP-02793,21.62712,80.09525,Balaghat Mine (Largest underground Mn mine),21.6,413.0,0.774,43.6,28.1,1279.0,2.41,1.169,10.5,0
MOIL-SAMP-02794,22.01878,80.58845,Ukwa Mine,13.64,453.1,0.508,43.7,27.9,1245.1,-2.16,1.158,13.4,0
MOIL-SAMP-02795,21.75189,79.7261,Tirodi Mine,7.1,303.7,0.618,43.2,31.0,1434.3,-6.09,1.264,11.5,0
MOIL-SAMP-02796,21.7685,80.60306,Ukwa Mine,26.1,330.8,0.681,49.2,34.7,1287.5,2.05,1.065,16.4,0
MOIL-SAMP-02797,21.51073,80.06285,Balaghat Mine (Largest underground Mn mine),34.73,363.6,0.721,42.2,30.5,1337.2,-17.09,1.094,3.3,0
MOIL-SAMP-02798,21.84029,79.561,Tirodi Mine,23.14,388.4,0.517,15.0,30.1,1174.6,-10.7,0.891,1.9,0
MOIL-SAMP-02799,21.45266,79.07516,Gumgaon Mine,10.12,399.5,0.631,59.6,29.3,1243.8,-3.97,0.928,0.2,0
MOIL-SAMP-02800,21.16388,79.05144,Gumgaon Mine,25.64,354.8,0.545,42.3,30.3,1315.1,-2.4,0.905,17.3,0
MOIL-SAMP-02801,21.16589,80.59694,,999.0,276.5,0.649,49.6,29.9,1367.0,-5.22,1.115,7.1,0
MOIL-SAMP-02802,22.00901,79.22661,Gumgaon Mine,72.14,360.3,0.654,41.6,33.2,1327.9,-5.51,1.072,22.8,0
MOIL-SAMP-02803,21.79862,80.01953,Balaghat Mine (Largest underground Mn mine),17.35,439.9,0.671,29.1,30.4,1335.9,-4.15,1.362,16.5,0
MOIL-SAMP-02804,21.58579,79.97691,Balaghat Mine (Largest underground Mn mine),32.36,390.4,0.704,38.4,31.4,1310.2,-0.33,1.192,10.6,0
MOIL-SAMP-02805,21.94001,79.19365,Gumgaon Mine,63.82,397.9,0.74,28.9,32.6,1441.4,-5.37,1.087,8.1,0
MOIL-SAMP-02806,21.45092,79.68417,Dongri Buzurg Mine,11.48,340.1,0.473,39.4,30.5,1326.8,-8.57,1.574,10.8,0
MOIL-SAMP-02807,21.62399,78.88927,Gumgaon Mine,28.3,321.9,0.539,56.3,29.9,1265.0,5.73,1.311,17.7,0
MOIL-SAMP-02808,21.31611,79.12436,Kandri Mine,18.52,342.1,0.631,49.2,30.6,1351.4,-1.6,1.343,11.4,0
MOIL-SAMP-02809,21.8526,80.58496,Ukwa Mine,17.57,452.5,0.411,33.8,26.9,1459.5,0.73,1.286,17.0,0
MOIL-SAMP-02810,21.62149,80.39763,Ukwa Mine,39.0,396.7,0.606,42.2,33.1,1346.2,-9.16,1.163,8.6,0
MOIL-SAMP-02811,21.73523,79.21241,Kandri Mine,35.64,418.2,0.524,63.6,32.0,1401.8,-6.5,1.21,15.2,0
MOIL-SAMP-02812,21.71943,80.35091,Ukwa Mine,30.03,380.4,0.589,57.9,34.5,1335.5,3.02,1.496,19.5,0
MOIL-SAMP-02813,21.20092,78.86417,Gumgaon Mine,25.48,348.5,0.62,47.6,31.3,1265.0,-12.74,1.29,22.1,0
MOIL-SAMP-02814,21.78041,80.13357,Balaghat Mine (Largest underground Mn mine),6.07,416.1,0.671,37.7,29.5,1283.4,-9.4,1.468,8.2,0
MOIL-SAMP-02815,22.12949,80.37751,Balaghat Mine (Largest underground Mn mine),41.15,429.8,0.535,44.9,33.1,1427.0,2.37,1.483,19.8,0
MOIL-SAMP-02816,21.88708,79.92251,Dongri Buzurg Mine,43.58,381.7,0.49,28.2,28.5,1275.8,3.51,0.888,16.8,0
MOIL-SAMP-02817,21.7043,79.37339,Mansar Mine,35.43,422.9,0.561,47.1,35.3,1362.2,-4.9,1.399,10.9,0
MOIL-SAMP-02818,21.6375,79.72498,Dongri Buzurg Mine,9.66,360.7,0.558,32.7,30.8,1207.3,-11.36,0.862,-1.1,0
MOIL-SAMP-02819,21.74104,79.95069,Sitasaongi Mine,26.29,411.1,0.708,26.9,30.1,1363.8,-10.65,0.994,-1.7,0
MOIL-SAMP-02820,21.82867,80.32004,Ukwa Mine,21.69,335.7,0.478,48.9,33.9,1251.3,5.96,1.113,12.0,0
MOIL-SAMP-02821,21.6379,80.13572,Balaghat Mine (Largest underground Mn mine),18.96,380.2,0.599,32.1,26.3,1390.1,-13.81,0.932,20.1,0
MOIL-SAMP-02822,21.67831,79.60961,Tirodi Mine,10.96,434.3,0.586,38.4,35.0,1221.5,-4.5,1.074,24.8,0
MOIL-SAMP-02823,21.46585,78.96432,Gumgaon Mine,9.17,371.2,0.786,54.4,31.8,1286.7,-6.43,1.465,12.4,0
MOIL-SAMP-02824,22.04288,79.60085,Tirodi Mine,40.92,467.6,0.59,36.0,30.8,1302.7,-10.87,1.317,1.9,0
MOIL-SAMP-02825,21.62334,79.74062,Dongri Buzurg Mine,8.88,316.9,0.533,48.2,28.3,1436.6,-11.09,1.057,7.2,0
MOIL-SAMP-02826,22.08896,79.47418,Mansar Mine,79.19,433.9,0.658,43.5,30.7,1340.4,-0.46,1.256,6.8,0
MOIL-SAMP-02827,21.84751,78.88745,Gumgaon Mine,51.85,387.6,0.659,27.7,32.5,1422.0,-5.37,1.228,9.0,0
MOIL-SAMP-02828,21.43801,79.19596,Kandri Mine,7.72,374.8,0.668,30.9,30.2,1361.9,1.37,1.261,10.2,0
MOIL-SAMP-02829,21.49385,79.26779,Kandri Mine,8.5,402.4,0.8,43.3,29.5,1216.9,0.94,1.219,21.0,0
MOIL-SAMP-02830,21.3697,80.48633,,999.0,337.1,0.598,32.5,29.0,1168.1,-7.4,1.406,9.5,0
MOIL-SAMP-02831,21.48915,79.93378,Balaghat Mine (Largest underground Mn mine),43.44,442.9,0.847,23.1,33.1,1157.3,-4.75,0.86,7.9,0
MOIL-SAMP-02832,21.99247,80.03252,Dongri Buzurg Mine,59.62,439.8,0.497,41.9,28.9,1223.3,-12.19,1.132,-0.2,0
MOIL-SAMP-02833,21.28116,79.37811,Mansar Mine,16.9,350.0,0.465,17.6,31.4,1234.2,-14.76,1.255,5.9,0
MOIL-SAMP-02834,21.86139,80.57765,Ukwa Mine,16.34,422.0,0.852,50.8,30.4,1402.4,-4.24,1.395,10.7,0
MOIL-SAMP-02835,21.98308,80.06159,Balaghat Mine (Largest underground Mn mine),23.82,452.7,0.719,15.9,32.5,1325.4,-3.44,0.874,-2.4,0
MOIL-SAMP-02836,21.88458,80.28275,Balaghat Mine (Largest underground Mn mine),13.41,450.8,0.594,38.7,32.0,1286.2,-6.09,1.279,13.5,0
MOIL-SAMP-02837,21.94976,80.37016,Ukwa Mine,10.3,443.0,0.642,46.3,30.2,1332.9,-8.01,0.865,13.3,0
MOIL-SAMP-02838,21.77184,79.35842,Mansar Mine,42.27,377.0,0.728,49.5,25.6,1476.3,-6.7,0.704,16.9,0
MOIL-SAMP-02839,21.89925,80.0507,Balaghat Mine (Largest underground Mn mine),17.71,372.3,0.65,44.2,32.9,1310.8,-8.45,1.185,0.9,0
MOIL-SAMP-02840,21.2791,79.20907,Mansar Mine,14.72,284.2,0.688,50.7,33.2,1389.3,-6.52,1.216,4.2,0
MOIL-SAMP-02841,21.75575,79.03163,Gumgaon Mine,40.42,424.9,0.626,53.7,31.4,1155.6,-4.2,1.311,13.6,0
MOIL-SAMP-02842,21.56598,80.63878,,999.0,383.8,0.88,15.0,30.3,1234.1,-8.88,1.674,9.5,0
MOIL-SAMP-02843,21.45365,79.22698,Kandri Mine,5.8,389.6,0.611,53.2,29.6,1303.5,-3.98,1.298,19.0,0
MOIL-SAMP-02844,21.19705,78.88264,Gumgaon Mine,24.82,406.1,0.688,63.5,32.1,1299.1,-4.93,0.877,4.0,0
MOIL-SAMP-02845,22.03091,79.49268,Mansar Mine,73.59,486.2,0.447,47.0,32.0,1253.6,-4.27,1.675,7.3,0
MOIL-SAMP-02846,21.30861,80.34031,Ukwa Mine,74.09,348.5,0.636,49.0,31.0,1299.4,-12.42,1.48,11.9,0
MOIL-SAMP-02847,22.04446,78.90755,Gumgaon Mine,72.9,403.5,0.513,25.8,33.3,1301.9,-4.8,1.21,13.2,0
MOIL-SAMP-02848,21.21367,79.62512,Dongri Buzurg Mine,38.37,256.8,0.671,47.7,30.8,1200.0,-9.45,1.155,15.7,0
MOIL-SAMP-02849,21.76756,79.06724,Gumgaon Mine,42.15,373.9,0.564,39.1,31.6,1285.9,-2.63,1.036,19.4,0
MOIL-SAMP-02850,21.3741,79.31408,Mansar Mine,5.01,313.0,0.517,47.6,30.8,1209.2,2.65,1.311,12.7,0
MOIL-SAMP-02851,21.49032,79.48943,Tirodi Mine,32.01,435.4,0.587,54.0,32.1,1404.2,-4.66,1.408,9.5,0
MOIL-SAMP-02852,21.19668,80.42988,,999.0,433.9,0.59,48.1,32.4,1424.6,-3.9,1.017,7.5,0
MOIL-SAMP-02853,21.41749,79.12212,Gumgaon Mine,12.7,286.6,0.621,33.8,34.6,1164.6,9.54,0.935,7.9,0
MOIL-SAMP-02854,21.84014,79.7777,Tirodi Mine,17.98,385.8,0.719,48.1,28.8,1375.8,-7.98,0.942,5.7,0
MOIL-SAMP-02855,21.81949,80.12153,Balaghat Mine (Largest underground Mn mine),7.05,428.7,0.745,34.1,33.8,1421.1,1.83,1.306,15.9,0
MOIL-SAMP-02856,22.07663,79.63809,Tirodi Mine,43.65,435.7,0.778,43.0,29.0,1487.4,-0.91,1.167,18.1,0
MOIL-SAMP-02857,21.60714,80.36487,Ukwa Mine,41.3,416.4,0.58,45.5,33.2,1442.8,-12.73,1.266,10.4,0
MOIL-SAMP-02858,21.26093,79.04061,Gumgaon Mine,14.93,430.6,0.557,51.9,29.4,1361.2,-5.96,1.402,7.3,0
MOIL-SAMP-02859,21.76057,80.25788,Balaghat Mine (Largest underground Mn mine),8.64,348.6,0.704,56.2,26.1,1482.5,-12.74,0.946,10.7,0
MOIL-SAMP-02860,22.09738,80.3325,Balaghat Mine (Largest underground Mn mine),35.89,448.3,0.628,24.7,34.0,1241.0,-1.75,1.36,11.3,0
MOIL-SAMP-02861,21.19197,79.03974,Gumgaon Mine,22.36,320.6,0.666,28.9,29.7,1322.7,-7.2,1.096,12.4,0
MOIL-SAMP-02862,21.77993,80.41757,Ukwa Mine,21.44,310.9,0.537,57.2,33.8,1274.6,1.63,1.057,11.5,0
MOIL-SAMP-02863,22.06099,79.13266,Gumgaon Mine,75.27,570.8,0.604,40.1,31.4,1227.9,-3.13,0.888,12.9,0
MOIL-SAMP-02864,21.44212,79.64473,Dongri Buzurg Mine,13.52,429.6,0.695,30.6,32.0,1117.3,-12.52,1.564,4.4,0
MOIL-SAMP-02865,21.6559,80.16859,Balaghat Mine (Largest underground Mn mine),16.32,518.8,0.731,47.2,25.0,1242.8,-16.47,1.474,24.5,0
MOIL-SAMP-02866,21.24929,80.01477,Balaghat Mine (Largest underground Mn mine),63.71,364.1,0.586,25.4,35.2,1550.5,-5.81,1.274,15.7,0
MOIL-SAMP-02867,21.48461,79.09799,Gumgaon Mine,14.28,389.3,0.521,26.3,31.1,1293.1,-7.44,1.214,21.3,0
MOIL-SAMP-02868,21.9986,79.6404,Tirodi Mine,35.14,427.7,0.534,56.9,31.3,1308.3,-5.02,1.521,2.4,0
MOIL-SAMP-02869,21.56575,80.23426,Balaghat Mine (Largest underground Mn mine),26.62,402.1,0.796,70.5,33.0,1494.1,-2.52,1.132,23.1,0
MOIL-SAMP-02870,21.39532,80.30646,Ukwa Mine,65.48,393.9,0.539,38.5,30.1,1259.2,-5.37,1.34,10.2,0
MOIL-SAMP-02871,21.49132,79.75904,Sitasaongi Mine,10.14,300.0,0.51,56.4,27.8,1321.3,-5.99,1.114,12.0,0
MOIL-SAMP-02872,21.23523,79.52039,Dongri Buzurg Mine,39.73,240.7,0.642,49.9,32.4,1313.3,6.33,1.25,12.4,0
MOIL-SAMP-02873,21.90485,79.49916,Mansar Mine,60.75,344.5,0.543,22.2,24.6,1350.1,-7.63,1.0,16.2,0
MOIL-SAMP-02874,21.815,79.1229,Gumgaon Mine,48.48,341.9,0.478,31.5,33.2,1261.9,-10.43,1.519,2.8,0
MOIL-SAMP-02875,21.90351,79.6091,Tirodi Mine,26.18,388.8,0.45,51.7,27.6,1305.1,0.53,0.947,11.9,0
MOIL-SAMP-02876,21.37818,80.29318,Ukwa Mine,67.67,354.6,0.773,37.5,31.2,1380.9,0.93,1.409,6.3,0
MOIL-SAMP-02877,21.56341,79.58676,Tirodi Mine,19.16,374.8,0.492,34.6,31.2,1321.8,-0.7,1.098,10.9,0
MOIL-SAMP-02878,21.60875,80.3843,Ukwa Mine,40.65,398.5,0.714,57.5,27.7,1200.2,-6.39,1.278,10.5,0
MOIL-SAMP-02879,21.94461,79.50119,Mansar Mine,64.9,470.5,0.658,45.6,29.7,1411.0,-6.33,1.53,12.4,0
MOIL-SAMP-02880,21.17976,79.11205,Mansar Mine,29.34,349.7,0.831,18.2,33.9,1214.2,-4.24,1.261,7.8,0
MOIL-SAMP-02881,21.15995,80.30124,Balaghat Mine (Largest underground Mn mine),72.02,277.6,0.677,34.2,32.5,1251.6,-1.17,1.191,14.5,0
MOIL-SAMP-02882,22.09364,79.0026,Gumgaon Mine,77.67,395.3,0.474,30.0,33.8,1148.4,-4.29,1.061,6.3,0
MOIL-SAMP-02883,21.4648,80.6175,,999.0,461.0,0.556,39.8,28.8,1408.1,-9.62,0.958,16.8,0
MOIL-SAMP-02884,21.31432,78.96064,Gumgaon Mine,9.56,283.4,0.64,32.6,34.2,1222.8,-7.24,1.548,2.6,0
MOIL-SAMP-02885,21.90919,80.03832,Balaghat Mine (Largest underground Mn mine),19.4,385.8,0.708,31.6,29.1,1227.8,-6.15,0.448,11.8,0
MOIL-SAMP-02886,21.79147,80.47452,Ukwa Mine,19.53,391.1,0.724,48.4,33.5,1309.6,-11.25,1.099,6.2,0
MOIL-SAMP-02887,21.20781,79.98689,Balaghat Mine (Largest underground Mn mine),68.94,305.3,0.563,43.8,29.4,1194.7,-6.38,1.167,14.1,0
MOIL-SAMP-02888,21.86337,80.03865,Balaghat Mine (Largest underground Mn mine),16.77,442.1,0.728,49.8,30.8,1370.1,-4.04,1.293,8.6,0
MOIL-SAMP-02889,21.66978,79.3823,Mansar Mine,32.12,459.0,0.73,64.3,31.2,1306.8,5.37,1.264,10.3,0
MOIL-SAMP-02890,21.552,80.07557,Balaghat Mine (Largest underground Mn mine),30.01,410.7,0.577,53.1,31.5,1262.1,-4.85,0.989,11.2,0
MOIL-SAMP-02891,21.70361,79.39778,Mansar Mine,36.18,389.2,0.702,33.4,32.6,1285.1,0.79,1.018,13.2,0
MOIL-SAMP-02892,21.8927,80.48662,Ukwa Mine,8.55,444.4,0.618,53.8,32.4,1262.1,-7.82,1.037,6.6,0
MOIL-SAMP-02893,21.1579,79.35361,Mansar Mine,27.83,328.0,0.558,71.3,30.0,1364.3,-7.81,1.41,5.9,0
MOIL-SAMP-02894,21.67779,80.50681,Ukwa Mine,32.34,436.9,0.494,25.2,29.4,1345.1,-10.7,1.179,18.7,0
MOIL-SAMP-02895,21.8503,79.65314,Tirodi Mine,19.0,484.2,0.845,39.2,31.7,1383.7,0.49,1.088,10.5,0
MOIL-SAMP-02896,21.35513,79.82997,Chikla Mine,24.88,365.9,0.582,59.9,26.7,1287.9,1.02,1.142,8.5,0
MOIL-SAMP-02897,21.93834,80.02367,Dongri Buzurg Mine,54.29,439.3,0.482,35.6,30.9,1255.9,-5.62,1.605,22.5,0
MOIL-SAMP-02898,21.84747,80.44781,Ukwa Mine,13.49,348.8,0.697,55.2,26.8,1476.1,-1.77,1.501,12.2,0
MOIL-SAMP-02899,21.93156,79.57811,Tirodi Mine,30.38,468.0,0.476,38.7,30.7,1329.8,-12.25,1.404,4.2,0
MOIL-SAMP-02900,21.3473,79.39276,Mansar Mine,13.62,384.5,0.579,54.7,30.4,1329.4,-3.09,1.244,1.3,0
MOIL-SAMP-02901,21.18697,79.45209,Dongri Buzurg Mine,47.88,291.2,0.572,57.7,28.8,1196.4,2.12,1.321,3.2,0
MOIL-SAMP-02902,21.8751,80.18209,Balaghat Mine (Largest underground Mn mine),8.05,415.5,0.667,32.2,32.9,1360.5,4.74,0.666,1.6,0
MOIL-SAMP-02903,21.27601,80.63546,,999.0,321.3,0.628,40.7,28.8,1303.9,2.58,1.329,14.6,0
MOIL-SAMP-02904,21.43393,79.01708,Gumgaon Mine,4.95,347.7,0.565,57.2,30.0,1220.4,-5.56,0.962,0.8,0
MOIL-SAMP-02905,21.70179,79.7884,Sitasaongi Mine,13.44,442.0,0.55,52.8,36.8,1373.4,-3.44,1.725,13.4,0
MOIL-SAMP-02906,21.90705,79.13805,Gumgaon Mine,58.73,409.6,0.557,43.6,32.0,1132.5,-11.39,0.823,7.8,0
MOIL-SAMP-02907,21.17789,80.28388,Balaghat Mine (Largest underground Mn mine),69.78,353.8,0.65,49.3,30.5,1440.9,-3.65,1.083,12.5,0
MOIL-SAMP-02908,21.7425,79.28441,Mansar Mine,38.11,403.4,0.738,31.5,25.7,1397.0,3.26,0.868,13.4,0
MOIL-SAMP-02909,21.92416,80.15772,Balaghat Mine (Largest underground Mn mine),13.79,390.4,0.707,31.7,32.8,1252.1,-2.64,1.21,17.2,0
MOIL-SAMP-02910,22.13695,79.0488,Gumgaon Mine,82.6,475.0,0.717,63.5,34.3,1252.7,-3.36,1.309,9.1,0
MOIL-SAMP-02911,21.20995,79.52136,Dongri Buzurg Mine,42.18,368.1,0.46,48.6,32.6,1279.9,-4.39,1.233,13.7,0
MOIL-SAMP-02912,21.77699,79.48805,Mansar Mine,47.46,380.7,0.582,41.3,36.1,1238.3,-10.2,0.951,14.6,0
MOIL-SAMP-02913,21.19773,80.02173,Balaghat Mine (Largest underground Mn mine),69.02,289.0,0.603,52.7,29.2,1432.6,-11.13,1.029,12.7,0
MOIL-SAMP-02914,21.27475,79.38633,Mansar Mine,17.99,275.4,0.558,29.0,29.1,1376.4,-3.18,1.407,17.3,0
MOIL-SAMP-02915,21.88686,79.66566,Tirodi Mine,22.52,347.8,0.693,22.7,29.4,1265.7,2.69,1.335,14.6,0
MOIL-SAMP-02916,22.13295,80.2997,Balaghat Mine (Largest underground Mn mine),38.34,436.0,0.594,49.2,30.6,1401.1,4.54,1.062,0.6,0
MOIL-SAMP-02917,22.139,79.86808,Tirodi Mine,52.27,421.3,0.682,51.6,31.2,1318.4,0.7,1.337,7.8,0
MOIL-SAMP-02918,22.04434,79.97994,Tirodi Mine,47.95,430.9,0.703,45.8,26.7,1295.2,-3.61,1.382,19.3,0
MOIL-SAMP-02919,21.68329,79.92199,Sitasaongi Mine,20.02,376.0,0.49,35.3,31.5,1486.7,-11.47,0.972,16.2,0
MOIL-SAMP-02920,21.50034,79.36216,Mansar Mine,14.61,365.0,0.648,23.9,27.3,1444.7,-10.78,1.073,18.2,0
MOIL-SAMP-02921,21.93479,80.13674,Balaghat Mine (Largest underground Mn mine),15.53,442.7,0.604,42.0,29.4,1430.6,-4.14,1.443,6.8,0
MOIL-SAMP-02922,21.82243,80.13583,Balaghat Mine (Largest underground Mn mine),5.76,451.0,0.625,40.5,28.6,1498.7,-8.18,1.315,8.8,0
MOIL-SAMP-02923,21.66967,79.29574,Kandri Mine,28.1,344.7,0.705,32.2,30.5,1276.0,-4.5,1.083,22.5,0
MOIL-SAMP-02924,21.47785,79.89826,Sitasaongi Mine,18.36,392.9,0.81,46.8,29.1,1351.2,-13.82,0.805,18.2,0
MOIL-SAMP-02925,21.97284,79.50028,Mansar Mine,67.79,425.9,0.604,38.4,33.7,1314.1,-2.14,1.123,15.7,0
MOIL-SAMP-02926,21.24799,80.13095,Balaghat Mine (Largest underground Mn mine),61.59,363.5,0.437,36.3,31.1,1300.2,-21.83,0.918,17.5,0
MOIL-SAMP-02927,21.97844,78.9975,Gumgaon Mine,64.93,437.6,0.545,32.6,30.1,1261.3,-3.95,1.627,6.1,0
MOIL-SAMP-02928,21.21219,80.44932,,999.0,361.7,0.717,41.7,29.8,1277.0,-7.13,1.157,16.6,0
MOIL-SAMP-02929,21.62625,79.6531,Tirodi Mine,9.4,419.6,0.644,48.2,31.0,1358.6,-2.43,0.883,22.7,0
MOIL-SAMP-02930,21.51929,79.79726,Sitasaongi Mine,7.98,399.2,0.578,36.5,29.8,1297.7,-3.79,1.291,13.4,0
MOIL-SAMP-02931,21.73824,79.7841,Tirodi Mine,9.02,406.2,0.709,44.1,30.6,1432.4,-0.25,1.345,18.6,0
MOIL-SAMP-02932,21.54478,79.32465,Mansar Mine,17.09,470.0,0.659,29.0,34.4,1216.2,9.36,1.227,15.2,0
MOIL-SAMP-02933,21.64883,79.61216,Tirodi Mine,11.51,377.4,0.674,59.8,30.9,1396.8,-7.62,1.405,7.4,0
MOIL-SAMP-02934,21.59008,80.52586,Ukwa Mine,42.21,412.8,0.485,31.2,27.2,1356.7,-3.06,0.918,9.9,0
MOIL-SAMP-02935,21.63954,80.60189,Ukwa Mine,38.86,432.9,0.639,28.7,31.2,1334.9,-6.04,1.438,11.0,0
MOIL-SAMP-02936,21.97381,79.10982,Gumgaon Mine,65.37,304.8,0.823,34.6,32.7,1211.2,-7.02,1.171,11.5,0
MOIL-SAMP-02937,21.27712,80.13007,Balaghat Mine (Largest underground Mn mine),58.39,339.2,0.584,36.1,32.0,1301.8,-9.5,1.144,4.7,0
MOIL-SAMP-02938,21.27939,80.11814,Balaghat Mine (Largest underground Mn mine),58.28,399.4,0.815,28.0,32.6,1349.7,-9.96,0.787,7.3,0
MOIL-SAMP-02939,22.01327,79.0625,Gumgaon Mine,69.06,444.8,0.608,21.1,32.7,1177.1,-4.21,1.042,22.6,0
MOIL-SAMP-02940,21.36264,79.70204,Chikla Mine,22.7,292.0,0.596,38.8,28.4,1418.4,-1.99,1.039,12.8,0
MOIL-SAMP-02941,21.8965,80.54933,Ukwa Mine,11.53,415.8,0.797,65.5,26.3,1319.1,-3.5,0.867,23.2,0
MOIL-SAMP-02942,21.51933,80.56328,Ukwa Mine,50.57,375.0,0.532,15.0,29.2,1401.9,-8.82,0.902,11.9,0
MOIL-SAMP-02943,21.7516,79.58552,Tirodi Mine,15.1,398.3,0.47,69.6,29.6,1272.3,-7.03,1.475,10.6,0
MOIL-SAMP-02944,21.27087,79.87918,Balaghat Mine (Largest underground Mn mine),66.86,426.0,0.522,32.9,27.2,1223.0,-14.54,1.01,17.6,0
MOIL-SAMP-02945,21.19028,79.12595,Mansar Mine,27.56,341.4,0.53,57.2,33.1,1264.6,5.8,1.336,11.3,0
MOIL-SAMP-02946,21.52147,80.63384,,999.0,424.3,0.539,36.1,30.8,1310.7,-6.51,0.894,13.5,0
MOIL-SAMP-02947,21.45326,79.72467,Chikla Mine,12.43,322.3,0.486,51.0,37.4,1207.4,-10.59,0.976,5.9,0
MOIL-SAMP-02948,21.9412,79.10585,Gumgaon Mine,61.74,478.2,0.729,57.2,36.0,1357.7,-3.86,1.488,17.8,0
MOIL-SAMP-02949,21.73962,78.93757,Gumgaon Mine,39.11,428.0,0.642,32.0,30.1,1313.4,7.54,1.2,23.2,0
MOIL-SAMP-02950,22.04425,80.4503,Ukwa Mine,8.63,393.9,0.488,41.7,31.4,1316.4,-5.54,1.04,12.4,0
MOIL-SAMP-02951,21.36558,80.32443,Ukwa Mine,68.24,325.6,0.575,50.7,35.6,1368.0,-0.16,1.604,13.3,0
MOIL-SAMP-02952,21.63879,79.07019,Gumgaon Mine,28.25,362.4,0.536,34.0,29.3,1181.1,-8.63,1.204,12.0,0
MOIL-SAMP-02953,21.49865,80.41677,Ukwa Mine,52.16,228.2,0.452,41.8,25.1,1294.8,-1.26,1.327,11.0,0
MOIL-SAMP-02954,21.56758,79.88151,Sitasaongi Mine,12.59,475.7,0.56,32.9,30.8,1348.9,5.97,1.392,8.3,0
MOIL-SAMP-02955,21.71576,80.47052,Ukwa Mine,27.89,434.0,0.68,29.2,31.3,1409.0,-0.72,0.851,2.9,0
MOIL-SAMP-02956,21.93135,79.70541,Tirodi Mine,26.87,389.0,0.657,61.9,36.3,1431.8,-10.7,1.47,14.8,0
MOIL-SAMP-02957,21.87003,79.94028,Dongri Buzurg Mine,43.05,403.1,0.508,51.7,28.8,1313.5,-9.24,1.108,3.6,0
MOIL-SAMP-02958,21.91195,79.75857,Tirodi Mine,25.11,419.8,0.692,41.0,30.9,1242.5,0.48,1.146,8.4,0
MOIL-SAMP-02959,21.61094,79.65987,Tirodi Mine,10.3,362.7,0.623,41.0,28.9,1292.0,-10.06,0.974,18.7,0
MOIL-SAMP-02960,21.59907,80.40942,Ukwa Mine,41.24,406.1,0.707,53.0,32.8,1308.1,-1.06,0.71,9.6,0
MOIL-SAMP-02961,21.47522,80.28966,Ukwa Mine,57.51,423.1,0.558,61.7,31.9,1408.6,-1.81,1.484,18.9,0
MOIL-SAMP-02962,21.8145,79.58733,Tirodi Mine,19.2,313.0,0.681,22.9,30.3,1315.0,-4.99,1.096,16.9,0
MOIL-SAMP-02963,21.38282,79.56171,Dongri Buzurg Mine,23.57,429.7,0.509,34.0,32.0,1351.0,-4.47,1.041,8.7,0
MOIL-SAMP-02964,21.69099,80.57454,Ukwa Mine,32.54,437.2,0.393,48.1,36.0,1327.8,3.26,1.086,15.0,0
MOIL-SAMP-02965,22.04004,80.17464,Balaghat Mine (Largest underground Mn mine),26.3,419.4,0.682,40.6,30.7,1304.0,-0.46,0.924,10.8,0
MOIL-SAMP-02966,21.79592,80.40872,Ukwa Mine,19.99,374.2,0.88,33.8,31.8,1286.4,-4.71,0.935,14.1,0
MOIL-SAMP-02967,21.85721,79.87959,Tirodi Mine,25.26,333.6,0.576,59.4,31.1,1233.5,0.24,1.277,7.2,0
MOIL-SAMP-02968,21.94616,80.12332,Balaghat Mine (Largest underground Mn mine),17.21,381.0,0.797,56.1,31.3,1354.0,-1.96,0.787,-1.2,0
MOIL-SAMP-02969,21.71104,79.07281,Gumgaon Mine,36.1,387.1,0.503,36.5,30.7,1222.6,-15.95,1.322,16.2,0
MOIL-SAMP-02970,21.70935,79.19637,Gumgaon Mine,40.5,448.0,0.812,41.6,33.8,1313.6,0.29,1.63,14.4,0
MOIL-SAMP-02971,21.7687,79.88834,Sitasaongi Mine,24.4,380.9,0.692,52.1,31.8,1397.2,-2.3,1.14,7.3,0
MOIL-SAMP-02972,21.20287,79.87644,Balaghat Mine (Largest underground Mn mine),73.68,381.8,0.474,24.7,32.1,1310.0,0.27,1.27,6.0,0
MOIL-SAMP-02973,21.3394,79.7065,Chikla Mine,25.16,316.3,0.633,47.9,34.6,1408.5,6.94,1.291,1.1,0
MOIL-SAMP-02974,22.04686,79.06651,Gumgaon Mine,72.8,417.7,0.619,32.0,28.9,1332.4,-2.8,1.445,11.2,0
MOIL-SAMP-02975,22.08618,79.17354,Gumgaon Mine,78.86,446.5,0.614,42.4,26.4,1317.0,-9.28,0.853,17.9,0
MOIL-SAMP-02976,21.16897,80.26616,Balaghat Mine (Largest underground Mn mine),70.52,253.5,0.729,32.6,30.0,1328.4,0.72,1.429,13.3,0
MOIL-SAMP-02977,21.39529,80.12011,Balaghat Mine (Largest underground Mn mine),45.56,385.3,0.524,40.4,32.1,1452.7,-11.36,0.795,14.2,0
MOIL-SAMP-02978,22.03766,79.64961,Tirodi Mine,39.19,442.5,0.701,60.7,31.3,1277.4,-1.58,0.752,15.6,0
MOIL-SAMP-02979,21.95692,79.94234,Tirodi Mine,37.87,392.2,0.559,44.5,32.5,1270.5,-8.25,0.894,7.2,0
MOIL-SAMP-02980,21.5518,78.93097,Gumgaon Mine,19.25,321.2,0.619,44.4,28.9,1230.4,-4.84,1.05,12.9,0
MOIL-SAMP-02981,22.01197,78.89187,Gumgaon Mine,69.6,454.0,0.616,39.1,27.4,1357.0,-9.66,1.425,23.0,0
MOIL-SAMP-02982,21.58702,79.59689,Tirodi Mine,16.59,401.9,0.565,24.2,31.1,1341.3,2.27,0.811,10.2,0
MOIL-SAMP-02983,22.00965,79.42129,Mansar Mine,69.35,414.7,0.698,26.7,32.1,1312.1,3.96,0.921,17.6,0
MOIL-SAMP-02984,21.40718,79.05636,Gumgaon Mine,5.83,373.9,0.684,40.7,28.6,1239.2,-3.85,1.425,10.8,0
MOIL-SAMP-02985,21.24933,79.15268,Mansar Mine,20.63,395.4,0.63,43.0,33.4,1361.5,-4.7,1.415,21.8,0
MOIL-SAMP-02986,21.29403,79.31,Mansar Mine,12.12,377.1,0.722,50.7,31.9,1317.6,-6.48,1.063,14.4,0
MOIL-SAMP-02987,21.23963,79.40223,Dongri Buzurg Mine,46.28,390.2,0.634,47.8,30.0,1369.8,4.96,1.049,10.7,0
MOIL-SAMP-02988,21.55728,79.15454,Gumgaon Mine,24.18,376.2,0.661,40.1,33.5,1298.3,-7.42,1.448,7.2,0
MOIL-SAMP-02989,21.76448,79.43552,Mansar Mine,43.88,395.7,0.73,44.9,32.0,1242.0,-3.92,1.017,9.7,0
MOIL-SAMP-02990,21.17717,78.9553,Gumgaon Mine,24.17,313.3,0.652,42.5,30.2,1165.4,-7.73,1.312,19.6,0
MOIL-SAMP-02991,21.53994,79.42607,Mansar Mine,22.32,385.1,0.693,37.2,32.3,1458.5,5.02,0.872,17.5,0
MOIL-SAMP-02992,21.56282,79.43359,Mansar Mine,24.68,402.6,0.714,36.3,32.2,1226.7,-8.49,1.023,13.6,0
MOIL-SAMP-02993,21.52551,80.33993,Ukwa Mine,50.68,349.8,0.783,31.4,29.1,1212.8,-4.56,1.08,10.7,0
MOIL-SAMP-02994,21.27097,79.21461,Mansar Mine,15.29,417.6,0.642,45.4,29.4,1397.7,-5.72,1.225,8.0,0
MOIL-SAMP-02995,21.90213,79.90485,Tirodi Mine,30.72,435.4,0.594,38.6,29.5,1275.9,0.41,1.283,9.6,0
MOIL-SAMP-02996,21.64298,80.2043,Balaghat Mine (Largest underground Mn mine),17.73,398.0,0.681,41.2,30.1,1332.9,10.55,1.314,9.5,0
MOIL-SAMP-02997,21.53505,79.05715,Gumgaon Mine,16.87,323.2,0.482,36.6,32.2,1289.0,-3.15,1.215,9.9,0
MOIL-SAMP-02998,21.21063,79.68668,Chikla Mine,39.54,311.4,0.699,40.6,27.9,1324.0,-3.96,1.287,4.5,0
MOIL-SAMP-02999,21.55708,79.72151,Chikla Mine,2.27,384.5,0.397,22.6,28.0,1401.8,3.88,1.627,17.2,0
MOIL-SAMP-03000,21.55749,79.27073,Kandri Mine,15.54,380.4,0.611,35.4,33.4,1326.7,-8.31,1.431,16.0,0
