time,temperature_2m,precipitation,soil_moisture_0_to_7cm,wind_gusts_10m,Rolling_72h_Rainfall,Pending_Target_Tons,Days_To_Deadline,Overtime_Capacity_hrs,Recommended_Action
2025-09-06 00:00:00,24.6,0.0,0.47,11.5,0.0,202,7,4,Normal Operations
2025-09-06 01:00:00,24.4,0.0,0.471,10.4,0.0,535,14,2,Normal Operations
2025-09-06 02:00:00,24.2,0.0,0.471,10.8,0.0,960,7,3,Normal Operations
2025-09-06 03:00:00,24.0,0.0,0.471,11.2,0.0,370,14,3,Normal Operations
2025-09-06 04:00:00,23.8,0.0,0.472,13.3,0.0,206,10,0,Normal Operations
2025-09-06 05:00:00,23.8,0.0,0.472,13.3,0.0,171,12,2,Normal Operations
2025-09-06 06:00:00,24.8,0.0,0.456,15.8,0.0,800,6,3,Normal Operations
2025-09-06 07:00:00,26.0,0.0,0.456,18.0,0.0,120,12,4,Normal Operations
2025-09-06 08:00:00,27.2,0.1,0.457,24.1,0.1,714,7,4,Normal Operations
2025-09-06 09:00:00,28.3,0.3,0.458,25.6,0.4,221,14,1,Normal Operations
2025-09-06 10:00:00,29.0,0.2,0.458,28.4,0.6,566,2,1,Normal Operations
2025-09-06 11:00:00,29.6,0.2,0.457,29.2,0.8,314,9,4,Normal Operations
2025-09-06 12:00:00,30.2,0.1,0.455,31.3,0.9,430,10,4,Normal Operations
2025-09-06 13:00:00,29.6,0.9,0.461,32.4,1.8,558,10,1,Normal Operations
2025-09-06 14:00:00,27.8,1.3,0.471,33.1,3.1,187,1,3,Normal Operations
2025-09-06 15:00:00,28.5,0.1,0.471,27.4,3.2,472,1,0,Normal Operations
2025-09-06 16:00:00,29.1,0.0,0.469,23.0,3.2,199,3,1,Normal Operations
2025-09-06 17:00:00,27.8,0.2,0.47,23.4,3.4,971,14,3,Normal Operations
2025-09-06 18:00:00,26.9,0.0,0.425,8.6,3.4,763,15,3,Normal Operations
2025-09-06 19:00:00,26.1,0.0,0.426,9.7,3.4,230,3,3,Normal Operations
2025-09-06 20:00:00,25.8,0.0,0.428,7.6,3.4,761,1,2,Normal Operations
2025-09-06 21:00:00,25.5,0.0,0.429,9.0,3.4,408,12,2,Normal Operations
2025-09-06 22:00:00,24.9,0.0,0.43,7.6,3.4,869,7,3,Normal Operations
2025-09-06 23:00:00,24.6,0.0,0.431,5.8,3.4,443,4,4,Normal Operations
2025-09-07 00:00:00,24.3,0.0,0.432,3.2,3.4,591,10,2,Normal Operations
2025-09-07 01:00:00,24.0,0.0,0.433,3.2,3.4,513,13,1,Normal Operations
2025-09-07 02:00:00,23.8,0.0,0.434,2.5,3.4,905,2,2,Normal Operations
2025-09-07 03:00:00,23.7,0.0,0.435,3.2,3.4,485,10,4,Normal Operations
2025-09-07 04:00:00,23.3,0.0,0.436,4.7,3.4,291,5,0,Normal Operations
2025-09-07 05:00:00,23.1,0.0,0.436,4.0,3.4,376,6,2,Normal Operations
2025-09-07 06:00:00,24.0,1.4,0.439,13.7,4.8,260,9,3,Normal Operations
2025-09-07 07:00:00,25.0,0.0,0.439,10.4,4.8,559,4,3,Normal Operations
2025-09-07 08:00:00,26.1,0.0,0.44,13.7,4.8,413,2,3,Normal Operations
2025-09-07 09:00:00,27.2,0.1,0.44,15.5,4.9,121,5,0,Normal Operations
2025-09-07 10:00:00,28.4,0.1,0.44,18.4,5.0,352,3,4,Normal Operations
2025-09-07 11:00:00,29.3,0.2,0.439,19.8,5.2,847,2,1,Normal Operations
2025-09-07 12:00:00,29.5,0.2,0.437,21.2,5.4,956,12,4,Normal Operations
2025-09-07 13:00:00,28.8,0.3,0.438,22.7,5.7,660,1,0,Normal Operations
2025-09-07 14:00:00,27.1,5.0,0.498,22.0,10.7,574,10,3,Pause Operations & Maintain Equipment
2025-09-07 15:00:00,27.5,0.1,0.495,16.2,10.8,158,2,4,Normal Operations
2025-09-07 16:00:00,27.4,1.1,0.502,13.3,11.9,610,6,1,Normal Operations
2025-09-07 17:00:00,26.2,3.7,0.51,15.1,15.6,781,8,3,Pause Operations & Maintain Equipment
2025-09-07 18:00:00,27.1,0.0,0.405,13.7,15.6,575,13,1,Normal Operations
2025-09-07 19:00:00,26.5,0.0,0.406,7.2,15.6,799,3,2,Normal Operations
2025-09-07 20:00:00,25.9,0.0,0.407,7.6,15.6,882,11,1,Normal Operations
2025-09-07 21:00:00,25.3,0.0,0.408,7.6,15.6,289,15,3,Normal Operations
2025-09-07 22:00:00,24.9,0.0,0.409,6.5,15.6,786,9,2,Normal Operations
2025-09-07 23:00:00,24.9,0.0,0.41,5.8,15.6,662,15,3,Normal Operations
2025-09-08 00:00:00,24.5,0.0,0.411,1.8,15.6,975,12,3,Normal Operations
2025-09-08 01:00:00,24.1,0.0,0.411,4.7,15.6,666,9,2,Normal Operations
2025-09-08 02:00:00,23.6,0.0,0.412,5.0,15.6,343,2,1,Normal Operations
2025-09-08 03:00:00,23.3,0.0,0.413,4.7,15.6,931,8,0,Normal Operations
2025-09-08 04:00:00,23.1,0.0,0.414,4.7,15.6,604,10,0,Normal Operations
2025-09-08 05:00:00,23.0,0.0,0.415,3.6,15.6,230,11,0,Normal Operations
2025-09-08 06:00:00,24.3,0.8,0.469,10.1,16.400000000000002,584,12,0,Normal Operations
2025-09-08 07:00:00,24.9,0.6,0.476,12.6,17.0,918,5,4,Normal Operations
2025-09-08 08:00:00,26.2,0.1,0.475,16.2,17.1,746,4,0,Normal Operations
2025-09-08 09:00:00,27.5,0.1,0.474,15.8,17.2,120,10,2,Normal Operations
2025-09-08 10:00:00,28.6,0.1,0.472,17.3,17.3,940,5,0,Normal Operations
2025-09-08 11:00:00,29.4,0.1,0.469,20.2,17.400000000000002,266,4,3,Normal Operations
2025-09-08 12:00:00,29.8,0.1,0.467,20.5,17.5,373,8,0,Normal Operations
2025-09-08 13:00:00,29.9,0.0,0.465,20.9,17.5,487,4,1,Normal Operations
2025-09-08 14:00:00,28.4,0.4,0.467,12.6,17.900000000000002,700,13,2,Normal Operations
2025-09-08 15:00:00,27.9,0.2,0.466,19.8,18.1,415,10,2,Normal Operations
2025-09-08 16:00:00,28.1,0.0,0.465,15.1,18.1,113,12,4,Normal Operations
2025-09-08 17:00:00,27.7,0.0,0.464,12.2,18.1,341,13,3,Normal Operations
2025-09-08 18:00:00,26.9,0.0,0.447,14.0,18.1,876,14,2,Normal Operations
2025-09-08 19:00:00,26.3,0.0,0.447,15.5,18.1,445,6,1,Normal Operations
2025-09-08 20:00:00,25.9,0.0,0.447,15.5,18.1,664,2,0,Normal Operations
2025-09-08 21:00:00,25.4,0.0,0.447,9.4,18.1,997,5,2,Normal Operations
2025-09-08 22:00:00,25.2,0.0,0.447,12.2,18.1,439,6,1,Normal Operations
2025-09-08 23:00:00,25.2,0.1,0.448,15.8,18.2,191,5,0,Normal Operations
2025-09-09 00:00:00,25.1,0.3,0.45,16.6,18.5,466,12,4,Normal Operations
2025-09-09 01:00:00,24.7,0.0,0.45,15.1,18.5,554,2,2,Normal Operations
2025-09-09 02:00:00,24.4,0.0,0.45,15.8,18.5,527,14,2,Normal Operations
2025-09-09 03:00:00,23.9,0.0,0.45,12.2,18.5,608,7,1,Normal Operations
2025-09-09 04:00:00,23.6,0.0,0.451,14.0,18.5,875,4,3,Normal Operations
2025-09-09 05:00:00,23.5,0.0,0.451,14.4,18.5,134,8,4,Normal Operations
2025-09-09 06:00:00,24.3,0.0,0.447,12.2,18.5,305,7,3,Normal Operations
2025-09-09 07:00:00,25.6,0.0,0.447,16.2,18.5,180,7,2,Normal Operations
2025-09-09 08:00:00,27.2,0.0,0.447,23.4,18.4,661,9,3,Normal Operations
2025-09-09 09:00:00,28.9,0.0,0.446,24.5,18.1,971,1,0,Normal Operations
2025-09-09 10:00:00,30.0,0.1,0.444,22.0,18.0,487,10,4,Normal Operations
2025-09-09 11:00:00,30.9,0.1,0.441,19.8,17.9,101,6,3,Normal Operations
2025-09-09 12:00:00,31.0,0.1,0.439,19.4,17.900000000000002,489,6,0,Normal Operations
2025-09-09 13:00:00,29.3,1.8,0.455,22.3,18.8,665,6,1,Normal Operations
2025-09-09 14:00:00,27.2,1.8,0.472,23.8,19.3,205,13,3,Normal Operations
2025-09-09 15:00:00,28.3,0.2,0.472,23.8,19.4,871,12,4,Normal Operations
2025-09-09 16:00:00,28.4,0.0,0.471,14.8,19.4,921,6,0,Normal Operations
2025-09-09 17:00:00,26.7,0.6,0.474,21.6,19.8,576,12,3,Normal Operations
2025-09-09 18:00:00,27.1,0.2,0.437,10.1,20.000000000000004,802,10,1,Normal Operations
2025-09-09 19:00:00,26.3,0.0,0.437,15.5,20.000000000000004,501,7,3,Normal Operations
2025-09-09 20:00:00,25.6,0.0,0.438,15.1,20.000000000000004,829,14,0,Normal Operations
2025-09-09 21:00:00,25.1,0.0,0.438,19.4,20.000000000000004,655,10,3,Normal Operations
2025-09-09 22:00:00,24.8,0.0,0.438,17.6,20.000000000000004,261,6,4,Normal Operations
2025-09-09 23:00:00,24.7,0.0,0.438,19.4,20.000000000000004,301,1,2,Normal Operations
2025-09-10 00:00:00,24.6,0.0,0.438,18.7,20.000000000000004,369,3,0,Normal Operations
2025-09-10 01:00:00,24.5,0.0,0.439,20.2,20.000000000000004,962,2,0,Normal Operations
2025-09-10 02:00:00,24.4,0.0,0.439,20.2,20.000000000000004,915,6,0,Normal Operations
2025-09-10 03:00:00,24.2,0.0,0.439,20.5,20.000000000000004,370,8,0,Normal Operations
2025-09-10 04:00:00,24.2,0.0,0.439,20.2,20.000000000000004,555,3,3,Normal Operations
2025-09-10 05:00:00,24.2,0.0,0.439,19.1,20.000000000000004,561,10,4,Normal Operations
2025-09-10 06:00:00,24.6,0.0,0.449,19.4,18.6,826,8,1,Normal Operations
2025-09-10 07:00:00,25.9,0.0,0.449,21.2,18.6,351,8,4,Normal Operations
2025-09-10 08:00:00,27.5,0.0,0.448,22.0,18.6,801,5,0,Normal Operations
2025-09-10 09:00:00,29.3,0.0,0.447,25.2,18.500000000000004,395,8,3,Normal Operations
2025-09-10 10:00:00,30.4,0.0,0.445,24.8,18.4,824,6,3,Normal Operations
2025-09-10 11:00:00,31.0,0.1,0.442,23.0,18.3,819,5,0,Normal Operations
2025-09-10 12:00:00,31.3,0.1,0.44,23.4,18.200000000000003,848,9,3,Normal Operations
2025-09-10 13:00:00,31.8,0.0,0.438,24.5,17.900000000000002,437,14,0,Normal Operations
2025-09-10 14:00:00,30.5,0.6,0.441,24.5,13.500000000000002,978,7,4,Normal Operations
2025-09-10 15:00:00,30.5,1.5,0.456,25.9,14.9,152,8,2,Normal Operations
2025-09-10 16:00:00,28.9,0.8,0.462,23.8,14.6,891,1,3,Normal Operations
2025-09-10 17:00:00,28.4,0.5,0.467,19.8,11.4,316,11,0,Normal Operations
2025-09-10 18:00:00,27.5,0.0,0.469,13.7,11.4,863,2,0,Normal Operations
2025-09-10 19:00:00,26.9,0.0,0.468,10.8,11.4,287,8,3,Normal Operations
2025-09-10 20:00:00,26.3,0.0,0.468,10.8,11.4,479,12,1,Normal Operations
2025-09-10 21:00:00,25.9,0.0,0.468,8.6,11.4,592,9,0,Normal Operations
2025-09-10 22:00:00,25.6,0.0,0.467,11.2,11.4,140,4,3,Normal Operations
2025-09-10 23:00:00,25.5,0.0,0.467,14.8,11.4,256,12,0,Normal Operations
2025-09-11 00:00:00,25.3,0.0,0.467,15.1,11.4,114,10,1,Normal Operations
2025-09-11 01:00:00,25.4,0.0,0.467,14.4,11.4,912,11,2,Normal Operations
2025-09-11 02:00:00,25.1,0.0,0.466,14.4,11.4,164,10,1,Normal Operations
2025-09-11 03:00:00,25.0,0.0,0.466,15.1,11.4,956,14,4,Normal Operations
2025-09-11 04:00:00,24.9,0.0,0.466,16.9,11.4,938,9,3,Normal Operations
2025-09-11 05:00:00,24.8,0.0,0.466,18.0,11.4,620,4,1,Normal Operations
2025-09-11 06:00:00,25.8,0.0,0.449,18.7,10.6,443,10,2,Normal Operations
2025-09-11 07:00:00,26.8,0.0,0.449,18.7,10.0,228,10,0,Normal Operations
2025-09-11 08:00:00,28.1,0.0,0.449,19.8,9.9,747,10,3,Normal Operations
2025-09-11 09:00:00,29.1,0.2,0.449,25.2,10.0,571,9,1,Normal Operations
2025-09-11 10:00:00,29.8,0.1,0.448,26.3,10.0,162,11,2,Normal Operations
2025-09-11 11:00:00,30.0,0.2,0.447,29.9,10.1,238,7,1,Normal Operations
2025-09-11 12:00:00,27.5,8.6,0.51,30.6,18.6,598,2,4,Pre-emptive Overtime Prior Shift
2025-09-11 13:00:00,27.9,0.0,0.503,24.1,18.6,692,9,3,Normal Operations
2025-09-11 14:00:00,28.4,0.0,0.497,30.6,18.2,491,4,0,Normal Operations
2025-09-11 15:00:00,28.3,0.1,0.494,31.7,18.1,774,8,2,Normal Operations
2025-09-11 16:00:00,28.3,0.0,0.491,19.4,18.1,518,14,1,Normal Operations
2025-09-11 17:00:00,27.4,0.2,0.491,14.4,18.3,388,7,3,Normal Operations
2025-09-11 18:00:00,26.5,0.0,0.487,6.1,18.3,478,13,1,Normal Operations
2025-09-11 19:00:00,26.2,0.0,0.487,6.5,18.3,872,15,3,Normal Operations
2025-09-11 20:00:00,25.7,0.0,0.487,9.7,18.3,589,7,4,Normal Operations
2025-09-11 21:00:00,25.5,0.0,0.487,9.7,18.3,330,8,1,Normal Operations
2025-09-11 22:00:00,25.3,0.0,0.486,11.9,18.3,140,1,4,Normal Operations
2025-09-11 23:00:00,25.2,0.0,0.486,13.3,18.2,127,5,2,Normal Operations
2025-09-12 00:00:00,24.9,0.0,0.486,10.4,17.9,234,2,4,Normal Operations
2025-09-12 01:00:00,24.7,0.0,0.486,13.3,17.9,300,2,3,Normal Operations
2025-09-12 02:00:00,24.6,0.0,0.485,19.1,17.9,939,15,2,Normal Operations
2025-09-12 03:00:00,24.6,0.0,0.485,19.8,17.9,879,1,1,Normal Operations
2025-09-12 04:00:00,24.6,0.0,0.485,21.2,17.9,132,5,1,Normal Operations
2025-09-12 05:00:00,24.5,0.1,0.486,22.0,18.0,147,2,3,Normal Operations
2025-09-12 06:00:00,24.0,0.6,0.488,21.2,18.6,602,4,0,Normal Operations
2025-09-12 07:00:00,24.7,0.6,0.495,22.7,19.2,506,3,0,Normal Operations
2025-09-12 08:00:00,26.5,0.0,0.494,28.4,19.2,673,3,1,Normal Operations
2025-09-12 09:00:00,28.1,0.0,0.492,30.6,19.2,827,2,3,Normal Operations
2025-09-12 10:00:00,29.1,0.1,0.49,29.2,19.2,904,13,0,Normal Operations
2025-09-12 11:00:00,30.5,0.1,0.487,29.9,19.2,198,6,4,Normal Operations
2025-09-12 12:00:00,31.4,0.1,0.483,29.9,19.2,783,2,1,Normal Operations
2025-09-12 13:00:00,29.9,0.5,0.484,27.0,17.9,971,14,4,Normal Operations
2025-09-12 14:00:00,29.1,0.6,0.488,30.2,16.699999999999996,825,14,3,Normal Operations
2025-09-12 15:00:00,27.8,1.9,0.505,21.6,18.4,646,8,4,Normal Operations
2025-09-12 16:00:00,27.9,0.1,0.502,14.4,18.5,838,8,0,Normal Operations
2025-09-12 17:00:00,26.8,5.6,0.513,12.2,23.5,712,13,0,Pause Operations & Maintain Equipment
2025-09-12 18:00:00,26.3,0.1,0.504,15.1,23.4,561,14,2,Normal Operations
2025-09-12 19:00:00,25.4,1.2,0.51,18.0,24.6,742,12,1,Normal Operations
2025-09-12 20:00:00,25.2,0.1,0.506,14.0,24.7,868,5,3,Normal Operations
2025-09-12 21:00:00,24.8,0.0,0.503,10.4,24.7,104,10,1,Normal Operations
2025-09-12 22:00:00,24.7,0.0,0.502,14.0,24.7,317,7,4,Normal Operations
2025-09-12 23:00:00,24.4,0.0,0.5,7.6,24.7,602,4,3,Normal Operations
2025-09-13 00:00:00,24.4,0.1,0.499,13.3,24.8,866,1,3,Normal Operations
2025-09-13 01:00:00,23.8,5.4,0.506,15.1,30.2,497,11,0,Pause Operations & Maintain Equipment
2025-09-13 02:00:00,23.9,1.3,0.52,19.8,31.5,970,2,4,Normal Operations
2025-09-13 03:00:00,23.8,2.3,0.517,14.8,33.8,894,10,0,Pause Operations & Maintain Equipment
2025-09-13 04:00:00,23.9,3.4,0.514,10.4,37.2,492,10,0,Pause Operations & Maintain Equipment
2025-09-13 05:00:00,23.8,0.0,0.51,15.1,37.2,306,4,2,Normal Operations
2025-09-13 06:00:00,24.2,0.0,0.492,16.2,37.2,114,1,0,Normal Operations
2025-09-13 07:00:00,25.4,0.0,0.492,18.7,37.2,957,15,1,Normal Operations
2025-09-13 08:00:00,26.9,0.0,0.492,19.4,37.2,653,13,3,Normal Operations
2025-09-13 09:00:00,28.5,0.1,0.491,22.3,37.3,991,8,0,Normal Operations
2025-09-13 10:00:00,29.5,0.2,0.49,20.2,37.5,560,9,1,Normal Operations
2025-09-13 11:00:00,30.3,0.4,0.49,19.4,37.8,790,4,4,Normal Operations
2025-09-13 12:00:00,30.3,1.1,0.496,19.1,38.8,674,10,3,Normal Operations
2025-09-13 13:00:00,26.8,24.1,0.514,20.5,62.900000000000006,963,3,4,Pre-emptive Overtime Prior Shift
2025-09-13 14:00:00,28.1,1.4,0.511,30.6,63.7,842,2,1,Pre-emptive Overtime Prior Shift
2025-09-13 15:00:00,28.6,0.1,0.507,19.4,62.3,340,5,4,Pause Operations & Maintain Equipment
2025-09-13 16:00:00,28.6,0.1,0.505,18.4,61.6,663,14,4,Pause Operations & Maintain Equipment
2025-09-13 17:00:00,28.0,0.1,0.503,18.4,61.2,195,3,4,Pre-emptive Overtime Prior Shift
2025-09-13 18:00:00,27.3,0.0,0.502,8.6,61.2,999,10,0,Pause Operations & Maintain Equipment
2025-09-13 19:00:00,26.7,0.0,0.5,4.0,61.2,833,7,0,Pause Operations & Maintain Equipment
2025-09-13 20:00:00,26.2,0.0,0.499,11.5,61.2,584,11,0,Pause Operations & Maintain Equipment
2025-09-13 21:00:00,25.6,0.0,0.498,11.9,61.2,506,6,3,Pause Operations & Maintain Equipment
2025-09-13 22:00:00,25.0,0.0,0.497,11.2,61.2,330,1,1,Pre-emptive Overtime Prior Shift
2025-09-13 23:00:00,24.6,0.0,0.496,11.5,61.2,848,12,0,Pause Operations & Maintain Equipment
2025-09-14 00:00:00,24.3,0.0,0.495,10.4,61.2,754,8,4,Pause Operations & Maintain Equipment
2025-09-14 01:00:00,24.3,0.0,0.494,9.7,61.2,270,2,4,Pre-emptive Overtime Prior Shift
2025-09-14 02:00:00,24.0,0.0,0.493,9.7,61.2,640,5,4,Pause Operations & Maintain Equipment
2025-09-14 03:00:00,23.9,0.0,0.493,6.5,61.2,135,9,4,Pause Operations & Maintain Equipment
2025-09-14 04:00:00,23.7,0.0,0.492,6.1,61.2,624,8,2,Pause Operations & Maintain Equipment
2025-09-14 05:00:00,23.7,0.0,0.492,9.0,61.2,259,2,3,Pre-emptive Overtime Prior Shift
2025-09-14 06:00:00,25.1,0.0,0.485,7.2,61.2,938,9,1,Pause Operations & Maintain Equipment
2025-09-14 07:00:00,26.2,0.0,0.485,8.6,61.2,798,5,1,Pause Operations & Maintain Equipment
2025-09-14 08:00:00,27.4,0.0,0.484,12.2,61.2,342,10,0,Pause Operations & Maintain Equipment
2025-09-14 09:00:00,28.7,0.0,0.483,15.5,61.0,185,14,2,Pause Operations & Maintain Equipment
2025-09-14 10:00:00,29.7,0.0,0.481,16.6,60.9,895,6,1,Pause Operations & Maintain Equipment
2025-09-14 11:00:00,30.2,0.2,0.48,20.9,60.9,677,13,3,Pause Operations & Maintain Equipment
2025-09-14 12:00:00,29.3,0.4,0.481,21.6,52.7,781,3,4,Pre-emptive Overtime Prior Shift
2025-09-14 13:00:00,27.5,2.9,0.511,24.1,55.6,656,13,0,Pause Operations & Maintain Equipment
2025-09-14 14:00:00,28.0,0.3,0.507,19.8,55.9,673,3,3,Pre-emptive Overtime Prior Shift
2025-09-14 15:00:00,28.3,0.9,0.512,14.8,56.7,745,10,1,Pause Operations & Maintain Equipment
2025-09-14 16:00:00,28.4,0.0,0.507,13.0,56.7,895,8,2,Pause Operations & Maintain Equipment
2025-09-14 17:00:00,28.1,0.0,0.504,11.5,56.5,127,11,0,Pause Operations & Maintain Equipment
2025-09-14 18:00:00,26.9,0.0,0.477,13.7,56.5,719,10,1,Pause Operations & Maintain Equipment
2025-09-14 19:00:00,26.6,0.0,0.478,2.9,56.5,655,10,0,Pause Operations & Maintain Equipment
2025-09-14 20:00:00,26.1,0.0,0.479,2.9,56.5,439,15,1,Pause Operations & Maintain Equipment
2025-09-14 21:00:00,25.8,0.0,0.479,2.2,56.5,897,12,4,Pause Operations & Maintain Equipment
2025-09-14 22:00:00,25.3,0.0,0.48,4.0,56.5,430,2,2,Pre-emptive Overtime Prior Shift
2025-09-14 23:00:00,25.2,0.5,0.484,4.0,57.0,739,11,4,Pause Operations & Maintain Equipment
2025-09-15 00:00:00,25.3,0.1,0.485,2.5,57.1,605,12,1,Pause Operations & Maintain Equipment
2025-09-15 01:00:00,24.9,0.0,0.486,2.5,57.1,447,12,3,Pause Operations & Maintain Equipment
2025-09-15 02:00:00,24.8,0.0,0.485,2.5,57.1,572,2,4,Pre-emptive Overtime Prior Shift
2025-09-15 03:00:00,24.5,0.0,0.485,6.1,57.1,330,13,3,Pause Operations & Maintain Equipment
2025-09-15 04:00:00,24.3,0.0,0.485,7.6,57.1,289,5,1,Pause Operations & Maintain Equipment
2025-09-15 05:00:00,24.0,0.0,0.485,6.8,57.0,324,6,2,Pause Operations & Maintain Equipment
2025-09-15 06:00:00,25.1,0.0,0.462,5.0,56.4,484,12,3,Pause Operations & Maintain Equipment
2025-09-15 07:00:00,26.1,0.0,0.464,6.1,55.8,476,2,1,Pre-emptive Overtime Prior Shift
2025-09-15 08:00:00,26.9,0.0,0.465,13.7,55.8,382,15,3,Pause Operations & Maintain Equipment
2025-09-15 09:00:00,28.0,0.1,0.466,15.1,55.9,732,5,4,Pause Operations & Maintain Equipment
2025-09-15 10:00:00,28.8,0.2,0.466,15.8,56.0,727,7,1,Pause Operations & Maintain Equipment
2025-09-15 11:00:00,29.4,0.4,0.467,16.2,56.3,844,10,4,Pause Operations & Maintain Equipment
2025-09-15 12:00:00,27.4,13.5,0.509,22.7,69.7,358,10,0,Pause Operations & Maintain Equipment
2025-09-15 13:00:00,27.8,0.3,0.507,21.6,69.5,458,8,1,Pause Operations & Maintain Equipment
2025-09-15 14:00:00,26.5,1.1,0.508,11.5,70.0,809,12,3,Pause Operations & Maintain Equipment
2025-09-15 15:00:00,27.2,0.3,0.507,14.4,68.4,555,7,0,Pause Operations & Maintain Equipment
2025-09-15 16:00:00,26.5,1.5,0.508,16.6,69.8,510,8,4,Pause Operations & Maintain Equipment
2025-09-15 17:00:00,26.4,0.1,0.506,7.6,64.3,748,14,4,Pause Operations & Maintain Equipment
2025-09-15 18:00:00,26.4,0.5,0.509,4.0,64.7,417,12,3,Pause Operations & Maintain Equipment
2025-09-15 19:00:00,26.4,1.3,0.517,4.0,64.8,776,9,0,Pause Operations & Maintain Equipment
2025-09-15 20:00:00,26.3,0.4,0.513,1.4,65.1,324,15,2,Pause Operations & Maintain Equipment
2025-09-15 21:00:00,26.0,0.2,0.511,3.2,65.3,918,5,3,Pause Operations & Maintain Equipment
2025-09-15 22:00:00,25.8,0.1,0.509,2.9,65.39999999999999,333,13,4,Pause Operations & Maintain Equipment
2025-09-15 23:00:00,25.4,0.0,0.507,4.0,65.39999999999999,783,5,1,Pause Operations & Maintain Equipment
2025-09-16 00:00:00,25.1,0.0,0.505,4.3,65.3,763,11,0,Pause Operations & Maintain Equipment
2025-09-16 01:00:00,24.9,0.0,0.503,4.7,59.9,926,10,2,Pause Operations & Maintain Equipment
2025-09-16 02:00:00,24.8,0.0,0.501,9.7,58.6,473,4,1,Pre-emptive Overtime Prior Shift
2025-09-16 03:00:00,24.7,0.0,0.5,10.1,56.3,771,13,0,Pause Operations & Maintain Equipment
2025-09-16 04:00:00,24.6,0.0,0.499,10.1,52.9,707,9,3,Pause Operations & Maintain Equipment
2025-09-16 05:00:00,24.4,0.6,0.505,10.1,53.5,571,5,3,Pause Operations & Maintain Equipment
2025-09-16 06:00:00,24.5,0.2,0.5,7.6,53.7,332,14,0,Pause Operations & Maintain Equipment
2025-09-16 07:00:00,25.6,0.0,0.499,9.7,53.7,791,2,2,Pre-emptive Overtime Prior Shift
2025-09-16 08:00:00,26.8,0.1,0.498,10.4,53.8,212,15,0,Pause Operations & Maintain Equipment
2025-09-16 09:00:00,27.8,0.0,0.496,14.0,53.7,929,10,1,Pause Operations & Maintain Equipment
2025-09-16 10:00:00,28.8,0.1,0.494,14.4,53.6,596,8,1,Pause Operations & Maintain Equipment
2025-09-16 11:00:00,29.5,0.1,0.491,16.2,53.3,541,15,3,Pause Operations & Maintain Equipment
2025-09-16 12:00:00,30.0,0.1,0.488,17.6,52.3,663,7,0,Pause Operations & Maintain Equipment
2025-09-16 13:00:00,29.8,0.1,0.486,18.7,28.3,367,8,3,Normal Operations
2025-09-16 14:00:00,29.7,0.1,0.485,14.8,27.0,609,12,2,Normal Operations
2025-09-16 15:00:00,28.0,0.9,0.492,13.3,27.8,906,3,1,Normal Operations
2025-09-16 16:00:00,26.4,1.4,0.504,14.4,29.1,485,15,4,Normal Operations
2025-09-16 17:00:00,26.0,0.1,0.503,9.7,29.1,486,15,4,Normal Operations
2025-09-16 18:00:00,26.4,1.5,0.501,7.6,30.6,212,4,0,Normal Operations
2025-09-16 19:00:00,25.4,1.9,0.503,11.9,32.5,712,5,0,Normal Operations
2025-09-16 20:00:00,25.1,0.1,0.502,4.3,32.6,724,6,4,Normal Operations
2025-09-16 21:00:00,24.9,0.0,0.501,3.6,32.6,180,1,0,Normal Operations
2025-09-16 22:00:00,24.8,0.0,0.499,4.3,32.6,798,4,1,Normal Operations
2025-09-16 23:00:00,24.7,0.0,0.498,5.4,32.6,212,11,2,Normal Operations
2025-09-17 00:00:00,24.6,0.0,0.497,6.8,32.6,101,12,2,Normal Operations
2025-09-17 01:00:00,24.5,0.0,0.496,10.1,32.6,741,10,3,Normal Operations
2025-09-17 02:00:00,24.6,0.0,0.496,9.7,32.6,319,13,1,Normal Operations
2025-09-17 03:00:00,24.7,0.4,0.5,6.5,33.0,665,5,0,Normal Operations
2025-09-17 04:00:00,24.5,0.3,0.502,10.4,33.3,954,7,0,Normal Operations
2025-09-17 05:00:00,24.4,0.0,0.501,11.2,33.3,835,13,3,Normal Operations
2025-09-17 06:00:00,24.5,0.0,0.487,10.4,33.3,324,5,3,Normal Operations
2025-09-17 07:00:00,25.1,0.3,0.49,12.6,33.6,484,13,0,Normal Operations
2025-09-17 08:00:00,26.0,0.2,0.491,15.1,33.8,502,13,0,Normal Operations
2025-09-17 09:00:00,27.1,0.2,0.491,16.6,34.0,737,1,1,Normal Operations
2025-09-17 10:00:00,27.6,0.2,0.491,16.6,34.2,229,11,3,Normal Operations
2025-09-17 11:00:00,28.1,0.2,0.49,15.5,34.2,152,7,1,Normal Operations
2025-09-17 12:00:00,28.7,0.1,0.489,13.7,33.9,783,8,0,Normal Operations
2025-09-17 13:00:00,28.1,0.1,0.488,14.8,31.1,829,13,4,Normal Operations
2025-09-17 14:00:00,28.7,0.0,0.486,13.3,30.8,771,7,4,Normal Operations
2025-09-17 15:00:00,28.6,0.0,0.485,12.2,29.9,809,11,0,Normal Operations
2025-09-17 16:00:00,28.0,0.0,0.483,10.8,29.9,515,14,3,Normal Operations
2025-09-17 17:00:00,27.3,0.0,0.483,9.7,29.9,346,13,4,Normal Operations
2025-09-17 18:00:00,26.3,0.0,0.473,7.2,29.9,935,15,3,Normal Operations
2025-09-17 19:00:00,25.8,0.0,0.474,4.7,29.9,538,4,4,Normal Operations
2025-09-17 20:00:00,25.5,0.0,0.474,2.9,29.9,302,8,3,Normal Operations
2025-09-17 21:00:00,25.2,0.0,0.475,1.1,29.9,283,15,4,Normal Operations
2025-09-17 22:00:00,25.0,0.0,0.475,0.7,29.9,222,5,3,Normal Operations
2025-09-17 23:00:00,24.8,0.0,0.475,1.8,29.4,500,10,1,Normal Operations
2025-09-18 00:00:00,24.7,0.0,0.475,8.6,29.3,866,9,3,Normal Operations
2025-09-18 01:00:00,24.4,0.0,0.476,8.6,29.3,393,12,1,Normal Operations
2025-09-18 02:00:00,24.2,0.0,0.476,8.3,29.3,379,12,1,Normal Operations
2025-09-18 03:00:00,23.9,1.3,0.489,6.8,30.6,936,10,0,Normal Operations
2025-09-18 04:00:00,23.5,2.4,0.515,12.2,33.0,983,5,1,Pause Operations & Maintain Equipment
2025-09-18 05:00:00,23.6,0.3,0.51,5.8,33.3,709,1,2,Normal Operations
2025-09-18 06:00:00,24.3,0.0,0.492,7.9,33.3,297,12,1,Normal Operations
2025-09-18 07:00:00,25.4,0.0,0.492,10.1,33.3,610,9,3,Normal Operations
2025-09-18 08:00:00,26.4,0.1,0.492,10.4,33.4,851,12,1,Normal Operations
2025-09-18 09:00:00,27.5,0.2,0.492,17.6,33.5,243,5,3,Normal Operations
2025-09-18 10:00:00,28.3,0.1,0.49,19.8,33.4,708,6,3,Normal Operations
2025-09-18 11:00:00,28.6,0.1,0.489,20.2,33.099999999999994,300,4,2,Normal Operations
2025-09-18 12:00:00,29.0,0.1,0.488,20.9,19.7,223,6,1,Normal Operations
2025-09-18 13:00:00,29.1,0.0,0.486,20.2,19.4,286,12,1,Normal Operations
2025-09-18 14:00:00,29.5,0.1,0.484,17.6,18.4,425,8,4,Normal Operations
2025-09-18 15:00:00,29.7,0.0,0.482,16.9,18.1,563,3,4,Normal Operations
2025-09-18 16:00:00,29.5,0.1,0.482,13.3,16.7,448,5,0,Normal Operations
2025-09-18 17:00:00,28.2,0.3,0.484,11.9,16.9,870,2,3,Normal Operations
2025-09-18 18:00:00,27.2,0.0,0.489,3.2,16.4,759,14,2,Normal Operations
2025-09-18 19:00:00,26.2,0.0,0.489,4.0,15.1,863,2,4,Normal Operations
2025-09-18 20:00:00,25.6,0.0,0.488,4.3,14.7,502,13,1,Normal Operations
2025-09-18 21:00:00,25.2,0.0,0.488,3.2,14.5,445,7,0,Normal Operations
2025-09-18 22:00:00,24.8,0.0,0.488,5.0,14.4,610,10,2,Normal Operations
2025-09-18 23:00:00,24.4,0.0,0.487,5.0,14.4,246,13,1,Normal Operations
2025-09-19 00:00:00,24.5,0.0,0.487,2.9,14.4,247,10,1,Normal Operations
2025-09-19 01:00:00,24.3,0.0,0.487,2.9,14.4,963,14,3,Normal Operations
2025-09-19 02:00:00,24.0,0.0,0.487,2.9,14.4,810,11,3,Normal Operations
2025-09-19 03:00:00,23.6,0.0,0.486,5.0,14.4,919,10,4,Normal Operations
2025-09-19 04:00:00,23.4,0.0,0.486,10.4,14.4,588,6,4,Normal Operations
2025-09-19 05:00:00,23.1,0.0,0.486,12.2,13.8,739,4,1,Normal Operations
2025-09-19 06:00:00,25.5,0.0,0.465,4.0,13.6,650,5,1,Normal Operations
2025-09-19 07:00:00,26.8,0.0,0.466,6.5,13.6,437,1,4,Normal Operations
2025-09-19 08:00:00,28.1,0.0,0.466,11.5,13.5,971,7,4,Normal Operations
2025-09-19 09:00:00,29.0,0.0,0.465,17.3,13.5,740,8,1,Normal Operations
2025-09-19 10:00:00,29.6,0.0,0.464,21.6,13.4,878,9,2,Normal Operations
2025-09-19 11:00:00,30.1,0.1,0.462,20.9,13.4,572,8,1,Normal Operations
2025-09-19 12:00:00,30.4,0.0,0.46,20.2,13.3,250,5,2,Normal Operations
2025-09-19 13:00:00,30.9,0.0,0.458,20.2,13.2,514,3,2,Normal Operations
2025-09-19 14:00:00,31.1,0.0,0.456,20.2,13.1,397,10,1,Normal Operations
2025-09-19 15:00:00,31.0,0.0,0.454,20.2,12.2,710,11,0,Normal Operations
2025-09-19 16:00:00,29.5,0.1,0.454,18.4,10.9,362,9,4,Normal Operations
2025-09-19 17:00:00,28.7,0.1,0.455,13.7,10.9,863,15,3,Normal Operations
2025-09-19 18:00:00,28.8,0.0,0.453,5.8,9.4,243,6,1,Normal Operations
2025-09-19 19:00:00,28.0,0.0,0.454,4.3,7.5,445,15,2,Normal Operations
2025-09-19 20:00:00,27.2,0.0,0.455,4.7,7.4,723,5,1,Normal Operations
2025-09-19 21:00:00,26.5,0.0,0.455,7.2,7.4,671,13,4,Normal Operations
2025-09-19 22:00:00,26.0,0.0,0.456,7.6,7.4,980,3,2,Normal Operations
2025-09-19 23:00:00,25.4,0.0,0.456,7.2,7.4,101,6,3,Normal Operations
2025-09-20 00:00:00,25.1,0.0,0.457,4.3,7.4,996,3,3,Normal Operations
2025-09-20 01:00:00,24.9,0.0,0.458,5.0,7.4,403,10,3,Normal Operations
2025-09-20 02:00:00,24.4,1.1,0.467,6.1,8.5,353,12,0,Normal Operations
2025-09-20 03:00:00,24.3,0.0,0.467,7.2,8.1,751,6,2,Normal Operations
2025-09-20 04:00:00,23.9,0.0,0.467,7.2,7.8,552,4,2,Normal Operations
2025-09-20 05:00:00,23.6,0.0,0.468,9.0,7.8,136,15,0,Normal Operations
2025-09-20 06:00:00,25.4,0.0,0.43,13.3,7.8,259,2,2,Normal Operations
2025-09-20 07:00:00,26.5,0.0,0.431,15.1,7.5,108,8,0,Normal Operations
2025-09-20 08:00:00,28.0,0.0,0.432,14.0,7.3,332,4,1,Normal Operations
2025-09-20 09:00:00,29.1,0.0,0.431,16.2,7.1,198,9,4,Normal Operations
2025-09-20 10:00:00,30.0,0.0,0.43,18.0,6.9,758,7,3,Normal Operations
2025-09-20 11:00:00,30.7,0.0,0.428,18.7,6.699999999999999,915,12,0,Normal Operations
2025-09-20 12:00:00,31.2,0.0,0.425,20.9,6.6,307,2,0,Normal Operations
2025-09-20 13:00:00,31.3,0.1,0.423,20.9,6.6000000000000005,230,4,0,Normal Operations
2025-09-20 14:00:00,30.7,0.1,0.422,21.6,6.7,503,5,1,Normal Operations
2025-09-20 15:00:00,28.4,1.5,0.437,20.9,8.2,251,3,0,Normal Operations
2025-09-20 16:00:00,28.3,0.1,0.437,16.9,8.3,153,9,4,Normal Operations
2025-09-20 17:00:00,27.9,0.0,0.438,14.4,8.3,219,13,4,Normal Operations
2025-09-20 18:00:00,26.9,0.0,0.44,13.7,8.3,772,5,3,Normal Operations
2025-09-20 19:00:00,26.7,0.0,0.441,3.6,8.3,727,2,1,Normal Operations
2025-09-20 20:00:00,26.1,0.0,0.441,2.9,8.3,686,11,4,Normal Operations
2025-09-20 21:00:00,25.7,0.0,0.441,4.0,8.3,724,3,2,Normal Operations
2025-09-20 22:00:00,25.4,0.0,0.442,5.0,8.3,519,14,2,Normal Operations
2025-09-20 23:00:00,25.1,0.0,0.442,6.8,8.3,521,15,2,Normal Operations
2025-09-21 00:00:00,24.9,0.0,0.443,9.0,8.3,203,9,0,Normal Operations
2025-09-21 01:00:00,24.8,0.0,0.443,13.0,8.3,951,7,0,Normal Operations
2025-09-21 02:00:00,24.7,0.0,0.444,15.1,8.3,353,2,2,Normal Operations
2025-09-21 03:00:00,24.6,0.0,0.444,16.9,6.999999999999999,326,9,3,Normal Operations
2025-09-21 04:00:00,24.5,0.0,0.444,16.9,4.6,211,14,3,Normal Operations
2025-09-21 05:00:00,24.3,0.0,0.445,14.0,4.3,609,4,0,Normal Operations
2025-09-21 06:00:00,25.2,0.0,0.43,14.4,4.3,572,13,2,Normal Operations
2025-09-21 07:00:00,26.3,0.0,0.431,16.6,4.3,198,9,3,Normal Operations
2025-09-21 08:00:00,27.8,0.0,0.43,22.3,4.199999999999999,252,15,0,Normal Operations
2025-09-21 09:00:00,29.2,0.1,0.429,24.5,4.1,960,13,2,Normal Operations
2025-09-21 10:00:00,30.4,0.1,0.428,27.0,4.1,995,2,1,Normal Operations
2025-09-21 11:00:00,31.3,0.0,0.425,27.7,4.0,977,15,2,Normal Operations
2025-09-21 12:00:00,31.8,0.0,0.422,27.4,3.9,437,12,2,Normal Operations
2025-09-21 13:00:00,32.0,0.0,0.419,25.9,3.9,805,10,4,Normal Operations
2025-09-21 14:00:00,31.8,0.0,0.417,26.3,3.8,921,12,4,Normal Operations
2025-09-21 15:00:00,31.7,0.0,0.415,24.1,3.8,262,4,1,Normal Operations
2025-09-21 16:00:00,31.4,0.0,0.414,23.0,3.7,819,5,1,Normal Operations
2025-09-21 17:00:00,30.1,0.0,0.414,14.8,3.4,780,2,2,Normal Operations
2025-09-21 18:00:00,28.6,0.0,0.4,2.5,3.4,260,10,3,Normal Operations
2025-09-21 19:00:00,27.6,0.0,0.401,6.1,3.4,679,1,1,Normal Operations
2025-09-21 20:00:00,27.0,0.0,0.402,7.9,3.4,900,7,2,Normal Operations
2025-09-21 21:00:00,26.5,0.0,0.403,8.6,3.4,497,10,0,Normal Operations
2025-09-21 22:00:00,25.8,0.0,0.404,7.9,3.4,376,1,4,Normal Operations
2025-09-21 23:00:00,25.6,0.0,0.404,5.0,3.4,915,11,3,Normal Operations
2025-09-22 00:00:00,25.4,0.0,0.405,3.2,3.4,603,11,2,Normal Operations
2025-09-22 01:00:00,25.2,0.0,0.406,3.6,3.4,995,8,0,Normal Operations
2025-09-22 02:00:00,25.0,0.0,0.407,3.6,3.4,491,3,4,Normal Operations
2025-09-22 03:00:00,24.4,0.0,0.407,5.0,3.4,234,14,0,Normal Operations
2025-09-22 04:00:00,24.2,0.0,0.408,6.5,3.4,294,10,2,Normal Operations
2025-09-22 05:00:00,23.9,0.0,0.409,9.7,3.4,500,6,1,Normal Operations
2025-09-22 06:00:00,25.7,0.0,0.397,16.9,3.4,739,7,4,Normal Operations
2025-09-22 07:00:00,27.0,0.0,0.397,19.4,3.4,132,10,0,Normal Operations
2025-09-22 08:00:00,28.6,0.0,0.397,21.6,3.4,787,1,1,Normal Operations
2025-09-22 09:00:00,29.9,0.0,0.396,24.1,3.4,559,14,3,Normal Operations
2025-09-22 10:00:00,31.3,0.0,0.394,25.9,3.4,982,6,2,Normal Operations
2025-09-22 11:00:00,32.2,0.0,0.391,25.9,3.3,569,7,2,Normal Operations
2025-09-22 12:00:00,32.6,0.0,0.388,25.6,3.3,474,6,4,Normal Operations
2025-09-22 13:00:00,32.6,0.0,0.385,25.6,3.3,121,4,0,Normal Operations
2025-09-22 14:00:00,32.8,0.0,0.382,25.2,3.3,849,1,3,Normal Operations
2025-09-22 15:00:00,32.3,0.0,0.38,23.4,3.3,769,11,4,Normal Operations
2025-09-22 16:00:00,31.3,0.0,0.379,22.7,3.2,137,9,4,Normal Operations
2025-09-22 17:00:00,29.6,0.0,0.379,19.4,3.1,329,4,0,Normal Operations
2025-09-22 18:00:00,27.9,0.0,0.386,9.4,3.1,464,7,3,Normal Operations
2025-09-22 19:00:00,26.9,0.0,0.387,9.4,3.1,662,7,0,Normal Operations
2025-09-22 20:00:00,26.2,0.0,0.387,10.8,3.1,537,2,2,Normal Operations
2025-09-22 21:00:00,25.3,0.0,0.388,10.4,3.1,875,1,1,Normal Operations
2025-09-22 22:00:00,24.4,0.0,0.388,7.6,3.1,382,8,2,Normal Operations
2025-09-22 23:00:00,23.6,0.0,0.389,6.1,3.1,126,8,2,Normal Operations
2025-09-23 00:00:00,23.2,0.0,0.389,7.2,3.1,325,7,4,Normal Operations
2025-09-23 01:00:00,23.3,0.0,0.39,5.8,3.1,376,14,2,Normal Operations
2025-09-23 02:00:00,23.4,0.0,0.39,2.5,2.0,897,15,3,Normal Operations
2025-09-23 03:00:00,23.1,0.0,0.391,2.2,2.0,708,15,2,Normal Operations
2025-09-23 04:00:00,22.7,0.0,0.391,4.0,2.0,383,15,3,Normal Operations
2025-09-23 05:00:00,22.6,0.0,0.391,4.7,2.0,978,15,0,Normal Operations
2025-09-23 06:00:00,24.0,0.0,0.385,11.2,2.0,580,8,4,Normal Operations
2025-09-23 07:00:00,25.4,0.0,0.385,13.3,2.0,552,3,3,Normal Operations
2025-09-23 08:00:00,27.0,0.0,0.384,17.6,2.0,928,11,2,Normal Operations
2025-09-23 09:00:00,28.6,0.0,0.383,20.5,2.0,915,2,4,Normal Operations
2025-09-23 10:00:00,30.4,0.0,0.381,22.0,2.0,758,7,4,Normal Operations
2025-09-23 11:00:00,31.0,0.0,0.379,29.5,2.0,615,8,3,Normal Operations
2025-09-23 12:00:00,31.4,0.0,0.376,29.9,2.0,646,1,3,Normal Operations
2025-09-23 13:00:00,31.7,0.1,0.374,28.1,2.0,291,12,1,Normal Operations
2025-09-23 14:00:00,31.8,0.0,0.371,26.6,1.9,148,10,1,Normal Operations
2025-09-23 15:00:00,31.4,0.0,0.369,26.6,0.4,611,9,4,Normal Operations
2025-09-23 16:00:00,30.3,0.0,0.368,26.6,0.3,116,15,1,Normal Operations
2025-09-23 17:00:00,29.0,0.0,0.367,21.6,0.3,271,13,2,Normal Operations
2025-09-23 18:00:00,28.2,0.0,0.368,17.3,0.3,319,15,0,Normal Operations
2025-09-23 19:00:00,27.4,0.0,0.368,13.7,0.3,257,11,4,Normal Operations
2025-09-23 20:00:00,26.5,0.0,0.368,11.2,0.3,576,4,0,Normal Operations
2025-09-23 21:00:00,26.1,0.0,0.369,8.6,0.3,145,14,1,Normal Operations
2025-09-23 22:00:00,25.8,0.0,0.369,10.1,0.3,472,12,3,Normal Operations
2025-09-23 23:00:00,25.5,0.0,0.369,13.3,0.3,617,14,4,Normal Operations
2025-09-24 00:00:00,25.3,0.0,0.37,17.6,0.3,198,4,1,Normal Operations
2025-09-24 01:00:00,25.1,0.0,0.37,21.6,0.3,991,3,2,Normal Operations
2025-09-24 02:00:00,24.9,0.0,0.37,22.3,0.3,844,6,4,Normal Operations
2025-09-24 03:00:00,24.7,0.0,0.37,23.0,0.3,136,1,4,Normal Operations
2025-09-24 04:00:00,24.3,0.0,0.371,23.0,0.3,379,6,3,Normal Operations
2025-09-24 05:00:00,24.1,0.0,0.371,20.5,0.3,448,2,4,Normal Operations
2025-09-24 06:00:00,24.9,0.0,0.376,19.8,0.3,596,9,3,Normal Operations
2025-09-24 07:00:00,25.9,0.0,0.376,20.9,0.3,401,2,1,Normal Operations
2025-09-24 08:00:00,27.5,0.0,0.375,23.4,0.3,280,7,2,Normal Operations
2025-09-24 09:00:00,29.1,0.0,0.373,28.4,0.2,706,12,2,Normal Operations
2025-09-24 10:00:00,30.2,0.0,0.371,39.2,0.1,198,1,4,Normal Operations
2025-09-24 11:00:00,31.0,0.0,0.369,42.5,0.1,799,12,4,Normal Operations
2025-09-24 12:00:00,31.5,0.0,0.367,46.8,0.1,215,7,1,Normal Operations
2025-09-24 13:00:00,31.7,0.0,0.364,43.6,0.1,290,5,3,Normal Operations
2025-09-24 14:00:00,29.6,0.9,0.372,39.2,1.0,352,8,2,Normal Operations
2025-09-24 15:00:00,26.4,3.4,0.413,29.5,4.4,260,4,3,Pre-emptive Overtime Prior Shift
2025-09-24 16:00:00,27.0,0.3,0.416,10.1,4.7,355,15,1,Normal Operations
2025-09-24 17:00:00,26.8,0.0,0.416,9.0,4.7,422,12,2,Normal Operations
2025-09-24 18:00:00,26.6,0.1,0.377,6.5,4.8,227,15,2,Normal Operations
2025-09-24 19:00:00,26.5,0.0,0.378,2.2,4.8,117,10,0,Normal Operations
2025-09-24 20:00:00,26.2,0.0,0.378,2.9,4.8,892,7,1,Normal Operations
2025-09-24 21:00:00,25.6,0.0,0.378,5.4,4.8,834,6,1,Normal Operations
2025-09-24 22:00:00,25.4,0.1,0.379,13.7,4.9,665,5,0,Normal Operations
2025-09-24 23:00:00,24.2,2.6,0.414,18.4,7.5,669,4,3,Pre-emptive Overtime Prior Shift
2025-09-25 00:00:00,23.3,2.2,0.444,17.3,9.7,422,15,0,Pause Operations & Maintain Equipment
2025-09-25 01:00:00,23.2,0.0,0.444,15.8,9.7,971,7,1,Normal Operations
2025-09-25 02:00:00,23.2,0.4,0.449,14.0,10.1,785,12,3,Normal Operations
2025-09-25 03:00:00,23.3,0.2,0.45,18.0,10.3,891,5,2,Normal Operations
2025-09-25 04:00:00,23.2,0.0,0.45,18.7,10.3,725,5,0,Normal Operations
2025-09-25 05:00:00,23.3,0.0,0.449,19.4,10.3,387,15,3,Normal Operations
2025-09-25 06:00:00,23.9,0.8,0.5,24.5,11.1,953,1,3,Normal Operations
2025-09-25 07:00:00,24.6,0.2,0.498,28.1,11.3,762,2,3,Normal Operations
2025-09-25 08:00:00,25.1,0.3,0.497,27.7,11.6,738,5,0,Normal Operations
2025-09-25 09:00:00,26.4,0.0,0.495,34.2,11.6,254,13,2,Normal Operations
2025-09-25 10:00:00,27.6,0.1,0.492,33.8,11.7,589,3,3,Normal Operations
2025-09-25 11:00:00,28.8,0.1,0.489,32.8,11.8,485,14,0,Normal Operations
2025-09-25 12:00:00,29.0,0.2,0.487,34.2,12.0,884,13,1,Normal Operations
2025-09-25 13:00:00,28.6,0.5,0.488,34.2,12.5,203,2,0,Normal Operations
2025-09-25 14:00:00,26.6,4.8,0.509,28.4,17.3,492,14,0,Pause Operations & Maintain Equipment
2025-09-25 15:00:00,26.0,0.8,0.509,29.2,18.1,910,14,0,Normal Operations
2025-09-25 16:00:00,26.7,0.0,0.504,24.5,18.1,345,4,3,Normal Operations
2025-09-25 17:00:00,26.5,0.0,0.501,21.6,18.1,275,4,0,Normal Operations
2025-09-25 18:00:00,25.9,0.0,0.48,25.6,18.1,138,4,1,Normal Operations
2025-09-25 19:00:00,25.4,0.0,0.479,21.2,18.1,576,4,3,Normal Operations
2025-09-25 20:00:00,25.3,0.0,0.479,19.4,18.1,781,3,1,Normal Operations
2025-09-25 21:00:00,25.1,0.0,0.478,20.5,18.1,858,13,4,Normal Operations
2025-09-25 22:00:00,24.9,0.0,0.478,20.9,18.1,637,12,0,Normal Operations
2025-09-25 23:00:00,24.8,0.0,0.477,22.0,18.1,966,7,3,Normal Operations
2025-09-26 00:00:00,24.7,0.0,0.477,22.7,18.1,917,9,3,Normal Operations
2025-09-26 01:00:00,24.8,0.0,0.477,22.7,18.1,507,12,0,Normal Operations
2025-09-26 02:00:00,24.7,0.0,0.476,22.3,18.1,624,5,2,Normal Operations
2025-09-26 03:00:00,24.6,0.0,0.476,20.5,18.1,927,4,2,Normal Operations
2025-09-26 04:00:00,24.5,0.0,0.476,21.6,18.1,605,11,1,Normal Operations
2025-09-26 05:00:00,24.5,0.0,0.475,22.0,18.1,924,2,0,Normal Operations
2025-09-26 06:00:00,26.1,0.0,0.462,18.7,18.1,135,2,0,Normal Operations
2025-09-26 07:00:00,27.3,0.0,0.462,19.8,18.1,784,5,4,Normal Operations
2025-09-26 08:00:00,28.6,0.0,0.461,20.5,18.1,119,7,2,Normal Operations
2025-09-26 09:00:00,30.0,0.1,0.459,24.1,18.2,420,10,2,Normal Operations
2025-09-26 10:00:00,31.0,0.1,0.458,26.6,18.3,875,10,0,Normal Operations
2025-09-26 11:00:00,31.6,0.2,0.456,27.4,18.5,611,9,1,Normal Operations
2025-09-26 12:00:00,31.9,0.1,0.455,27.0,18.6,499,13,0,Normal Operations
2025-09-26 13:00:00,29.6,4.1,0.504,27.4,22.6,753,7,1,Pause Operations & Maintain Equipment
2025-09-26 14:00:00,27.0,5.4,0.509,25.6,28.0,982,5,2,Pause Operations & Maintain Equipment
2025-09-26 15:00:00,27.8,0.1,0.505,18.0,28.1,570,10,4,Normal Operations
2025-09-26 16:00:00,28.3,0.0,0.501,20.9,28.1,242,10,3,Normal Operations
2025-09-26 17:00:00,27.4,0.0,0.498,19.8,28.1,191,10,2,Normal Operations
2025-09-26 18:00:00,26.8,0.0,0.492,13.7,28.1,453,6,1,Normal Operations
2025-09-26 19:00:00,26.2,0.1,0.491,18.7,28.2,933,11,0,Normal Operations
2025-09-26 20:00:00,26.0,0.0,0.49,23.0,28.2,899,12,2,Normal Operations
2025-09-26 21:00:00,25.5,0.2,0.49,24.5,28.4,826,3,4,Normal Operations
2025-09-26 22:00:00,25.1,0.1,0.489,20.2,28.5,953,5,1,Normal Operations
2025-09-26 23:00:00,24.7,0.3,0.491,21.6,28.8,150,8,0,Normal Operations
2025-09-27 00:00:00,24.7,0.2,0.491,23.0,29.0,764,1,3,Normal Operations
2025-09-27 01:00:00,24.5,0.5,0.494,22.7,29.5,797,12,1,Normal Operations
2025-09-27 02:00:00,24.5,1.0,0.504,22.0,30.5,674,1,0,Normal Operations
2025-09-27 03:00:00,24.5,0.4,0.504,18.7,30.9,289,7,3,Normal Operations
2025-09-27 04:00:00,24.4,0.0,0.501,18.7,30.9,224,14,0,Normal Operations
2025-09-27 05:00:00,24.2,0.5,0.505,19.1,31.4,249,5,3,Normal Operations
2025-09-27 06:00:00,25.2,0.1,0.496,19.8,31.5,413,14,3,Normal Operations
2025-09-27 07:00:00,25.9,0.1,0.495,21.6,31.6,669,5,3,Normal Operations
2025-09-27 08:00:00,26.4,0.1,0.495,21.2,31.7,441,1,0,Normal Operations
2025-09-27 09:00:00,27.8,0.6,0.498,25.2,32.3,404,9,3,Normal Operations
2025-09-27 10:00:00,27.7,0.2,0.497,25.6,32.5,791,1,1,Normal Operations
2025-09-27 11:00:00,28.7,0.2,0.495,25.2,32.7,781,5,4,Normal Operations
2025-09-27 12:00:00,29.7,0.2,0.494,27.7,32.9,937,10,4,Normal Operations
2025-09-27 13:00:00,29.8,0.1,0.491,27.7,33.0,882,9,3,Normal Operations
2025-09-27 14:00:00,26.8,5.1,0.51,27.0,37.2,153,14,4,Pause Operations & Maintain Equipment
2025-09-27 15:00:00,27.7,0.1,0.506,12.6,33.9,543,15,4,Normal Operations
2025-09-27 16:00:00,26.3,5.8,0.52,22.7,39.4,712,4,3,Pre-emptive Overtime Prior Shift
2025-09-27 17:00:00,25.6,2.3,0.503,23.8,41.7,363,13,3,Pause Operations & Maintain Equipment
2025-09-27 18:00:00,25.9,0.0,0.496,10.1,41.6,152,8,1,Normal Operations
2025-09-27 19:00:00,25.7,0.0,0.495,8.3,41.6,671,6,2,Normal Operations
2025-09-27 20:00:00,25.6,0.0,0.495,14.0,41.6,719,11,0,Normal Operations
2025-09-27 21:00:00,25.5,0.0,0.494,23.0,41.6,104,15,3,Normal Operations
2025-09-27 22:00:00,25.4,0.0,0.494,26.3,41.5,202,3,3,Normal Operations
2025-09-27 23:00:00,25.1,0.0,0.493,26.3,38.9,295,4,4,Normal Operations
2025-09-28 00:00:00,24.8,0.0,0.492,23.8,36.7,873,2,1,Normal Operations
2025-09-28 01:00:00,24.5,0.1,0.492,23.4,36.8,976,1,4,Normal Operations
2025-09-28 02:00:00,24.3,0.1,0.493,23.0,36.5,983,13,3,Normal Operations
2025-09-28 03:00:00,24.1,0.1,0.492,22.3,36.4,449,14,3,Normal Operations
2025-09-28 04:00:00,23.9,0.0,0.492,22.3,36.4,146,8,4,Normal Operations
2025-09-28 05:00:00,23.8,0.0,0.492,19.1,36.4,966,1,3,Normal Operations
2025-09-28 06:00:00,24.2,0.2,0.494,21.6,35.8,922,14,2,Normal Operations
2025-09-28 07:00:00,25.3,0.1,0.494,28.1,35.7,919,13,0,Normal Operations
2025-09-28 08:00:00,26.0,0.2,0.494,32.0,35.599999999999994,755,11,0,Normal Operations
2025-09-28 09:00:00,27.1,0.1,0.493,31.3,35.7,368,1,0,Normal Operations
2025-09-28 10:00:00,28.2,0.1,0.491,32.4,35.7,469,4,2,Normal Operations
2025-09-28 11:00:00,28.5,0.1,0.489,35.3,35.7,735,10,3,Normal Operations
2025-09-28 12:00:00,28.8,0.1,0.487,35.6,35.6,205,12,4,Normal Operations
2025-09-28 13:00:00,29.6,0.1,0.484,32.8,35.2,769,10,1,Normal Operations
2025-09-28 14:00:00,29.8,0.1,0.482,31.7,30.5,758,15,3,Normal Operations
2025-09-28 15:00:00,30.0,0.1,0.481,29.2,29.8,756,6,2,Normal Operations
2025-09-28 16:00:00,28.0,0.3,0.482,26.6,30.1,219,9,2,Normal Operations
2025-09-28 17:00:00,27.7,0.0,0.482,17.3,30.1,930,1,0,Normal Operations
2025-09-28 18:00:00,27.0,0.0,0.467,12.2,30.1,886,7,3,Normal Operations
2025-09-28 19:00:00,26.1,0.1,0.468,11.5,30.2,703,10,0,Normal Operations
2025-09-28 20:00:00,25.4,0.3,0.471,19.4,30.5,157,11,1,Normal Operations
2025-09-28 21:00:00,25.0,0.0,0.471,16.2,30.5,445,5,0,Normal Operations
2025-09-28 22:00:00,25.0,0.2,0.473,16.6,30.7,840,12,1,Normal Operations
2025-09-28 23:00:00,25.0,0.0,0.473,14.4,30.7,573,15,2,Normal Operations
2025-09-29 00:00:00,24.7,0.0,0.474,11.9,30.7,216,8,0,Normal Operations
2025-09-29 01:00:00,24.6,0.0,0.474,11.9,30.7,929,14,0,Normal Operations
2025-09-29 02:00:00,24.1,0.0,0.474,10.4,30.7,890,7,4,Normal Operations
2025-09-29 03:00:00,23.8,0.0,0.474,11.5,30.7,226,4,2,Normal Operations
2025-09-29 04:00:00,23.5,0.0,0.474,11.5,30.7,492,4,4,Normal Operations
2025-09-29 05:00:00,23.2,0.0,0.474,10.8,30.7,740,6,1,Normal Operations
2025-09-29 06:00:00,24.4,0.0,0.471,9.0,30.7,157,6,1,Normal Operations
2025-09-29 07:00:00,25.4,0.0,0.471,14.4,30.7,733,9,2,Normal Operations
2025-09-29 08:00:00,26.2,0.1,0.472,18.0,30.8,612,12,1,Normal Operations
2025-09-29 09:00:00,27.2,0.1,0.471,18.4,30.8,850,5,2,Normal Operations
2025-09-29 10:00:00,28.2,0.1,0.47,19.8,30.8,901,8,1,Normal Operations
2025-09-29 11:00:00,29.2,0.0,0.467,21.6,30.6,195,5,3,Normal Operations
2025-09-29 12:00:00,29.8,0.1,0.465,21.6,30.6,737,2,0,Normal Operations
2025-09-29 13:00:00,30.1,0.0,0.462,21.2,26.5,217,15,3,Normal Operations
2025-09-29 14:00:00,29.9,0.0,0.46,16.9,21.1,659,6,2,Normal Operations
2025-09-29 15:00:00,29.4,0.2,0.46,17.6,21.2,700,9,2,Normal Operations
2025-09-29 16:00:00,28.9,0.2,0.46,16.2,21.4,587,13,3,Normal Operations
2025-09-29 17:00:00,27.9,0.0,0.46,10.8,21.4,336,3,0,Normal Operations
2025-09-29 18:00:00,26.2,0.0,0.468,8.3,21.4,984,1,0,Normal Operations
2025-09-29 19:00:00,25.7,0.0,0.468,7.9,21.3,996,1,4,Normal Operations
2025-09-29 20:00:00,25.1,0.0,0.468,9.0,21.3,371,13,1,Normal Operations
2025-09-29 21:00:00,24.8,0.0,0.468,7.9,21.1,288,3,4,Normal Operations
2025-09-29 22:00:00,24.6,0.0,0.468,6.5,21.0,803,10,0,Normal Operations
2025-09-29 23:00:00,24.3,0.0,0.468,7.6,20.7,546,5,3,Normal Operations
2025-09-30 00:00:00,23.8,0.0,0.468,6.5,20.5,680,3,1,Normal Operations
2025-09-30 01:00:00,23.7,0.0,0.468,5.8,20.0,889,9,3,Normal Operations
2025-09-30 02:00:00,23.6,0.0,0.468,3.6,19.0,960,8,4,Normal Operations
2025-09-30 03:00:00,23.4,0.0,0.468,3.6,18.6,346,3,2,Normal Operations
2025-09-30 04:00:00,23.0,0.0,0.468,4.3,18.6,175,9,3,Normal Operations
2025-09-30 05:00:00,23.1,0.0,0.468,7.2,18.1,253,15,4,Normal Operations
2025-09-30 06:00:00,24.7,0.0,0.444,9.0,17.999999999999996,755,13,4,Normal Operations
2025-09-30 07:00:00,26.1,0.0,0.445,8.3,17.9,534,6,4,Normal Operations
2025-09-30 08:00:00,27.5,0.1,0.445,10.4,17.9,185,13,2,Normal Operations
2025-09-30 09:00:00,28.7,0.2,0.445,13.0,17.5,796,7,2,Normal Operations
2025-09-30 10:00:00,29.6,0.0,0.444,13.7,17.299999999999997,384,4,2,Normal Operations
2025-09-30 11:00:00,30.5,0.1,0.442,12.6,17.2,319,4,1,Normal Operations
2025-09-30 12:00:00,30.8,0.0,0.439,15.1,17.0,168,12,2,Normal Operations
2025-09-30 13:00:00,30.9,0.0,0.437,15.1,16.9,146,13,2,Normal Operations
2025-09-30 14:00:00,31.1,0.0,0.434,13.0,11.8,193,2,2,Normal Operations
2025-09-30 15:00:00,29.7,0.2,0.435,18.7,11.9,849,5,3,Normal Operations
2025-09-30 16:00:00,29.2,0.1,0.435,18.7,6.2,552,8,2,Normal Operations
2025-09-30 17:00:00,27.2,0.1,0.436,10.4,4.0,303,7,1,Normal Operations
2025-09-30 18:00:00,25.9,0.3,0.439,13.3,4.3,317,7,4,Normal Operations
2025-09-30 19:00:00,24.9,2.0,0.464,15.8,6.300000000000001,573,6,3,Normal Operations
2025-09-30 20:00:00,24.7,0.0,0.464,14.8,6.300000000000001,531,3,0,Normal Operations
2025-09-30 21:00:00,24.4,0.0,0.464,7.9,6.300000000000001,440,5,2,Normal Operations
2025-09-30 22:00:00,24.1,0.0,0.464,10.4,6.300000000000001,650,13,4,Normal Operations
2025-09-30 23:00:00,23.8,0.0,0.464,6.1,6.300000000000001,711,1,4,Normal Operations
2025-10-01 00:00:00,23.5,0.0,0.464,8.6,6.300000000000001,388,7,3,Normal Operations
2025-10-01 01:00:00,23.4,0.0,0.464,9.4,6.200000000000001,353,9,0,Normal Operations
2025-10-01 02:00:00,23.1,0.0,0.463,9.7,6.1,833,1,1,Normal Operations
2025-10-01 03:00:00,22.8,0.0,0.463,6.5,6.0,456,13,4,Normal Operations
2025-10-01 04:00:00,22.8,0.0,0.463,3.2,6.0,122,2,4,Normal Operations
2025-10-01 05:00:00,24.0,0.0,0.47,1.1,6.0,861,3,4,Normal Operations
2025-10-01 06:00:00,24.8,0.0,0.47,9.0,5.800000000000001,621,3,4,Normal Operations
2025-10-01 07:00:00,25.7,0.0,0.469,16.6,5.700000000000001,857,8,3,Normal Operations
2025-10-01 08:00:00,27.1,0.0,0.469,24.5,5.5,936,7,0,Normal Operations
2025-10-01 09:00:00,28.4,0.0,0.467,31.3,5.4,199,6,4,Normal Operations
2025-10-01 10:00:00,29.3,0.1,0.465,32.4,5.4,901,15,1,Normal Operations
2025-10-01 11:00:00,30.3,0.0,0.463,28.4,5.300000000000001,279,10,1,Normal Operations
2025-10-01 12:00:00,30.7,0.0,0.459,28.4,5.2,322,10,2,Normal Operations
2025-10-01 13:00:00,31.1,0.0,0.456,27.4,5.1000000000000005,861,11,4,Normal Operations
2025-10-01 14:00:00,30.6,0.0,0.453,23.4,5.0,758,4,4,Normal Operations
2025-10-01 15:00:00,28.1,2.0,0.475,24.1,6.9,541,9,4,Normal Operations
2025-10-01 16:00:00,24.8,4.6,0.5,27.7,11.2,707,1,4,Pre-emptive Overtime Prior Shift
2025-10-01 17:00:00,25.7,0.1,0.479,13.0,11.3,868,11,4,Normal Operations
2025-10-01 18:00:00,25.0,0.0,0.479,5.4,11.3,424,15,1,Normal Operations
2025-10-01 19:00:00,24.7,0.0,0.478,3.6,11.2,615,2,0,Normal Operations
2025-10-01 20:00:00,24.6,0.0,0.478,3.6,10.9,115,15,0,Normal Operations
2025-10-01 21:00:00,24.4,0.0,0.478,7.2,10.9,891,14,2,Normal Operations
2025-10-01 22:00:00,24.1,0.0,0.477,7.2,10.7,435,4,1,Normal Operations
2025-10-01 23:00:00,24.4,0.0,0.465,9.0,10.7,858,3,4,Normal Operations
2025-10-02 00:00:00,24.2,0.0,0.465,11.2,10.7,357,1,0,Normal Operations
2025-10-02 01:00:00,24.0,0.0,0.466,11.5,10.7,596,5,3,Normal Operations
2025-10-02 02:00:00,23.9,0.0,0.466,13.7,10.7,995,7,3,Normal Operations
2025-10-02 03:00:00,23.7,0.0,0.466,14.0,10.7,259,2,3,Normal Operations
2025-10-02 04:00:00,23.5,0.0,0.466,11.9,10.7,574,5,4,Normal Operations
2025-10-02 05:00:00,23.4,0.0,0.457,9.7,10.7,951,6,4,Normal Operations
2025-10-02 06:00:00,24.1,0.0,0.458,8.6,10.7,763,11,2,Normal Operations
2025-10-02 07:00:00,25.8,0.0,0.458,12.6,10.7,789,7,2,Normal Operations
2025-10-02 08:00:00,27.2,0.3,0.46,23.4,10.9,774,1,2,Normal Operations
2025-10-02 09:00:00,27.2,0.2,0.46,28.8,11.0,479,7,3,Normal Operations
2025-10-02 10:00:00,28.9,0.1,0.459,29.5,11.0,644,4,4,Normal Operations
2025-10-02 11:00:00,30.0,0.1,0.459,32.4,11.1,790,8,3,Normal Operations
2025-10-02 12:00:00,30.5,0.0,0.456,29.9,11.0,526,13,2,Normal Operations
2025-10-02 13:00:00,29.7,2.7,0.484,29.9,13.7,712,4,4,Pre-emptive Overtime Prior Shift
2025-10-02 14:00:00,27.6,5.0,0.511,26.6,18.7,367,6,1,Pause Operations & Maintain Equipment
2025-10-02 15:00:00,27.3,0.1,0.505,23.4,18.6,934,9,0,Normal Operations
2025-10-02 16:00:00,27.8,0.0,0.501,13.3,18.4,676,5,0,Normal Operations
2025-10-02 17:00:00,26.1,0.0,0.476,14.0,18.4,516,14,2,Normal Operations
2025-10-02 18:00:00,25.6,0.0,0.478,6.8,18.4,267,12,3,Normal Operations
2025-10-02 19:00:00,25.6,0.0,0.479,17.6,18.4,941,4,1,Normal Operations
2025-10-02 20:00:00,25.1,0.0,0.48,19.1,18.4,142,8,4,Normal Operations
2025-10-02 21:00:00,25.0,0.0,0.481,19.8,18.4,655,13,3,Normal Operations
2025-10-02 22:00:00,24.9,0.0,0.482,21.2,18.4,384,9,2,Normal Operations
2025-10-02 23:00:00,25.2,0.0,0.479,20.9,18.4,496,4,3,Normal Operations
2025-10-03 00:00:00,25.2,0.0,0.479,19.8,18.4,111,3,2,Normal Operations
2025-10-03 01:00:00,25.0,0.0,0.479,21.6,18.4,706,8,0,Normal Operations
2025-10-03 02:00:00,24.9,0.0,0.48,22.0,18.4,401,14,0,Normal Operations
2025-10-03 03:00:00,24.7,0.0,0.48,21.6,18.4,997,5,3,Normal Operations
2025-10-03 04:00:00,24.5,0.0,0.48,21.6,18.4,352,2,1,Normal Operations
2025-10-03 05:00:00,24.6,0.1,0.473,19.4,18.5,598,10,4,Normal Operations
2025-10-03 06:00:00,24.8,0.0,0.474,23.8,18.5,853,9,2,Normal Operations
2025-10-03 07:00:00,25.3,0.0,0.474,25.2,18.5,134,3,4,Normal Operations
2025-10-03 08:00:00,25.8,0.1,0.476,24.8,18.5,826,12,0,Normal Operations
2025-10-03 09:00:00,26.8,0.1,0.476,28.8,18.4,948,2,1,Normal Operations
2025-10-03 10:00:00,26.9,0.0,0.476,30.2,18.4,189,1,1,Normal Operations
2025-10-03 11:00:00,26.7,0.0,0.482,30.2,18.3,875,14,4,Normal Operations
2025-10-03 12:00:00,27.2,0.1,0.482,23.0,18.4,704,8,0,Normal Operations
2025-10-03 13:00:00,27.3,0.1,0.482,22.7,18.5,701,11,4,Normal Operations
2025-10-03 14:00:00,27.6,0.0,0.481,23.8,18.5,517,3,3,Normal Operations
2025-10-03 15:00:00,28.1,0.0,0.479,24.8,18.3,214,7,1,Normal Operations
2025-10-03 16:00:00,27.8,0.6,0.483,23.8,18.8,716,1,1,Normal Operations
2025-10-03 17:00:00,26.2,0.4,0.47,28.1,19.1,295,1,3,Normal Operations
2025-10-03 18:00:00,25.7,0.0,0.47,16.2,18.8,925,15,0,Normal Operations
2025-10-03 19:00:00,25.1,0.0,0.47,13.0,16.8,600,12,1,Normal Operations
2025-10-03 20:00:00,24.7,0.0,0.471,11.5,16.8,725,9,2,Normal Operations
2025-10-03 21:00:00,24.3,0.3,0.473,11.9,17.1,592,15,2,Normal Operations
2025-10-03 22:00:00,23.9,0.1,0.474,7.9,17.2,174,12,0,Normal Operations
2025-10-03 23:00:00,24.6,0.0,0.465,6.5,17.2,512,8,3,Normal Operations
2025-10-04 00:00:00,24.8,0.0,0.465,12.2,17.2,475,12,4,Normal Operations
2025-10-04 01:00:00,24.7,0.0,0.466,13.0,17.2,519,13,0,Normal Operations
2025-10-04 02:00:00,24.5,0.0,0.466,13.3,17.2,828,3,4,Normal Operations
2025-10-04 03:00:00,24.2,0.0,0.467,13.7,17.2,376,6,0,Normal Operations
2025-10-04 04:00:00,24.2,0.0,0.467,13.3,17.2,860,11,2,Normal Operations
2025-10-04 05:00:00,24.4,0.0,0.48,11.9,17.2,775,3,3,Normal Operations
2025-10-04 06:00:00,24.6,0.1,0.481,14.0,17.3,493,13,2,Normal Operations
2025-10-04 07:00:00,25.3,0.0,0.481,22.0,17.3,968,12,3,Normal Operations
2025-10-04 08:00:00,26.0,0.0,0.48,27.0,17.3,556,4,4,Normal Operations
2025-10-04 09:00:00,27.7,0.0,0.479,29.5,17.3,291,1,0,Normal Operations
2025-10-04 10:00:00,29.0,0.0,0.476,27.4,17.2,838,5,1,Normal Operations
2025-10-04 11:00:00,29.8,0.1,0.474,28.1,17.299999999999997,788,1,1,Normal Operations
2025-10-04 12:00:00,30.3,0.1,0.471,29.2,17.4,198,13,3,Normal Operations
2025-10-04 13:00:00,31.0,0.0,0.469,28.1,17.4,647,1,3,Normal Operations
2025-10-04 14:00:00,28.4,0.0,0.467,32.4,17.4,195,10,2,Normal Operations
2025-10-04 15:00:00,26.2,0.2,0.467,29.2,15.599999999999998,763,15,1,Normal Operations
2025-10-04 16:00:00,26.5,0.0,0.467,19.8,11.0,762,11,2,Normal Operations
2025-10-04 17:00:00,27.5,0.0,0.478,13.7,10.9,289,11,4,Normal Operations
2025-10-04 18:00:00,26.4,0.0,0.478,9.7,10.9,835,14,1,Normal Operations
2025-10-04 19:00:00,26.0,0.0,0.478,5.4,10.9,136,7,4,Normal Operations
2025-10-04 20:00:00,25.6,0.0,0.477,5.0,10.9,879,12,0,Normal Operations
2025-10-04 21:00:00,25.3,0.0,0.477,5.4,10.9,468,6,2,Normal Operations
2025-10-04 22:00:00,24.9,0.0,0.477,6.1,10.9,794,2,3,Normal Operations
2025-10-04 23:00:00,24.6,0.9,0.486,7.6,11.8,624,14,1,Normal Operations
2025-10-05 00:00:00,24.3,0.1,0.486,6.1,11.9,378,11,2,Normal Operations
2025-10-05 01:00:00,23.9,0.0,0.485,4.0,11.9,316,12,3,Normal Operations
2025-10-05 02:00:00,23.7,0.0,0.484,5.4,11.9,966,2,0,Normal Operations
2025-10-05 03:00:00,23.3,0.0,0.484,5.4,11.9,972,11,1,Normal Operations
2025-10-05 04:00:00,23.2,0.0,0.483,3.2,11.9,897,7,4,Normal Operations
2025-10-05 05:00:00,23.6,0.0,0.465,2.5,11.9,372,1,0,Normal Operations
2025-10-05 06:00:00,24.3,0.0,0.466,6.5,11.9,980,13,3,Normal Operations
2025-10-05 07:00:00,25.1,0.7,0.471,14.8,12.6,161,2,1,Normal Operations
2025-10-05 08:00:00,25.3,2.3,0.499,15.5,14.6,695,12,1,Pause Operations & Maintain Equipment
2025-10-05 09:00:00,26.3,0.5,0.5,14.0,14.9,979,8,0,Normal Operations
2025-10-05 10:00:00,26.8,0.2,0.499,14.4,15.0,828,6,1,Normal Operations
2025-10-05 11:00:00,28.6,0.3,0.5,15.1,15.2,441,15,3,Normal Operations
2025-10-05 12:00:00,29.6,0.1,0.496,22.3,15.3,496,14,0,Normal Operations
2025-10-05 13:00:00,29.9,0.1,0.493,23.0,12.7,798,2,4,Normal Operations
2025-10-05 14:00:00,27.7,0.2,0.491,31.3,7.9,118,7,0,Normal Operations
2025-10-05 15:00:00,26.2,1.4,0.504,31.3,9.2,276,4,0,Normal Operations
2025-10-05 16:00:00,25.6,0.7,0.507,19.4,9.9,711,2,4,Normal Operations
2025-10-05 17:00:00,25.6,0.6,0.495,10.4,10.5,495,12,3,Normal Operations
2025-10-05 18:00:00,25.1,0.0,0.494,8.6,10.5,544,6,2,Normal Operations
2025-10-05 19:00:00,24.9,0.7,0.499,4.7,11.2,332,11,2,Normal Operations
2025-10-05 20:00:00,24.4,2.7,0.504,10.1,13.9,175,15,4,Pause Operations & Maintain Equipment
2025-10-05 21:00:00,24.4,1.7,0.518,7.6,15.6,364,9,3,Normal Operations
2025-10-05 22:00:00,24.1,1.3,0.517,9.7,16.9,554,11,1,Normal Operations
2025-10-05 23:00:00,24.2,1.7,0.514,8.6,18.6,895,9,4,Normal Operations
2025-10-06 00:00:00,24.2,1.7,0.499,6.5,20.3,817,14,2,Normal Operations
2025-10-06 01:00:00,24.0,1.7,0.517,6.5,22.0,834,8,3,Normal Operations
2025-10-06 02:00:00,23.7,1.0,0.517,7.6,23.0,483,15,0,Normal Operations
2025-10-06 03:00:00,23.7,1.5,0.516,6.1,24.5,663,3,3,Normal Operations
2025-10-06 04:00:00,23.6,0.4,0.515,5.8,24.9,950,3,3,Normal Operations
2025-10-06 05:00:00,23.6,0.2,0.508,3.6,25.0,605,2,2,Normal Operations
2025-10-06 06:00:00,23.9,0.0,0.505,8.6,25.0,466,5,2,Normal Operations
2025-10-06 07:00:00,25.0,0.0,0.502,11.9,25.0,243,14,1,Normal Operations
2025-10-06 08:00:00,25.7,0.1,0.501,11.9,25.0,984,12,1,Normal Operations
2025-10-06 09:00:00,26.0,0.2,0.501,13.7,25.1,168,14,4,Normal Operations
2025-10-06 10:00:00,25.9,0.2,0.501,17.6,25.3,198,4,0,Normal Operations
2025-10-06 11:00:00,27.4,0.1,0.5,19.1,25.4,495,7,1,Normal Operations
2025-10-06 12:00:00,28.6,0.1,0.497,16.9,25.4,124,4,2,Normal Operations
2025-10-06 13:00:00,29.0,0.0,0.493,16.9,25.3,990,9,3,Normal Operations
2025-10-06 14:00:00,29.0,0.0,0.49,16.6,25.3,568,12,4,Normal Operations
2025-10-06 15:00:00,29.0,0.0,0.488,17.6,25.3,583,12,1,Normal Operations
2025-10-06 16:00:00,28.5,0.0,0.487,15.8,24.7,664,2,3,Normal Operations
2025-10-06 17:00:00,27.3,0.0,0.487,14.0,24.3,250,11,3,Normal Operations
2025-10-06 18:00:00,26.1,0.0,0.486,9.0,24.3,243,14,1,Normal Operations
2025-10-06 19:00:00,25.6,0.0,0.486,10.8,24.3,668,6,0,Normal Operations
2025-10-06 20:00:00,25.0,0.0,0.486,12.6,24.3,138,15,0,Normal Operations
2025-10-06 21:00:00,24.6,0.0,0.486,12.6,24.0,208,7,4,Normal Operations
2025-10-06 22:00:00,23.9,0.0,0.485,10.4,23.9,792,4,0,Normal Operations
2025-10-06 23:00:00,23.3,0.0,0.478,7.2,23.9,141,13,4,Normal Operations
2025-10-07 00:00:00,23.5,0.0,0.479,2.9,23.9,285,6,2,Normal Operations
2025-10-07 01:00:00,23.1,0.0,0.479,12.2,23.9,497,7,1,Normal Operations
2025-10-07 02:00:00,22.7,0.0,0.48,14.4,23.9,322,4,3,Normal Operations
2025-10-07 03:00:00,22.1,0.0,0.48,4.3,23.9,733,15,4,Normal Operations
2025-10-07 04:00:00,21.4,4.4,0.504,24.5,28.300000000000004,232,8,0,Pause Operations & Maintain Equipment
2025-10-07 05:00:00,21.9,1.7,0.517,18.7,30.000000000000004,262,9,4,Normal Operations
2025-10-07 06:00:00,22.1,0.2,0.512,11.2,30.1,314,1,4,Normal Operations
2025-10-07 07:00:00,23.2,0.0,0.509,9.7,30.1,832,7,0,Normal Operations
2025-10-07 08:00:00,24.9,0.0,0.506,11.9,30.1,334,9,0,Normal Operations
2025-10-07 09:00:00,26.5,0.0,0.503,13.0,30.1,942,15,1,Normal Operations
2025-10-07 10:00:00,27.9,0.0,0.499,16.9,30.1,757,12,3,Normal Operations
2025-10-07 11:00:00,29.6,0.0,0.476,19.8,30.0,850,10,1,Normal Operations
2025-10-07 12:00:00,30.1,0.0,0.473,14.8,29.9,687,5,1,Normal Operations
2025-10-07 13:00:00,30.3,0.0,0.47,16.9,29.9,108,12,0,Normal Operations
2025-10-07 14:00:00,30.1,0.1,0.468,18.0,30.0,173,2,0,Normal Operations
2025-10-07 15:00:00,29.8,0.1,0.467,19.4,29.9,591,10,3,Normal Operations
2025-10-07 16:00:00,28.8,0.5,0.47,19.1,30.4,352,6,4,Normal Operations
2025-10-07 17:00:00,27.9,0.0,0.47,11.2,30.4,329,12,1,Normal Operations
2025-10-07 18:00:00,26.4,0.0,0.471,3.2,30.4,618,12,3,Normal Operations
2025-10-07 19:00:00,25.8,0.0,0.471,4.0,30.4,273,7,1,Normal Operations
2025-10-07 20:00:00,25.0,0.0,0.471,4.7,30.4,752,2,4,Normal Operations
2025-10-07 21:00:00,24.2,0.0,0.471,5.8,30.4,267,2,1,Normal Operations
2025-10-07 22:00:00,23.6,0.0,0.471,7.2,30.4,269,10,2,Normal Operations
2025-10-07 23:00:00,24.2,0.0,0.448,7.2,29.5,492,15,3,Normal Operations
2025-10-08 00:00:00,23.8,0.0,0.449,7.6,29.4,894,14,0,Normal Operations
2025-10-08 01:00:00,23.3,0.0,0.45,8.3,29.4,733,12,1,Normal Operations
2025-10-08 02:00:00,22.8,0.0,0.451,6.5,29.4,293,10,3,Normal Operations
2025-10-08 03:00:00,22.4,0.0,0.452,7.9,29.4,616,1,3,Normal Operations
2025-10-08 04:00:00,22.4,0.0,0.453,8.6,29.4,128,4,1,Normal Operations
2025-10-08 05:00:00,22.3,0.0,0.456,10.8,29.4,264,7,0,Normal Operations
2025-10-08 06:00:00,23.0,0.0,0.456,11.5,29.4,521,14,0,Normal Operations
2025-10-08 07:00:00,24.8,0.0,0.457,12.6,28.7,438,9,1,Normal Operations
2025-10-08 08:00:00,26.8,0.0,0.456,16.6,26.4,747,15,3,Normal Operations
2025-10-08 09:00:00,28.3,0.0,0.454,20.2,25.9,595,3,0,Normal Operations
2025-10-08 10:00:00,29.5,0.0,0.452,21.6,25.7,464,12,1,Normal Operations
2025-10-08 11:00:00,30.1,0.0,0.449,21.6,25.4,932,11,1,Normal Operations
2025-10-08 12:00:00,30.4,0.0,0.446,21.2,25.3,441,7,1,Normal Operations
2025-10-08 13:00:00,30.5,0.0,0.443,21.2,25.2,599,7,3,Normal Operations
2025-10-08 14:00:00,30.3,0.0,0.44,20.5,25.0,756,7,0,Normal Operations
2025-10-08 15:00:00,29.9,0.0,0.439,20.2,23.6,610,2,3,Normal Operations
2025-10-08 16:00:00,29.4,0.0,0.438,19.1,22.9,426,6,2,Normal Operations
2025-10-08 17:00:00,27.4,0.0,0.413,9.7,22.3,316,2,0,Normal Operations
2025-10-08 18:00:00,26.2,0.0,0.415,10.4,22.3,400,6,3,Normal Operations
2025-10-08 19:00:00,26.1,0.0,0.416,18.4,21.6,231,13,0,Normal Operations
2025-10-08 20:00:00,25.1,0.0,0.417,18.7,18.9,903,10,2,Normal Operations
2025-10-08 21:00:00,24.6,0.0,0.418,17.3,17.2,169,3,4,Normal Operations
2025-10-08 22:00:00,24.5,0.0,0.419,19.4,15.9,351,14,1,Normal Operations
2025-10-08 23:00:00,24.1,0.0,0.408,17.6,14.2,514,2,3,Normal Operations
2025-10-09 00:00:00,24.4,0.0,0.41,20.2,12.5,886,12,2,Normal Operations
2025-10-09 01:00:00,24.2,0.0,0.411,19.4,10.8,544,15,2,Normal Operations
2025-10-09 02:00:00,23.8,0.0,0.412,20.2,9.8,975,14,0,Normal Operations
2025-10-09 03:00:00,23.0,0.0,0.413,18.4,8.3,281,6,0,Normal Operations
2025-10-09 04:00:00,22.6,0.0,0.414,16.6,7.9,266,2,1,Normal Operations
2025-10-09 05:00:00,23.6,0.0,0.406,19.4,7.7,190,5,0,Normal Operations
2025-10-09 06:00:00,23.7,0.0,0.407,25.2,7.7,813,2,3,Normal Operations
2025-10-09 07:00:00,24.8,0.0,0.408,22.7,7.7,957,3,3,Normal Operations
2025-10-09 08:00:00,26.5,0.0,0.408,23.4,7.6,630,3,3,Normal Operations
2025-10-09 09:00:00,28.3,0.0,0.407,24.5,7.4,138,6,4,Normal Operations
2025-10-09 10:00:00,29.5,0.0,0.406,24.8,7.2,225,6,3,Normal Operations
2025-10-09 11:00:00,30.1,0.0,0.417,23.4,7.1000000000000005,550,10,0,Normal Operations
2025-10-09 12:00:00,30.4,0.0,0.415,20.2,7.0,272,3,0,Normal Operations
2025-10-09 13:00:00,30.2,0.0,0.412,20.9,7.0,752,3,3,Normal Operations
2025-10-09 14:00:00,30.0,0.0,0.41,22.3,7.0,853,13,2,Normal Operations
2025-10-09 15:00:00,29.5,0.0,0.409,25.2,7.0,319,12,2,Normal Operations
2025-10-09 16:00:00,28.8,0.0,0.408,24.1,7.0,737,13,2,Normal Operations
2025-10-09 17:00:00,27.6,0.0,0.381,16.9,7.0,157,1,1,Normal Operations
2025-10-09 18:00:00,26.0,0.0,0.382,8.6,7.0,759,7,4,Normal Operations
2025-10-09 19:00:00,24.8,0.0,0.383,8.3,7.0,575,13,3,Normal Operations
2025-10-09 20:00:00,24.0,0.0,0.384,9.7,7.0,555,8,1,Normal Operations
2025-10-09 21:00:00,23.8,0.1,0.385,11.5,7.1000000000000005,928,2,2,Normal Operations
2025-10-09 22:00:00,23.6,0.3,0.389,11.5,7.4,994,4,3,Normal Operations
2025-10-09 23:00:00,23.5,0.0,0.398,11.9,7.4,460,10,1,Normal Operations
2025-10-10 00:00:00,23.5,0.0,0.399,13.0,7.4,100,7,0,Normal Operations
2025-10-10 01:00:00,23.0,0.0,0.399,13.3,7.4,486,8,2,Normal Operations
2025-10-10 02:00:00,22.5,0.0,0.4,15.5,7.4,447,1,1,Normal Operations
2025-10-10 03:00:00,22.0,0.0,0.401,15.1,7.4,289,4,0,Normal Operations
2025-10-10 04:00:00,21.7,0.0,0.401,13.0,3.0,604,6,2,Normal Operations
2025-10-10 05:00:00,22.4,0.0,0.382,10.4,1.3,290,3,4,Normal Operations
2025-10-10 06:00:00,23.3,0.1,0.383,16.2,1.2000000000000002,607,5,2,Normal Operations
2025-10-10 07:00:00,23.9,0.1,0.385,18.4,1.3,468,10,4,Normal Operations
2025-10-10 08:00:00,25.3,0.0,0.385,20.2,1.3,508,9,4,Normal Operations
2025-10-10 09:00:00,26.1,0.3,0.387,16.6,1.6,923,11,4,Normal Operations
2025-10-10 10:00:00,26.5,0.3,0.39,13.0,1.9,216,13,3,Normal Operations
2025-10-10 11:00:00,27.1,0.0,0.394,22.0,1.9,233,3,3,Normal Operations
2025-10-10 12:00:00,28.6,0.1,0.393,19.8,2.0,157,5,4,Normal Operations
2025-10-10 13:00:00,28.8,0.0,0.391,20.9,2.0,655,8,0,Normal Operations
2025-10-10 14:00:00,27.8,0.0,0.39,25.2,1.9,784,6,4,Normal Operations
2025-10-10 15:00:00,26.6,0.4,0.392,25.9,2.2,771,4,1,Normal Operations
2025-10-10 16:00:00,26.6,0.3,0.394,18.0,2.0,272,8,4,Normal Operations
2025-10-10 17:00:00,25.1,0.0,0.388,11.2,2.0,928,11,3,Normal Operations
2025-10-10 18:00:00,24.1,0.0,0.389,20.2,2.0,914,3,3,Normal Operations
2025-10-10 19:00:00,23.8,0.0,0.389,15.5,2.0,248,3,1,Normal Operations
2025-10-10 20:00:00,23.5,0.0,0.389,15.5,2.0,179,4,1,Normal Operations
2025-10-10 21:00:00,23.3,0.0,0.39,15.5,2.0,985,9,2,Normal Operations
2025-10-10 22:00:00,23.0,0.0,0.39,15.5,2.0,312,5,0,Normal Operations
2025-10-10 23:00:00,22.8,0.0,0.384,15.1,2.0,302,8,0,Normal Operations
2025-10-11 00:00:00,22.8,0.0,0.385,15.8,2.0,863,6,0,Normal Operations
2025-10-11 01:00:00,22.5,0.0,0.385,15.8,2.0,328,3,3,Normal Operations
2025-10-11 02:00:00,22.3,0.0,0.385,15.8,2.0,775,15,0,Normal Operations
2025-10-11 03:00:00,22.1,0.0,0.386,15.1,2.0,326,8,2,Normal Operations
2025-10-11 04:00:00,21.5,0.1,0.386,11.9,2.1,758,12,2,Normal Operations
2025-10-11 05:00:00,21.8,0.0,0.39,7.6,2.1,631,9,0,Normal Operations
2025-10-11 06:00:00,22.4,0.0,0.39,13.7,2.1,540,8,1,Normal Operations
2025-10-11 07:00:00,23.7,0.0,0.39,12.6,2.1,501,13,2,Normal Operations
2025-10-11 08:00:00,25.4,0.0,0.39,14.8,2.1,146,4,1,Normal Operations
2025-10-11 09:00:00,26.7,0.0,0.389,16.6,2.1,332,14,3,Normal Operations
2025-10-11 10:00:00,27.5,0.1,0.388,14.4,2.2,404,14,2,Normal Operations
2025-10-11 11:00:00,27.8,0.1,0.387,15.5,2.3,625,13,1,Normal Operations
2025-10-11 12:00:00,28.3,0.0,0.386,18.4,2.3,242,11,0,Normal Operations
2025-10-11 13:00:00,28.8,0.0,0.384,20.2,2.3,514,6,3,Normal Operations
2025-10-11 14:00:00,29.0,0.0,0.382,21.6,2.3,612,1,4,Normal Operations
2025-10-11 15:00:00,28.9,0.0,0.38,22.0,2.3,472,4,4,Normal Operations
2025-10-11 16:00:00,27.3,0.0,0.379,18.7,2.3,665,8,0,Normal Operations
2025-10-11 17:00:00,26.1,0.0,0.371,18.0,2.3,985,1,3,Normal Operations
2025-10-11 18:00:00,25.1,0.0,0.371,15.5,2.3,358,3,3,Normal Operations
2025-10-11 19:00:00,24.3,0.0,0.371,14.8,2.3,755,1,3,Normal Operations
2025-10-11 20:00:00,23.7,0.0,0.372,15.5,2.3,570,9,3,Normal Operations
2025-10-11 21:00:00,23.2,0.0,0.372,17.3,2.3,111,2,4,Normal Operations
2025-10-11 22:00:00,22.8,0.0,0.372,16.9,2.3,429,9,1,Normal Operations
2025-10-11 23:00:00,22.5,0.0,0.373,14.0,2.3,835,13,3,Normal Operations
2025-10-12 00:00:00,22.0,0.0,0.374,11.9,2.3,883,4,1,Normal Operations
2025-10-12 01:00:00,21.2,0.0,0.374,8.6,2.3,457,2,3,Normal Operations
2025-10-12 02:00:00,20.6,0.0,0.374,6.5,2.3,507,4,2,Normal Operations
2025-10-12 03:00:00,20.0,0.0,0.375,5.8,2.3,767,12,2,Normal Operations
2025-10-12 04:00:00,19.8,0.0,0.375,10.1,2.3,472,11,2,Normal Operations
2025-10-12 05:00:00,20.3,0.0,0.363,10.4,2.3,107,11,3,Normal Operations
2025-10-12 06:00:00,20.9,0.0,0.363,16.6,2.3,221,10,1,Normal Operations
2025-10-12 07:00:00,22.6,0.0,0.363,16.6,2.3,447,6,4,Normal Operations
2025-10-12 08:00:00,25.0,0.0,0.363,18.7,2.3,775,15,0,Normal Operations
2025-10-12 09:00:00,26.8,0.0,0.362,20.5,2.3,189,11,4,Normal Operations
2025-10-12 10:00:00,28.2,0.0,0.36,19.8,2.3,747,7,3,Normal Operations
2025-10-12 11:00:00,28.4,0.0,0.362,16.6,2.3,797,3,2,Normal Operations
2025-10-12 12:00:00,29.0,0.1,0.361,13.7,2.4,415,3,2,Normal Operations
2025-10-12 13:00:00,29.2,0.1,0.36,11.5,2.5,277,12,1,Normal Operations
2025-10-12 14:00:00,29.1,0.0,0.359,11.9,2.5,639,10,3,Normal Operations
2025-10-12 15:00:00,29.1,0.0,0.358,12.6,2.5,831,12,4,Normal Operations
2025-10-12 16:00:00,28.7,0.0,0.357,12.2,2.5,968,8,3,Normal Operations
2025-10-12 17:00:00,26.5,0.0,0.348,8.6,2.5,140,5,3,Normal Operations
2025-10-12 18:00:00,25.3,0.0,0.348,10.8,2.5,839,4,2,Normal Operations
2025-10-12 19:00:00,24.5,0.0,0.348,13.0,2.5,803,7,4,Normal Operations
2025-10-12 20:00:00,23.9,0.0,0.348,13.3,2.5,601,7,0,Normal Operations
2025-10-12 21:00:00,23.2,0.0,0.348,11.9,2.4,244,13,2,Normal Operations
2025-10-12 22:00:00,22.4,0.0,0.348,12.2,2.1,300,9,4,Normal Operations
2025-10-12 23:00:00,21.8,0.0,0.351,12.2,2.1,823,9,1,Normal Operations
2025-10-13 00:00:00,21.7,0.0,0.351,11.9,2.1,560,5,2,Normal Operations
2025-10-13 01:00:00,21.4,0.0,0.352,11.5,2.1,831,13,1,Normal Operations
2025-10-13 02:00:00,21.2,0.0,0.352,13.7,2.1,851,12,2,Normal Operations
2025-10-13 03:00:00,21.0,0.0,0.352,15.5,2.1,657,13,3,Normal Operations
2025-10-13 04:00:00,20.7,0.0,0.352,16.2,2.1,646,8,4,Normal Operations
2025-10-13 05:00:00,21.7,0.0,0.356,16.6,2.1,352,10,1,Normal Operations
2025-10-13 06:00:00,22.4,0.0,0.356,17.6,2.0,489,1,2,Normal Operations
2025-10-13 07:00:00,23.6,0.1,0.358,16.6,2.0,693,9,1,Normal Operations
2025-10-13 08:00:00,25.1,0.1,0.359,17.6,2.1,982,8,2,Normal Operations
2025-10-13 09:00:00,26.6,0.0,0.358,19.8,1.8,355,6,2,Normal Operations
2025-10-13 10:00:00,27.6,0.1,0.358,20.5,1.6,808,13,0,Normal Operations
2025-10-13 11:00:00,28.6,0.1,0.357,16.6,1.7,914,3,0,Normal Operations
2025-10-13 12:00:00,29.1,0.2,0.356,13.7,1.8000000000000005,549,3,0,Normal Operations
2025-10-13 13:00:00,29.2,0.1,0.355,13.0,1.9,109,8,1,Normal Operations
2025-10-13 14:00:00,29.2,0.0,0.354,11.5,1.9,923,5,3,Normal Operations
2025-10-13 15:00:00,29.1,0.0,0.352,11.5,1.5,897,10,2,Normal Operations
2025-10-13 16:00:00,28.7,0.0,0.351,10.4,1.2,341,11,4,Normal Operations
2025-10-13 17:00:00,27.3,0.0,0.347,8.3,1.2,350,14,0,Normal Operations
2025-10-13 18:00:00,25.6,0.0,0.347,12.2,1.2,976,7,1,Normal Operations
2025-10-13 19:00:00,24.4,0.0,0.347,10.4,1.2,104,5,1,Normal Operations
2025-10-13 20:00:00,23.4,0.0,0.348,12.6,1.2,218,8,1,Normal Operations
2025-10-13 21:00:00,22.9,0.0,0.348,13.3,1.2,900,10,4,Normal Operations
2025-10-13 22:00:00,22.8,0.0,0.348,14.0,1.2,473,10,4,Normal Operations
2025-10-13 23:00:00,22.3,0.0,0.348,13.3,1.2,164,4,0,Normal Operations
2025-10-14 00:00:00,22.2,0.0,0.348,11.2,1.2,245,2,4,Normal Operations
2025-10-14 01:00:00,21.9,0.0,0.349,11.9,1.2,323,3,0,Normal Operations
2025-10-14 02:00:00,21.5,0.0,0.349,11.2,1.2,338,8,4,Normal Operations
2025-10-14 03:00:00,21.0,0.0,0.349,7.6,1.2,276,15,4,Normal Operations
2025-10-14 04:00:00,21.2,0.0,0.35,6.5,1.1,878,11,4,Normal Operations
2025-10-14 05:00:00,21.8,0.0,0.345,7.6,1.1,952,13,0,Normal Operations
2025-10-14 06:00:00,22.7,0.0,0.345,6.1,1.1,381,7,2,Normal Operations
2025-10-14 07:00:00,24.6,0.0,0.345,9.0,1.1,162,13,0,Normal Operations
2025-10-14 08:00:00,26.7,0.0,0.344,11.9,1.1,316,2,2,Normal Operations
2025-10-14 09:00:00,28.2,0.0,0.343,18.7,1.1,953,6,1,Normal Operations
2025-10-14 10:00:00,28.9,0.0,0.342,23.4,1.0,926,9,1,Normal Operations
2025-10-14 11:00:00,29.5,0.0,0.339,24.1,0.9000000000000001,894,15,0,Normal Operations
2025-10-14 12:00:00,30.0,0.1,0.337,23.0,1.0,788,4,2,Normal Operations
2025-10-14 13:00:00,30.4,0.0,0.335,20.5,1.0,560,9,2,Normal Operations
2025-10-14 14:00:00,30.5,0.0,0.334,16.6,1.0,709,2,2,Normal Operations
2025-10-14 15:00:00,30.5,0.0,0.332,16.9,1.0,204,2,1,Normal Operations
2025-10-14 16:00:00,30.0,0.0,0.332,14.0,1.0,198,9,0,Normal Operations
2025-10-14 17:00:00,27.6,0.0,0.334,6.8,1.0,610,12,3,Normal Operations
2025-10-14 18:00:00,25.9,0.0,0.335,8.3,1.0,484,7,2,Normal Operations
2025-10-14 19:00:00,24.9,0.0,0.335,9.7,1.0,504,7,2,Normal Operations
2025-10-14 20:00:00,23.9,0.0,0.335,11.2,1.0,922,1,3,Normal Operations
2025-10-14 21:00:00,23.6,0.0,0.335,11.2,1.0,617,13,0,Normal Operations
2025-10-14 22:00:00,23.1,0.0,0.335,11.5,1.0,575,11,2,Normal Operations
2025-10-14 23:00:00,23.0,0.0,0.336,10.8,1.0,808,6,0,Normal Operations
2025-10-15 00:00:00,22.9,0.0,0.336,10.1,1.0,962,13,2,Normal Operations
2025-10-15 01:00:00,22.5,0.0,0.336,8.6,1.0,744,7,4,Normal Operations
2025-10-15 02:00:00,22.2,0.0,0.336,7.9,1.0,969,11,2,Normal Operations
2025-10-15 03:00:00,21.9,0.0,0.337,7.9,1.0,870,14,4,Normal Operations
2025-10-15 04:00:00,21.7,0.0,0.337,8.6,1.0,536,6,0,Normal Operations
2025-10-15 05:00:00,22.0,0.0,0.33,9.0,1.0,122,6,2,Normal Operations
2025-10-15 06:00:00,22.9,0.0,0.33,8.6,1.0,664,2,1,Normal Operations
2025-10-15 07:00:00,24.9,0.0,0.33,9.7,1.0,776,6,1,Normal Operations
2025-10-15 08:00:00,27.1,0.0,0.33,9.0,1.0,813,4,3,Normal Operations
2025-10-15 09:00:00,28.6,0.1,0.329,15.1,1.1,557,9,1,Normal Operations
2025-10-15 10:00:00,29.7,0.0,0.328,17.3,1.1,182,15,4,Normal Operations
2025-10-15 11:00:00,30.3,0.0,0.325,16.9,1.1,244,12,1,Normal Operations
2025-10-15 12:00:00,30.7,0.0,0.323,16.9,1.0,184,1,1,Normal Operations
2025-10-15 13:00:00,30.9,0.0,0.321,16.9,0.9,177,13,1,Normal Operations
2025-10-15 14:00:00,30.9,0.0,0.32,15.8,0.9,556,8,2,Normal Operations
2025-10-15 15:00:00,30.8,0.0,0.318,14.0,0.9,977,5,3,Normal Operations
2025-10-15 16:00:00,30.2,0.0,0.318,9.7,0.9,100,1,0,Normal Operations
2025-10-15 17:00:00,27.3,0.0,0.302,4.7,0.9,150,4,3,Normal Operations
2025-10-15 18:00:00,25.9,0.0,0.302,21.2,0.9,784,1,4,Normal Operations
2025-10-15 19:00:00,24.6,0.0,0.302,11.5,0.9,816,6,2,Normal Operations
2025-10-15 20:00:00,24.1,0.0,0.302,12.6,0.9,871,2,2,Normal Operations
2025-10-15 21:00:00,23.8,0.0,0.303,12.6,0.9,545,15,1,Normal Operations
2025-10-15 22:00:00,23.2,0.0,0.303,11.2,0.9,548,5,1,Normal Operations
2025-10-15 23:00:00,22.6,0.0,0.303,8.6,0.9,980,7,4,Normal Operations
2025-10-16 00:00:00,22.2,0.0,0.303,7.6,0.9,587,2,2,Normal Operations
2025-10-16 01:00:00,21.6,0.0,0.304,6.5,0.9,899,6,0,Normal Operations
2025-10-16 02:00:00,21.3,0.0,0.304,7.2,0.9,133,6,3,Normal Operations
2025-10-16 03:00:00,21.1,0.0,0.304,7.9,0.9,447,5,2,Normal Operations
2025-10-16 04:00:00,20.9,0.0,0.304,7.2,0.9,194,5,0,Normal Operations
2025-10-16 05:00:00,21.9,0.0,0.289,8.3,0.9,171,14,0,Normal Operations
2025-10-16 06:00:00,22.7,0.0,0.289,11.2,0.9,650,3,3,Normal Operations
2025-10-16 07:00:00,25.0,0.0,0.289,11.2,0.8,253,15,0,Normal Operations
2025-10-16 08:00:00,27.4,0.0,0.289,10.8,0.7000000000000001,349,10,4,Normal Operations
2025-10-16 09:00:00,28.9,0.0,0.288,14.4,0.7000000000000001,773,15,0,Normal Operations
2025-10-16 10:00:00,29.8,0.0,0.287,16.2,0.6000000000000001,537,10,4,Normal Operations
2025-10-16 11:00:00,29.6,0.0,0.294,15.8,0.5,217,11,0,Normal Operations
2025-10-16 12:00:00,30.2,0.0,0.293,15.5,0.3,870,12,1,Normal Operations
2025-10-16 13:00:00,30.3,0.0,0.292,15.5,0.2,990,2,0,Normal Operations
2025-10-16 14:00:00,30.1,0.0,0.291,15.5,0.2,405,7,4,Normal Operations
2025-10-16 15:00:00,30.1,0.0,0.29,15.5,0.2,367,1,0,Normal Operations
2025-10-16 16:00:00,28.6,0.1,0.291,14.4,0.3,153,6,0,Normal Operations
2025-10-16 17:00:00,25.6,0.0,0.291,15.1,0.3,335,6,0,Normal Operations
2025-10-16 18:00:00,25.2,0.0,0.291,14.0,0.3,488,3,4,Normal Operations
2025-10-16 19:00:00,24.2,0.0,0.291,12.2,0.3,833,2,0,Normal Operations
2025-10-16 20:00:00,23.4,0.0,0.291,9.0,0.3,862,12,3,Normal Operations
2025-10-16 21:00:00,22.8,0.0,0.291,10.1,0.3,924,2,3,Normal Operations
2025-10-16 22:00:00,22.5,0.0,0.291,12.6,0.3,500,14,4,Normal Operations
2025-10-16 23:00:00,22.7,0.0,0.301,12.6,0.3,723,13,1,Normal Operations
2025-10-17 00:00:00,22.4,0.0,0.301,10.4,0.3,866,9,3,Normal Operations
2025-10-17 01:00:00,22.0,0.0,0.301,9.0,0.3,402,11,2,Normal Operations
2025-10-17 02:00:00,22.1,0.0,0.301,7.6,0.3,306,5,3,Normal Operations
2025-10-17 03:00:00,22.0,0.0,0.302,7.6,0.3,328,7,2,Normal Operations
2025-10-17 04:00:00,21.8,0.0,0.302,7.6,0.3,952,12,4,Normal Operations
2025-10-17 05:00:00,20.7,0.0,0.294,8.6,0.3,677,5,1,Normal Operations
2025-10-17 06:00:00,21.4,0.0,0.294,11.5,0.3,174,7,2,Normal Operations
2025-10-17 07:00:00,24.0,0.0,0.294,14.4,0.3,534,13,2,Normal Operations
2025-10-17 08:00:00,25.9,0.0,0.294,14.8,0.3,202,4,3,Normal Operations
2025-10-17 09:00:00,27.3,0.0,0.293,14.8,0.3,521,8,2,Normal Operations
2025-10-17 10:00:00,28.8,0.0,0.292,14.4,0.3,803,13,4,Normal Operations
2025-10-17 11:00:00,29.2,0.0,0.291,15.5,0.3,863,11,4,Normal Operations
2025-10-17 12:00:00,30.0,0.0,0.29,14.0,0.2,837,14,4,Normal Operations
2025-10-17 13:00:00,30.4,0.0,0.289,14.4,0.2,905,10,3,Normal Operations
2025-10-17 14:00:00,30.6,0.0,0.288,15.5,0.2,405,13,1,Normal Operations
2025-10-17 15:00:00,30.6,0.0,0.287,18.4,0.2,197,11,3,Normal Operations
2025-10-17 16:00:00,29.7,0.0,0.286,17.6,0.2,949,10,4,Normal Operations
2025-10-17 17:00:00,27.7,0.0,0.292,11.2,0.2,897,7,3,Normal Operations
2025-10-17 18:00:00,26.3,0.0,0.292,6.5,0.2,434,10,4,Normal Operations
2025-10-17 19:00:00,25.4,0.0,0.292,6.1,0.2,958,15,0,Normal Operations
2025-10-17 20:00:00,24.7,0.0,0.292,4.3,0.2,534,5,0,Normal Operations
2025-10-17 21:00:00,24.4,0.0,0.292,4.7,0.2,546,11,2,Normal Operations
2025-10-17 22:00:00,24.4,0.0,0.292,4.0,0.2,407,6,1,Normal Operations
2025-10-17 23:00:00,23.4,0.0,0.298,4.3,0.2,348,5,0,Normal Operations
2025-10-18 00:00:00,23.0,0.0,0.298,7.6,0.2,265,7,4,Normal Operations
2025-10-18 01:00:00,22.4,0.0,0.298,8.6,0.2,580,12,3,Normal Operations
2025-10-18 02:00:00,22.2,0.0,0.298,7.2,0.2,434,2,3,Normal Operations
2025-10-18 03:00:00,21.8,0.0,0.298,7.2,0.2,641,5,2,Normal Operations
2025-10-18 04:00:00,21.3,0.0,0.298,6.8,0.2,858,15,3,Normal Operations
2025-10-18 05:00:00,20.7,0.0,0.292,5.8,0.2,205,10,0,Normal Operations
2025-10-18 06:00:00,21.2,0.0,0.292,13.3,0.2,662,15,3,Normal Operations
2025-10-18 07:00:00,23.4,0.0,0.292,14.8,0.2,180,3,0,Normal Operations
2025-10-18 08:00:00,26.0,0.0,0.291,13.0,0.2,232,9,0,Normal Operations
2025-10-18 09:00:00,27.8,0.1,0.291,11.2,0.2,896,13,1,Normal Operations
2025-10-18 10:00:00,29.1,0.0,0.29,13.7,0.2,999,6,2,Normal Operations
2025-10-18 11:00:00,29.5,0.0,0.292,13.0,0.2,237,13,4,Normal Operations
2025-10-18 12:00:00,30.6,0.0,0.291,16.2,0.2,283,10,0,Normal Operations
2025-10-18 13:00:00,31.1,0.0,0.289,17.3,0.2,500,3,2,Normal Operations
2025-10-18 14:00:00,31.2,0.0,0.288,18.7,0.2,429,7,4,Normal Operations
2025-10-18 15:00:00,30.6,0.0,0.286,20.9,0.2,884,4,3,Normal Operations
2025-10-18 16:00:00,29.2,0.0,0.286,20.5,0.2,607,14,2,Normal Operations
2025-10-18 17:00:00,26.9,0.0,0.29,15.8,0.2,951,3,2,Normal Operations
2025-10-18 18:00:00,25.6,0.0,0.29,15.8,0.2,168,8,2,Normal Operations
2025-10-18 19:00:00,24.4,0.0,0.289,14.4,0.2,645,13,3,Normal Operations
2025-10-18 20:00:00,22.9,0.0,0.289,12.6,0.2,873,4,3,Normal Operations
2025-10-18 21:00:00,22.0,0.0,0.289,13.3,0.2,152,11,2,Normal Operations
2025-10-18 22:00:00,21.4,0.0,0.289,13.3,0.2,549,1,1,Normal Operations
2025-10-18 23:00:00,20.7,0.0,0.289,10.1,0.2,304,6,0,Normal Operations
2025-10-19 00:00:00,20.3,0.0,0.289,7.6,0.2,225,10,3,Normal Operations
2025-10-19 01:00:00,19.9,0.0,0.289,5.0,0.2,846,11,1,Normal Operations
2025-10-19 02:00:00,19.2,0.0,0.289,5.0,0.2,142,11,3,Normal Operations
2025-10-19 03:00:00,18.7,0.0,0.29,6.8,0.2,851,1,2,Normal Operations
2025-10-19 04:00:00,18.4,0.0,0.29,10.8,0.2,982,5,1,Normal Operations
2025-10-19 05:00:00,19.0,0.0,0.29,11.5,0.2,210,7,4,Normal Operations
2025-10-19 06:00:00,20.0,0.0,0.29,11.2,0.2,860,15,0,Normal Operations
2025-10-19 07:00:00,22.4,0.0,0.29,11.5,0.2,762,6,0,Normal Operations
2025-10-19 08:00:00,25.0,0.0,0.29,10.8,0.2,282,14,3,Normal Operations
2025-10-19 09:00:00,27.1,0.0,0.289,11.5,0.2,947,2,0,Normal Operations
2025-10-19 10:00:00,28.6,0.0,0.288,12.2,0.2,194,11,4,Normal Operations
2025-10-19 11:00:00,29.4,0.0,0.287,12.6,0.2,473,4,1,Normal Operations
2025-10-19 12:00:00,30.6,0.0,0.285,15.1,0.2,619,11,1,Normal Operations
2025-10-19 13:00:00,31.3,0.0,0.284,16.6,0.2,999,15,2,Normal Operations
2025-10-19 14:00:00,31.3,0.0,0.282,18.4,0.2,459,2,1,Normal Operations
2025-10-19 15:00:00,30.8,0.0,0.281,21.2,0.2,999,11,3,Normal Operations
2025-10-19 16:00:00,29.2,0.0,0.281,21.2,0.1,795,1,4,Normal Operations
2025-10-19 17:00:00,26.9,0.0,0.285,18.0,0.1,380,15,2,Normal Operations
2025-10-19 18:00:00,25.3,0.0,0.285,14.0,0.1,294,3,3,Normal Operations
2025-10-19 19:00:00,24.4,0.0,0.285,15.1,0.1,963,3,3,Normal Operations
2025-10-19 20:00:00,23.6,0.0,0.284,15.5,0.1,294,15,3,Normal Operations
2025-10-19 21:00:00,22.6,0.0,0.284,14.8,0.1,766,12,0,Normal Operations
2025-10-19 22:00:00,21.7,0.0,0.284,11.5,0.1,192,7,3,Normal Operations
2025-10-19 23:00:00,20.8,0.0,0.284,11.2,0.1,771,1,0,Normal Operations
2025-10-20 00:00:00,20.4,0.0,0.284,10.1,0.1,160,9,1,Normal Operations
2025-10-20 01:00:00,19.7,0.0,0.284,9.0,0.1,733,11,0,Normal Operations
2025-10-20 02:00:00,19.0,0.0,0.284,7.9,0.1,150,6,3,Normal Operations
2025-10-20 03:00:00,18.5,0.0,0.285,8.3,0.1,502,4,4,Normal Operations
2025-10-20 04:00:00,18.0,0.0,0.285,9.7,0.1,888,3,4,Normal Operations
2025-10-20 05:00:00,18.5,0.0,0.285,11.5,0.1,104,15,1,Normal Operations
2025-10-20 06:00:00,19.5,0.0,0.285,16.2,0.1,565,3,3,Normal Operations
2025-10-20 07:00:00,22.1,0.0,0.285,18.7,0.1,703,2,0,Normal Operations
2025-10-20 08:00:00,25.5,0.0,0.284,17.3,0.1,781,2,4,Normal Operations
2025-10-20 09:00:00,27.2,0.0,0.284,25.2,0.1,928,14,2,Normal Operations
2025-10-20 10:00:00,28.5,0.0,0.283,25.9,0.1,633,12,3,Normal Operations
2025-10-20 11:00:00,29.1,0.0,0.283,23.0,0.1,504,13,3,Normal Operations
2025-10-20 12:00:00,29.7,0.0,0.281,22.3,0.1,937,10,2,Normal Operations
2025-10-20 13:00:00,30.4,0.0,0.28,20.5,0.1,612,5,4,Normal Operations
2025-10-20 14:00:00,30.2,0.4,0.283,17.3,0.5,744,9,2,Normal Operations
2025-10-20 15:00:00,30.2,0.2,0.284,16.6,0.7,332,2,1,Normal Operations
2025-10-20 16:00:00,28.0,0.2,0.286,16.6,0.9,623,2,0,Normal Operations
2025-10-20 17:00:00,26.0,0.0,0.378,13.0,0.9,445,12,0,Normal Operations
2025-10-20 18:00:00,25.0,0.0,0.378,7.6,0.9,145,6,4,Normal Operations
2025-10-20 19:00:00,24.4,0.0,0.378,10.8,0.9,645,13,2,Normal Operations
2025-10-20 20:00:00,23.9,0.0,0.378,11.9,0.9,177,15,3,Normal Operations
2025-10-20 21:00:00,23.4,0.0,0.378,11.5,0.9,829,10,3,Normal Operations
2025-10-20 22:00:00,23.1,0.0,0.377,11.2,0.9,912,2,3,Normal Operations
2025-10-20 23:00:00,23.3,0.0,0.375,10.4,0.9,172,12,1,Normal Operations
2025-10-21 00:00:00,23.3,0.0,0.375,10.4,0.9,893,4,1,Normal Operations
2025-10-21 01:00:00,23.1,0.0,0.375,10.1,0.9,348,6,3,Normal Operations
2025-10-21 02:00:00,23.1,0.0,0.374,11.5,0.9,146,5,4,Normal Operations
2025-10-21 03:00:00,22.9,0.0,0.374,11.5,0.9,220,1,1,Normal Operations
2025-10-21 04:00:00,22.4,0.0,0.374,10.8,0.9,313,15,1,Normal Operations
2025-10-21 05:00:00,22.4,0.0,0.368,8.3,0.9,338,6,0,Normal Operations
2025-10-21 06:00:00,23.1,0.0,0.368,11.9,0.9,155,1,0,Normal Operations
2025-10-21 07:00:00,25.1,0.0,0.368,13.7,0.9,449,3,4,Normal Operations
2025-10-21 08:00:00,27.1,0.0,0.367,15.5,0.9,206,10,1,Normal Operations
2025-10-21 09:00:00,28.5,0.1,0.366,23.8,0.9,930,5,1,Normal Operations
2025-10-21 10:00:00,29.8,0.0,0.364,31.0,0.9,147,14,2,Normal Operations
2025-10-21 11:00:00,30.7,0.0,0.364,31.7,0.9,672,10,4,Normal Operations
2025-10-21 12:00:00,31.2,0.0,0.361,28.4,0.9,436,13,4,Normal Operations
2025-10-21 13:00:00,31.5,0.0,0.358,28.1,0.9,125,5,2,Normal Operations
2025-10-21 14:00:00,30.1,0.1,0.356,27.4,1.0,903,13,2,Normal Operations
2025-10-21 15:00:00,29.7,0.0,0.355,26.3,1.0,356,10,0,Normal Operations
2025-10-21 16:00:00,29.3,0.0,0.354,17.6,1.0,107,6,4,Normal Operations
2025-10-21 17:00:00,26.3,0.0,0.361,10.1,1.0,724,15,4,Normal Operations
2025-10-21 18:00:00,25.5,0.0,0.361,6.8,1.0,966,12,2,Normal Operations
2025-10-21 19:00:00,25.0,0.0,0.361,7.9,1.0,352,10,3,Normal Operations
2025-10-21 20:00:00,24.4,0.0,0.361,6.5,1.0,791,8,3,Normal Operations
2025-10-21 21:00:00,24.0,0.0,0.361,7.2,1.0,818,5,0,Normal Operations
2025-10-21 22:00:00,23.5,0.0,0.361,7.2,1.0,402,14,3,Normal Operations
2025-10-21 23:00:00,23.6,0.0,0.36,6.8,1.0,738,15,3,Normal Operations
2025-10-22 00:00:00,23.5,0.0,0.36,6.8,1.0,155,11,3,Normal Operations
2025-10-22 01:00:00,23.1,0.0,0.36,7.6,1.0,825,1,1,Normal Operations
2025-10-22 02:00:00,22.7,0.0,0.36,8.3,1.0,625,5,0,Normal Operations
2025-10-22 03:00:00,22.3,0.0,0.36,10.1,1.0,573,3,2,Normal Operations
2025-10-22 04:00:00,22.1,0.0,0.36,10.8,1.0,127,4,3,Normal Operations
2025-10-22 05:00:00,22.2,0.0,0.357,11.5,1.0,177,15,1,Normal Operations
2025-10-22 06:00:00,23.0,0.0,0.356,10.8,1.0,315,15,3,Normal Operations
2025-10-22 07:00:00,25.1,0.0,0.356,13.3,1.0,485,13,1,Normal Operations
2025-10-22 08:00:00,27.5,0.0,0.355,13.3,1.0,464,8,0,Normal Operations
2025-10-22 09:00:00,29.2,0.0,0.354,15.8,1.0,765,7,3,Normal Operations
2025-10-22 10:00:00,30.4,0.0,0.352,19.8,1.0,625,11,1,Normal Operations
2025-10-22 11:00:00,31.2,0.0,0.353,19.8,1.0,798,5,4,Normal Operations
2025-10-22 12:00:00,31.6,0.0,0.35,20.2,1.0,411,2,4,Normal Operations
2025-10-22 13:00:00,31.7,0.0,0.347,19.1,1.0,982,6,1,Normal Operations
2025-10-22 14:00:00,31.5,0.0,0.345,16.9,1.0,106,11,3,Normal Operations
2025-10-22 15:00:00,31.2,0.0,0.344,15.1,1.0,102,6,3,Normal Operations
2025-10-22 16:00:00,30.3,0.0,0.343,13.3,1.0,722,10,0,Normal Operations
2025-10-22 17:00:00,27.2,0.0,0.346,10.1,1.0,849,10,0,Normal Operations
2025-10-22 18:00:00,26.3,0.0,0.346,6.8,1.0,462,14,2,Normal Operations
2025-10-22 19:00:00,26.2,0.0,0.346,15.1,1.0,850,11,0,Normal Operations
2025-10-22 20:00:00,25.7,0.0,0.346,15.1,1.0,607,6,3,Normal Operations
2025-10-22 21:00:00,24.9,0.0,0.345,15.1,1.0,373,14,2,Normal Operations
2025-10-22 22:00:00,24.1,0.0,0.345,13.0,1.0,605,9,0,Normal Operations
2025-10-22 23:00:00,23.5,0.0,0.346,11.5,1.0,905,11,1,Normal Operations
2025-10-23 00:00:00,23.2,0.0,0.346,11.5,1.0,838,8,4,Normal Operations
2025-10-23 01:00:00,22.7,0.0,0.346,9.4,1.0,982,8,0,Normal Operations
2025-10-23 02:00:00,21.9,0.0,0.346,8.6,1.0,114,1,0,Normal Operations
2025-10-23 03:00:00,21.2,0.0,0.346,9.0,1.0,291,5,1,Normal Operations
2025-10-23 04:00:00,20.8,0.0,0.346,12.2,1.0,730,7,3,Normal Operations
2025-10-23 05:00:00,21.5,0.0,0.339,13.0,1.0,584,6,1,Normal Operations
2025-10-23 06:00:00,22.5,0.0,0.339,13.0,1.0,127,5,0,Normal Operations
2025-10-23 07:00:00,24.7,0.0,0.338,14.0,1.0,813,8,3,Normal Operations
2025-10-23 08:00:00,27.4,0.0,0.337,13.7,1.0,138,3,2,Normal Operations
2025-10-23 09:00:00,29.2,0.0,0.336,16.9,1.0,372,6,0,Normal Operations
2025-10-23 10:00:00,30.4,0.0,0.334,20.2,1.0,330,15,1,Normal Operations
2025-10-23 11:00:00,31.1,0.0,0.332,22.7,1.0,185,5,2,Normal Operations
2025-10-23 12:00:00,31.7,0.0,0.329,20.5,1.0,573,8,4,Normal Operations
2025-10-23 13:00:00,32.1,0.0,0.327,19.4,1.0,225,4,2,Normal Operations
2025-10-23 14:00:00,31.9,0.0,0.325,16.6,0.6000000000000001,911,8,1,Normal Operations
2025-10-23 15:00:00,31.4,0.1,0.324,13.0,0.5,636,10,2,Normal Operations
2025-10-23 16:00:00,30.8,0.0,0.323,10.1,0.3,244,14,1,Normal Operations
2025-10-23 17:00:00,28.5,0.0,0.323,7.9,0.3,624,15,0,Normal Operations
2025-10-23 18:00:00,26.7,0.0,0.323,9.0,0.3,311,2,3,Normal Operations
2025-10-23 19:00:00,26.1,0.0,0.323,15.5,0.3,124,9,4,Normal Operations
2025-10-23 20:00:00,25.4,0.0,0.323,15.1,0.3,679,13,3,Normal Operations
2025-10-23 21:00:00,24.6,0.0,0.322,13.3,0.3,493,9,3,Normal Operations
2025-10-23 22:00:00,23.9,0.0,0.322,13.7,0.3,166,15,3,Normal Operations
2025-10-23 23:00:00,23.3,0.0,0.324,13.7,0.3,332,14,1,Normal Operations
2025-10-24 00:00:00,23.2,0.0,0.324,13.7,0.3,208,10,1,Normal Operations
2025-10-24 01:00:00,23.0,0.0,0.324,13.3,0.3,245,10,4,Normal Operations
2025-10-24 02:00:00,22.8,0.0,0.324,13.0,0.3,210,13,1,Normal Operations
2025-10-24 03:00:00,22.3,0.0,0.324,13.0,0.3,327,6,1,Normal Operations
2025-10-24 04:00:00,21.7,0.0,0.324,11.5,0.3,210,4,1,Normal Operations
2025-10-24 05:00:00,21.6,0.0,0.312,10.8,0.3,569,4,1,Normal Operations
2025-10-24 06:00:00,22.7,0.0,0.312,12.6,0.3,133,13,0,Normal Operations
2025-10-24 07:00:00,24.7,0.0,0.312,11.9,0.3,722,6,4,Normal Operations
2025-10-24 08:00:00,27.5,0.0,0.311,10.8,0.3,875,5,1,Normal Operations
2025-10-24 09:00:00,29.3,0.0,0.31,15.5,0.2,468,6,4,Normal Operations
2025-10-24 10:00:00,30.6,0.0,0.308,19.4,0.2,847,7,2,Normal Operations
2025-10-24 11:00:00,31.0,0.0,0.309,22.3,0.2,694,7,0,Normal Operations
2025-10-24 12:00:00,31.6,0.0,0.307,21.2,0.2,653,9,1,Normal Operations
2025-10-24 13:00:00,31.8,0.0,0.305,19.4,0.2,524,8,0,Normal Operations
2025-10-24 14:00:00,31.9,0.0,0.303,16.6,0.1,712,13,0,Normal Operations
2025-10-24 15:00:00,31.6,0.0,0.302,14.4,0.1,617,6,2,Normal Operations
2025-10-24 16:00:00,30.6,0.0,0.301,12.2,0.1,791,12,4,Normal Operations
2025-10-24 17:00:00,28.9,0.0,0.298,8.3,0.1,381,6,0,Normal Operations
2025-10-24 18:00:00,27.2,0.0,0.298,3.6,0.1,419,15,3,Normal Operations
2025-10-24 19:00:00,26.0,0.0,0.298,9.0,0.1,837,14,2,Normal Operations
2025-10-24 20:00:00,25.3,0.0,0.298,9.4,0.1,542,5,3,Normal Operations
2025-10-24 21:00:00,24.6,0.0,0.298,5.0,0.1,414,1,2,Normal Operations
2025-10-24 22:00:00,24.0,0.0,0.298,4.7,0.1,976,9,3,Normal Operations
2025-10-24 23:00:00,23.7,0.0,0.298,4.3,0.1,840,9,3,Normal Operations
2025-10-25 00:00:00,23.7,0.0,0.298,3.6,0.1,476,9,0,Normal Operations
2025-10-25 01:00:00,23.8,0.0,0.298,8.6,0.1,388,15,0,Normal Operations
2025-10-25 02:00:00,23.7,0.0,0.298,8.3,0.1,536,11,2,Normal Operations
2025-10-25 03:00:00,23.2,0.0,0.298,8.3,0.1,761,8,4,Normal Operations
2025-10-25 04:00:00,22.8,0.0,0.298,10.8,0.1,376,13,0,Normal Operations
2025-10-25 05:00:00,23.2,0.0,0.296,13.0,0.1,809,10,0,Normal Operations
2025-10-25 06:00:00,24.0,0.0,0.296,5.0,0.1,681,13,1,Normal Operations
2025-10-25 07:00:00,24.6,0.0,0.296,10.8,0.1,602,3,0,Normal Operations
2025-10-25 08:00:00,25.7,0.0,0.296,12.6,0.1,723,1,4,Normal Operations
2025-10-25 09:00:00,26.4,0.0,0.296,11.5,0.1,615,11,1,Normal Operations
2025-10-25 10:00:00,27.3,0.0,0.295,12.6,0.1,449,12,3,Normal Operations
2025-10-25 11:00:00,25.1,0.0,0.309,13.3,0.1,942,12,3,Normal Operations
2025-10-25 12:00:00,23.9,2.4,0.339,22.0,2.5,545,8,1,Pause Operations & Maintain Equipment
2025-10-25 13:00:00,25.0,1.2,0.352,15.1,3.7,929,7,1,Normal Operations
2025-10-25 14:00:00,25.2,0.1,0.352,17.6,3.8,449,13,1,Normal Operations
2025-10-25 15:00:00,25.9,0.0,0.352,15.5,3.8,706,5,2,Normal Operations
2025-10-25 16:00:00,25.6,0.0,0.352,16.9,3.8,763,10,4,Normal Operations
2025-10-25 17:00:00,26.8,0.0,0.303,14.8,3.8,922,7,4,Normal Operations
2025-10-25 18:00:00,25.9,0.0,0.303,5.4,3.8,236,10,3,Normal Operations
2025-10-25 19:00:00,25.4,0.1,0.304,9.0,3.9,858,4,3,Normal Operations
2025-10-25 20:00:00,24.9,0.0,0.303,9.0,3.9,998,9,3,Normal Operations
2025-10-25 21:00:00,24.5,0.0,0.304,6.5,3.9,342,11,0,Normal Operations
2025-10-25 22:00:00,24.4,0.0,0.304,5.8,3.9,642,10,3,Normal Operations
2025-10-25 23:00:00,23.8,0.0,0.302,9.7,3.9,139,14,1,Normal Operations
2025-10-26 00:00:00,23.7,0.0,0.302,12.2,3.9,328,2,3,Normal Operations
2025-10-26 01:00:00,23.3,0.0,0.302,8.3,3.9,647,9,1,Normal Operations
2025-10-26 02:00:00,23.0,0.0,0.302,4.0,3.9,322,9,2,Normal Operations
2025-10-26 03:00:00,22.9,0.1,0.302,9.4,4.0,105,5,0,Normal Operations
2025-10-26 04:00:00,22.6,0.4,0.306,14.0,4.4,421,11,0,Normal Operations
2025-10-26 05:00:00,22.4,1.0,0.318,13.7,5.4,567,1,4,Normal Operations
2025-10-26 06:00:00,22.5,1.0,0.332,13.0,6.4,831,7,2,Normal Operations
2025-10-26 07:00:00,23.0,0.3,0.336,10.4,6.7,174,10,1,Normal Operations
2025-10-26 08:00:00,23.6,0.0,0.336,8.3,6.7,103,10,2,Normal Operations
2025-10-26 09:00:00,24.6,0.0,0.337,10.4,6.7,946,4,0,Normal Operations
2025-10-26 10:00:00,25.9,0.0,0.337,19.4,6.7,745,9,1,Normal Operations
2025-10-26 11:00:00,26.9,0.1,0.336,22.3,6.8,217,6,2,Normal Operations
2025-10-26 12:00:00,27.8,0.1,0.336,22.7,6.9,980,13,0,Normal Operations
2025-10-26 13:00:00,26.8,1.5,0.353,24.5,8.4,705,3,1,Normal Operations
2025-10-26 14:00:00,24.1,4.6,0.411,24.8,13.0,603,6,1,Pause Operations & Maintain Equipment
2025-10-26 15:00:00,24.7,0.5,0.415,15.5,13.4,673,13,0,Normal Operations
2025-10-26 16:00:00,25.1,0.1,0.415,10.8,13.5,540,10,1,Normal Operations
2025-10-26 17:00:00,21.9,0.0,0.495,10.8,13.5,293,6,0,Normal Operations
2025-10-26 18:00:00,22.5,0.2,0.49,14.4,13.7,946,5,3,Normal Operations
2025-10-26 19:00:00,23.0,0.0,0.484,13.7,13.7,814,2,3,Normal Operations
2025-10-26 20:00:00,23.1,0.0,0.48,11.5,13.7,491,10,1,Normal Operations
2025-10-26 21:00:00,22.8,0.0,0.476,10.4,13.7,125,10,1,Normal Operations
2025-10-26 22:00:00,22.4,0.0,0.473,8.3,13.7,534,2,0,Normal Operations
2025-10-26 23:00:00,22.4,0.0,0.471,8.6,13.7,272,7,1,Normal Operations
2025-10-27 00:00:00,22.0,0.0,0.469,6.1,13.7,399,2,4,Normal Operations
2025-10-27 01:00:00,21.9,0.0,0.466,2.2,13.7,744,12,3,Normal Operations
2025-10-27 02:00:00,21.6,0.0,0.465,3.2,13.7,425,6,1,Normal Operations
2025-10-27 03:00:00,21.4,0.0,0.463,6.1,13.7,509,5,1,Normal Operations
2025-10-27 04:00:00,21.4,0.0,0.461,6.5,13.7,217,4,2,Normal Operations
2025-10-27 05:00:00,21.5,0.0,0.46,4.0,13.7,935,7,1,Normal Operations
2025-10-27 06:00:00,21.8,0.0,0.458,5.0,13.7,886,8,4,Normal Operations
2025-10-27 07:00:00,23.9,0.0,0.457,13.0,13.7,823,4,3,Normal Operations
2025-10-27 08:00:00,25.8,0.0,0.456,13.0,13.7,324,1,2,Normal Operations
2025-10-27 09:00:00,27.7,0.0,0.453,16.6,13.7,631,1,0,Normal Operations
2025-10-27 10:00:00,29.4,0.0,0.45,25.2,13.7,212,1,0,Normal Operations
2025-10-27 11:00:00,29.9,0.0,0.442,29.2,13.7,239,11,3,Normal Operations
2025-10-27 12:00:00,30.4,0.0,0.439,33.5,13.7,658,1,0,Normal Operations
2025-10-27 13:00:00,30.7,0.0,0.435,28.1,13.7,100,5,4,Normal Operations
2025-10-27 14:00:00,30.6,0.0,0.432,28.1,13.7,189,4,1,Normal Operations
2025-10-27 15:00:00,30.2,0.0,0.429,25.2,13.7,753,13,3,Normal Operations
2025-10-27 16:00:00,29.1,0.0,0.428,20.5,13.7,419,14,2,Normal Operations
2025-10-27 17:00:00,26.9,0.0,0.43,10.8,13.7,649,9,1,Normal Operations
2025-10-27 18:00:00,26.0,0.0,0.43,15.5,13.7,904,15,0,Normal Operations
2025-10-27 19:00:00,25.3,0.0,0.429,16.6,13.7,993,3,0,Normal Operations
2025-10-27 20:00:00,24.7,0.0,0.429,16.2,13.7,238,14,2,Normal Operations
2025-10-27 21:00:00,24.4,0.0,0.428,12.6,13.7,610,7,4,Normal Operations
2025-10-27 22:00:00,23.9,0.0,0.428,12.2,13.7,967,11,2,Normal Operations
2025-10-27 23:00:00,23.8,0.0,0.427,9.7,13.7,944,8,3,Normal Operations
2025-10-28 00:00:00,23.8,0.0,0.427,8.3,13.7,358,6,2,Normal Operations
2025-10-28 01:00:00,23.6,0.0,0.427,5.0,13.7,772,12,0,Normal Operations
2025-10-28 02:00:00,23.8,0.0,0.426,5.8,13.7,789,13,4,Normal Operations
2025-10-28 03:00:00,23.8,0.4,0.429,5.4,14.1,109,10,4,Normal Operations
2025-10-28 04:00:00,23.5,0.0,0.429,5.8,14.1,360,13,2,Normal Operations
2025-10-28 05:00:00,23.7,0.3,0.448,7.6,14.4,749,1,3,Normal Operations
2025-10-28 06:00:00,24.2,0.0,0.448,10.8,14.4,271,8,0,Normal Operations
2025-10-28 07:00:00,24.6,0.2,0.449,13.7,14.6,997,15,1,Normal Operations
2025-10-28 08:00:00,26.1,0.0,0.448,19.8,14.6,112,10,4,Normal Operations
2025-10-28 09:00:00,27.2,0.0,0.446,17.6,14.6,267,3,2,Normal Operations
2025-10-28 10:00:00,29.0,0.0,0.444,22.7,14.6,741,8,3,Normal Operations
2025-10-28 11:00:00,28.4,0.0,0.443,31.0,14.6,695,12,3,Normal Operations
2025-10-28 12:00:00,27.5,0.1,0.442,27.0,12.3,420,4,0,Normal Operations
2025-10-28 13:00:00,27.6,0.0,0.439,28.4,11.1,418,8,4,Normal Operations
2025-10-28 14:00:00,27.1,0.1,0.438,28.4,11.1,712,11,0,Normal Operations
2025-10-28 15:00:00,27.0,0.1,0.438,25.6,11.2,428,1,1,Normal Operations
2025-10-28 16:00:00,27.1,0.0,0.437,20.2,11.2,884,3,1,Normal Operations
2025-10-28 17:00:00,27.3,0.0,0.446,17.6,11.2,876,6,1,Normal Operations
2025-10-28 18:00:00,26.6,0.0,0.446,14.0,11.2,649,15,3,Normal Operations
2025-10-28 19:00:00,26.1,0.0,0.445,14.0,11.1,518,15,4,Normal Operations
2025-10-28 20:00:00,25.7,0.0,0.444,14.4,11.1,705,9,0,Normal Operations
2025-10-28 21:00:00,25.6,0.0,0.443,14.4,11.1,194,2,0,Normal Operations
2025-10-28 22:00:00,25.1,0.0,0.443,16.6,11.1,916,11,1,Normal Operations
2025-10-28 23:00:00,25.4,0.0,0.44,19.4,11.1,680,1,4,Normal Operations
2025-10-29 00:00:00,24.8,0.0,0.439,20.2,11.1,417,15,4,Normal Operations
2025-10-29 01:00:00,24.7,0.0,0.439,18.4,11.1,335,10,2,Normal Operations
2025-10-29 02:00:00,24.5,0.0,0.438,16.9,11.1,433,3,4,Normal Operations
2025-10-29 03:00:00,24.3,0.0,0.438,17.3,11.0,984,4,4,Normal Operations
2025-10-29 04:00:00,24.6,0.0,0.438,15.5,10.6,475,11,0,Normal Operations
2025-10-29 05:00:00,25.0,0.0,0.437,16.6,9.6,558,5,4,Normal Operations
2025-10-29 06:00:00,24.8,0.8,0.445,19.4,9.4,236,3,4,Normal Operations
2025-10-29 07:00:00,24.8,0.1,0.446,25.2,9.2,687,13,0,Normal Operations
2025-10-29 08:00:00,26.1,0.0,0.446,25.9,9.2,646,10,4,Normal Operations
2025-10-29 09:00:00,27.0,0.0,0.445,28.8,9.2,612,11,0,Normal Operations
2025-10-29 10:00:00,28.7,0.1,0.443,35.6,9.3,395,2,2,Normal Operations
2025-10-29 11:00:00,29.0,0.0,0.441,37.1,9.2,419,2,3,Normal Operations
2025-10-29 12:00:00,29.1,1.0,0.45,35.3,10.1,671,7,0,Normal Operations
2025-10-29 13:00:00,29.6,0.1,0.448,36.4,8.7,931,9,0,Normal Operations
2025-10-29 14:00:00,29.7,0.1,0.445,35.3,4.2,448,10,4,Normal Operations
2025-10-29 15:00:00,29.4,0.0,0.443,31.7,3.7,939,2,0,Normal Operations
2025-10-29 16:00:00,28.7,0.0,0.441,29.2,3.6,878,7,1,Normal Operations
2025-10-29 17:00:00,26.9,0.0,0.459,22.7,3.6,972,7,1,Normal Operations
2025-10-29 18:00:00,26.2,0.0,0.458,23.0,3.4000000000000004,328,11,2,Normal Operations
2025-10-29 19:00:00,25.8,0.0,0.457,25.2,3.4000000000000004,369,7,0,Normal Operations
2025-10-29 20:00:00,25.8,0.0,0.456,27.4,3.4000000000000004,927,3,4,Normal Operations
2025-10-29 21:00:00,25.9,0.1,0.456,26.6,3.5000000000000004,897,12,4,Normal Operations
2025-10-29 22:00:00,24.9,0.9,0.464,27.7,4.4,390,7,3,Normal Operations
2025-10-29 23:00:00,25.2,0.3,0.463,30.6,4.7,824,1,2,Normal Operations
2025-10-30 00:00:00,24.6,0.6,0.466,34.2,5.300000000000001,264,10,4,Normal Operations
2025-10-30 01:00:00,24.7,0.0,0.465,31.0,5.300000000000001,104,1,3,Normal Operations
2025-10-30 02:00:00,24.6,0.0,0.464,26.6,5.300000000000001,950,5,4,Normal Operations
2025-10-30 03:00:00,24.4,0.0,0.462,27.7,5.300000000000001,478,15,3,Normal Operations
2025-10-30 04:00:00,24.5,0.0,0.461,27.7,5.300000000000001,177,2,1,Normal Operations
2025-10-30 05:00:00,24.3,0.0,0.448,33.1,5.300000000000001,509,9,1,Normal Operations
2025-10-30 06:00:00,24.5,0.0,0.448,30.2,5.300000000000001,673,15,4,Normal Operations
2025-10-30 07:00:00,24.5,0.2,0.448,29.9,5.500000000000001,231,7,2,Normal Operations
2025-10-30 08:00:00,24.0,1.4,0.463,29.5,6.9,700,4,0,Normal Operations
2025-10-30 09:00:00,23.7,2.2,0.489,24.8,9.1,848,4,2,Pre-emptive Overtime Prior Shift
2025-10-30 10:00:00,23.8,2.3,0.514,28.4,11.4,141,2,2,Pre-emptive Overtime Prior Shift
2025-10-30 11:00:00,23.8,2.7,0.51,25.2,14.1,188,5,0,Pause Operations & Maintain Equipment
2025-10-30 12:00:00,23.6,1.2,0.509,25.9,15.3,501,4,1,Normal Operations
2025-10-30 13:00:00,24.7,0.2,0.5,27.0,15.5,395,12,1,Normal Operations
2025-10-30 14:00:00,25.8,0.1,0.494,27.7,15.6,939,13,0,Normal Operations
2025-10-30 15:00:00,24.5,2.4,0.513,25.6,18.0,394,1,3,Pre-emptive Overtime Prior Shift
2025-10-30 16:00:00,24.2,0.9,0.507,19.8,18.9,715,12,2,Normal Operations
2025-10-30 17:00:00,24.1,0.2,0.501,15.5,19.1,625,8,4,Normal Operations
2025-10-30 18:00:00,23.8,0.0,0.499,10.8,19.1,899,3,1,Normal Operations
2025-10-30 19:00:00,23.4,0.3,0.5,15.1,19.4,790,14,4,Normal Operations
2025-10-30 20:00:00,23.3,0.0,0.498,13.7,19.4,736,6,0,Normal Operations
2025-10-30 21:00:00,23.1,0.0,0.496,6.1,19.4,521,4,4,Normal Operations
2025-10-30 22:00:00,22.9,0.2,0.497,5.4,19.6,964,9,4,Normal Operations
2025-10-30 23:00:00,23.2,0.0,0.5,5.0,19.6,122,7,2,Normal Operations
2025-10-31 00:00:00,23.3,0.2,0.5,4.7,19.8,674,9,0,Normal Operations
2025-10-31 01:00:00,23.4,0.2,0.5,4.7,20.0,242,10,4,Normal Operations
2025-10-31 02:00:00,23.1,0.0,0.498,5.4,20.0,764,3,1,Normal Operations
2025-10-31 03:00:00,22.5,0.0,0.496,5.0,19.6,244,1,0,Normal Operations
2025-10-31 04:00:00,22.4,0.0,0.494,4.3,19.6,324,5,1,Normal Operations
2025-10-31 05:00:00,22.8,0.0,0.488,7.6,19.3,602,3,3,Normal Operations
2025-10-31 06:00:00,22.8,0.0,0.488,10.4,19.3,920,6,4,Normal Operations
2025-10-31 07:00:00,23.4,0.0,0.487,12.2,19.1,715,8,0,Normal Operations
2025-10-31 08:00:00,24.7,0.0,0.486,20.2,19.1,203,11,1,Normal Operations
2025-10-31 09:00:00,26.2,0.1,0.485,20.5,19.200000000000003,138,13,4,Normal Operations
2025-10-31 10:00:00,27.1,0.1,0.484,18.0,19.3,297,4,2,Normal Operations
2025-10-31 11:00:00,27.7,0.2,0.484,23.4,19.500000000000004,745,5,1,Normal Operations
2025-10-31 12:00:00,28.6,0.1,0.482,22.7,19.5,678,5,1,Normal Operations
2025-10-31 13:00:00,29.0,0.0,0.48,26.3,19.5,490,4,3,Normal Operations
2025-10-31 14:00:00,26.0,5.5,0.518,36.0,24.9,278,4,2,Pre-emptive Overtime Prior Shift
2025-10-31 15:00:00,25.2,1.4,0.505,35.3,26.200000000000003,653,4,3,Normal Operations
2025-10-31 16:00:00,25.3,0.3,0.504,11.5,26.5,547,4,2,Normal Operations
2025-10-31 17:00:00,24.7,0.6,0.505,10.4,27.1,599,4,1,Normal Operations
2025-10-31 18:00:00,24.4,0.0,0.503,4.3,27.1,114,5,3,Normal Operations
2025-10-31 19:00:00,23.3,3.7,0.513,14.4,30.8,722,2,4,Pre-emptive Overtime Prior Shift
2025-10-31 20:00:00,23.5,0.2,0.511,6.5,31.0,768,2,2,Normal Operations
2025-10-31 21:00:00,23.3,0.2,0.509,6.5,31.200000000000003,388,9,1,Normal Operations
2025-10-31 22:00:00,23.3,0.1,0.508,2.9,31.3,577,2,0,Normal Operations
2025-10-31 23:00:00,23.0,0.2,0.502,7.2,31.5,330,6,2,Normal Operations
2025-11-01 00:00:00,22.4,0.0,0.501,6.1,31.5,519,2,2,Normal Operations
2025-11-01 01:00:00,22.2,0.0,0.5,1.8,31.5,256,5,4,Normal Operations
2025-11-01 02:00:00,22.1,0.0,0.498,1.4,31.5,649,4,2,Normal Operations
2025-11-01 03:00:00,22.0,0.0,0.497,2.5,31.5,540,12,2,Normal Operations
2025-11-01 04:00:00,22.0,0.0,0.496,4.0,31.5,196,7,4,Normal Operations
2025-11-01 05:00:00,22.5,0.0,0.495,7.9,31.5,510,15,4,Normal Operations
2025-11-01 06:00:00,22.7,0.0,0.494,13.3,30.7,388,7,3,Normal Operations
2025-11-01 07:00:00,23.7,0.0,0.494,17.6,30.6,353,13,1,Normal Operations
2025-11-01 08:00:00,25.3,0.0,0.492,21.2,30.6,295,6,1,Normal Operations
2025-11-01 09:00:00,26.6,0.0,0.491,21.2,30.6,697,10,3,Normal Operations
2025-11-01 10:00:00,27.7,0.0,0.488,20.9,30.5,933,5,1,Normal Operations
2025-11-01 11:00:00,28.6,0.0,0.489,22.0,30.5,621,1,2,Normal Operations
2025-11-01 12:00:00,29.4,0.0,0.486,22.3,29.5,616,12,3,Normal Operations
2025-11-01 13:00:00,29.8,0.0,0.483,22.3,29.4,734,15,3,Normal Operations
2025-11-01 14:00:00,30.0,0.0,0.481,22.0,29.3,941,3,1,Normal Operations
2025-11-01 15:00:00,29.6,0.0,0.479,21.6,29.3,964,9,0,Normal Operations
2025-11-01 16:00:00,28.8,0.0,0.478,19.1,29.3,217,15,1,Normal Operations
2025-11-01 17:00:00,26.9,0.0,0.475,13.7,29.3,905,14,0,Normal Operations
2025-11-01 18:00:00,26.0,0.1,0.476,16.9,29.4,258,1,3,Normal Operations
2025-11-01 19:00:00,25.3,0.1,0.476,17.3,29.5,914,5,0,Normal Operations
2025-11-01 20:00:00,24.8,0.0,0.476,7.6,29.5,327,2,2,Normal Operations
2025-11-01 21:00:00,24.0,0.0,0.476,7.6,29.4,976,4,4,Normal Operations
2025-11-01 22:00:00,23.5,0.0,0.476,9.0,28.5,315,14,0,Normal Operations
2025-11-01 23:00:00,23.3,0.0,0.471,10.1,28.200000000000003,795,14,4,Normal Operations
2025-11-02 00:00:00,23.3,0.0,0.472,10.8,27.6,114,11,2,Normal Operations
2025-11-02 01:00:00,22.9,0.0,0.472,11.2,27.6,256,1,4,Normal Operations
2025-11-02 02:00:00,22.5,0.0,0.472,13.7,27.6,747,3,2,Normal Operations
2025-11-02 03:00:00,22.2,0.0,0.472,13.3,27.6,360,10,4,Normal Operations
2025-11-02 04:00:00,22.0,0.0,0.472,15.1,27.6,256,7,4,Normal Operations
2025-11-02 05:00:00,22.2,0.0,0.471,15.1,27.6,146,10,1,Normal Operations
2025-11-02 06:00:00,22.8,0.0,0.471,14.8,27.6,423,15,0,Normal Operations
2025-11-02 07:00:00,24.3,0.0,0.471,13.3,27.4,943,3,4,Normal Operations
2025-11-02 08:00:00,26.0,0.0,0.47,14.0,26.0,784,4,3,Normal Operations
2025-11-02 09:00:00,27.3,0.0,0.469,15.5,23.8,229,2,1,Normal Operations
2025-11-02 10:00:00,28.5,0.0,0.468,21.6,21.5,510,3,0,Normal Operations
2025-11-02 11:00:00,28.9,0.1,0.466,22.7,18.9,194,9,1,Normal Operations
2025-11-02 12:00:00,29.2,0.2,0.466,24.1,17.9,726,3,0,Normal Operations
2025-11-02 13:00:00,29.5,0.3,0.466,25.9,18.0,854,11,2,Normal Operations
2025-11-02 14:00:00,29.0,0.3,0.467,25.9,18.2,391,5,4,Normal Operations
2025-11-02 15:00:00,28.9,0.1,0.466,23.8,15.9,893,2,3,Normal Operations
2025-11-02 16:00:00,28.6,0.0,0.465,19.4,15.0,910,4,1,Normal Operations
2025-11-02 17:00:00,27.1,0.0,0.454,11.9,14.8,382,12,1,Normal Operations
2025-11-02 18:00:00,26.1,0.0,0.455,6.8,14.8,168,13,1,Normal Operations
2025-11-02 19:00:00,25.3,0.0,0.455,5.0,14.5,759,7,1,Normal Operations
2025-11-02 20:00:00,24.6,0.0,0.456,3.6,14.5,110,14,4,Normal Operations
2025-11-02 21:00:00,23.9,0.0,0.456,5.0,14.5,353,7,0,Normal Operations
2025-11-02 22:00:00,23.3,0.0,0.456,7.2,14.3,941,12,4,Normal Operations
2025-11-02 23:00:00,23.1,0.0,0.456,7.6,14.3,971,3,2,Normal Operations
2025-11-03 00:00:00,22.8,0.0,0.457,7.6,14.1,649,5,4,Normal Operations
2025-11-03 01:00:00,22.8,0.0,0.457,9.0,13.9,233,1,4,Normal Operations
2025-11-03 02:00:00,22.5,0.0,0.457,9.7,13.9,811,10,2,Normal Operations
2025-11-03 03:00:00,22.1,0.0,0.457,9.7,13.9,122,10,4,Normal Operations
2025-11-03 04:00:00,22.1,0.0,0.458,11.5,13.9,914,10,0,Normal Operations
2025-11-03 05:00:00,21.7,0.0,0.455,14.0,13.9,445,11,3,Normal Operations
2025-11-03 06:00:00,22.2,0.0,0.456,8.3,13.9,401,1,2,Normal Operations
2025-11-03 07:00:00,24.0,0.0,0.456,12.2,13.9,462,5,1,Normal Operations
2025-11-03 08:00:00,25.8,0.0,0.455,15.5,13.9,495,13,0,Normal Operations
2025-11-03 09:00:00,27.3,0.0,0.454,18.4,13.8,317,10,3,Normal Operations
2025-11-03 10:00:00,28.5,0.0,0.452,21.2,13.7,240,9,0,Normal Operations
2025-11-03 11:00:00,29.2,0.0,0.452,25.2,13.5,715,1,0,Normal Operations
2025-11-03 12:00:00,29.9,0.1,0.45,24.5,13.500000000000002,309,1,1,Normal Operations
2025-11-03 13:00:00,30.2,0.1,0.448,24.1,13.6,722,4,3,Normal Operations
2025-11-03 14:00:00,30.2,0.0,0.446,23.4,8.100000000000001,715,4,0,Normal Operations
2025-11-03 15:00:00,30.3,0.0,0.444,21.2,6.7,927,2,1,Normal Operations
2025-11-03 16:00:00,29.4,0.0,0.443,15.8,6.4,782,9,2,Normal Operations
2025-11-03 17:00:00,27.0,0.0,0.437,7.6,5.8,559,14,1,Normal Operations
2025-11-03 18:00:00,26.4,0.0,0.437,14.0,5.8,455,9,4,Normal Operations
2025-11-03 19:00:00,25.7,0.0,0.437,14.0,2.1,423,13,1,Normal Operations
2025-11-03 20:00:00,24.7,0.0,0.438,14.0,1.9,232,13,1,Normal Operations
2025-11-03 21:00:00,23.5,0.0,0.438,12.6,1.7000000000000002,987,2,1,Normal Operations
2025-11-03 22:00:00,22.2,0.0,0.438,10.4,1.6,904,14,0,Normal Operations
2025-11-03 23:00:00,21.4,0.0,0.438,7.9,1.4,939,9,3,Normal Operations
2025-11-04 00:00:00,20.8,0.0,0.438,9.7,1.4,226,15,1,Normal Operations
2025-11-04 01:00:00,20.4,0.0,0.438,9.4,1.4,205,6,1,Normal Operations
2025-11-04 02:00:00,20.1,0.0,0.439,9.7,1.4,703,8,4,Normal Operations
2025-11-04 03:00:00,19.9,0.0,0.439,9.0,1.4,898,10,4,Normal Operations
2025-11-04 04:00:00,19.6,0.0,0.44,7.6,1.4,477,13,2,Normal Operations
2025-11-04 05:00:00,19.4,0.0,0.434,7.9,1.4,150,15,2,Normal Operations
2025-11-04 06:00:00,19.6,0.0,0.435,8.6,1.4,128,13,4,Normal Operations
2025-11-04 07:00:00,21.8,0.0,0.435,11.9,1.4,561,4,3,Normal Operations
2025-11-04 08:00:00,24.4,0.0,0.435,11.5,1.4,395,2,2,Normal Operations
2025-11-04 09:00:00,26.4,0.0,0.434,11.2,1.4,396,2,3,Normal Operations
2025-11-04 10:00:00,28.0,0.0,0.432,12.6,1.4,825,9,4,Normal Operations
2025-11-04 11:00:00,29.2,0.0,0.432,13.3,1.4,878,1,2,Normal Operations
2025-11-04 12:00:00,29.8,0.0,0.43,15.1,1.4,506,12,1,Normal Operations
2025-11-04 13:00:00,29.8,0.0,0.427,15.8,1.4,868,7,4,Normal Operations
2025-11-04 14:00:00,29.8,0.0,0.425,18.0,1.4,913,11,2,Normal Operations
2025-11-04 15:00:00,29.3,0.0,0.424,18.4,1.4,712,14,3,Normal Operations
2025-11-04 16:00:00,28.5,0.0,0.423,14.4,1.4,504,3,3,Normal Operations
2025-11-04 17:00:00,26.4,0.0,0.411,6.8,1.4,445,3,2,Normal Operations
2025-11-04 18:00:00,25.9,0.0,0.412,15.5,1.3,721,2,3,Normal Operations
2025-11-04 19:00:00,24.8,0.0,0.412,15.8,1.2,519,14,2,Normal Operations
2025-11-04 20:00:00,23.9,0.0,0.413,12.2,1.2,281,10,2,Normal Operations
2025-11-04 21:00:00,23.5,0.0,0.414,5.0,1.2,924,6,3,Normal Operations
2025-11-04 22:00:00,23.1,0.0,0.414,6.8,1.2,100,13,0,Normal Operations
2025-11-04 23:00:00,22.7,0.0,0.416,10.8,1.2,930,10,1,Normal Operations
2025-11-05 00:00:00,21.8,0.0,0.417,10.8,1.2,666,2,4,Normal Operations
2025-11-05 01:00:00,21.2,0.0,0.417,6.5,1.2,470,10,1,Normal Operations
2025-11-05 02:00:00,20.9,0.0,0.417,9.0,1.2,760,15,4,Normal Operations
2025-11-05 03:00:00,20.9,0.0,0.418,11.9,1.2,530,4,4,Normal Operations
2025-11-05 04:00:00,21.0,0.0,0.418,14.8,1.2,408,10,1,Normal Operations
2025-11-05 05:00:00,20.6,0.0,0.416,18.4,1.2,236,9,2,Normal Operations
2025-11-05 06:00:00,21.5,0.0,0.417,18.4,1.2,301,9,3,Normal Operations
2025-11-05 07:00:00,22.9,0.0,0.417,19.4,1.2,535,6,0,Normal Operations
2025-11-05 08:00:00,24.7,0.0,0.417,20.5,1.2,412,13,0,Normal Operations
2025-11-05 09:00:00,26.2,0.0,0.416,23.8,1.2,216,4,0,Normal Operations
2025-11-05 10:00:00,27.6,0.0,0.414,23.8,1.2,765,7,1,Normal Operations
2025-11-05 11:00:00,28.7,0.0,0.412,24.5,1.1,902,14,1,Normal Operations
2025-11-05 12:00:00,29.1,0.0,0.41,22.0,0.9,674,1,2,Normal Operations
2025-11-05 13:00:00,29.1,0.0,0.408,24.1,0.6000000000000001,343,12,0,Normal Operations
2025-11-05 14:00:00,28.6,0.0,0.406,24.5,0.3,636,4,2,Normal Operations
2025-11-05 15:00:00,28.7,0.0,0.405,20.9,0.2,701,5,0,Normal Operations
2025-11-05 16:00:00,27.8,0.0,0.405,9.7,0.2,174,8,1,Normal Operations
2025-11-05 17:00:00,26.1,0.0,0.4,7.9,0.2,905,12,3,Normal Operations
2025-11-05 18:00:00,25.3,0.0,0.4,11.9,0.2,485,2,3,Normal Operations
2025-11-05 19:00:00,24.6,0.0,0.401,8.3,0.2,309,12,3,Normal Operations
2025-11-05 20:00:00,24.0,0.0,0.401,12.2,0.2,574,5,3,Normal Operations
2025-11-05 21:00:00,22.9,0.0,0.401,10.8,0.2,517,6,4,Normal Operations
2025-11-05 22:00:00,21.7,0.0,0.402,10.1,0.2,446,5,0,Normal Operations
2025-11-05 23:00:00,22.1,0.0,0.402,14.4,0.2,628,15,3,Normal Operations
2025-11-06 00:00:00,22.1,0.0,0.403,14.4,0.2,739,13,4,Normal Operations
2025-11-06 01:00:00,22.4,0.0,0.403,20.9,0.2,975,9,4,Normal Operations
2025-11-06 02:00:00,22.3,0.0,0.403,20.5,0.2,862,10,4,Normal Operations
2025-11-06 03:00:00,21.5,0.0,0.404,14.0,0.2,278,1,2,Normal Operations
2025-11-06 04:00:00,21.1,0.0,0.404,16.9,0.2,281,14,2,Normal Operations
2025-11-06 05:00:00,21.1,0.0,0.404,18.0,0.2,763,3,4,Normal Operations
2025-11-06 06:00:00,21.3,0.0,0.405,17.6,0.2,124,14,3,Normal Operations
2025-11-06 07:00:00,22.6,0.0,0.405,20.2,0.2,279,2,0,Normal Operations
2025-11-06 08:00:00,24.6,0.0,0.404,24.5,0.2,809,12,1,Normal Operations
2025-11-06 09:00:00,26.4,0.0,0.403,27.4,0.2,600,13,2,Normal Operations
2025-11-06 10:00:00,27.9,0.0,0.402,29.5,0.2,955,3,3,Normal Operations
2025-11-06 11:00:00,29.0,0.0,0.403,30.2,0.2,260,10,3,Normal Operations
2025-11-06 12:00:00,29.6,0.0,0.4,29.9,0.1,276,9,1,Normal Operations
2025-11-06 13:00:00,29.7,0.0,0.398,29.2,0.0,384,13,1,Normal Operations
2025-11-06 14:00:00,29.6,0.0,0.396,26.6,0.0,162,14,3,Normal Operations
2025-11-06 15:00:00,29.0,0.0,0.394,24.8,0.0,761,9,1,Normal Operations
2025-11-06 16:00:00,27.9,0.0,0.394,20.9,0.0,765,10,3,Normal Operations
2025-11-06 17:00:00,25.7,0.0,0.385,14.0,0.0,255,2,1,Normal Operations
2025-11-06 18:00:00,25.2,0.0,0.385,14.0,0.0,981,14,1,Normal Operations
2025-11-06 19:00:00,24.4,0.0,0.385,15.8,0.0,568,3,3,Normal Operations
2025-11-06 20:00:00,23.2,0.0,0.385,17.3,0.0,148,14,4,Normal Operations
2025-11-06 21:00:00,22.3,0.0,0.385,18.0,0.0,948,4,3,Normal Operations
2025-11-06 22:00:00,21.5,0.0,0.386,18.0,0.0,183,9,0,Normal Operations
2025-11-06 23:00:00,20.6,0.0,0.389,17.3,0.0,460,3,1,Normal Operations
2025-11-07 00:00:00,20.2,0.0,0.389,15.5,0.0,788,13,2,Normal Operations
2025-11-07 01:00:00,19.8,0.0,0.389,16.2,0.0,247,7,1,Normal Operations
2025-11-07 02:00:00,19.1,0.0,0.389,17.3,0.0,729,12,0,Normal Operations
2025-11-07 03:00:00,18.6,0.0,0.39,19.1,0.0,441,3,2,Normal Operations
2025-11-07 04:00:00,18.1,0.0,0.39,19.1,0.0,575,7,2,Normal Operations
2025-11-07 05:00:00,18.1,0.0,0.391,17.3,0.0,162,7,3,Normal Operations
2025-11-07 06:00:00,18.0,0.0,0.392,16.2,0.0,800,9,4,Normal Operations
2025-11-07 07:00:00,19.3,0.0,0.392,20.2,0.0,459,2,3,Normal Operations
2025-11-07 08:00:00,22.1,0.0,0.391,20.9,0.0,660,13,2,Normal Operations
2025-11-07 09:00:00,24.7,0.0,0.39,22.0,0.0,426,6,2,Normal Operations
2025-11-07 10:00:00,26.8,0.0,0.389,21.2,0.0,868,9,4,Normal Operations
2025-11-07 11:00:00,28.5,0.0,0.387,21.6,0.0,835,12,1,Normal Operations
2025-11-07 12:00:00,29.0,0.0,0.384,17.3,0.0,240,15,4,Normal Operations
2025-11-07 13:00:00,29.0,0.0,0.382,18.7,0.0,314,12,3,Normal Operations
2025-11-07 14:00:00,28.7,0.0,0.38,19.1,0.0,534,15,1,Normal Operations
2025-11-07 15:00:00,28.1,0.0,0.378,18.4,0.0,990,2,3,Normal Operations
2025-11-07 16:00:00,26.4,0.0,0.377,13.7,0.0,822,2,4,Normal Operations
2025-11-07 17:00:00,23.9,0.0,0.379,6.5,0.0,417,13,1,Normal Operations
2025-11-07 18:00:00,23.7,0.0,0.379,17.3,0.0,131,14,4,Normal Operations
2025-11-07 19:00:00,22.5,0.0,0.379,19.4,0.0,769,5,0,Normal Operations
2025-11-07 20:00:00,21.6,0.0,0.379,18.4,0.0,384,10,2,Normal Operations
2025-11-07 21:00:00,21.0,0.0,0.379,18.4,0.0,404,10,1,Normal Operations
2025-11-07 22:00:00,20.2,0.0,0.379,20.2,0.0,528,12,2,Normal Operations
2025-11-07 23:00:00,19.2,0.0,0.388,20.5,0.0,576,10,0,Normal Operations
2025-11-08 00:00:00,18.5,0.0,0.388,15.5,0.0,385,8,1,Normal Operations
2025-11-08 01:00:00,17.9,0.0,0.388,12.6,0.0,243,11,2,Normal Operations
2025-11-08 02:00:00,17.0,0.0,0.388,14.0,0.0,523,15,2,Normal Operations
2025-11-08 03:00:00,16.2,0.0,0.388,14.8,0.0,118,9,1,Normal Operations
2025-11-08 04:00:00,15.8,0.0,0.389,15.1,0.0,117,2,2,Normal Operations
2025-11-08 05:00:00,15.5,0.0,0.379,15.1,0.0,868,5,2,Normal Operations
2025-11-08 06:00:00,16.0,0.0,0.379,14.8,0.0,689,14,1,Normal Operations
2025-11-08 07:00:00,18.1,0.0,0.379,16.2,0.0,470,7,2,Normal Operations
2025-11-08 08:00:00,21.2,0.0,0.379,15.5,0.0,274,15,2,Normal Operations
2025-11-08 09:00:00,24.1,0.0,0.378,18.7,0.0,293,6,3,Normal Operations
2025-11-08 10:00:00,26.1,0.0,0.376,23.8,0.0,601,6,3,Normal Operations
2025-11-08 11:00:00,27.1,0.0,0.372,27.4,0.0,212,7,0,Normal Operations
2025-11-08 12:00:00,27.6,0.0,0.37,25.6,0.0,213,3,3,Normal Operations
2025-11-08 13:00:00,27.6,0.0,0.367,25.2,0.0,321,13,3,Normal Operations
2025-11-08 14:00:00,27.5,0.0,0.365,23.8,0.0,777,3,0,Normal Operations
2025-11-08 15:00:00,27.0,0.0,0.364,22.7,0.0,930,10,2,Normal Operations
2025-11-08 16:00:00,25.4,0.0,0.363,20.2,0.0,743,9,2,Normal Operations
2025-11-08 17:00:00,22.8,0.0,0.36,16.2,0.0,996,14,3,Normal Operations
2025-11-08 18:00:00,21.9,0.0,0.36,17.6,0.0,363,8,0,Normal Operations
2025-11-08 19:00:00,20.7,0.0,0.36,18.4,0.0,154,5,2,Normal Operations
2025-11-08 20:00:00,19.9,0.0,0.36,18.4,0.0,970,6,4,Normal Operations
2025-11-08 21:00:00,18.9,0.0,0.36,17.6,0.0,742,11,1,Normal Operations
2025-11-08 22:00:00,18.1,0.0,0.36,16.6,0.0,899,12,1,Normal Operations
2025-11-08 23:00:00,16.4,0.0,0.365,15.8,0.0,877,10,1,Normal Operations
2025-11-09 00:00:00,15.2,0.0,0.366,14.8,0.0,557,1,3,Normal Operations
2025-11-09 01:00:00,14.3,0.0,0.366,15.8,0.0,977,10,1,Normal Operations
2025-11-09 02:00:00,13.9,0.0,0.366,16.2,0.0,261,12,1,Normal Operations
2025-11-09 03:00:00,13.7,0.0,0.366,17.3,0.0,479,1,4,Normal Operations
2025-11-09 04:00:00,13.3,0.0,0.366,16.9,0.0,186,4,2,Normal Operations
2025-11-09 05:00:00,13.9,0.0,0.362,16.2,0.0,154,2,4,Normal Operations
2025-11-09 06:00:00,14.8,0.0,0.362,18.4,0.0,575,11,3,Normal Operations
2025-11-09 07:00:00,16.8,0.0,0.362,17.6,0.0,899,7,1,Normal Operations
2025-11-09 08:00:00,19.8,0.0,0.361,18.0,0.0,277,2,2,Normal Operations
2025-11-09 09:00:00,22.5,0.0,0.36,19.1,0.0,490,10,1,Normal Operations
2025-11-09 10:00:00,24.2,0.0,0.359,23.0,0.0,448,2,1,Normal Operations
2025-11-09 11:00:00,25.3,0.0,0.356,23.8,0.0,107,5,3,Normal Operations
2025-11-09 12:00:00,26.1,0.0,0.354,22.3,0.0,932,4,1,Normal Operations
2025-11-09 13:00:00,26.5,0.0,0.351,23.0,0.0,412,8,0,Normal Operations
2025-11-09 14:00:00,26.6,0.0,0.35,23.4,0.0,858,4,2,Normal Operations
2025-11-09 15:00:00,26.2,0.0,0.348,23.4,0.0,934,14,2,Normal Operations
2025-11-09 16:00:00,24.6,0.0,0.347,21.2,0.0,542,12,0,Normal Operations
2025-11-09 17:00:00,22.1,0.0,0.343,14.8,0.0,866,6,3,Normal Operations
2025-11-09 18:00:00,21.0,0.0,0.343,16.9,0.0,427,5,1,Normal Operations
2025-11-09 19:00:00,20.0,0.0,0.343,17.6,0.0,153,11,1,Normal Operations
2025-11-09 20:00:00,19.0,0.0,0.343,17.6,0.0,860,14,2,Normal Operations
2025-11-09 21:00:00,17.9,0.0,0.343,16.2,0.0,338,2,3,Normal Operations
2025-11-09 22:00:00,16.8,0.0,0.343,15.1,0.0,328,11,3,Normal Operations
2025-11-09 23:00:00,15.5,0.0,0.348,13.7,0.0,678,15,3,Normal Operations
2025-11-10 00:00:00,14.4,0.0,0.348,13.3,0.0,150,13,1,Normal Operations
2025-11-10 01:00:00,13.6,0.0,0.349,14.0,0.0,708,12,3,Normal Operations
2025-11-10 02:00:00,13.0,0.0,0.349,14.4,0.0,703,14,0,Normal Operations
2025-11-10 03:00:00,12.5,0.0,0.349,14.0,0.0,363,8,4,Normal Operations
2025-11-10 04:00:00,11.9,0.0,0.349,13.3,0.0,517,2,3,Normal Operations
2025-11-10 05:00:00,11.4,0.0,0.342,11.9,0.0,902,9,4,Normal Operations
2025-11-10 06:00:00,11.8,0.0,0.342,13.7,0.0,195,15,1,Normal Operations
2025-11-10 07:00:00,14.6,0.0,0.342,16.9,0.0,187,9,3,Normal Operations
2025-11-10 08:00:00,19.1,0.0,0.342,17.3,0.0,177,3,2,Normal Operations
2025-11-10 09:00:00,22.5,0.0,0.341,16.2,0.0,387,4,1,Normal Operations
2025-11-10 10:00:00,24.7,0.0,0.339,18.4,0.0,219,8,0,Normal Operations
2025-11-10 11:00:00,26.0,0.0,0.336,20.5,0.0,913,9,0,Normal Operations
2025-11-10 12:00:00,26.8,0.0,0.334,20.2,0.0,590,3,4,Normal Operations
2025-11-10 13:00:00,27.1,0.0,0.332,20.5,0.0,551,5,4,Normal Operations
2025-11-10 14:00:00,27.0,0.0,0.331,20.2,0.0,599,11,2,Normal Operations
2025-11-10 15:00:00,26.5,0.0,0.329,19.4,0.0,264,15,2,Normal Operations
2025-11-10 16:00:00,24.6,0.0,0.329,17.6,0.0,281,8,0,Normal Operations
2025-11-10 17:00:00,21.4,0.0,0.323,12.2,0.0,568,3,3,Normal Operations
2025-11-10 18:00:00,20.2,0.0,0.323,11.9,0.0,834,7,0,Normal Operations
2025-11-10 19:00:00,19.0,0.0,0.323,15.5,0.0,922,11,0,Normal Operations
2025-11-10 20:00:00,18.0,0.0,0.323,16.6,0.0,106,8,2,Normal Operations
2025-11-10 21:00:00,16.6,0.0,0.323,16.2,0.0,429,10,4,Normal Operations
2025-11-10 22:00:00,15.3,0.0,0.323,13.0,0.0,874,11,2,Normal Operations
2025-11-10 23:00:00,15.1,0.0,0.331,13.3,0.0,772,14,2,Normal Operations
2025-11-11 00:00:00,14.3,0.0,0.332,14.0,0.0,250,3,2,Normal Operations
2025-11-11 01:00:00,13.4,0.0,0.332,12.2,0.0,184,2,0,Normal Operations
2025-11-11 02:00:00,12.7,0.0,0.332,13.3,0.0,246,10,3,Normal Operations
2025-11-11 03:00:00,12.5,0.0,0.332,14.0,0.0,723,13,0,Normal Operations
2025-11-11 04:00:00,12.3,0.0,0.332,13.3,0.0,480,7,1,Normal Operations
2025-11-11 05:00:00,11.9,0.0,0.324,13.3,0.0,647,12,2,Normal Operations
2025-11-11 06:00:00,12.2,0.0,0.324,15.1,0.0,384,9,2,Normal Operations
2025-11-11 07:00:00,14.7,0.0,0.324,19.4,0.0,799,1,1,Normal Operations
2025-11-11 08:00:00,18.9,0.0,0.324,19.8,0.0,181,3,2,Normal Operations
2025-11-11 09:00:00,22.3,0.0,0.323,17.6,0.0,613,5,2,Normal Operations
2025-11-11 10:00:00,24.6,0.0,0.322,19.4,0.0,996,3,2,Normal Operations
2025-11-11 11:00:00,25.9,0.0,0.321,20.2,0.0,914,1,1,Normal Operations
2025-11-11 12:00:00,26.7,0.0,0.32,19.8,0.0,808,15,0,Normal Operations
2025-11-11 13:00:00,27.1,0.0,0.318,21.2,0.0,622,7,2,Normal Operations
2025-11-11 14:00:00,27.0,0.0,0.316,22.0,0.0,845,7,3,Normal Operations
2025-11-11 15:00:00,26.5,0.0,0.315,22.0,0.0,485,10,1,Normal Operations
2025-11-11 16:00:00,24.7,0.0,0.314,20.5,0.0,806,12,4,Normal Operations
2025-11-11 17:00:00,21.5,0.0,0.308,12.2,0.0,570,8,1,Normal Operations
2025-11-11 18:00:00,20.1,0.0,0.308,11.9,0.0,218,5,0,Normal Operations
2025-11-11 19:00:00,18.5,0.0,0.308,15.8,0.0,495,10,1,Normal Operations
2025-11-11 20:00:00,18.1,0.0,0.308,17.3,0.0,631,12,4,Normal Operations
2025-11-11 21:00:00,17.2,0.0,0.308,17.3,0.0,360,5,3,Normal Operations
2025-11-11 22:00:00,16.4,0.0,0.308,16.6,0.0,904,5,4,Normal Operations
2025-11-11 23:00:00,15.7,0.0,0.317,16.6,0.0,355,1,1,Normal Operations
2025-11-12 00:00:00,14.7,0.0,0.317,15.1,0.0,833,10,4,Normal Operations
2025-11-12 01:00:00,13.7,0.0,0.317,14.8,0.0,325,5,1,Normal Operations
2025-11-12 02:00:00,13.3,0.0,0.317,15.5,0.0,152,6,3,Normal Operations
2025-11-12 03:00:00,12.9,0.0,0.318,15.1,0.0,966,15,3,Normal Operations
2025-11-12 04:00:00,12.0,0.0,0.318,13.3,0.0,599,13,0,Normal Operations
2025-11-12 05:00:00,11.7,0.0,0.315,13.0,0.0,605,12,3,Normal Operations
2025-11-12 06:00:00,12.2,0.0,0.315,14.4,0.0,953,1,2,Normal Operations
2025-11-12 07:00:00,14.8,0.0,0.315,15.5,0.0,463,11,4,Normal Operations
2025-11-12 08:00:00,19.0,0.0,0.315,15.5,0.0,379,7,4,Normal Operations
2025-11-12 09:00:00,22.5,0.0,0.314,14.4,0.0,692,1,1,Normal Operations
2025-11-12 10:00:00,24.8,0.0,0.313,16.9,0.0,813,11,3,Normal Operations
2025-11-12 11:00:00,26.5,0.0,0.314,20.2,0.0,257,2,0,Normal Operations
2025-11-12 12:00:00,27.3,0.0,0.312,20.9,0.0,731,2,0,Normal Operations
2025-11-12 13:00:00,27.7,0.0,0.311,20.9,0.0,158,5,0,Normal Operations
2025-11-12 14:00:00,27.7,0.0,0.309,20.9,0.0,826,14,2,Normal Operations
2025-11-12 15:00:00,27.3,0.0,0.308,20.5,0.0,227,10,3,Normal Operations
2025-11-12 16:00:00,25.3,0.0,0.308,18.4,0.0,835,13,0,Normal Operations
2025-11-12 17:00:00,21.4,0.0,0.302,11.9,0.0,820,7,2,Normal Operations
2025-11-12 18:00:00,20.2,0.0,0.302,12.2,0.0,981,1,4,Normal Operations
2025-11-12 19:00:00,19.1,0.0,0.302,15.5,0.0,214,10,1,Normal Operations
2025-11-12 20:00:00,18.9,0.0,0.302,18.0,0.0,308,1,3,Normal Operations
2025-11-12 21:00:00,19.0,0.0,0.302,18.7,0.0,625,1,3,Normal Operations
2025-11-12 22:00:00,18.2,0.0,0.302,19.4,0.0,620,6,4,Normal Operations
2025-11-12 23:00:00,17.0,0.0,0.315,19.1,0.0,651,2,3,Normal Operations
2025-11-13 00:00:00,15.4,0.0,0.315,16.6,0.0,336,1,3,Normal Operations
2025-11-13 01:00:00,14.1,0.0,0.315,14.4,0.0,380,6,3,Normal Operations
2025-11-13 02:00:00,13.4,0.0,0.315,13.7,0.0,458,14,3,Normal Operations
2025-11-13 03:00:00,13.2,0.0,0.315,13.7,0.0,300,2,2,Normal Operations
2025-11-13 04:00:00,13.1,0.0,0.315,14.8,0.0,857,6,2,Normal Operations
2025-11-13 05:00:00,12.9,0.0,0.302,15.1,0.0,377,10,1,Normal Operations
2025-11-13 06:00:00,13.2,0.0,0.302,16.9,0.0,334,8,3,Normal Operations
2025-11-13 07:00:00,15.1,0.0,0.302,18.7,0.0,593,2,4,Normal Operations
2025-11-13 08:00:00,19.0,0.0,0.302,18.7,0.0,103,11,0,Normal Operations
2025-11-13 09:00:00,22.6,0.0,0.301,17.6,0.0,765,9,1,Normal Operations
2025-11-13 10:00:00,25.1,0.0,0.301,20.5,0.0,541,8,0,Normal Operations
2025-11-13 11:00:00,26.6,0.0,0.299,22.0,0.0,128,12,0,Normal Operations
2025-11-13 12:00:00,27.5,0.0,0.298,20.9,0.0,208,10,3,Normal Operations
2025-11-13 13:00:00,28.0,0.0,0.296,20.2,0.0,709,1,4,Normal Operations
2025-11-13 14:00:00,28.0,0.0,0.295,19.8,0.0,826,7,0,Normal Operations
2025-11-13 15:00:00,27.4,0.0,0.294,21.6,0.0,904,14,0,Normal Operations
2025-11-13 16:00:00,25.1,0.0,0.293,21.2,0.0,174,13,1,Normal Operations
2025-11-13 17:00:00,22.4,0.0,0.297,21.2,0.0,937,10,4,Normal Operations
2025-11-13 18:00:00,21.0,0.0,0.296,18.4,0.0,245,6,4,Normal Operations
2025-11-13 19:00:00,20.0,0.0,0.296,18.7,0.0,227,14,0,Normal Operations
2025-11-13 20:00:00,18.7,0.0,0.296,18.7,0.0,952,6,4,Normal Operations
2025-11-13 21:00:00,17.5,0.0,0.296,18.0,0.0,141,6,1,Normal Operations
2025-11-13 22:00:00,16.2,0.0,0.296,14.8,0.0,455,6,1,Normal Operations
2025-11-13 23:00:00,15.3,0.0,0.299,13.0,0.0,140,10,1,Normal Operations
2025-11-14 00:00:00,14.2,0.0,0.299,12.6,0.0,133,7,3,Normal Operations
2025-11-14 01:00:00,13.5,0.0,0.299,10.4,0.0,116,12,0,Normal Operations
2025-11-14 02:00:00,13.1,0.0,0.3,11.2,0.0,776,3,4,Normal Operations
2025-11-14 03:00:00,12.6,0.0,0.3,11.5,0.0,252,14,1,Normal Operations
2025-11-14 04:00:00,12.1,0.0,0.3,12.6,0.0,477,6,0,Normal Operations
2025-11-14 05:00:00,11.5,0.0,0.297,15.1,0.0,687,3,0,Normal Operations
2025-11-14 06:00:00,12.2,0.0,0.297,15.8,0.0,698,7,3,Normal Operations
2025-11-14 07:00:00,14.7,0.0,0.297,17.6,0.0,728,7,4,Normal Operations
2025-11-14 08:00:00,18.8,0.0,0.297,18.0,0.0,973,8,4,Normal Operations
2025-11-14 09:00:00,22.4,0.0,0.296,15.8,0.0,441,2,1,Normal Operations
2025-11-14 10:00:00,24.8,0.0,0.296,14.8,0.0,126,9,1,Normal Operations
2025-11-14 11:00:00,26.2,0.0,0.294,14.8,0.0,924,13,0,Normal Operations
2025-11-14 12:00:00,27.3,0.0,0.293,15.5,0.0,386,5,4,Normal Operations
2025-11-14 13:00:00,27.9,0.0,0.292,17.6,0.0,745,9,4,Normal Operations
2025-11-14 14:00:00,27.9,0.0,0.291,18.7,0.0,830,10,1,Normal Operations
2025-11-14 15:00:00,27.4,0.0,0.29,19.4,0.0,267,5,2,Normal Operations
2025-11-14 16:00:00,25.3,0.0,0.289,19.1,0.0,709,7,0,Normal Operations
2025-11-14 17:00:00,22.1,0.0,0.289,18.7,0.0,367,11,4,Normal Operations
2025-11-14 18:00:00,20.8,0.0,0.289,16.6,0.0,848,9,3,Normal Operations
2025-11-14 19:00:00,19.6,0.0,0.289,15.8,0.0,920,15,3,Normal Operations
2025-11-14 20:00:00,18.3,0.0,0.289,16.6,0.0,554,4,2,Normal Operations
2025-11-14 21:00:00,17.6,0.0,0.289,16.6,0.0,784,2,1,Normal Operations
2025-11-14 22:00:00,16.2,0.0,0.289,14.4,0.0,500,9,1,Normal Operations
2025-11-14 23:00:00,14.8,0.0,0.296,10.8,0.0,575,13,1,Normal Operations
2025-11-15 00:00:00,14.2,0.0,0.296,11.9,0.0,801,2,3,Normal Operations
2025-11-15 01:00:00,13.7,0.0,0.296,11.9,0.0,733,3,1,Normal Operations
2025-11-15 02:00:00,13.1,0.0,0.297,11.5,0.0,657,10,3,Normal Operations
2025-11-15 03:00:00,12.7,0.0,0.297,11.2,0.0,675,2,2,Normal Operations
2025-11-15 04:00:00,12.4,0.0,0.297,11.9,0.0,229,3,0,Normal Operations
2025-11-15 05:00:00,12.2,0.0,0.291,14.4,0.0,921,6,4,Normal Operations
2025-11-15 06:00:00,12.9,0.0,0.291,15.8,0.0,462,3,2,Normal Operations
2025-11-15 07:00:00,15.2,0.0,0.291,18.7,0.0,804,15,3,Normal Operations
2025-11-15 08:00:00,18.9,0.0,0.291,18.7,0.0,918,10,2,Normal Operations
2025-11-15 09:00:00,22.4,0.0,0.29,16.2,0.0,792,8,4,Normal Operations
2025-11-15 10:00:00,24.8,0.0,0.29,16.2,0.0,391,11,0,Normal Operations
2025-11-15 11:00:00,26.2,0.0,0.289,18.4,0.0,470,6,4,Normal Operations
2025-11-15 12:00:00,27.0,0.0,0.288,20.9,0.0,893,7,3,Normal Operations
2025-11-15 13:00:00,27.4,0.0,0.287,21.6,0.0,128,1,4,Normal Operations
2025-11-15 14:00:00,27.4,0.0,0.286,22.0,0.0,248,3,2,Normal Operations
2025-11-15 15:00:00,26.9,0.0,0.285,23.0,0.0,878,3,1,Normal Operations
2025-11-15 16:00:00,25.0,0.0,0.284,23.0,0.0,395,2,2,Normal Operations
2025-11-15 17:00:00,21.6,0.0,0.282,18.7,0.0,110,7,3,Normal Operations
2025-11-15 18:00:00,20.1,0.0,0.282,14.4,0.0,611,9,0,Normal Operations
2025-11-15 19:00:00,18.9,0.0,0.282,16.2,0.0,775,4,4,Normal Operations
2025-11-15 20:00:00,18.4,0.0,0.282,17.3,0.0,212,12,0,Normal Operations
2025-11-15 21:00:00,17.8,0.0,0.282,17.3,0.0,286,5,3,Normal Operations
2025-11-15 22:00:00,16.7,0.0,0.282,16.6,0.0,906,3,4,Normal Operations
2025-11-15 23:00:00,15.9,0.0,0.291,15.8,0.0,843,11,2,Normal Operations
2025-11-16 00:00:00,15.4,0.0,0.291,15.5,0.0,326,9,2,Normal Operations
2025-11-16 01:00:00,14.3,0.0,0.291,15.1,0.0,409,14,3,Normal Operations
2025-11-16 02:00:00,13.8,0.0,0.292,18.0,0.0,197,4,4,Normal Operations
2025-11-16 03:00:00,13.8,0.0,0.292,18.7,0.0,154,5,2,Normal Operations
2025-11-16 04:00:00,13.4,0.0,0.292,17.6,0.0,722,1,3,Normal Operations
2025-11-16 05:00:00,12.4,0.0,0.29,15.8,0.0,763,11,3,Normal Operations
2025-11-16 06:00:00,12.6,0.0,0.29,17.6,0.0,857,12,0,Normal Operations
2025-11-16 07:00:00,14.4,0.0,0.29,19.4,0.0,505,15,2,Normal Operations
2025-11-16 08:00:00,17.9,0.0,0.29,18.7,0.0,168,13,4,Normal Operations
2025-11-16 09:00:00,21.6,0.0,0.289,17.6,0.0,411,2,2,Normal Operations
2025-11-16 10:00:00,24.1,0.0,0.289,17.6,0.0,388,12,2,Normal Operations
2025-11-16 11:00:00,25.5,0.0,0.29,17.3,0.0,861,13,2,Normal Operations
2025-11-16 12:00:00,26.4,0.0,0.288,18.4,0.0,647,9,3,Normal Operations
2025-11-16 13:00:00,26.7,0.0,0.287,20.9,0.0,850,2,1,Normal Operations
2025-11-16 14:00:00,26.7,0.0,0.286,22.3,0.0,247,5,1,Normal Operations
2025-11-16 15:00:00,26.2,0.0,0.285,23.8,0.0,566,13,0,Normal Operations
2025-11-16 16:00:00,24.3,0.0,0.285,23.8,0.0,838,8,2,Normal Operations
2025-11-16 17:00:00,21.4,0.0,0.283,21.6,0.0,343,3,1,Normal Operations
2025-11-16 18:00:00,19.8,0.0,0.283,17.3,0.0,590,6,0,Normal Operations
2025-11-16 19:00:00,18.6,0.0,0.283,15.8,0.0,948,4,3,Normal Operations
2025-11-16 20:00:00,17.8,0.0,0.282,18.4,0.0,606,11,2,Normal Operations
2025-11-16 21:00:00,17.3,0.0,0.282,20.5,0.0,464,7,4,Normal Operations
2025-11-16 22:00:00,16.5,0.0,0.282,20.2,0.0,581,10,3,Normal Operations
2025-11-16 23:00:00,15.7,0.0,0.292,16.2,0.0,300,14,0,Normal Operations
2025-11-17 00:00:00,14.9,0.0,0.292,17.3,0.0,253,13,3,Normal Operations
2025-11-17 01:00:00,14.2,0.0,0.293,17.6,0.0,549,3,4,Normal Operations
2025-11-17 02:00:00,13.4,0.0,0.293,18.0,0.0,600,6,3,Normal Operations
2025-11-17 03:00:00,13.0,0.0,0.293,18.0,0.0,172,15,0,Normal Operations
2025-11-17 04:00:00,12.5,0.0,0.293,16.6,0.0,812,12,4,Normal Operations
2025-11-17 05:00:00,12.3,0.0,0.283,16.6,0.0,395,15,4,Normal Operations
2025-11-17 06:00:00,12.5,0.0,0.283,15.5,0.0,116,10,3,Normal Operations
2025-11-17 07:00:00,14.6,0.0,0.283,14.8,0.0,740,9,4,Normal Operations
2025-11-17 08:00:00,18.3,0.0,0.283,14.8,0.0,316,11,3,Normal Operations
2025-11-17 09:00:00,21.5,0.0,0.283,13.7,0.0,160,10,2,Normal Operations
2025-11-17 10:00:00,23.5,0.0,0.282,13.3,0.0,715,1,4,Normal Operations
2025-11-17 11:00:00,24.7,0.0,0.279,13.0,0.0,141,3,3,Normal Operations
2025-11-17 12:00:00,25.6,0.0,0.278,16.9,0.0,124,2,2,Normal Operations
2025-11-17 13:00:00,25.9,0.0,0.277,19.8,0.0,138,8,4,Normal Operations
2025-11-17 14:00:00,25.9,0.0,0.277,20.9,0.0,902,7,2,Normal Operations
2025-11-17 15:00:00,25.4,0.0,0.276,21.2,0.0,230,2,4,Normal Operations
2025-11-17 16:00:00,24.2,0.0,0.275,20.9,0.0,597,6,0,Normal Operations
2025-11-17 17:00:00,21.2,0.0,0.268,15.5,0.0,328,15,0,Normal Operations
2025-11-17 18:00:00,20.5,0.0,0.268,15.8,0.0,207,3,3,Normal Operations
2025-11-17 19:00:00,19.0,0.0,0.268,15.8,0.0,271,8,1,Normal Operations
2025-11-17 20:00:00,17.4,0.0,0.268,14.0,0.0,534,10,0,Normal Operations
2025-11-17 21:00:00,16.9,0.0,0.268,15.8,0.0,577,13,1,Normal Operations
2025-11-17 22:00:00,16.3,0.0,0.268,15.8,0.0,201,3,2,Normal Operations
2025-11-17 23:00:00,15.3,0.0,0.273,13.0,0.0,965,10,2,Normal Operations
2025-11-18 00:00:00,14.4,0.0,0.273,10.1,0.0,623,14,1,Normal Operations
2025-11-18 01:00:00,13.7,0.0,0.274,11.2,0.0,374,9,3,Normal Operations
2025-11-18 02:00:00,13.2,0.0,0.274,11.5,0.0,712,1,4,Normal Operations
2025-11-18 03:00:00,12.8,0.0,0.274,13.0,0.0,143,5,1,Normal Operations
2025-11-18 04:00:00,12.5,0.0,0.274,14.0,0.0,916,3,1,Normal Operations
2025-11-18 05:00:00,11.9,0.0,0.264,14.4,0.0,116,6,1,Normal Operations
2025-11-18 06:00:00,12.0,0.0,0.264,14.0,0.0,429,10,1,Normal Operations
2025-11-18 07:00:00,14.1,0.0,0.264,15.1,0.0,668,2,1,Normal Operations
2025-11-18 08:00:00,18.1,0.0,0.264,15.1,0.0,922,9,3,Normal Operations
2025-11-18 09:00:00,21.3,0.0,0.264,14.0,0.0,596,6,0,Normal Operations
2025-11-18 10:00:00,23.2,0.0,0.263,15.1,0.0,914,7,4,Normal Operations
2025-11-18 11:00:00,24.5,0.0,0.26,18.0,0.0,111,5,0,Normal Operations
2025-11-18 12:00:00,25.3,0.0,0.26,19.1,0.0,417,9,1,Normal Operations
2025-11-18 13:00:00,25.6,0.0,0.259,19.4,0.0,691,1,0,Normal Operations
2025-11-18 14:00:00,25.8,0.0,0.259,19.4,0.0,315,5,3,Normal Operations
2025-11-18 15:00:00,25.6,0.0,0.258,18.7,0.0,438,11,2,Normal Operations
2025-11-18 16:00:00,24.4,0.0,0.258,17.3,0.0,875,10,0,Normal Operations
2025-11-18 17:00:00,22.3,0.0,0.25,9.7,0.0,760,11,4,Normal Operations
2025-11-18 18:00:00,21.2,0.0,0.25,4.3,0.0,180,6,3,Normal Operations
2025-11-18 19:00:00,19.1,0.0,0.25,10.1,0.0,826,7,2,Normal Operations
2025-11-18 20:00:00,17.1,0.0,0.25,10.8,0.0,584,12,3,Normal Operations
2025-11-18 21:00:00,16.1,0.0,0.25,14.0,0.0,473,4,1,Normal Operations
2025-11-18 22:00:00,15.9,0.0,0.25,14.8,0.0,809,12,2,Normal Operations
2025-11-18 23:00:00,15.4,0.0,0.257,14.8,0.0,299,13,4,Normal Operations
2025-11-19 00:00:00,14.6,0.0,0.257,14.0,0.0,636,1,2,Normal Operations
2025-11-19 01:00:00,13.5,0.0,0.257,10.4,0.0,565,15,4,Normal Operations
2025-11-19 02:00:00,12.9,0.0,0.257,8.6,0.0,188,11,1,Normal Operations
2025-11-19 03:00:00,12.4,0.0,0.258,10.8,0.0,367,8,4,Normal Operations
2025-11-19 04:00:00,11.9,0.0,0.258,10.8,0.0,754,10,3,Normal Operations
2025-11-19 05:00:00,11.7,0.0,0.258,9.0,0.0,670,4,0,Normal Operations
2025-11-19 06:00:00,11.6,0.0,0.258,8.3,0.0,588,3,3,Normal Operations
2025-11-19 07:00:00,14.0,0.0,0.258,12.2,0.0,976,12,3,Normal Operations
2025-11-19 08:00:00,18.4,0.0,0.258,13.7,0.0,637,7,2,Normal Operations
2025-11-19 09:00:00,21.4,0.0,0.258,13.3,0.0,146,12,1,Normal Operations
2025-11-19 10:00:00,23.7,0.0,0.257,14.8,0.0,387,2,0,Normal Operations
2025-11-19 11:00:00,25.0,0.0,0.253,17.3,0.0,877,8,4,Normal Operations
2025-11-19 12:00:00,26.0,0.0,0.253,17.6,0.0,115,14,2,Normal Operations
2025-11-19 13:00:00,26.4,0.0,0.252,18.7,0.0,810,6,1,Normal Operations
2025-11-19 14:00:00,26.5,0.0,0.251,19.1,0.0,500,7,0,Normal Operations
2025-11-19 15:00:00,26.3,0.0,0.251,18.4,0.0,893,14,3,Normal Operations
2025-11-19 16:00:00,25.0,0.0,0.251,16.9,0.0,185,5,1,Normal Operations
2025-11-19 17:00:00,22.2,0.0,0.249,11.5,0.0,349,9,1,Normal Operations
2025-11-19 18:00:00,20.9,0.0,0.249,9.4,0.0,490,5,1,Normal Operations
2025-11-19 19:00:00,20.1,0.0,0.249,13.3,0.0,881,11,3,Normal Operations
2025-11-19 20:00:00,18.4,0.0,0.249,14.4,0.0,434,5,4,Normal Operations
2025-11-19 21:00:00,16.9,0.0,0.249,13.7,0.0,728,3,2,Normal Operations
2025-11-19 22:00:00,15.9,0.0,0.249,12.6,0.0,618,11,4,Normal Operations
2025-11-19 23:00:00,14.9,0.0,0.258,10.4,0.0,236,1,0,Normal Operations
2025-11-20 00:00:00,14.1,0.0,0.258,10.8,0.0,982,2,2,Normal Operations
2025-11-20 01:00:00,13.6,0.0,0.259,11.5,0.0,787,8,0,Normal Operations
2025-11-20 02:00:00,13.2,0.0,0.259,10.4,0.0,939,15,3,Normal Operations
2025-11-20 03:00:00,13.2,0.0,0.259,7.9,0.0,597,1,4,Normal Operations
2025-11-20 04:00:00,13.3,0.0,0.259,8.3,0.0,926,7,1,Normal Operations
2025-11-20 05:00:00,12.9,0.0,0.246,10.4,0.0,826,14,2,Normal Operations
2025-11-20 06:00:00,13.5,0.0,0.246,14.0,0.0,576,14,1,Normal Operations
2025-11-20 07:00:00,15.3,0.0,0.246,15.5,0.0,693,5,0,Normal Operations
2025-11-20 08:00:00,18.8,0.0,0.246,15.5,0.0,322,3,1,Normal Operations
2025-11-20 09:00:00,22.1,0.0,0.246,15.1,0.0,471,12,1,Normal Operations
2025-11-20 10:00:00,24.3,0.0,0.246,15.5,0.0,501,12,3,Normal Operations
2025-11-20 11:00:00,25.5,0.0,0.246,17.3,0.0,542,15,3,Normal Operations
2025-11-20 12:00:00,26.5,0.0,0.245,19.4,0.0,589,11,4,Normal Operations
2025-11-20 13:00:00,27.1,0.0,0.245,21.2,0.0,714,7,0,Normal Operations
2025-11-20 14:00:00,27.4,0.0,0.245,21.2,0.0,372,9,3,Normal Operations
2025-11-20 15:00:00,27.4,0.0,0.244,20.5,0.0,625,2,3,Normal Operations
2025-11-20 16:00:00,26.2,0.0,0.244,20.2,0.0,258,8,4,Normal Operations
2025-11-20 17:00:00,23.4,0.0,0.246,17.6,0.0,251,9,2,Normal Operations
2025-11-20 18:00:00,21.5,0.0,0.246,11.5,0.0,719,11,4,Normal Operations
2025-11-20 19:00:00,20.6,0.0,0.246,14.8,0.0,287,3,1,Normal Operations
2025-11-20 20:00:00,19.2,0.0,0.246,14.4,0.0,912,2,1,Normal Operations
2025-11-20 21:00:00,18.0,0.0,0.246,13.0,0.0,197,7,3,Normal Operations
2025-11-20 22:00:00,17.2,0.0,0.246,13.0,0.0,230,5,3,Normal Operations
2025-11-20 23:00:00,15.8,0.0,0.255,11.2,0.0,904,5,4,Normal Operations
2025-11-21 00:00:00,15.1,0.0,0.255,9.0,0.0,270,10,4,Normal Operations
2025-11-21 01:00:00,14.6,0.0,0.255,9.4,0.0,282,5,0,Normal Operations
2025-11-21 02:00:00,14.6,0.0,0.255,9.0,0.0,463,4,1,Normal Operations
2025-11-21 03:00:00,14.8,0.0,0.255,11.5,0.0,138,13,4,Normal Operations
2025-11-21 04:00:00,14.7,0.0,0.255,12.2,0.0,626,5,2,Normal Operations
2025-11-21 05:00:00,14.2,0.0,0.248,14.8,0.0,987,13,0,Normal Operations
2025-11-21 06:00:00,14.3,0.0,0.248,16.6,0.0,596,4,4,Normal Operations
2025-11-21 07:00:00,16.0,0.0,0.248,15.5,0.0,615,15,3,Normal Operations
2025-11-21 08:00:00,20.0,0.0,0.248,15.1,0.0,448,13,4,Normal Operations
2025-11-21 09:00:00,23.1,0.0,0.248,12.6,0.0,496,6,3,Normal Operations
2025-11-21 10:00:00,25.2,0.0,0.248,14.4,0.0,821,4,3,Normal Operations
2025-11-21 11:00:00,26.5,0.0,0.249,15.1,0.0,260,2,1,Normal Operations
2025-11-21 12:00:00,27.6,0.0,0.248,15.5,0.0,115,9,1,Normal Operations
2025-11-21 13:00:00,28.1,0.0,0.247,15.5,0.0,592,2,4,Normal Operations
2025-11-21 14:00:00,28.2,0.0,0.247,15.1,0.0,525,9,4,Normal Operations
2025-11-21 15:00:00,28.0,0.0,0.247,14.4,0.0,207,10,2,Normal Operations
2025-11-21 16:00:00,26.4,0.0,0.246,11.5,0.0,993,6,0,Normal Operations
2025-11-21 17:00:00,24.0,0.0,0.244,5.4,0.0,549,9,0,Normal Operations
2025-11-21 18:00:00,23.0,0.0,0.244,2.5,0.0,410,9,4,Normal Operations
2025-11-21 19:00:00,21.9,0.0,0.244,2.9,0.0,838,3,1,Normal Operations
2025-11-21 20:00:00,20.9,0.0,0.244,9.7,0.0,269,1,2,Normal Operations
2025-11-21 21:00:00,19.1,0.0,0.244,13.7,0.0,645,1,0,Normal Operations
2025-11-21 22:00:00,18.1,0.0,0.244,14.8,0.0,513,3,4,Normal Operations
2025-11-21 23:00:00,17.0,0.0,0.25,13.0,0.0,350,5,1,Normal Operations
2025-11-22 00:00:00,15.8,0.0,0.25,9.4,0.0,858,13,1,Normal Operations
2025-11-22 01:00:00,15.0,0.0,0.25,10.8,0.0,880,3,1,Normal Operations
2025-11-22 02:00:00,14.4,0.0,0.25,10.4,0.0,240,12,3,Normal Operations
2025-11-22 03:00:00,14.0,0.0,0.25,12.2,0.0,373,9,1,Normal Operations
2025-11-22 04:00:00,14.1,0.0,0.25,14.4,0.0,515,9,4,Normal Operations
2025-11-22 05:00:00,14.6,0.0,0.246,15.5,0.0,707,3,2,Normal Operations
2025-11-22 06:00:00,15.1,0.0,0.246,13.7,0.0,838,3,4,Normal Operations
2025-11-22 07:00:00,17.0,0.0,0.246,13.0,0.0,990,12,1,Normal Operations
2025-11-22 08:00:00,19.9,0.0,0.246,13.3,0.0,138,14,2,Normal Operations
2025-11-22 09:00:00,23.2,0.0,0.246,13.0,0.0,913,5,0,Normal Operations
2025-11-22 10:00:00,25.6,0.0,0.245,13.7,0.0,128,2,0,Normal Operations
2025-11-22 11:00:00,27.1,0.0,0.247,15.8,0.0,576,6,4,Normal Operations
2025-11-22 12:00:00,27.9,0.0,0.247,17.3,0.0,417,7,2,Normal Operations
2025-11-22 13:00:00,28.3,0.0,0.246,17.3,0.0,344,13,4,Normal Operations
2025-11-22 14:00:00,28.4,0.0,0.246,15.5,0.0,847,9,2,Normal Operations
2025-11-22 15:00:00,28.2,0.0,0.245,13.3,0.0,796,15,2,Normal Operations
2025-11-22 16:00:00,26.7,0.0,0.245,10.8,0.0,371,6,4,Normal Operations
2025-11-22 17:00:00,24.3,0.0,0.254,4.7,0.0,539,3,2,Normal Operations
2025-11-22 18:00:00,22.8,0.0,0.254,2.2,0.0,847,12,1,Normal Operations
2025-11-22 19:00:00,21.9,0.0,0.254,2.2,0.0,338,5,2,Normal Operations
2025-11-22 20:00:00,20.5,0.0,0.254,5.0,0.0,476,4,2,Normal Operations
2025-11-22 21:00:00,20.1,0.0,0.254,5.4,0.0,365,15,4,Normal Operations
2025-11-22 22:00:00,19.4,0.0,0.254,2.5,0.0,458,5,0,Normal Operations
2025-11-22 23:00:00,19.2,0.0,0.274,3.6,0.0,439,8,3,Normal Operations
2025-11-23 00:00:00,17.9,0.0,0.274,5.4,0.0,488,8,2,Normal Operations
2025-11-23 01:00:00,17.3,0.0,0.274,10.8,0.0,676,6,3,Normal Operations
2025-11-23 02:00:00,16.9,0.0,0.274,13.7,0.0,788,1,2,Normal Operations
2025-11-23 03:00:00,16.2,0.0,0.274,15.5,0.0,102,8,4,Normal Operations
2025-11-23 04:00:00,15.9,0.0,0.274,15.5,0.0,528,8,4,Normal Operations
2025-11-23 05:00:00,15.2,0.0,0.25,15.1,0.0,241,2,2,Normal Operations
2025-11-23 06:00:00,15.6,0.0,0.25,13.7,0.0,475,4,4,Normal Operations
2025-11-23 07:00:00,17.3,0.0,0.25,14.8,0.0,769,12,4,Normal Operations
2025-11-23 08:00:00,20.2,0.0,0.25,15.1,0.0,423,2,2,Normal Operations
2025-11-23 09:00:00,23.2,0.0,0.249,12.2,0.0,245,4,0,Normal Operations
2025-11-23 10:00:00,25.6,0.0,0.249,12.6,0.0,392,12,2,Normal Operations
2025-11-23 11:00:00,27.0,0.0,0.261,14.0,0.0,764,13,0,Normal Operations
2025-11-23 12:00:00,27.9,0.0,0.26,15.5,0.0,531,13,4,Normal Operations
2025-11-23 13:00:00,28.4,0.0,0.259,15.5,0.0,804,10,0,Normal Operations
2025-11-23 14:00:00,28.6,0.0,0.258,18.0,0.0,684,7,4,Normal Operations
2025-11-23 15:00:00,28.1,0.0,0.258,23.4,0.0,498,9,0,Normal Operations
2025-11-23 16:00:00,26.7,0.0,0.257,23.0,0.0,916,14,0,Normal Operations
2025-11-23 17:00:00,24.5,0.0,0.251,11.9,0.0,988,14,2,Normal Operations
2025-11-23 18:00:00,22.9,0.0,0.251,1.8,0.0,443,8,0,Normal Operations
2025-11-23 19:00:00,21.1,0.0,0.251,4.3,0.0,239,15,4,Normal Operations
2025-11-23 20:00:00,19.9,0.0,0.251,8.3,0.0,286,12,2,Normal Operations
2025-11-23 21:00:00,18.5,0.0,0.251,13.0,0.0,904,9,0,Normal Operations
2025-11-23 22:00:00,18.1,0.0,0.251,13.0,0.0,160,8,2,Normal Operations
2025-11-23 23:00:00,17.3,0.0,0.264,11.9,0.0,479,2,3,Normal Operations
2025-11-24 00:00:00,16.4,0.0,0.264,8.3,0.0,809,7,2,Normal Operations
2025-11-24 01:00:00,16.4,0.0,0.264,10.4,0.0,906,2,3,Normal Operations
2025-11-24 02:00:00,16.6,0.0,0.264,11.9,0.0,539,13,3,Normal Operations
2025-11-24 03:00:00,16.7,0.0,0.264,11.9,0.0,418,12,2,Normal Operations
2025-11-24 04:00:00,16.8,0.0,0.264,13.0,0.0,401,11,4,Normal Operations
2025-11-24 05:00:00,16.4,0.0,0.255,13.0,0.0,443,2,4,Normal Operations
2025-11-24 06:00:00,17.0,0.0,0.255,11.5,0.0,110,15,4,Normal Operations
2025-11-24 07:00:00,18.4,0.0,0.255,15.8,0.0,161,4,1,Normal Operations
2025-11-24 08:00:00,21.5,0.0,0.255,16.6,0.0,944,1,3,Normal Operations
2025-11-24 09:00:00,24.4,0.0,0.255,15.5,0.0,325,15,2,Normal Operations
2025-11-24 10:00:00,26.4,0.0,0.254,15.1,0.0,252,5,4,Normal Operations
2025-11-24 11:00:00,27.5,0.0,0.262,18.0,0.0,810,6,4,Normal Operations
2025-11-24 12:00:00,28.2,0.0,0.261,18.4,0.0,663,9,2,Normal Operations
2025-11-24 13:00:00,28.6,0.0,0.261,18.0,0.0,871,10,3,Normal Operations
2025-11-24 14:00:00,28.7,0.0,0.26,20.9,0.0,670,8,2,Normal Operations
2025-11-24 15:00:00,28.4,0.0,0.259,23.8,0.0,683,2,1,Normal Operations
2025-11-24 16:00:00,27.2,0.0,0.259,23.8,0.0,759,1,1,Normal Operations
2025-11-24 17:00:00,24.8,0.0,0.263,14.4,0.0,960,2,2,Normal Operations
2025-11-24 18:00:00,23.1,0.0,0.263,6.8,0.0,674,7,3,Normal Operations
2025-11-24 19:00:00,22.7,0.0,0.263,15.1,0.0,409,4,4,Normal Operations
2025-11-24 20:00:00,21.8,0.0,0.263,15.8,0.0,984,10,1,Normal Operations
2025-11-24 21:00:00,20.8,0.0,0.263,15.5,0.0,342,5,1,Normal Operations
2025-11-24 22:00:00,19.5,0.0,0.263,10.8,0.0,592,12,3,Normal Operations
2025-11-24 23:00:00,18.9,0.0,0.274,5.0,0.0,465,7,1,Normal Operations
2025-11-25 00:00:00,18.2,0.0,0.274,9.0,0.0,429,3,1,Normal Operations
2025-11-25 01:00:00,17.8,0.0,0.274,9.7,0.0,206,10,3,Normal Operations
2025-11-25 02:00:00,17.6,0.0,0.274,11.5,0.0,325,2,2,Normal Operations
2025-11-25 03:00:00,17.3,0.0,0.274,13.0,0.0,924,13,4,Normal Operations
2025-11-25 04:00:00,16.8,0.0,0.274,14.4,0.0,317,7,4,Normal Operations
2025-11-25 05:00:00,16.1,0.0,0.268,14.8,0.0,852,5,1,Normal Operations
2025-11-25 06:00:00,16.5,0.0,0.268,14.8,0.0,605,14,4,Normal Operations
2025-11-25 07:00:00,18.2,0.0,0.268,14.8,0.0,358,15,2,Normal Operations
2025-11-25 08:00:00,21.6,0.0,0.268,14.8,0.0,987,1,1,Normal Operations
2025-11-25 09:00:00,24.2,0.0,0.268,13.7,0.0,873,1,4,Normal Operations
2025-11-25 10:00:00,26.1,0.0,0.267,13.7,0.0,616,9,0,Normal Operations
2025-11-25 11:00:00,27.1,0.0,0.266,16.9,0.0,872,5,0,Normal Operations
2025-11-25 12:00:00,27.9,0.0,0.265,20.9,0.0,153,1,0,Normal Operations
2025-11-25 13:00:00,28.0,0.0,0.264,24.8,0.0,146,7,0,Normal Operations
2025-11-25 14:00:00,28.1,0.0,0.264,25.6,0.0,826,9,0,Normal Operations
2025-11-25 15:00:00,27.8,0.0,0.263,26.3,0.0,788,11,1,Normal Operations
2025-11-25 16:00:00,27.0,0.0,0.263,23.4,0.0,620,1,3,Normal Operations
2025-11-25 17:00:00,24.8,0.0,0.274,11.2,0.0,198,10,3,Normal Operations
2025-11-25 18:00:00,23.3,0.0,0.274,3.2,0.0,119,14,1,Normal Operations
2025-11-25 19:00:00,21.7,0.0,0.274,10.1,0.0,989,13,1,Normal Operations
2025-11-25 20:00:00,20.4,0.0,0.273,13.3,0.0,852,4,2,Normal Operations
2025-11-25 21:00:00,19.6,0.0,0.273,13.7,0.0,672,14,3,Normal Operations
2025-11-25 22:00:00,18.8,0.0,0.273,6.1,0.0,990,3,0,Normal Operations
2025-11-25 23:00:00,18.3,0.0,0.286,7.2,0.0,589,5,1,Normal Operations
2025-11-26 00:00:00,17.4,0.0,0.286,8.6,0.0,518,7,0,Normal Operations
2025-11-26 01:00:00,17.0,0.0,0.286,7.2,0.0,789,8,3,Normal Operations
2025-11-26 02:00:00,17.0,0.0,0.286,7.9,0.0,949,13,4,Normal Operations
2025-11-26 03:00:00,17.3,0.0,0.286,9.7,0.0,161,2,4,Normal Operations
2025-11-26 04:00:00,17.3,0.0,0.286,9.7,0.0,244,7,1,Normal Operations
2025-11-26 05:00:00,17.2,0.0,0.281,10.1,0.0,315,14,2,Normal Operations
2025-11-26 06:00:00,17.4,0.0,0.281,12.6,0.0,102,14,0,Normal Operations
2025-11-26 07:00:00,18.5,0.0,0.281,14.4,0.0,259,1,1,Normal Operations
2025-11-26 08:00:00,21.6,0.0,0.28,14.8,0.0,838,7,2,Normal Operations
2025-11-26 09:00:00,24.3,0.0,0.28,14.4,0.0,880,8,0,Normal Operations
2025-11-26 10:00:00,26.1,0.0,0.279,12.6,0.0,219,2,3,Normal Operations
2025-11-26 11:00:00,26.7,0.0,0.281,16.2,0.0,992,9,4,Normal Operations
2025-11-26 12:00:00,27.6,0.0,0.28,19.4,0.0,188,1,2,Normal Operations
2025-11-26 13:00:00,28.1,0.0,0.279,22.0,0.0,428,13,0,Normal Operations
2025-11-26 14:00:00,27.9,0.0,0.278,22.3,0.0,679,6,1,Normal Operations
2025-11-26 15:00:00,27.7,0.0,0.277,23.0,0.0,456,1,0,Normal Operations
2025-11-26 16:00:00,26.9,0.0,0.277,20.2,0.0,709,3,1,Normal Operations
2025-11-26 17:00:00,24.6,0.0,0.284,7.2,0.0,366,11,4,Normal Operations
2025-11-26 18:00:00,23.0,0.0,0.284,10.4,0.0,716,6,4,Normal Operations
2025-11-26 19:00:00,22.1,0.0,0.283,13.3,0.0,422,3,0,Normal Operations
2025-11-26 20:00:00,20.6,0.0,0.283,11.9,0.0,734,8,0,Normal Operations
2025-11-26 21:00:00,19.3,0.0,0.283,8.6,0.0,640,5,1,Normal Operations
2025-11-26 22:00:00,18.5,0.0,0.283,8.6,0.0,748,2,1,Normal Operations
2025-11-26 23:00:00,17.4,0.0,0.288,8.6,0.0,294,4,2,Normal Operations
2025-11-27 00:00:00,16.9,0.0,0.288,7.2,0.0,837,9,2,Normal Operations
2025-11-27 01:00:00,16.5,0.0,0.288,7.6,0.0,431,4,2,Normal Operations
2025-11-27 02:00:00,16.4,0.0,0.288,8.3,0.0,269,10,0,Normal Operations
2025-11-27 03:00:00,16.2,0.0,0.288,11.5,0.0,620,10,2,Normal Operations
2025-11-27 04:00:00,15.9,0.0,0.288,13.0,0.0,562,8,0,Normal Operations
2025-11-27 05:00:00,16.0,0.0,0.276,13.7,0.0,139,5,4,Normal Operations
2025-11-27 06:00:00,16.3,0.0,0.276,14.0,0.0,636,11,3,Normal Operations
2025-11-27 07:00:00,18.0,0.0,0.276,15.1,0.0,360,11,4,Normal Operations
2025-11-27 08:00:00,21.2,0.0,0.276,15.1,0.0,494,10,0,Normal Operations
2025-11-27 09:00:00,24.0,0.0,0.275,12.2,0.0,325,13,0,Normal Operations
2025-11-27 10:00:00,25.9,0.0,0.275,14.8,0.0,223,13,3,Normal Operations
2025-11-27 11:00:00,27.2,0.0,0.282,21.2,0.0,137,14,1,Normal Operations
2025-11-27 12:00:00,28.1,0.0,0.281,25.9,0.0,427,15,1,Normal Operations
2025-11-27 13:00:00,28.4,0.0,0.279,30.2,0.0,350,1,1,Normal Operations
2025-11-27 14:00:00,28.2,0.0,0.278,31.3,0.0,1000,7,2,Normal Operations
2025-11-27 15:00:00,27.8,0.0,0.277,29.9,0.0,275,3,1,Normal Operations
2025-11-27 16:00:00,26.6,0.0,0.277,23.4,0.0,701,10,2,Normal Operations
2025-11-27 17:00:00,23.4,0.0,0.279,14.4,0.0,553,8,2,Normal Operations
2025-11-27 18:00:00,22.1,0.0,0.279,16.6,0.0,136,14,1,Normal Operations
2025-11-27 19:00:00,20.8,0.0,0.279,17.6,0.0,415,12,1,Normal Operations
2025-11-27 20:00:00,19.7,0.0,0.278,16.6,0.0,787,3,3,Normal Operations
2025-11-27 21:00:00,18.9,0.0,0.278,16.9,0.0,895,1,3,Normal Operations
2025-11-27 22:00:00,17.8,0.0,0.278,16.9,0.0,692,5,2,Normal Operations
2025-11-27 23:00:00,15.9,0.0,0.286,15.8,0.0,213,2,3,Normal Operations
2025-11-28 00:00:00,14.8,0.0,0.286,13.3,0.0,139,11,2,Normal Operations
2025-11-28 01:00:00,14.0,0.0,0.286,13.0,0.0,400,4,0,Normal Operations
2025-11-28 02:00:00,13.3,0.0,0.286,13.3,0.0,323,1,2,Normal Operations
2025-11-28 03:00:00,12.8,0.0,0.286,14.8,0.0,417,9,2,Normal Operations
2025-11-28 04:00:00,12.4,0.0,0.286,15.5,0.0,448,6,3,Normal Operations
2025-11-28 05:00:00,11.8,0.0,0.271,16.9,0.0,214,8,0,Normal Operations
2025-11-28 06:00:00,12.1,0.0,0.271,16.2,0.0,797,11,4,Normal Operations
2025-11-28 07:00:00,13.7,0.0,0.271,15.1,0.0,422,4,4,Normal Operations
2025-11-28 08:00:00,17.5,0.0,0.271,14.8,0.0,667,9,4,Normal Operations
2025-11-28 09:00:00,20.9,0.0,0.27,14.0,0.0,139,2,0,Normal Operations
2025-11-28 10:00:00,22.9,0.0,0.27,15.1,0.0,965,9,1,Normal Operations
2025-11-28 11:00:00,24.1,0.0,0.271,16.6,0.0,139,12,0,Normal Operations
2025-11-28 12:00:00,25.1,0.0,0.271,19.1,0.0,958,5,3,Normal Operations
2025-11-28 13:00:00,25.6,0.0,0.27,21.2,0.0,848,13,2,Normal Operations
2025-11-28 14:00:00,25.9,0.0,0.269,22.0,0.0,388,6,2,Normal Operations
2025-11-28 15:00:00,25.9,0.0,0.268,22.0,0.0,361,3,3,Normal Operations
2025-11-28 16:00:00,24.5,0.0,0.268,21.2,0.0,315,4,3,Normal Operations
2025-11-28 17:00:00,20.8,0.0,0.265,15.8,0.0,246,6,2,Normal Operations
2025-11-28 18:00:00,19.3,0.0,0.265,10.1,0.0,435,7,1,Normal Operations
2025-11-28 19:00:00,18.5,0.0,0.265,14.0,0.0,267,1,1,Normal Operations
2025-11-28 20:00:00,17.4,0.0,0.265,13.7,0.0,191,7,1,Normal Operations
2025-11-28 21:00:00,17.1,0.0,0.265,15.1,0.0,452,1,3,Normal Operations
2025-11-28 22:00:00,16.0,0.0,0.265,14.4,0.0,670,5,2,Normal Operations
2025-11-28 23:00:00,14.2,0.0,0.265,11.9,0.0,670,6,2,Normal Operations
2025-11-29 00:00:00,13.2,0.0,0.265,11.2,0.0,915,13,2,Normal Operations
2025-11-29 01:00:00,12.7,0.0,0.265,11.2,0.0,780,2,0,Normal Operations
2025-11-29 02:00:00,12.3,0.0,0.265,12.2,0.0,880,15,0,Normal Operations
2025-11-29 03:00:00,12.1,0.0,0.265,14.4,0.0,462,15,4,Normal Operations
2025-11-29 04:00:00,11.9,0.0,0.265,15.1,0.0,656,13,0,Normal Operations
2025-11-29 05:00:00,11.4,0.0,0.257,15.5,0.0,444,10,1,Normal Operations
2025-11-29 06:00:00,11.7,0.0,0.257,15.1,0.0,792,9,1,Normal Operations
2025-11-29 07:00:00,13.5,0.0,0.257,16.2,0.0,269,14,1,Normal Operations
2025-11-29 08:00:00,17.5,0.0,0.257,16.6,0.0,455,10,1,Normal Operations
2025-11-29 09:00:00,20.9,0.0,0.257,16.2,0.0,290,6,4,Normal Operations
2025-11-29 10:00:00,23.1,0.0,0.256,16.9,0.0,766,7,1,Normal Operations
2025-11-29 11:00:00,24.4,0.0,0.262,17.6,0.0,521,14,3,Normal Operations
2025-11-29 12:00:00,25.3,0.0,0.261,20.2,0.0,799,15,3,Normal Operations
2025-11-29 13:00:00,25.9,0.0,0.261,22.0,0.0,106,10,3,Normal Operations
2025-11-29 14:00:00,26.2,0.0,0.26,22.0,0.0,232,15,0,Normal Operations
2025-11-29 15:00:00,26.3,0.0,0.26,21.2,0.0,846,8,2,Normal Operations
2025-11-29 16:00:00,25.0,0.0,0.259,19.8,0.0,656,11,4,Normal Operations
2025-11-29 17:00:00,21.0,0.0,0.256,15.1,0.0,925,15,3,Normal Operations
2025-11-29 18:00:00,19.5,0.0,0.256,10.8,0.0,860,13,3,Normal Operations
2025-11-29 19:00:00,19.0,0.0,0.256,13.3,0.0,130,10,1,Normal Operations
2025-11-29 20:00:00,17.7,0.0,0.256,13.0,0.0,634,1,3,Normal Operations
2025-11-29 21:00:00,17.1,0.0,0.256,14.0,0.0,525,14,1,Normal Operations
2025-11-29 22:00:00,16.1,0.0,0.256,13.7,0.0,493,8,1,Normal Operations
2025-11-29 23:00:00,15.0,0.0,0.256,12.6,0.0,771,4,2,Normal Operations
2025-11-30 00:00:00,14.2,0.0,0.256,14.0,0.0,462,10,0,Normal Operations
2025-11-30 01:00:00,13.7,0.0,0.256,14.8,0.0,536,8,1,Normal Operations
2025-11-30 02:00:00,13.5,0.0,0.256,16.6,0.0,769,13,1,Normal Operations
2025-11-30 03:00:00,13.1,0.0,0.256,16.6,0.0,650,15,2,Normal Operations
2025-11-30 04:00:00,12.5,0.0,0.256,14.4,0.0,181,6,1,Normal Operations
2025-11-30 05:00:00,12.0,0.0,0.255,14.0,0.0,455,11,4,Normal Operations
2025-11-30 06:00:00,12.6,0.0,0.255,15.8,0.0,357,9,0,Normal Operations
2025-11-30 07:00:00,14.0,0.0,0.255,19.8,0.0,817,11,4,Normal Operations
2025-11-30 08:00:00,17.6,0.0,0.255,20.2,0.0,688,4,3,Normal Operations
2025-11-30 09:00:00,21.4,0.0,0.255,20.2,0.0,623,2,0,Normal Operations
2025-11-30 10:00:00,23.8,0.0,0.255,20.5,0.0,394,14,3,Normal Operations
2025-11-30 11:00:00,25.0,0.0,0.254,18.0,0.0,323,2,1,Normal Operations
2025-11-30 12:00:00,26.0,0.0,0.253,18.0,0.0,624,5,2,Normal Operations
2025-11-30 13:00:00,26.3,0.0,0.253,19.4,0.0,145,10,4,Normal Operations
2025-11-30 14:00:00,26.3,0.0,0.252,20.5,0.0,766,9,3,Normal Operations
2025-11-30 15:00:00,26.0,0.0,0.252,20.5,0.0,212,12,1,Normal Operations
2025-11-30 16:00:00,24.8,0.0,0.251,19.1,0.0,332,3,4,Normal Operations
2025-11-30 17:00:00,22.5,0.0,0.251,13.3,0.0,116,8,4,Normal Operations
2025-11-30 18:00:00,20.7,0.0,0.251,5.4,0.0,459,4,3,Normal Operations
2025-11-30 19:00:00,19.8,0.0,0.251,9.4,0.0,322,6,1,Normal Operations
2025-11-30 20:00:00,18.3,0.0,0.251,12.2,0.0,965,10,2,Normal Operations
2025-11-30 21:00:00,17.5,0.0,0.251,12.6,0.0,799,6,3,Normal Operations
2025-11-30 22:00:00,17.3,0.0,0.251,10.4,0.0,547,3,4,Normal Operations
2025-11-30 23:00:00,16.4,0.0,0.251,9.4,0.0,955,14,4,Normal Operations
2025-12-01 00:00:00,16.1,0.0,0.251,8.3,0.0,464,5,0,Normal Operations
2025-12-01 01:00:00,15.4,0.0,0.251,8.6,0.0,774,12,1,Normal Operations
2025-12-01 02:00:00,14.8,0.0,0.251,5.4,0.0,425,3,0,Normal Operations
2025-12-01 03:00:00,14.3,0.0,0.251,9.4,0.0,566,11,2,Normal Operations
2025-12-01 04:00:00,13.9,0.0,0.251,15.5,0.0,513,15,3,Normal Operations
2025-12-01 05:00:00,13.8,0.0,0.255,16.6,0.0,554,11,4,Normal Operations
2025-12-01 06:00:00,14.1,0.0,0.255,15.8,0.0,685,15,1,Normal Operations
2025-12-01 07:00:00,15.2,0.0,0.255,15.8,0.0,332,1,4,Normal Operations
2025-12-01 08:00:00,18.3,0.0,0.254,19.1,0.0,323,7,0,Normal Operations
2025-12-01 09:00:00,21.9,0.0,0.254,19.1,0.0,930,4,0,Normal Operations
2025-12-01 10:00:00,24.4,0.0,0.254,18.0,0.0,511,14,3,Normal Operations
2025-12-01 11:00:00,25.7,0.0,0.259,16.6,0.0,671,7,1,Normal Operations
2025-12-01 12:00:00,26.7,0.0,0.258,18.7,0.0,434,3,1,Normal Operations
2025-12-01 13:00:00,26.9,0.0,0.257,21.2,0.0,321,12,3,Normal Operations
2025-12-01 14:00:00,26.9,0.0,0.256,21.2,0.0,136,15,0,Normal Operations
2025-12-01 15:00:00,26.7,0.0,0.256,20.2,0.0,377,15,0,Normal Operations
2025-12-01 16:00:00,25.3,0.0,0.255,18.0,0.0,295,11,0,Normal Operations
2025-12-01 17:00:00,22.2,0.0,0.251,10.8,0.0,963,5,4,Normal Operations
2025-12-01 18:00:00,21.3,0.0,0.251,6.8,0.0,583,5,2,Normal Operations
2025-12-01 19:00:00,19.8,0.0,0.251,10.4,0.0,341,15,0,Normal Operations
2025-12-01 20:00:00,18.6,0.0,0.251,14.8,0.0,423,13,2,Normal Operations
2025-12-01 21:00:00,17.6,0.0,0.251,14.8,0.0,830,2,2,Normal Operations
2025-12-01 22:00:00,16.9,0.0,0.251,13.7,0.0,291,11,1,Normal Operations
2025-12-01 23:00:00,16.0,0.0,0.263,11.9,0.0,116,10,3,Normal Operations
2025-12-02 00:00:00,15.1,0.0,0.263,11.2,0.0,623,12,4,Normal Operations
2025-12-02 01:00:00,14.8,0.0,0.263,11.2,0.0,500,2,2,Normal Operations
2025-12-02 02:00:00,14.5,0.0,0.263,10.4,0.0,985,4,4,Normal Operations
2025-12-02 03:00:00,14.3,0.0,0.263,11.9,0.0,804,15,1,Normal Operations
2025-12-02 04:00:00,14.3,0.0,0.263,15.5,0.0,121,4,0,Normal Operations
2025-12-02 05:00:00,14.1,0.0,0.248,15.8,0.0,573,4,2,Normal Operations
2025-12-02 06:00:00,13.9,0.0,0.248,16.9,0.0,219,6,3,Normal Operations
2025-12-02 07:00:00,14.9,0.0,0.248,19.1,0.0,309,2,1,Normal Operations
2025-12-02 08:00:00,18.5,0.0,0.248,19.1,0.0,405,6,4,Normal Operations
2025-12-02 09:00:00,22.1,0.0,0.248,17.3,0.0,369,7,0,Normal Operations
2025-12-02 10:00:00,24.5,0.0,0.248,17.3,0.0,803,11,4,Normal Operations
2025-12-02 11:00:00,25.9,0.0,0.257,18.7,0.0,786,10,3,Normal Operations
2025-12-02 12:00:00,26.9,0.0,0.256,20.5,0.0,384,3,2,Normal Operations
2025-12-02 13:00:00,27.3,0.0,0.256,21.6,0.0,815,11,3,Normal Operations
2025-12-02 14:00:00,27.5,0.0,0.255,21.6,0.0,775,12,4,Normal Operations
2025-12-02 15:00:00,27.0,0.0,0.254,19.8,0.0,862,8,4,Normal Operations
2025-12-02 16:00:00,25.5,0.0,0.254,18.4,0.0,326,2,3,Normal Operations
2025-12-02 17:00:00,22.0,0.0,0.252,13.7,0.0,480,11,3,Normal Operations
2025-12-02 18:00:00,20.4,0.0,0.252,13.7,0.0,559,8,3,Normal Operations
2025-12-02 19:00:00,18.8,0.0,0.252,12.6,0.0,106,13,0,Normal Operations
2025-12-02 20:00:00,17.4,0.0,0.252,13.0,0.0,128,11,4,Normal Operations
2025-12-02 21:00:00,16.2,0.0,0.252,12.2,0.0,132,5,1,Normal Operations
2025-12-02 22:00:00,15.3,0.0,0.252,12.2,0.0,745,2,0,Normal Operations
2025-12-02 23:00:00,14.7,0.0,0.252,10.8,0.0,978,7,0,Normal Operations
2025-12-03 00:00:00,13.9,0.0,0.252,11.2,0.0,178,14,0,Normal Operations
2025-12-03 01:00:00,13.7,0.0,0.252,13.0,0.0,558,2,1,Normal Operations
2025-12-03 02:00:00,14.0,0.0,0.252,16.9,0.0,669,14,3,Normal Operations
2025-12-03 03:00:00,13.9,0.0,0.252,16.9,0.0,637,6,4,Normal Operations
2025-12-03 04:00:00,13.5,0.0,0.252,18.4,0.0,581,10,2,Normal Operations
2025-12-03 05:00:00,12.8,0.0,0.244,18.4,0.0,529,3,2,Normal Operations
2025-12-03 06:00:00,13.1,0.0,0.244,16.9,0.0,837,9,4,Normal Operations
2025-12-03 07:00:00,14.4,0.0,0.244,14.8,0.0,384,3,1,Normal Operations
2025-12-03 08:00:00,17.9,0.0,0.244,15.1,0.0,615,11,2,Normal Operations
2025-12-03 09:00:00,21.9,0.0,0.244,14.8,0.0,198,15,0,Normal Operations
2025-12-03 10:00:00,24.3,0.0,0.244,14.0,0.0,496,12,2,Normal Operations
2025-12-03 11:00:00,25.2,0.0,0.256,13.7,0.0,588,12,4,Normal Operations
2025-12-03 12:00:00,26.4,0.0,0.255,15.1,0.0,138,3,0,Normal Operations
2025-12-03 13:00:00,26.9,0.0,0.254,16.9,0.0,370,5,2,Normal Operations
2025-12-03 14:00:00,27.1,0.0,0.254,17.6,0.0,986,7,4,Normal Operations
2025-12-03 15:00:00,27.0,0.0,0.253,17.6,0.0,896,14,1,Normal Operations
2025-12-03 16:00:00,25.7,0.0,0.253,16.6,0.0,256,8,4,Normal Operations
2025-12-03 17:00:00,22.0,0.0,0.247,11.2,0.0,174,12,1,Normal Operations
2025-12-03 18:00:00,20.1,0.0,0.247,9.4,0.0,983,11,0,Normal Operations
2025-12-03 19:00:00,18.7,0.0,0.247,12.2,0.0,899,7,4,Normal Operations
2025-12-03 20:00:00,17.5,0.0,0.247,15.8,0.0,229,9,3,Normal Operations
2025-12-03 21:00:00,17.0,0.0,0.247,16.2,0.0,786,5,3,Normal Operations
2025-12-03 22:00:00,15.8,0.0,0.247,12.2,0.0,183,10,3,Normal Operations
2025-12-03 23:00:00,15.1,0.0,0.247,10.1,0.0,121,11,3,Normal Operations
2025-12-04 00:00:00,14.7,0.0,0.247,10.8,0.0,558,15,3,Normal Operations
2025-12-04 01:00:00,14.4,0.0,0.247,11.5,0.0,638,3,1,Normal Operations
2025-12-04 02:00:00,13.7,0.0,0.247,13.3,0.0,806,6,4,Normal Operations
2025-12-04 03:00:00,13.4,0.0,0.247,14.8,0.0,948,5,0,Normal Operations
2025-12-04 04:00:00,13.0,0.0,0.247,15.8,0.0,481,12,3,Normal Operations
2025-12-04 05:00:00,12.4,0.0,0.247,15.8,0.0,847,4,3,Normal Operations
2025-12-04 06:00:00,12.5,0.0,0.247,15.5,0.0,539,12,0,Normal Operations
2025-12-04 07:00:00,13.8,0.0,0.247,16.2,0.0,703,2,0,Normal Operations
2025-12-04 08:00:00,17.2,0.0,0.247,16.2,0.0,120,7,3,Normal Operations
2025-12-04 09:00:00,20.8,0.0,0.247,13.7,0.0,402,13,1,Normal Operations
2025-12-04 10:00:00,23.4,0.0,0.247,14.8,0.0,968,5,0,Normal Operations
2025-12-04 11:00:00,24.8,0.0,0.246,14.8,0.0,183,4,4,Normal Operations
2025-12-04 12:00:00,26.1,0.0,0.246,14.8,0.0,873,12,4,Normal Operations
2025-12-04 13:00:00,26.7,0.0,0.246,15.8,0.0,758,14,1,Normal Operations
2025-12-04 14:00:00,27.1,0.0,0.245,17.6,0.0,552,8,2,Normal Operations
2025-12-04 15:00:00,26.7,0.0,0.245,19.4,0.0,486,9,1,Normal Operations
2025-12-04 16:00:00,25.2,0.0,0.245,19.4,0.0,606,9,3,Normal Operations
2025-12-04 17:00:00,21.9,0.0,0.245,15.1,0.0,356,3,2,Normal Operations
2025-12-04 18:00:00,20.5,0.0,0.244,16.2,0.0,669,3,3,Normal Operations
2025-12-04 19:00:00,19.1,0.0,0.244,15.8,0.0,991,5,4,Normal Operations
2025-12-04 20:00:00,17.7,0.0,0.244,15.8,0.0,626,5,0,Normal Operations
2025-12-04 21:00:00,17.4,0.0,0.244,19.8,0.0,261,10,3,Normal Operations
2025-12-04 22:00:00,16.7,0.0,0.244,20.2,0.0,262,2,4,Normal Operations
2025-12-04 23:00:00,15.2,0.0,0.244,14.4,0.0,931,1,1,Normal Operations
2025-12-05 00:00:00,14.5,0.0,0.244,11.9,0.0,892,8,3,Normal Operations
2025-12-05 01:00:00,14.0,0.0,0.244,14.0,0.0,891,3,4,Normal Operations
2025-12-05 02:00:00,13.5,0.0,0.244,16.6,0.0,623,1,0,Normal Operations
2025-12-05 03:00:00,13.1,0.0,0.244,16.9,0.0,885,1,3,Normal Operations
2025-12-05 04:00:00,12.7,0.0,0.245,16.9,0.0,370,11,4,Normal Operations
2025-12-05 05:00:00,12.2,0.0,0.245,16.6,0.0,591,15,3,Normal Operations
2025-12-05 06:00:00,12.3,0.0,0.245,15.5,0.0,307,2,0,Normal Operations
2025-12-05 07:00:00,13.7,0.0,0.245,18.0,0.0,638,6,3,Normal Operations
2025-12-05 08:00:00,17.3,0.0,0.245,18.0,0.0,683,6,3,Normal Operations
2025-12-05 09:00:00,21.0,0.0,0.244,15.1,0.0,159,14,4,Normal Operations
2025-12-05 10:00:00,23.6,0.0,0.244,17.6,0.0,529,3,2,Normal Operations
2025-12-05 11:00:00,25.0,0.0,0.244,19.8,0.0,756,12,3,Normal Operations
2025-12-05 12:00:00,26.1,0.0,0.244,22.0,0.0,704,4,2,Normal Operations
2025-12-05 13:00:00,26.5,0.0,0.243,22.7,0.0,408,12,1,Normal Operations
2025-12-05 14:00:00,26.6,0.0,0.243,22.7,0.0,619,13,3,Normal Operations
2025-12-05 15:00:00,26.2,0.0,0.243,23.4,0.0,690,2,2,Normal Operations
2025-12-05 16:00:00,24.7,0.0,0.243,23.4,0.0,126,2,1,Normal Operations
2025-12-05 17:00:00,21.5,0.0,0.243,18.7,0.0,785,15,4,Normal Operations
2025-12-05 18:00:00,20.0,0.0,0.242,15.8,0.0,661,7,3,Normal Operations
2025-12-05 19:00:00,18.5,0.0,0.242,16.2,0.0,298,13,4,Normal Operations
2025-12-05 20:00:00,17.5,0.0,0.242,18.4,0.0,486,1,1,Normal Operations
2025-12-05 21:00:00,16.9,0.0,0.242,20.9,0.0,448,7,4,Normal Operations
2025-12-05 22:00:00,16.2,0.0,0.242,20.9,0.0,792,14,4,Normal Operations
2025-12-05 23:00:00,15.3,0.0,0.242,19.4,0.0,635,12,0,Normal Operations
2025-12-06 00:00:00,14.1,0.0,0.242,17.3,0.0,927,14,1,Normal Operations
2025-12-06 01:00:00,13.2,0.0,0.242,16.9,0.0,477,12,4,Normal Operations
2025-12-06 02:00:00,12.4,0.0,0.242,16.9,0.0,998,14,2,Normal Operations
2025-12-06 03:00:00,11.9,0.0,0.242,17.6,0.0,657,1,1,Normal Operations
2025-12-06 04:00:00,11.4,0.0,0.242,18.0,0.0,626,14,0,Normal Operations
2025-12-06 05:00:00,11.3,0.0,0.242,18.4,0.0,252,6,3,Normal Operations
2025-12-06 06:00:00,11.3,0.0,0.242,19.4,0.0,833,3,4,Normal Operations
2025-12-06 07:00:00,12.4,0.0,0.242,18.7,0.0,305,8,2,Normal Operations
2025-12-06 08:00:00,15.8,0.0,0.242,19.1,0.0,554,6,0,Normal Operations
2025-12-06 09:00:00,19.4,0.0,0.242,15.5,0.0,372,11,1,Normal Operations
2025-12-06 10:00:00,22.0,0.0,0.242,16.9,0.0,993,2,4,Normal Operations
2025-12-06 11:00:00,23.5,0.0,0.242,18.4,0.0,335,8,0,Normal Operations
2025-12-06 12:00:00,24.7,0.0,0.242,19.1,0.0,951,5,0,Normal Operations
2025-12-06 13:00:00,25.4,0.0,0.241,20.2,0.0,839,8,2,Normal Operations
2025-12-06 14:00:00,25.7,0.0,0.241,22.3,0.0,620,8,3,Normal Operations
2025-12-06 15:00:00,25.4,0.0,0.241,22.7,0.0,777,6,3,Normal Operations
2025-12-06 16:00:00,23.9,0.0,0.241,22.3,0.0,930,2,3,Normal Operations
2025-12-06 17:00:00,20.7,0.0,0.241,16.2,0.0,825,8,1,Normal Operations
2025-12-06 18:00:00,18.9,0.0,0.241,13.0,0.0,600,15,0,Normal Operations
2025-12-06 19:00:00,17.1,0.0,0.241,14.8,0.0,216,15,1,Normal Operations
2025-12-06 20:00:00,16.7,0.0,0.241,19.8,0.0,485,11,0,Normal Operations
2025-12-06 21:00:00,16.7,0.0,0.241,22.3,0.0,443,6,2,Normal Operations
2025-12-06 22:00:00,16.0,0.0,0.241,23.0,0.0,683,6,2,Normal Operations
2025-12-06 23:00:00,14.8,0.0,0.241,22.3,0.0,494,8,1,Normal Operations
2025-12-07 00:00:00,13.8,0.0,0.241,20.2,0.0,163,1,1,Normal Operations
2025-12-07 01:00:00,12.9,0.0,0.241,15.5,0.0,816,2,2,Normal Operations
2025-12-07 02:00:00,12.2,0.0,0.241,18.4,0.0,820,12,4,Normal Operations
2025-12-07 03:00:00,11.5,0.0,0.241,18.4,0.0,171,12,3,Normal Operations
2025-12-07 04:00:00,11.1,0.0,0.241,16.6,0.0,888,9,3,Normal Operations
2025-12-07 05:00:00,10.3,0.0,0.241,13.0,0.0,373,11,2,Normal Operations
2025-12-07 06:00:00,10.2,0.0,0.241,7.6,0.0,419,12,3,Normal Operations
2025-12-07 07:00:00,11.4,0.0,0.241,17.3,0.0,437,8,4,Normal Operations
2025-12-07 08:00:00,15.5,0.0,0.241,18.0,0.0,465,12,4,Normal Operations
2025-12-07 09:00:00,19.2,0.0,0.241,15.8,0.0,594,7,0,Normal Operations
2025-12-07 10:00:00,22.1,0.0,0.241,16.6,0.0,706,7,1,Normal Operations
2025-12-07 11:00:00,24.1,0.0,0.241,18.0,0.0,265,5,3,Normal Operations
2025-12-07 12:00:00,25.9,0.0,0.241,18.4,0.0,643,2,4,Normal Operations
2025-12-07 13:00:00,27.2,0.0,0.24,19.1,0.0,110,11,1,Normal Operations
2025-12-07 14:00:00,28.0,0.0,0.24,21.2,0.0,400,6,1,Normal Operations
2025-12-07 15:00:00,27.6,0.0,0.24,22.0,0.0,828,10,0,Normal Operations
2025-12-07 16:00:00,25.4,0.0,0.24,21.6,0.0,900,3,1,Normal Operations
2025-12-07 17:00:00,22.9,0.0,0.24,17.3,0.0,201,4,1,Normal Operations
2025-12-07 18:00:00,20.9,0.0,0.24,16.9,0.0,524,13,2,Normal Operations
2025-12-07 19:00:00,19.2,0.0,0.24,18.0,0.0,491,10,0,Normal Operations
2025-12-07 20:00:00,18.9,0.0,0.24,20.2,0.0,878,12,0,Normal Operations
2025-12-07 21:00:00,18.1,0.0,0.24,20.9,0.0,313,11,3,Normal Operations
2025-12-07 22:00:00,16.8,0.0,0.24,19.4,0.0,790,2,1,Normal Operations
2025-12-07 23:00:00,15.2,0.0,0.24,14.8,0.0,187,14,3,Normal Operations
2025-12-08 00:00:00,13.6,0.0,0.24,14.0,0.0,652,2,4,Normal Operations
2025-12-08 01:00:00,12.4,0.0,0.24,14.4,0.0,500,12,1,Normal Operations
2025-12-08 02:00:00,11.7,0.0,0.24,14.4,0.0,687,8,4,Normal Operations
2025-12-08 03:00:00,11.3,0.0,0.24,15.5,0.0,988,8,2,Normal Operations
2025-12-08 04:00:00,11.1,0.0,0.24,16.9,0.0,145,10,1,Normal Operations
2025-12-08 05:00:00,10.9,0.0,0.24,19.4,0.0,771,6,3,Normal Operations
2025-12-08 06:00:00,11.6,0.0,0.24,20.5,0.0,562,13,3,Normal Operations
2025-12-08 07:00:00,13.1,0.0,0.24,20.2,0.0,691,5,1,Normal Operations
2025-12-08 08:00:00,16.9,0.0,0.24,19.1,0.0,409,8,3,Normal Operations
2025-12-08 09:00:00,20.5,0.0,0.24,17.3,0.0,185,4,1,Normal Operations
2025-12-08 10:00:00,23.5,0.0,0.24,20.5,0.0,191,11,0,Normal Operations
2025-12-08 11:00:00,26.0,0.0,0.24,20.9,0.0,759,4,3,Normal Operations
2025-12-08 12:00:00,27.8,0.0,0.24,21.2,0.0,772,5,1,Normal Operations
2025-12-08 13:00:00,28.6,0.0,0.24,23.4,0.0,813,1,1,Normal Operations
2025-12-08 14:00:00,28.5,0.0,0.24,25.9,0.0,341,1,3,Normal Operations
2025-12-08 15:00:00,27.9,0.0,0.239,25.9,0.0,964,2,0,Normal Operations
2025-12-08 16:00:00,25.8,0.0,0.239,23.0,0.0,101,14,3,Normal Operations
2025-12-08 17:00:00,21.6,0.0,0.239,11.9,0.0,324,8,1,Normal Operations
2025-12-08 18:00:00,20.2,0.0,0.239,15.5,0.0,900,7,0,Normal Operations
2025-12-08 19:00:00,19.7,0.0,0.239,20.2,0.0,844,15,4,Normal Operations
2025-12-08 20:00:00,18.4,0.0,0.239,19.8,0.0,688,15,2,Normal Operations
2025-12-08 21:00:00,16.9,0.0,0.239,16.9,0.0,215,10,3,Normal Operations
2025-12-08 22:00:00,15.4,0.0,0.239,16.2,0.0,765,9,1,Normal Operations
2025-12-08 23:00:00,14.3,0.0,0.239,16.9,0.0,202,5,0,Normal Operations
2025-12-09 00:00:00,13.1,0.0,0.239,18.0,0.0,293,2,0,Normal Operations
2025-12-09 01:00:00,12.9,0.0,0.239,19.4,0.0,265,7,4,Normal Operations
2025-12-09 02:00:00,12.7,0.0,0.239,20.9,0.0,970,15,3,Normal Operations
2025-12-09 03:00:00,12.6,0.0,0.239,20.9,0.0,189,8,0,Normal Operations
2025-12-09 04:00:00,11.9,0.0,0.239,17.3,0.0,785,12,4,Normal Operations
2025-12-09 05:00:00,11.0,0.0,0.25,12.2,0.0,221,7,1,Normal Operations
2025-12-09 06:00:00,11.3,0.0,0.25,11.5,0.0,242,14,4,Normal Operations
2025-12-09 07:00:00,13.0,0.0,0.25,14.0,0.0,205,7,3,Normal Operations
2025-12-09 08:00:00,16.9,0.0,0.249,16.6,0.0,986,12,4,Normal Operations
2025-12-09 09:00:00,20.7,0.0,0.249,18.7,0.0,527,15,0,Normal Operations
2025-12-09 10:00:00,23.5,0.0,0.249,23.8,0.0,404,14,0,Normal Operations
2025-12-09 11:00:00,25.9,0.0,0.249,27.7,0.0,971,5,2,Normal Operations
2025-12-09 12:00:00,27.4,0.0,0.248,29.9,0.0,416,2,4,Normal Operations
2025-12-09 13:00:00,28.1,0.0,0.247,30.2,0.0,734,6,1,Normal Operations
2025-12-09 14:00:00,28.3,0.0,0.247,29.5,0.0,108,4,3,Normal Operations
2025-12-09 15:00:00,27.6,0.0,0.247,28.1,0.0,873,10,2,Normal Operations
2025-12-09 16:00:00,25.5,0.0,0.246,24.5,0.0,172,2,4,Normal Operations
2025-12-09 17:00:00,21.7,0.0,0.239,12.2,0.0,458,12,1,Normal Operations
2025-12-09 18:00:00,20.1,0.0,0.239,14.8,0.0,322,9,2,Normal Operations
2025-12-09 19:00:00,18.8,0.0,0.239,19.4,0.0,515,7,0,Normal Operations
2025-12-09 20:00:00,18.0,0.0,0.239,20.5,0.0,652,6,3,Normal Operations
2025-12-09 21:00:00,16.9,0.0,0.239,20.5,0.0,469,12,4,Normal Operations
2025-12-09 22:00:00,15.9,0.0,0.239,20.5,0.0,815,5,1,Normal Operations
2025-12-09 23:00:00,15.3,0.0,0.239,20.9,0.0,363,3,0,Normal Operations
2025-12-10 00:00:00,14.2,0.0,0.239,21.6,0.0,939,12,2,Normal Operations
2025-12-10 01:00:00,13.6,0.0,0.239,22.7,0.0,789,15,3,Normal Operations
2025-12-10 02:00:00,13.2,0.0,0.239,23.0,0.0,959,15,2,Normal Operations
2025-12-10 03:00:00,12.8,0.0,0.239,22.7,0.0,417,10,2,Normal Operations
2025-12-10 04:00:00,12.2,0.0,0.239,21.2,0.0,183,10,1,Normal Operations
2025-12-10 05:00:00,11.4,0.0,0.254,19.1,0.0,417,4,0,Normal Operations
2025-12-10 06:00:00,11.4,0.0,0.254,18.0,0.0,210,3,4,Normal Operations
2025-12-10 07:00:00,12.5,0.0,0.254,16.2,0.0,350,12,1,Normal Operations
2025-12-10 08:00:00,16.3,0.0,0.254,16.9,0.0,482,11,3,Normal Operations
2025-12-10 09:00:00,20.3,0.0,0.254,14.0,0.0,106,8,2,Normal Operations
2025-12-10 10:00:00,23.4,0.0,0.253,17.3,0.0,558,3,3,Normal Operations
2025-12-10 11:00:00,25.6,0.0,0.257,23.0,0.0,183,7,1,Normal Operations
2025-12-10 12:00:00,26.9,0.0,0.257,24.5,0.0,307,7,1,Normal Operations
2025-12-10 13:00:00,27.3,0.0,0.256,24.5,0.0,999,7,4,Normal Operations
2025-12-10 14:00:00,27.3,0.0,0.255,23.4,0.0,489,13,2,Normal Operations
2025-12-10 15:00:00,26.9,0.0,0.254,20.2,0.0,413,7,1,Normal Operations
2025-12-10 16:00:00,24.9,0.0,0.254,15.1,0.0,121,14,3,Normal Operations
2025-12-10 17:00:00,21.4,0.0,0.239,11.5,0.0,509,2,4,Normal Operations
2025-12-10 18:00:00,19.8,0.0,0.239,16.9,0.0,994,10,3,Normal Operations
2025-12-10 19:00:00,18.6,0.0,0.239,18.0,0.0,614,3,2,Normal Operations
2025-12-10 20:00:00,17.6,0.0,0.239,17.3,0.0,226,10,4,Normal Operations
2025-12-10 21:00:00,16.9,0.0,0.239,19.8,0.0,908,9,4,Normal Operations
2025-12-10 22:00:00,16.3,0.0,0.239,22.3,0.0,799,3,4,Normal Operations
2025-12-10 23:00:00,15.7,0.0,0.239,22.7,0.0,973,2,0,Normal Operations
2025-12-11 00:00:00,14.6,0.0,0.239,22.0,0.0,113,9,4,Normal Operations
2025-12-11 01:00:00,13.4,0.0,0.239,20.5,0.0,111,13,3,Normal Operations
2025-12-11 02:00:00,12.7,0.0,0.239,18.0,0.0,186,10,3,Normal Operations
2025-12-11 03:00:00,11.8,0.0,0.239,17.3,0.0,623,9,2,Normal Operations
2025-12-11 04:00:00,10.6,0.0,0.239,12.2,0.0,636,4,1,Normal Operations
2025-12-11 05:00:00,10.0,0.0,0.248,10.1,0.0,400,14,1,Normal Operations
2025-12-11 06:00:00,10.0,0.0,0.248,12.2,0.0,342,12,0,Normal Operations
2025-12-11 07:00:00,11.4,0.0,0.248,13.7,0.0,221,9,4,Normal Operations
2025-12-11 08:00:00,15.5,0.0,0.247,13.7,0.0,246,3,0,Normal Operations
2025-12-11 09:00:00,19.4,0.0,0.247,13.0,0.0,666,7,2,Normal Operations
2025-12-11 10:00:00,22.3,0.0,0.247,17.6,0.0,849,7,2,Normal Operations
2025-12-11 11:00:00,24.4,0.0,0.244,18.4,0.0,455,15,1,Normal Operations
2025-12-11 12:00:00,26.0,0.0,0.244,15.5,0.0,784,11,2,Normal Operations
2025-12-11 13:00:00,26.7,0.0,0.244,18.4,0.0,832,8,4,Normal Operations
2025-12-11 14:00:00,27.0,0.0,0.243,18.7,0.0,730,10,3,Normal Operations
2025-12-11 15:00:00,26.7,0.0,0.243,18.0,0.0,408,15,2,Normal Operations
2025-12-11 16:00:00,25.2,0.0,0.243,16.6,0.0,794,4,0,Normal Operations
2025-12-11 17:00:00,22.1,0.0,0.238,9.4,0.0,387,3,4,Normal Operations
2025-12-11 18:00:00,20.9,0.0,0.238,10.4,0.0,406,3,2,Normal Operations
2025-12-11 19:00:00,19.1,0.0,0.238,14.0,0.0,911,15,2,Normal Operations
2025-12-11 20:00:00,17.5,0.0,0.238,14.4,0.0,693,12,4,Normal Operations
2025-12-11 21:00:00,16.9,0.0,0.238,18.4,0.0,822,5,2,Normal Operations
2025-12-11 22:00:00,16.5,0.0,0.238,18.4,0.0,761,11,3,Normal Operations
2025-12-11 23:00:00,15.4,0.0,0.238,18.0,0.0,648,15,1,Normal Operations
2025-12-12 00:00:00,13.3,0.0,0.238,13.3,0.0,451,14,4,Normal Operations
2025-12-12 01:00:00,12.2,0.0,0.238,9.7,0.0,411,1,0,Normal Operations
2025-12-12 02:00:00,11.4,0.0,0.239,9.0,0.0,972,10,2,Normal Operations
2025-12-12 03:00:00,11.1,0.0,0.239,9.7,0.0,158,3,1,Normal Operations
2025-12-12 04:00:00,11.0,0.0,0.239,12.2,0.0,742,14,0,Normal Operations
2025-12-12 05:00:00,10.5,0.0,0.239,14.4,0.0,813,6,0,Normal Operations
2025-12-12 06:00:00,10.8,0.0,0.239,16.2,0.0,854,3,3,Normal Operations
2025-12-12 07:00:00,12.1,0.0,0.239,17.6,0.0,134,5,1,Normal Operations
2025-12-12 08:00:00,15.9,0.0,0.239,18.0,0.0,544,9,4,Normal Operations
2025-12-12 09:00:00,19.7,0.0,0.239,14.4,0.0,192,2,1,Normal Operations
2025-12-12 10:00:00,22.8,0.0,0.239,17.3,0.0,306,11,1,Normal Operations
2025-12-12 11:00:00,24.7,0.0,0.239,17.6,0.0,452,2,0,Normal Operations
2025-12-12 12:00:00,26.1,0.0,0.238,16.9,0.0,431,12,3,Normal Operations
2025-12-12 13:00:00,26.7,0.0,0.238,18.7,0.0,916,6,3,Normal Operations
2025-12-12 14:00:00,27.0,0.0,0.238,21.2,0.0,961,6,1,Normal Operations
2025-12-12 15:00:00,26.6,0.0,0.238,23.4,0.0,824,11,1,Normal Operations
2025-12-12 16:00:00,25.1,0.0,0.238,23.4,0.0,258,11,2,Normal Operations
2025-12-12 17:00:00,22.4,0.0,0.238,16.9,0.0,123,8,0,Normal Operations
2025-12-12 18:00:00,20.4,0.0,0.238,14.4,0.0,503,12,4,Normal Operations
2025-12-12 19:00:00,18.3,0.0,0.238,15.8,0.0,904,13,4,Normal Operations
2025-12-12 20:00:00,17.5,0.0,0.238,16.6,0.0,615,11,3,Normal Operations
2025-12-12 21:00:00,17.4,0.0,0.238,18.4,0.0,831,14,0,Normal Operations
2025-12-12 22:00:00,16.6,0.0,0.238,18.4,0.0,463,2,3,Normal Operations
2025-12-12 23:00:00,15.4,0.0,0.238,17.3,0.0,481,9,4,Normal Operations
2025-12-13 00:00:00,13.8,0.0,0.238,16.6,0.0,631,15,1,Normal Operations
2025-12-13 01:00:00,12.7,0.0,0.238,14.4,0.0,251,2,0,Normal Operations
2025-12-13 02:00:00,12.2,0.0,0.238,12.6,0.0,661,13,0,Normal Operations
2025-12-13 03:00:00,11.7,0.0,0.238,12.6,0.0,788,1,2,Normal Operations
2025-12-13 04:00:00,11.2,0.0,0.238,13.0,0.0,707,10,1,Normal Operations
2025-12-13 05:00:00,10.6,0.0,0.238,13.0,0.0,716,2,1,Normal Operations
2025-12-13 06:00:00,10.5,0.0,0.239,12.6,0.0,519,12,3,Normal Operations
2025-12-13 07:00:00,11.4,0.0,0.239,12.2,0.0,349,7,0,Normal Operations
2025-12-13 08:00:00,15.8,0.0,0.239,13.3,0.0,216,8,3,Normal Operations
2025-12-13 09:00:00,19.9,0.0,0.239,12.6,0.0,965,5,1,Normal Operations
2025-12-13 10:00:00,22.7,0.0,0.238,12.6,0.0,611,6,2,Normal Operations
2025-12-13 11:00:00,24.3,0.0,0.238,14.4,0.0,839,12,0,Normal Operations
2025-12-13 12:00:00,25.8,0.0,0.238,16.6,0.0,677,1,1,Normal Operations
2025-12-13 13:00:00,26.5,0.0,0.238,16.9,0.0,434,15,2,Normal Operations
2025-12-13 14:00:00,26.8,0.0,0.238,16.6,0.0,517,6,4,Normal Operations
2025-12-13 15:00:00,26.6,0.0,0.238,18.7,0.0,873,12,1,Normal Operations
2025-12-13 16:00:00,25.1,0.0,0.238,18.7,0.0,394,15,4,Normal Operations
2025-12-13 17:00:00,22.2,0.0,0.238,12.2,0.0,854,8,3,Normal Operations
2025-12-13 18:00:00,20.7,0.0,0.238,14.0,0.0,470,13,4,Normal Operations
2025-12-13 19:00:00,18.8,0.0,0.238,15.1,0.0,285,3,1,Normal Operations
2025-12-13 20:00:00,18.4,0.0,0.238,18.4,0.0,345,11,4,Normal Operations
2025-12-13 21:00:00,18.1,0.0,0.238,19.1,0.0,736,1,0,Normal Operations
2025-12-13 22:00:00,17.1,0.0,0.238,20.2,0.0,367,11,1,Normal Operations
2025-12-13 23:00:00,16.0,0.0,0.238,20.2,0.0,742,4,2,Normal Operations
2025-12-14 00:00:00,14.8,0.0,0.238,18.0,0.0,336,1,4,Normal Operations
2025-12-14 01:00:00,14.0,0.0,0.238,16.9,0.0,629,14,0,Normal Operations
2025-12-14 02:00:00,13.2,0.0,0.238,15.8,0.0,651,8,3,Normal Operations
2025-12-14 03:00:00,12.4,0.0,0.238,13.3,0.0,120,5,3,Normal Operations
2025-12-14 04:00:00,11.7,0.0,0.238,11.9,0.0,836,1,4,Normal Operations
2025-12-14 05:00:00,10.8,0.0,0.238,12.2,0.0,966,14,3,Normal Operations
2025-12-14 06:00:00,10.8,0.0,0.238,14.4,0.0,893,8,2,Normal Operations
2025-12-14 07:00:00,11.6,0.0,0.238,14.8,0.0,619,9,1,Normal Operations
2025-12-14 08:00:00,15.8,0.0,0.238,14.8,0.0,199,10,0,Normal Operations
2025-12-14 09:00:00,19.8,0.0,0.238,13.3,0.0,851,2,4,Normal Operations
2025-12-14 10:00:00,22.6,0.0,0.238,13.3,0.0,577,9,3,Normal Operations
2025-12-14 11:00:00,23.9,0.0,0.238,15.1,0.0,698,8,1,Normal Operations
2025-12-14 12:00:00,25.0,0.0,0.238,17.3,0.0,397,7,2,Normal Operations
2025-12-14 13:00:00,25.6,0.0,0.238,17.3,0.0,625,3,3,Normal Operations
2025-12-14 14:00:00,25.9,0.0,0.238,17.6,0.0,433,2,3,Normal Operations
2025-12-14 15:00:00,25.6,0.0,0.238,17.6,0.0,101,7,0,Normal Operations
2025-12-14 16:00:00,24.6,0.0,0.238,16.6,0.0,474,15,2,Normal Operations
2025-12-14 17:00:00,21.5,0.0,0.238,11.2,0.0,392,5,2,Normal Operations
2025-12-14 18:00:00,20.6,0.0,0.238,13.0,0.0,936,6,4,Normal Operations
2025-12-14 19:00:00,19.0,0.0,0.238,16.9,0.0,652,4,0,Normal Operations
2025-12-14 20:00:00,18.2,0.0,0.238,17.6,0.0,417,2,4,Normal Operations
2025-12-14 21:00:00,17.5,0.0,0.238,18.7,0.0,601,9,0,Normal Operations
2025-12-14 22:00:00,16.9,0.0,0.238,18.4,0.0,927,3,2,Normal Operations
2025-12-14 23:00:00,15.9,0.0,0.238,18.0,0.0,480,12,0,Normal Operations
2025-12-15 00:00:00,14.8,0.0,0.238,17.3,0.0,722,14,0,Normal Operations
2025-12-15 01:00:00,13.8,0.0,0.238,15.8,0.0,113,7,0,Normal Operations
2025-12-15 02:00:00,13.0,0.0,0.238,15.8,0.0,603,14,1,Normal Operations
2025-12-15 03:00:00,12.2,0.0,0.238,14.4,0.0,330,8,1,Normal Operations
2025-12-15 04:00:00,11.7,0.0,0.238,15.1,0.0,183,2,2,Normal Operations
2025-12-15 05:00:00,11.2,0.0,0.238,17.3,0.0,229,14,0,Normal Operations
2025-12-15 06:00:00,11.4,0.0,0.238,16.9,0.0,842,6,2,Normal Operations
2025-12-15 07:00:00,12.2,0.0,0.238,14.4,0.0,937,11,1,Normal Operations
2025-12-15 08:00:00,15.9,0.0,0.238,13.7,0.0,244,8,0,Normal Operations
2025-12-15 09:00:00,19.4,0.0,0.238,14.0,0.0,990,7,4,Normal Operations
2025-12-15 10:00:00,22.0,0.0,0.238,13.3,0.0,956,11,1,Normal Operations
2025-12-15 11:00:00,23.6,0.0,0.238,15.5,0.0,127,3,1,Normal Operations
2025-12-15 12:00:00,24.9,0.0,0.238,17.6,0.0,165,1,1,Normal Operations
2025-12-15 13:00:00,25.4,0.0,0.238,17.6,0.0,262,14,0,Normal Operations
2025-12-15 14:00:00,25.6,0.0,0.238,16.9,0.0,328,6,3,Normal Operations
2025-12-15 15:00:00,25.5,0.0,0.238,14.8,0.0,360,8,4,Normal Operations
2025-12-15 16:00:00,24.6,0.0,0.238,12.6,0.0,548,6,4,Normal Operations
2025-12-15 17:00:00,22.0,0.0,0.238,5.8,0.0,523,5,2,Normal Operations
2025-12-15 18:00:00,20.4,0.0,0.238,6.5,0.0,559,11,0,Normal Operations
2025-12-15 19:00:00,19.6,0.0,0.238,8.6,0.0,775,12,1,Normal Operations
2025-12-15 20:00:00,17.9,0.0,0.238,14.4,0.0,400,8,3,Normal Operations
2025-12-15 21:00:00,16.5,0.0,0.238,15.5,0.0,402,2,0,Normal Operations
2025-12-15 22:00:00,15.6,0.0,0.238,17.3,0.0,386,15,0,Normal Operations
2025-12-15 23:00:00,14.5,0.0,0.238,16.9,0.0,494,12,3,Normal Operations
2025-12-16 00:00:00,13.4,0.0,0.238,16.6,0.0,109,15,1,Normal Operations
2025-12-16 01:00:00,12.9,0.0,0.238,18.0,0.0,806,1,0,Normal Operations
2025-12-16 02:00:00,12.6,0.0,0.238,19.4,0.0,729,1,4,Normal Operations
2025-12-16 03:00:00,12.4,0.0,0.238,20.5,0.0,369,15,4,Normal Operations
2025-12-16 04:00:00,12.1,0.0,0.238,20.2,0.0,691,14,3,Normal Operations
2025-12-16 05:00:00,11.4,0.0,0.238,17.6,0.0,704,4,1,Normal Operations
2025-12-16 06:00:00,11.1,0.0,0.238,13.0,0.0,877,6,3,Normal Operations
2025-12-16 07:00:00,11.9,0.0,0.238,13.0,0.0,943,13,0,Normal Operations
2025-12-16 08:00:00,15.3,0.0,0.238,13.3,0.0,961,9,4,Normal Operations
2025-12-16 09:00:00,18.9,0.0,0.238,13.7,0.0,460,1,2,Normal Operations
2025-12-16 10:00:00,21.5,0.0,0.238,14.4,0.0,356,12,3,Normal Operations
2025-12-16 11:00:00,23.1,0.0,0.238,18.0,0.0,232,1,2,Normal Operations
2025-12-16 12:00:00,24.5,0.0,0.238,18.4,0.0,375,13,2,Normal Operations
2025-12-16 13:00:00,25.4,0.0,0.238,17.6,0.0,875,13,4,Normal Operations
2025-12-16 14:00:00,25.9,0.0,0.238,15.5,0.0,782,5,3,Normal Operations
2025-12-16 15:00:00,25.8,0.0,0.238,13.7,0.0,612,10,2,Normal Operations
2025-12-16 16:00:00,24.9,0.0,0.238,10.4,0.0,412,5,0,Normal Operations
2025-12-16 17:00:00,22.3,0.0,0.238,2.9,0.0,675,5,1,Normal Operations
2025-12-16 18:00:00,21.1,0.0,0.238,2.2,0.0,985,10,1,Normal Operations
2025-12-16 19:00:00,19.7,0.0,0.238,3.6,0.0,383,6,4,Normal Operations
2025-12-16 20:00:00,18.4,0.0,0.238,7.2,0.0,220,8,3,Normal Operations
2025-12-16 21:00:00,17.6,0.0,0.238,14.0,0.0,206,3,3,Normal Operations
2025-12-16 22:00:00,16.5,0.0,0.238,16.9,0.0,786,9,1,Normal Operations
2025-12-16 23:00:00,14.5,0.0,0.238,16.9,0.0,303,13,0,Normal Operations
2025-12-17 00:00:00,12.6,0.0,0.238,15.5,0.0,264,1,1,Normal Operations
2025-12-17 01:00:00,11.5,0.0,0.238,15.8,0.0,404,4,1,Normal Operations
2025-12-17 02:00:00,11.1,0.0,0.238,17.3,0.0,596,9,3,Normal Operations
2025-12-17 03:00:00,10.8,0.0,0.238,17.6,0.0,731,15,2,Normal Operations
2025-12-17 04:00:00,10.7,0.0,0.238,18.4,0.0,655,14,0,Normal Operations
2025-12-17 05:00:00,10.1,0.0,0.238,18.0,0.0,923,8,3,Normal Operations
2025-12-17 06:00:00,10.2,0.0,0.238,16.6,0.0,255,10,1,Normal Operations
2025-12-17 07:00:00,11.1,0.0,0.238,18.4,0.0,466,9,2,Normal Operations
2025-12-17 08:00:00,14.9,0.0,0.238,20.2,0.0,818,1,0,Normal Operations
2025-12-17 09:00:00,19.1,0.0,0.238,19.4,0.0,719,9,4,Normal Operations
2025-12-17 10:00:00,22.4,0.0,0.238,20.5,0.0,350,3,0,Normal Operations
2025-12-17 11:00:00,24.4,0.0,0.238,21.6,0.0,981,11,0,Normal Operations
2025-12-17 12:00:00,26.1,0.0,0.238,21.2,0.0,433,12,1,Normal Operations
2025-12-17 13:00:00,27.3,0.0,0.238,22.0,0.0,741,10,1,Normal Operations
2025-12-17 14:00:00,28.0,0.0,0.238,22.7,0.0,610,9,4,Normal Operations
2025-12-17 15:00:00,27.9,0.0,0.238,23.4,0.0,392,1,4,Normal Operations
2025-12-17 16:00:00,26.2,0.0,0.238,23.4,0.0,119,1,4,Normal Operations
2025-12-17 17:00:00,23.3,0.0,0.238,16.2,0.0,381,9,3,Normal Operations
2025-12-17 18:00:00,21.7,0.0,0.238,21.2,0.0,896,11,3,Normal Operations
2025-12-17 19:00:00,20.2,0.0,0.238,20.9,0.0,100,14,1,Normal Operations
2025-12-17 20:00:00,18.9,0.0,0.238,20.9,0.0,218,6,1,Normal Operations
2025-12-17 21:00:00,17.7,0.0,0.238,21.2,0.0,134,4,4,Normal Operations
2025-12-17 22:00:00,16.5,0.0,0.238,21.2,0.0,297,7,3,Normal Operations
2025-12-17 23:00:00,15.4,0.0,0.238,21.6,0.0,584,5,2,Normal Operations
2025-12-18 00:00:00,14.3,0.0,0.238,20.5,0.0,856,10,3,Normal Operations
2025-12-18 01:00:00,13.6,0.0,0.238,19.1,0.0,158,14,1,Normal Operations
2025-12-18 02:00:00,12.9,0.0,0.238,17.3,0.0,936,7,3,Normal Operations
2025-12-18 03:00:00,12.1,0.0,0.238,14.8,0.0,260,8,1,Normal Operations
2025-12-18 04:00:00,11.2,0.0,0.238,13.7,0.0,790,8,4,Normal Operations
2025-12-18 05:00:00,11.0,0.0,0.238,14.8,0.0,305,1,4,Normal Operations
2025-12-18 06:00:00,11.3,0.0,0.238,15.8,0.0,111,8,4,Normal Operations
2025-12-18 07:00:00,12.5,0.0,0.238,18.0,0.0,589,6,2,Normal Operations
2025-12-18 08:00:00,16.4,0.0,0.238,19.8,0.0,375,4,2,Normal Operations
2025-12-18 09:00:00,20.4,0.0,0.238,20.2,0.0,792,13,1,Normal Operations
2025-12-18 10:00:00,23.2,0.0,0.238,23.4,0.0,341,14,0,Normal Operations
2025-12-18 11:00:00,25.0,0.0,0.238,23.8,0.0,315,12,2,Normal Operations
2025-12-18 12:00:00,26.2,0.0,0.238,24.5,0.0,350,8,1,Normal Operations
2025-12-18 13:00:00,26.8,0.0,0.238,27.0,0.0,910,3,3,Normal Operations
2025-12-18 14:00:00,27.1,0.0,0.238,28.8,0.0,225,13,4,Normal Operations
2025-12-18 15:00:00,26.9,0.0,0.238,31.7,0.0,316,4,4,Normal Operations
2025-12-18 16:00:00,25.2,0.0,0.238,32.0,0.0,405,15,4,Normal Operations
2025-12-18 17:00:00,22.4,0.0,0.238,25.6,0.0,896,6,1,Normal Operations
2025-12-18 18:00:00,21.4,0.0,0.238,26.6,0.0,284,11,4,Normal Operations
2025-12-18 19:00:00,20.1,0.0,0.238,26.6,0.0,138,7,2,Normal Operations
2025-12-18 20:00:00,19.0,0.0,0.238,22.3,0.0,322,4,3,Normal Operations
2025-12-18 21:00:00,17.6,0.0,0.238,18.0,0.0,283,4,4,Normal Operations
2025-12-18 22:00:00,16.3,0.0,0.238,13.7,0.0,594,7,1,Normal Operations
2025-12-18 23:00:00,14.9,0.0,0.238,10.8,0.0,526,6,3,Normal Operations
2025-12-19 00:00:00,13.2,0.0,0.238,11.2,0.0,277,13,4,Normal Operations
2025-12-19 01:00:00,12.6,0.0,0.238,14.0,0.0,527,11,0,Normal Operations
2025-12-19 02:00:00,12.0,0.0,0.238,14.8,0.0,393,8,4,Normal Operations
2025-12-19 03:00:00,11.3,0.0,0.238,14.8,0.0,951,1,2,Normal Operations
2025-12-19 04:00:00,10.6,0.0,0.238,14.0,0.0,250,10,3,Normal Operations
2025-12-19 05:00:00,10.3,0.0,0.238,13.0,0.0,483,13,2,Normal Operations
2025-12-19 06:00:00,10.8,0.0,0.238,13.7,0.0,737,11,0,Normal Operations
2025-12-19 07:00:00,12.0,0.0,0.238,14.0,0.0,912,7,0,Normal Operations
2025-12-19 08:00:00,15.5,0.0,0.238,16.2,0.0,407,12,2,Normal Operations
2025-12-19 09:00:00,18.6,0.0,0.238,20.5,0.0,435,7,3,Normal Operations
2025-12-19 10:00:00,20.7,0.0,0.238,25.2,0.0,845,11,0,Normal Operations
2025-12-19 11:00:00,22.4,0.0,0.238,26.3,0.0,991,7,0,Normal Operations
2025-12-19 12:00:00,23.8,0.0,0.238,28.4,0.0,474,7,4,Normal Operations
2025-12-19 13:00:00,24.7,0.0,0.238,30.2,0.0,107,10,1,Normal Operations
2025-12-19 14:00:00,25.3,0.0,0.238,31.0,0.0,440,14,0,Normal Operations
2025-12-19 15:00:00,25.2,0.0,0.238,31.0,0.0,228,10,3,Normal Operations
2025-12-19 16:00:00,24.1,0.0,0.238,28.8,0.0,875,8,3,Normal Operations
2025-12-19 17:00:00,21.2,0.0,0.238,21.6,0.0,768,9,4,Normal Operations
2025-12-19 18:00:00,19.5,0.0,0.238,19.8,0.0,451,9,3,Normal Operations
2025-12-19 19:00:00,18.4,0.0,0.238,19.8,0.0,457,2,4,Normal Operations
2025-12-19 20:00:00,17.4,0.0,0.238,20.2,0.0,616,13,0,Normal Operations
2025-12-19 21:00:00,16.4,0.0,0.238,20.5,0.0,594,13,0,Normal Operations
2025-12-19 22:00:00,15.6,0.0,0.238,20.5,0.0,185,7,0,Normal Operations
2025-12-19 23:00:00,14.7,0.0,0.238,20.5,0.0,274,7,0,Normal Operations
2025-12-20 00:00:00,13.3,0.0,0.238,18.7,0.0,901,4,1,Normal Operations
2025-12-20 01:00:00,12.1,0.0,0.238,15.5,0.0,292,9,1,Normal Operations
2025-12-20 02:00:00,11.3,0.0,0.238,14.4,0.0,410,8,0,Normal Operations
2025-12-20 03:00:00,10.9,0.0,0.238,14.4,0.0,218,12,3,Normal Operations
2025-12-20 04:00:00,10.6,0.0,0.238,16.2,0.0,317,1,4,Normal Operations
2025-12-20 05:00:00,10.2,0.0,0.238,16.9,0.0,526,2,2,Normal Operations
2025-12-20 06:00:00,10.2,0.0,0.238,16.6,0.0,513,13,4,Normal Operations
2025-12-20 07:00:00,11.1,0.0,0.238,17.3,0.0,213,15,2,Normal Operations
2025-12-20 08:00:00,14.5,0.0,0.238,18.4,0.0,244,13,2,Normal Operations
2025-12-20 09:00:00,18.0,0.0,0.238,18.7,0.0,637,2,0,Normal Operations
2025-12-20 10:00:00,20.8,0.0,0.238,21.6,0.0,747,12,2,Normal Operations
2025-12-20 11:00:00,22.7,0.0,0.238,23.0,0.0,402,12,0,Normal Operations
2025-12-20 12:00:00,24.4,0.0,0.238,23.0,0.0,843,11,1,Normal Operations
2025-12-20 13:00:00,25.6,0.0,0.238,23.4,0.0,980,15,3,Normal Operations
2025-12-20 14:00:00,26.4,0.0,0.238,24.8,0.0,687,15,2,Normal Operations
2025-12-20 15:00:00,26.3,0.0,0.238,25.2,0.0,939,8,3,Normal Operations
2025-12-20 16:00:00,25.0,0.0,0.238,24.5,0.0,444,15,0,Normal Operations
2025-12-20 17:00:00,21.1,0.0,0.238,15.8,0.0,913,1,2,Normal Operations
2025-12-20 18:00:00,19.5,0.0,0.238,16.6,0.0,900,4,4,Normal Operations
2025-12-20 19:00:00,18.9,0.0,0.238,23.8,0.0,100,10,1,Normal Operations
2025-12-20 20:00:00,18.1,0.0,0.238,24.5,0.0,246,12,1,Normal Operations
2025-12-20 21:00:00,16.9,0.0,0.238,24.1,0.0,386,5,2,Normal Operations
2025-12-20 22:00:00,15.8,0.0,0.238,21.2,0.0,753,9,1,Normal Operations
2025-12-20 23:00:00,14.4,0.0,0.238,17.6,0.0,152,7,4,Normal Operations
2025-12-21 00:00:00,12.4,0.0,0.238,14.4,0.0,403,8,3,Normal Operations
2025-12-21 01:00:00,11.4,0.0,0.238,16.6,0.0,168,14,4,Normal Operations
2025-12-21 02:00:00,10.8,0.0,0.238,16.9,0.0,460,11,1,Normal Operations
2025-12-21 03:00:00,10.4,0.0,0.238,16.6,0.0,701,9,3,Normal Operations
2025-12-21 04:00:00,10.1,0.0,0.238,16.2,0.0,319,13,4,Normal Operations
2025-12-21 05:00:00,9.4,0.0,0.238,14.4,0.0,803,7,0,Normal Operations
2025-12-21 06:00:00,9.5,0.0,0.238,14.8,0.0,674,5,0,Normal Operations
2025-12-21 07:00:00,10.3,0.0,0.238,14.4,0.0,684,13,3,Normal Operations
2025-12-21 08:00:00,14.5,0.0,0.238,14.8,0.0,260,15,3,Normal Operations
2025-12-21 09:00:00,18.1,0.0,0.238,15.1,0.0,780,5,3,Normal Operations
2025-12-21 10:00:00,21.0,0.0,0.238,15.8,0.0,188,10,0,Normal Operations
2025-12-21 11:00:00,22.7,0.0,0.238,18.0,0.0,787,11,4,Normal Operations
2025-12-21 12:00:00,24.4,0.0,0.238,18.7,0.0,880,6,3,Normal Operations
2025-12-21 13:00:00,25.6,0.0,0.238,20.5,0.0,684,5,0,Normal Operations
2025-12-21 14:00:00,26.2,0.0,0.238,22.3,0.0,856,13,3,Normal Operations
2025-12-21 15:00:00,26.3,0.0,0.238,23.4,0.0,688,12,3,Normal Operations
2025-12-21 16:00:00,25.2,0.0,0.238,23.0,0.0,258,11,3,Normal Operations
2025-12-21 17:00:00,21.4,0.0,0.238,14.4,0.0,588,9,0,Normal Operations
2025-12-21 18:00:00,19.7,0.0,0.238,13.3,0.0,423,3,4,Normal Operations
2025-12-21 19:00:00,18.3,0.0,0.238,19.1,0.0,709,3,0,Normal Operations
2025-12-21 20:00:00,18.0,0.0,0.238,21.6,0.0,480,15,0,Normal Operations
2025-12-21 21:00:00,17.2,0.0,0.238,21.6,0.0,201,7,3,Normal Operations
2025-12-21 22:00:00,16.2,0.0,0.238,23.0,0.0,593,7,2,Normal Operations
2025-12-21 23:00:00,14.9,0.0,0.238,23.0,0.0,743,6,2,Normal Operations
2025-12-22 00:00:00,14.0,0.0,0.238,18.7,0.0,713,3,2,Normal Operations
2025-12-22 01:00:00,13.2,0.0,0.238,17.6,0.0,118,14,0,Normal Operations
2025-12-22 02:00:00,12.4,0.0,0.238,16.9,0.0,553,13,3,Normal Operations
2025-12-22 03:00:00,11.9,0.0,0.238,15.8,0.0,581,7,2,Normal Operations
2025-12-22 04:00:00,11.6,0.0,0.238,15.5,0.0,693,5,1,Normal Operations
2025-12-22 05:00:00,10.9,0.0,0.238,15.8,0.0,496,7,1,Normal Operations
2025-12-22 06:00:00,11.2,0.0,0.238,16.2,0.0,378,2,1,Normal Operations
2025-12-22 07:00:00,12.0,0.0,0.238,18.7,0.0,950,6,4,Normal Operations
2025-12-22 08:00:00,15.6,0.0,0.238,19.1,0.0,464,14,3,Normal Operations
2025-12-22 09:00:00,19.4,0.0,0.238,18.0,0.0,430,8,0,Normal Operations
2025-12-22 10:00:00,22.2,0.0,0.238,19.1,0.0,740,1,0,Normal Operations
2025-12-22 11:00:00,23.9,0.0,0.238,19.8,0.0,443,4,3,Normal Operations
2025-12-22 12:00:00,25.2,0.0,0.238,23.4,0.0,921,11,4,Normal Operations
2025-12-22 13:00:00,26.3,0.0,0.238,26.3,0.0,554,1,3,Normal Operations
2025-12-22 14:00:00,26.7,0.0,0.238,27.7,0.0,700,14,4,Normal Operations
2025-12-22 15:00:00,26.4,0.0,0.238,27.7,0.0,824,1,2,Normal Operations
2025-12-22 16:00:00,25.2,0.0,0.238,26.3,0.0,754,10,2,Normal Operations
2025-12-22 17:00:00,22.0,0.0,0.238,18.7,0.0,164,12,4,Normal Operations
2025-12-22 18:00:00,20.4,0.0,0.238,20.2,0.0,175,14,3,Normal Operations
2025-12-22 19:00:00,19.4,0.0,0.238,25.9,0.0,810,14,2,Normal Operations
2025-12-22 20:00:00,18.3,0.0,0.238,25.9,0.0,242,11,3,Normal Operations
2025-12-22 21:00:00,17.2,0.0,0.238,24.8,0.0,927,8,2,Normal Operations
2025-12-22 22:00:00,16.3,0.0,0.238,22.3,0.0,704,7,3,Normal Operations
2025-12-22 23:00:00,15.6,0.0,0.238,21.2,0.0,572,12,3,Normal Operations
2025-12-23 00:00:00,14.6,0.0,0.238,21.6,0.0,516,10,1,Normal Operations
2025-12-23 01:00:00,13.7,0.0,0.238,19.4,0.0,404,13,4,Normal Operations
2025-12-23 02:00:00,12.9,0.0,0.238,18.0,0.0,835,1,0,Normal Operations
2025-12-23 03:00:00,12.3,0.0,0.238,17.3,0.0,596,11,4,Normal Operations
2025-12-23 04:00:00,11.9,0.0,0.238,16.2,0.0,390,14,3,Normal Operations
2025-12-23 05:00:00,11.1,0.0,0.238,14.4,0.0,201,13,3,Normal Operations
2025-12-23 06:00:00,11.2,0.0,0.238,14.0,0.0,366,2,4,Normal Operations
2025-12-23 07:00:00,11.9,0.0,0.238,13.3,0.0,966,4,3,Normal Operations
2025-12-23 08:00:00,15.4,0.0,0.238,15.1,0.0,721,1,2,Normal Operations
2025-12-23 09:00:00,19.1,0.0,0.238,19.4,0.0,941,3,3,Normal Operations
2025-12-23 10:00:00,22.1,0.0,0.238,23.4,0.0,876,8,4,Normal Operations
2025-12-23 11:00:00,24.3,0.0,0.238,25.9,0.0,102,8,4,Normal Operations
2025-12-23 12:00:00,26.0,0.0,0.238,26.6,0.0,184,8,4,Normal Operations
2025-12-23 13:00:00,27.0,0.0,0.238,28.1,0.0,893,6,1,Normal Operations
2025-12-23 14:00:00,27.4,0.0,0.238,27.7,0.0,427,6,1,Normal Operations
2025-12-23 15:00:00,27.2,0.0,0.238,27.0,0.0,915,5,1,Normal Operations
2025-12-23 16:00:00,25.9,0.0,0.238,24.8,0.0,549,13,1,Normal Operations
2025-12-23 17:00:00,21.9,0.0,0.238,16.2,0.0,553,9,1,Normal Operations
2025-12-23 18:00:00,20.6,0.0,0.238,16.2,0.0,728,4,1,Normal Operations
2025-12-23 19:00:00,19.3,0.0,0.238,18.7,0.0,320,10,1,Normal Operations
2025-12-23 20:00:00,18.5,0.0,0.238,22.0,0.0,253,15,4,Normal Operations
2025-12-23 21:00:00,17.8,0.0,0.238,22.0,0.0,764,12,0,Normal Operations
2025-12-23 22:00:00,17.1,0.0,0.238,22.0,0.0,111,12,1,Normal Operations
2025-12-23 23:00:00,16.3,0.0,0.238,20.5,0.0,232,12,4,Normal Operations
2025-12-24 00:00:00,14.8,0.0,0.238,18.0,0.0,403,7,0,Normal Operations
2025-12-24 01:00:00,13.6,0.0,0.238,14.8,0.0,392,1,1,Normal Operations
2025-12-24 02:00:00,13.0,0.0,0.238,13.7,0.0,399,15,0,Normal Operations
2025-12-24 03:00:00,12.5,0.0,0.238,13.7,0.0,839,9,0,Normal Operations
2025-12-24 04:00:00,11.9,0.0,0.238,13.7,0.0,882,7,2,Normal Operations
2025-12-24 05:00:00,11.2,0.0,0.238,14.0,0.0,142,10,3,Normal Operations
2025-12-24 06:00:00,11.5,0.0,0.238,14.8,0.0,442,12,2,Normal Operations
2025-12-24 07:00:00,12.7,0.0,0.238,16.2,0.0,425,9,0,Normal Operations
2025-12-24 08:00:00,16.5,0.0,0.238,17.3,0.0,913,7,4,Normal Operations
2025-12-24 09:00:00,20.6,0.0,0.238,17.6,0.0,597,2,1,Normal Operations
2025-12-24 10:00:00,23.7,0.0,0.238,23.4,0.0,463,15,3,Normal Operations
2025-12-24 11:00:00,25.4,0.0,0.238,27.4,0.0,990,6,1,Normal Operations
2025-12-24 12:00:00,26.5,0.0,0.238,27.4,0.0,526,10,4,Normal Operations
2025-12-24 13:00:00,27.0,0.0,0.238,26.6,0.0,120,12,3,Normal Operations
2025-12-24 14:00:00,27.0,0.0,0.238,24.5,0.0,506,11,2,Normal Operations
2025-12-24 15:00:00,26.6,0.0,0.238,23.4,0.0,718,4,0,Normal Operations
2025-12-24 16:00:00,25.5,0.0,0.238,22.0,0.0,435,3,4,Normal Operations
2025-12-24 17:00:00,22.1,0.0,0.238,13.0,0.0,914,2,0,Normal Operations
2025-12-24 18:00:00,20.5,0.0,0.238,11.9,0.0,216,6,0,Normal Operations
2025-12-24 19:00:00,19.5,0.0,0.238,20.2,0.0,223,8,1,Normal Operations
2025-12-24 20:00:00,19.2,0.0,0.238,23.0,0.0,498,6,4,Normal Operations
2025-12-24 21:00:00,18.6,0.0,0.238,23.4,0.0,892,9,0,Normal Operations
2025-12-24 22:00:00,17.2,0.0,0.238,21.6,0.0,903,14,2,Normal Operations
2025-12-24 23:00:00,16.0,0.0,0.238,13.3,0.0,814,5,3,Normal Operations
2025-12-25 00:00:00,14.9,0.0,0.238,14.0,0.0,150,2,4,Normal Operations
2025-12-25 01:00:00,14.0,0.0,0.238,13.0,0.0,882,8,1,Normal Operations
2025-12-25 02:00:00,13.4,0.0,0.238,12.2,0.0,423,9,4,Normal Operations
2025-12-25 03:00:00,13.0,0.0,0.238,14.4,0.0,888,14,1,Normal Operations
2025-12-25 04:00:00,12.7,0.0,0.238,14.4,0.0,240,10,3,Normal Operations
2025-12-25 05:00:00,11.8,0.0,0.238,14.0,0.0,569,4,2,Normal Operations
2025-12-25 06:00:00,11.9,0.0,0.238,13.7,0.0,886,6,0,Normal Operations
2025-12-25 07:00:00,12.7,0.0,0.238,15.5,0.0,901,15,4,Normal Operations
2025-12-25 08:00:00,16.3,0.0,0.238,16.2,0.0,433,11,1,Normal Operations
2025-12-25 09:00:00,20.2,0.0,0.238,14.0,0.0,992,10,3,Normal Operations
2025-12-25 10:00:00,23.0,0.0,0.238,15.8,0.0,472,8,0,Normal Operations
2025-12-25 11:00:00,24.5,0.0,0.238,17.3,0.0,663,9,3,Normal Operations
2025-12-25 12:00:00,25.6,0.0,0.238,18.7,0.0,593,12,2,Normal Operations
2025-12-25 13:00:00,26.1,0.0,0.238,20.2,0.0,638,5,0,Normal Operations
2025-12-25 14:00:00,26.2,0.0,0.238,20.9,0.0,768,12,0,Normal Operations
2025-12-25 15:00:00,26.0,0.0,0.238,20.9,0.0,850,6,0,Normal Operations
2025-12-25 16:00:00,25.1,0.0,0.238,20.2,0.0,255,11,1,Normal Operations
2025-12-25 17:00:00,21.8,0.0,0.238,13.3,0.0,390,4,0,Normal Operations
2025-12-25 18:00:00,20.5,0.0,0.238,10.1,0.0,747,5,3,Normal Operations
2025-12-25 19:00:00,18.9,0.0,0.238,13.7,0.0,243,7,1,Normal Operations
2025-12-25 20:00:00,17.4,0.0,0.238,15.5,0.0,205,9,0,Normal Operations
2025-12-25 21:00:00,16.4,0.0,0.238,14.8,0.0,519,10,3,Normal Operations
2025-12-25 22:00:00,15.6,0.0,0.238,15.5,0.0,769,11,3,Normal Operations
2025-12-25 23:00:00,15.0,0.0,0.238,15.8,0.0,757,13,4,Normal Operations
2025-12-26 00:00:00,13.1,0.0,0.238,12.2,0.0,101,6,3,Normal Operations
2025-12-26 01:00:00,12.4,0.0,0.238,10.1,0.0,688,14,2,Normal Operations
2025-12-26 02:00:00,11.8,0.0,0.238,13.7,0.0,743,6,0,Normal Operations
2025-12-26 03:00:00,11.5,0.0,0.238,15.1,0.0,189,8,0,Normal Operations
2025-12-26 04:00:00,11.4,0.0,0.238,15.5,0.0,444,11,0,Normal Operations
2025-12-26 05:00:00,10.8,0.0,0.238,15.1,0.0,449,4,3,Normal Operations
2025-12-26 06:00:00,11.2,0.0,0.238,14.8,0.0,558,3,3,Normal Operations
2025-12-26 07:00:00,12.0,0.0,0.238,16.6,0.0,362,14,0,Normal Operations
2025-12-26 08:00:00,15.6,0.0,0.238,17.3,0.0,450,7,1,Normal Operations
2025-12-26 09:00:00,19.4,0.0,0.238,16.9,0.0,207,5,1,Normal Operations
2025-12-26 10:00:00,22.4,0.0,0.238,17.3,0.0,685,2,2,Normal Operations
2025-12-26 11:00:00,24.0,0.0,0.238,18.7,0.0,138,2,4,Normal Operations
2025-12-26 12:00:00,25.1,0.0,0.238,22.0,0.0,258,11,2,Normal Operations
2025-12-26 13:00:00,25.7,0.0,0.238,23.8,0.0,682,6,0,Normal Operations
2025-12-26 14:00:00,25.9,0.0,0.238,23.8,0.0,411,8,0,Normal Operations
2025-12-26 15:00:00,25.8,0.0,0.238,24.1,0.0,340,1,0,Normal Operations
2025-12-26 16:00:00,24.9,0.0,0.238,24.1,0.0,544,15,4,Normal Operations
2025-12-26 17:00:00,22.4,0.0,0.238,19.8,0.0,397,11,3,Normal Operations
2025-12-26 18:00:00,20.9,0.0,0.238,18.7,0.0,135,6,4,Normal Operations
2025-12-26 19:00:00,19.6,0.0,0.238,20.5,0.0,183,12,2,Normal Operations
2025-12-26 20:00:00,18.2,0.0,0.238,20.2,0.0,551,2,3,Normal Operations
2025-12-26 21:00:00,17.1,0.0,0.238,20.2,0.0,985,2,3,Normal Operations
2025-12-26 22:00:00,16.2,0.0,0.238,20.2,0.0,874,7,2,Normal Operations
2025-12-26 23:00:00,15.1,0.0,0.238,19.1,0.0,921,10,3,Normal Operations
2025-12-27 00:00:00,13.8,0.0,0.238,18.4,0.0,484,1,1,Normal Operations
2025-12-27 01:00:00,12.4,0.0,0.238,17.3,0.0,271,6,2,Normal Operations
2025-12-27 02:00:00,11.5,0.0,0.238,17.3,0.0,475,14,2,Normal Operations
2025-12-27 03:00:00,10.8,0.0,0.238,16.2,0.0,784,7,1,Normal Operations
2025-12-27 04:00:00,10.5,0.0,0.238,15.5,0.0,461,14,4,Normal Operations
2025-12-27 05:00:00,10.1,0.0,0.238,15.8,0.0,658,8,4,Normal Operations
2025-12-27 06:00:00,10.4,0.0,0.238,17.6,0.0,990,7,4,Normal Operations
2025-12-27 07:00:00,10.9,0.0,0.238,16.6,0.0,240,6,3,Normal Operations
2025-12-27 08:00:00,14.5,0.0,0.238,18.0,0.0,986,9,1,Normal Operations
2025-12-27 09:00:00,18.2,0.0,0.238,18.4,0.0,217,13,2,Normal Operations
2025-12-27 10:00:00,21.4,0.0,0.238,19.8,0.0,376,3,2,Normal Operations
2025-12-27 11:00:00,23.1,0.0,0.238,20.2,0.0,825,11,2,Normal Operations
2025-12-27 12:00:00,24.6,0.0,0.238,19.4,0.0,319,6,3,Normal Operations
2025-12-27 13:00:00,25.3,0.0,0.238,22.0,0.0,125,4,3,Normal Operations
2025-12-27 14:00:00,25.6,0.0,0.238,22.3,0.0,620,2,4,Normal Operations
2025-12-27 15:00:00,25.5,0.0,0.238,22.3,0.0,882,1,3,Normal Operations
2025-12-27 16:00:00,24.6,0.0,0.238,22.0,0.0,109,12,4,Normal Operations
2025-12-27 17:00:00,21.7,0.0,0.238,17.3,0.0,477,12,4,Normal Operations
2025-12-27 18:00:00,20.3,0.0,0.238,17.6,0.0,732,14,2,Normal Operations
2025-12-27 19:00:00,19.0,0.0,0.238,19.1,0.0,736,1,3,Normal Operations
2025-12-27 20:00:00,17.8,0.0,0.238,19.1,0.0,781,11,4,Normal Operations
2025-12-27 21:00:00,16.4,0.0,0.238,18.4,0.0,683,10,1,Normal Operations
2025-12-27 22:00:00,15.1,0.0,0.238,18.7,0.0,251,3,1,Normal Operations
2025-12-27 23:00:00,13.9,0.0,0.238,18.7,0.0,819,4,3,Normal Operations
2025-12-28 00:00:00,12.3,0.0,0.238,17.6,0.0,148,2,2,Normal Operations
2025-12-28 01:00:00,11.3,0.0,0.238,18.0,0.0,253,13,2,Normal Operations
2025-12-28 02:00:00,10.6,0.0,0.238,18.0,0.0,958,12,4,Normal Operations
2025-12-28 03:00:00,10.1,0.0,0.238,16.2,0.0,392,11,3,Normal Operations
2025-12-28 04:00:00,9.7,0.0,0.238,16.6,0.0,679,11,1,Normal Operations
2025-12-28 05:00:00,8.9,0.0,0.238,17.3,0.0,149,14,4,Normal Operations
2025-12-28 06:00:00,9.3,0.0,0.238,16.9,0.0,763,11,4,Normal Operations
2025-12-28 07:00:00,9.9,0.0,0.238,16.6,0.0,630,1,0,Normal Operations
2025-12-28 08:00:00,14.1,0.0,0.238,18.7,0.0,711,4,3,Normal Operations
2025-12-28 09:00:00,18.1,0.0,0.238,18.4,0.0,159,15,4,Normal Operations
2025-12-28 10:00:00,21.3,0.0,0.238,19.1,0.0,266,7,1,Normal Operations
2025-12-28 11:00:00,23.0,0.0,0.238,18.7,0.0,301,10,0,Normal Operations
2025-12-28 12:00:00,24.6,0.0,0.238,18.4,0.0,956,11,1,Normal Operations
2025-12-28 13:00:00,25.5,0.0,0.238,20.9,0.0,245,6,2,Normal Operations
2025-12-28 14:00:00,26.0,0.0,0.238,22.3,0.0,775,6,0,Normal Operations
2025-12-28 15:00:00,25.9,0.0,0.238,22.3,0.0,538,11,0,Normal Operations
2025-12-28 16:00:00,24.8,0.0,0.238,22.0,0.0,341,9,4,Normal Operations
2025-12-28 17:00:00,21.4,0.0,0.238,15.8,0.0,680,14,2,Normal Operations
2025-12-28 18:00:00,20.5,0.0,0.238,15.1,0.0,786,15,4,Normal Operations
2025-12-28 19:00:00,18.7,0.0,0.238,15.5,0.0,660,2,3,Normal Operations
2025-12-28 20:00:00,17.3,0.0,0.238,15.8,0.0,582,4,1,Normal Operations
2025-12-28 21:00:00,16.0,0.0,0.238,16.2,0.0,207,5,1,Normal Operations
2025-12-28 22:00:00,14.9,0.0,0.238,17.3,0.0,325,1,4,Normal Operations
2025-12-28 23:00:00,13.8,0.0,0.238,17.6,0.0,772,8,1,Normal Operations
2025-12-29 00:00:00,12.7,0.0,0.238,17.6,0.0,730,8,1,Normal Operations
2025-12-29 01:00:00,11.8,0.0,0.238,18.0,0.0,760,6,3,Normal Operations
2025-12-29 02:00:00,11.1,0.0,0.238,18.4,0.0,761,12,2,Normal Operations
2025-12-29 03:00:00,10.6,0.0,0.238,18.4,0.0,531,5,0,Normal Operations
2025-12-29 04:00:00,10.1,0.0,0.238,17.3,0.0,904,8,4,Normal Operations
2025-12-29 05:00:00,9.8,0.0,0.238,15.1,0.0,754,3,4,Normal Operations
2025-12-29 06:00:00,9.5,0.0,0.238,14.8,0.0,518,3,3,Normal Operations
2025-12-29 07:00:00,10.2,0.0,0.238,16.9,0.0,554,2,3,Normal Operations
2025-12-29 08:00:00,14.2,0.0,0.238,18.0,0.0,259,5,0,Normal Operations
2025-12-29 09:00:00,18.0,0.0,0.238,18.7,0.0,622,3,2,Normal Operations
2025-12-29 10:00:00,21.2,0.0,0.238,18.7,0.0,749,3,4,Normal Operations
2025-12-29 11:00:00,23.0,0.0,0.238,17.3,0.0,689,15,3,Normal Operations
2025-12-29 12:00:00,24.8,0.0,0.238,17.6,0.0,176,6,4,Normal Operations
2025-12-29 13:00:00,25.9,0.0,0.238,18.4,0.0,608,8,1,Normal Operations
2025-12-29 14:00:00,26.4,0.0,0.238,18.0,0.0,540,2,4,Normal Operations
2025-12-29 15:00:00,26.4,0.0,0.238,18.4,0.0,353,4,2,Normal Operations
2025-12-29 16:00:00,25.3,0.0,0.238,18.0,0.0,869,11,2,Normal Operations
2025-12-29 17:00:00,21.7,0.0,0.238,13.0,0.0,419,7,4,Normal Operations
2025-12-29 18:00:00,19.8,0.0,0.238,8.6,0.0,902,1,1,Normal Operations
2025-12-29 19:00:00,18.1,0.0,0.238,12.6,0.0,362,1,2,Normal Operations
2025-12-29 20:00:00,15.5,0.0,0.238,14.4,0.0,696,12,3,Normal Operations
2025-12-29 21:00:00,14.8,0.0,0.238,16.6,0.0,757,13,4,Normal Operations
2025-12-29 22:00:00,14.2,0.0,0.238,16.6,0.0,934,10,1,Normal Operations
2025-12-29 23:00:00,13.1,0.0,0.238,14.4,0.0,653,7,3,Normal Operations
2025-12-30 00:00:00,11.7,0.0,0.238,11.5,0.0,473,14,4,Normal Operations
2025-12-30 01:00:00,11.0,0.0,0.238,13.0,0.0,736,7,1,Normal Operations
2025-12-30 02:00:00,10.1,0.0,0.238,14.8,0.0,266,1,3,Normal Operations
2025-12-30 03:00:00,9.9,0.0,0.238,16.6,0.0,852,1,2,Normal Operations
2025-12-30 04:00:00,9.8,0.0,0.238,17.3,0.0,558,4,4,Normal Operations
2025-12-30 05:00:00,9.1,0.0,0.238,17.6,0.0,379,5,4,Normal Operations
2025-12-30 06:00:00,9.3,0.0,0.238,17.6,0.0,799,5,2,Normal Operations
2025-12-30 07:00:00,9.8,0.0,0.238,17.3,0.0,401,4,0,Normal Operations
2025-12-30 08:00:00,13.6,0.0,0.238,18.0,0.0,630,8,3,Normal Operations
2025-12-30 09:00:00,17.5,0.0,0.238,16.6,0.0,679,7,2,Normal Operations
2025-12-30 10:00:00,20.9,0.0,0.238,14.4,0.0,317,9,4,Normal Operations
2025-12-30 11:00:00,23.4,0.0,0.238,15.8,0.0,201,7,3,Normal Operations
2025-12-30 12:00:00,25.3,0.0,0.238,16.9,0.0,653,15,3,Normal Operations
2025-12-30 13:00:00,26.4,0.0,0.238,16.9,0.0,387,10,0,Normal Operations
2025-12-30 14:00:00,26.7,0.0,0.238,16.6,0.0,266,1,4,Normal Operations
2025-12-30 15:00:00,26.7,0.0,0.238,15.8,0.0,720,13,1,Normal Operations
2025-12-30 16:00:00,25.5,0.0,0.238,13.0,0.0,135,14,0,Normal Operations
2025-12-30 17:00:00,22.9,0.0,0.238,4.7,0.0,843,7,0,Normal Operations
2025-12-30 18:00:00,20.9,0.0,0.238,4.0,0.0,840,1,1,Normal Operations
2025-12-30 19:00:00,19.3,0.0,0.238,5.0,0.0,452,7,1,Normal Operations
2025-12-30 20:00:00,18.6,0.0,0.238,4.0,0.0,775,10,0,Normal Operations
2025-12-30 21:00:00,17.3,0.0,0.238,2.5,0.0,998,8,3,Normal Operations
2025-12-30 22:00:00,16.6,0.0,0.238,4.3,0.0,172,11,2,Normal Operations
2025-12-30 23:00:00,15.5,0.0,0.238,10.1,0.0,747,9,2,Normal Operations
2025-12-31 00:00:00,14.5,0.0,0.238,6.8,0.0,452,12,0,Normal Operations
2025-12-31 01:00:00,14.0,0.0,0.238,7.6,0.0,990,3,3,Normal Operations
2025-12-31 02:00:00,14.0,0.0,0.238,6.5,0.0,169,15,1,Normal Operations
2025-12-31 03:00:00,13.4,0.0,0.238,5.0,0.0,524,4,0,Normal Operations
2025-12-31 04:00:00,12.9,0.0,0.238,5.4,0.0,807,4,4,Normal Operations
2025-12-31 05:00:00,12.6,0.0,0.238,7.2,0.0,880,12,3,Normal Operations
2025-12-31 06:00:00,12.2,0.0,0.238,9.7,0.0,660,9,4,Normal Operations
2025-12-31 07:00:00,13.1,0.0,0.238,11.9,0.0,927,13,4,Normal Operations
2025-12-31 08:00:00,16.3,0.0,0.238,14.4,0.0,741,7,0,Normal Operations
2025-12-31 09:00:00,20.1,0.0,0.238,14.8,0.0,616,3,3,Normal Operations
2025-12-31 10:00:00,23.1,0.0,0.238,13.7,0.0,527,10,4,Normal Operations
2025-12-31 11:00:00,24.4,0.0,0.238,15.1,0.0,638,5,3,Normal Operations
2025-12-31 12:00:00,25.9,0.0,0.238,17.3,0.0,259,7,2,Normal Operations
2025-12-31 13:00:00,26.5,0.0,0.238,18.7,0.0,248,8,4,Normal Operations
2025-12-31 14:00:00,26.7,0.0,0.238,18.7,0.0,875,1,4,Normal Operations
2025-12-31 15:00:00,26.5,0.0,0.238,18.0,0.0,329,12,3,Normal Operations
2025-12-31 16:00:00,25.6,0.0,0.237,14.8,0.0,811,2,2,Normal Operations
2025-12-31 17:00:00,22.3,0.0,0.237,5.8,0.0,661,7,4,Normal Operations
2025-12-31 18:00:00,20.1,0.0,0.237,11.2,0.0,166,11,0,Normal Operations
2025-12-31 19:00:00,18.8,0.0,0.238,11.9,0.0,911,15,3,Normal Operations
2025-12-31 20:00:00,18.3,0.0,0.238,9.0,0.0,480,13,3,Normal Operations
2025-12-31 21:00:00,17.9,0.0,0.238,4.0,0.0,157,14,4,Normal Operations
2025-12-31 22:00:00,17.0,0.0,0.238,3.6,0.0,358,13,2,Normal Operations
2025-12-31 23:00:00,16.3,0.0,0.238,8.3,0.0,441,15,4,Normal Operations
2026-01-01 00:00:00,15.2,0.0,0.238,6.1,0.0,937,2,1,Normal Operations
2026-01-01 01:00:00,13.5,0.0,0.238,6.8,0.0,229,7,4,Normal Operations
2026-01-01 02:00:00,12.6,0.0,0.238,10.1,0.0,826,15,1,Normal Operations
2026-01-01 03:00:00,12.0,0.0,0.238,10.8,0.0,271,9,0,Normal Operations
2026-01-01 04:00:00,11.9,0.0,0.238,11.2,0.0,869,11,3,Normal Operations
2026-01-01 05:00:00,11.3,0.0,0.238,10.8,0.0,713,2,3,Normal Operations
2026-01-01 06:00:00,12.3,0.0,0.238,12.2,0.0,308,7,2,Normal Operations
2026-01-01 07:00:00,13.7,0.0,0.238,8.6,0.0,902,4,4,Normal Operations
2026-01-01 08:00:00,16.7,0.0,0.238,11.5,0.0,453,11,0,Normal Operations
2026-01-01 09:00:00,19.9,0.0,0.238,12.6,0.0,570,13,1,Normal Operations
2026-01-01 10:00:00,22.6,0.0,0.238,12.6,0.0,897,2,2,Normal Operations
2026-01-01 11:00:00,24.3,0.0,0.238,14.0,0.0,215,13,0,Normal Operations
2026-01-01 12:00:00,25.7,0.0,0.238,17.3,0.0,363,7,0,Normal Operations
2026-01-01 13:00:00,26.5,0.0,0.238,17.6,0.0,761,13,1,Normal Operations
2026-01-01 14:00:00,26.7,0.0,0.237,17.6,0.0,911,5,1,Normal Operations
2026-01-01 15:00:00,26.5,0.0,0.237,15.5,0.0,541,1,3,Normal Operations
2026-01-01 16:00:00,25.8,0.0,0.237,11.5,0.0,647,5,4,Normal Operations
2026-01-01 17:00:00,23.2,0.0,0.237,18.0,0.0,552,12,2,Normal Operations
2026-01-01 18:00:00,21.5,0.0,0.237,17.6,0.0,944,12,4,Normal Operations
2026-01-01 19:00:00,19.9,0.0,0.237,15.1,0.0,576,3,2,Normal Operations
2026-01-01 20:00:00,19.6,0.0,0.237,7.6,0.0,386,7,0,Normal Operations
2026-01-01 21:00:00,18.7,0.0,0.237,5.8,0.0,402,6,1,Normal Operations
2026-01-01 22:00:00,18.0,0.0,0.237,13.7,0.0,410,8,1,Normal Operations
2026-01-01 23:00:00,16.5,0.0,0.237,14.0,0.0,307,13,0,Normal Operations
2026-01-02 00:00:00,15.0,0.0,0.238,9.4,0.0,717,5,0,Normal Operations
2026-01-02 01:00:00,13.4,0.0,0.238,9.4,0.0,545,2,2,Normal Operations
2026-01-02 02:00:00,12.5,0.0,0.238,11.2,0.0,769,9,0,Normal Operations
2026-01-02 03:00:00,12.4,0.0,0.238,11.5,0.0,732,14,2,Normal Operations
2026-01-02 04:00:00,12.8,0.0,0.238,14.8,0.0,154,11,4,Normal Operations
2026-01-02 05:00:00,14.7,0.0,0.238,15.1,0.0,111,8,1,Normal Operations
2026-01-02 06:00:00,14.7,0.0,0.238,12.6,0.0,756,6,1,Normal Operations
2026-01-02 07:00:00,15.0,0.0,0.238,13.7,0.0,499,13,1,Normal Operations
2026-01-02 08:00:00,17.6,0.0,0.238,15.5,0.0,747,10,4,Normal Operations
2026-01-02 09:00:00,20.6,0.0,0.238,14.8,0.0,614,7,4,Normal Operations
2026-01-02 10:00:00,23.3,0.0,0.238,13.3,0.0,755,9,3,Normal Operations
2026-01-02 11:00:00,25.1,0.0,0.238,12.6,0.0,641,7,2,Normal Operations
2026-01-02 12:00:00,26.3,0.0,0.238,16.9,0.0,336,3,2,Normal Operations
2026-01-02 13:00:00,26.7,0.0,0.237,19.4,0.0,378,6,3,Normal Operations
2026-01-02 14:00:00,27.1,0.0,0.237,20.2,0.0,447,11,1,Normal Operations
2026-01-02 15:00:00,27.2,0.0,0.237,20.5,0.0,726,13,2,Normal Operations
2026-01-02 16:00:00,26.5,0.0,0.237,18.7,0.0,203,11,2,Normal Operations
2026-01-02 17:00:00,24.7,0.0,0.231,15.5,0.0,729,7,1,Normal Operations
2026-01-02 18:00:00,22.1,0.0,0.231,13.7,0.0,616,2,0,Normal Operations
2026-01-02 19:00:00,20.2,0.0,0.231,11.9,0.0,971,3,0,Normal Operations
2026-01-02 20:00:00,19.1,0.0,0.231,6.5,0.0,347,4,3,Normal Operations
2026-01-02 21:00:00,17.8,0.0,0.231,14.4,0.0,463,10,4,Normal Operations
2026-01-02 22:00:00,17.4,0.0,0.231,15.1,0.0,420,6,2,Normal Operations
2026-01-02 23:00:00,16.7,0.0,0.229,15.1,0.0,732,1,2,Normal Operations
2026-01-03 00:00:00,16.4,0.0,0.229,16.2,0.0,385,9,3,Normal Operations
2026-01-03 01:00:00,15.9,0.0,0.229,14.8,0.0,248,5,3,Normal Operations
2026-01-03 02:00:00,15.7,0.0,0.229,15.1,0.0,183,13,2,Normal Operations
2026-01-03 03:00:00,15.1,0.0,0.229,14.8,0.0,505,12,1,Normal Operations
2026-01-03 04:00:00,14.5,0.0,0.229,15.5,0.0,555,14,1,Normal Operations
2026-01-03 05:00:00,13.7,0.0,0.238,16.6,0.0,842,7,4,Normal Operations
2026-01-03 06:00:00,13.8,0.0,0.238,16.6,0.0,899,9,2,Normal Operations
2026-01-03 07:00:00,14.3,0.0,0.238,17.6,0.0,260,9,2,Normal Operations
2026-01-03 08:00:00,17.5,0.0,0.238,18.7,0.0,883,1,2,Normal Operations
2026-01-03 09:00:00,20.9,0.0,0.238,18.0,0.0,559,15,2,Normal Operations
2026-01-03 10:00:00,23.6,0.0,0.238,16.6,0.0,649,1,3,Normal Operations
2026-01-03 11:00:00,24.4,0.0,0.238,14.8,0.0,599,3,0,Normal Operations
2026-01-03 12:00:00,25.7,0.0,0.237,17.3,0.0,837,6,2,Normal Operations
2026-01-03 13:00:00,26.5,0.0,0.237,20.9,0.0,608,2,0,Normal Operations
2026-01-03 14:00:00,26.7,0.0,0.237,21.6,0.0,753,10,1,Normal Operations
2026-01-03 15:00:00,26.9,0.0,0.237,16.6,0.0,903,12,4,Normal Operations
2026-01-03 16:00:00,26.6,0.0,0.237,11.5,0.0,580,11,1,Normal Operations
2026-01-03 17:00:00,23.5,0.0,0.237,7.2,0.0,762,1,2,Normal Operations
2026-01-03 18:00:00,21.5,0.0,0.237,13.3,0.0,213,1,1,Normal Operations
2026-01-03 19:00:00,19.7,0.0,0.237,13.3,0.0,848,13,3,Normal Operations
2026-01-03 20:00:00,18.9,0.0,0.237,15.1,0.0,677,5,0,Normal Operations
2026-01-03 21:00:00,18.8,0.0,0.237,21.6,0.0,460,4,2,Normal Operations
2026-01-03 22:00:00,18.4,0.0,0.237,23.0,0.0,440,1,3,Normal Operations
2026-01-03 23:00:00,17.7,0.0,0.237,21.2,0.0,869,4,0,Normal Operations
2026-01-04 00:00:00,16.8,0.0,0.237,16.2,0.0,860,3,3,Normal Operations
2026-01-04 01:00:00,16.1,0.0,0.237,17.6,0.0,548,2,1,Normal Operations
2026-01-04 02:00:00,15.4,0.0,0.238,19.4,0.0,942,9,2,Normal Operations
2026-01-04 03:00:00,15.0,0.0,0.238,20.5,0.0,934,14,1,Normal Operations
2026-01-04 04:00:00,14.7,0.0,0.238,20.9,0.0,279,15,4,Normal Operations
2026-01-04 05:00:00,14.8,0.0,0.238,19.8,0.0,801,11,2,Normal Operations
2026-01-04 06:00:00,14.1,0.0,0.238,17.3,0.0,506,1,1,Normal Operations
2026-01-04 07:00:00,14.2,0.0,0.238,16.9,0.0,765,7,2,Normal Operations
2026-01-04 08:00:00,16.9,0.0,0.238,16.9,0.0,295,14,0,Normal Operations
2026-01-04 09:00:00,20.1,0.0,0.238,17.3,0.0,565,13,2,Normal Operations
2026-01-04 10:00:00,22.8,0.0,0.238,17.3,0.0,410,4,2,Normal Operations
2026-01-04 11:00:00,23.9,0.0,0.238,18.0,0.0,361,5,0,Normal Operations
2026-01-04 12:00:00,25.3,0.0,0.238,19.4,0.0,518,10,1,Normal Operations
2026-01-04 13:00:00,25.9,0.0,0.237,24.1,0.0,505,5,2,Normal Operations
2026-01-04 14:00:00,26.2,0.0,0.237,24.5,0.0,242,1,3,Normal Operations
2026-01-04 15:00:00,26.3,0.0,0.237,23.4,0.0,441,6,2,Normal Operations
2026-01-04 16:00:00,25.3,0.0,0.237,26.3,0.0,415,13,1,Normal Operations
2026-01-04 17:00:00,23.0,0.0,0.237,25.2,0.0,200,9,0,Normal Operations
2026-01-04 18:00:00,21.8,0.0,0.237,19.4,0.0,343,2,1,Normal Operations
2026-01-04 19:00:00,20.5,0.0,0.237,26.3,0.0,589,7,4,Normal Operations
2026-01-04 20:00:00,19.1,0.0,0.237,27.0,0.0,111,6,2,Normal Operations
2026-01-04 21:00:00,18.0,0.0,0.237,23.0,0.0,338,5,2,Normal Operations
2026-01-04 22:00:00,17.3,0.0,0.237,19.1,0.0,660,4,0,Normal Operations
2026-01-04 23:00:00,16.2,0.0,0.237,17.6,0.0,141,4,2,Normal Operations
2026-01-05 00:00:00,15.3,0.0,0.238,17.3,0.0,777,6,3,Normal Operations
2026-01-05 01:00:00,14.3,0.0,0.238,18.0,0.0,693,4,3,Normal Operations
2026-01-05 02:00:00,13.6,0.0,0.238,19.4,0.0,528,5,1,Normal Operations
2026-01-05 03:00:00,13.1,0.0,0.238,19.8,0.0,902,13,0,Normal Operations
2026-01-05 04:00:00,12.6,0.0,0.238,20.9,0.0,257,6,4,Normal Operations
2026-01-05 05:00:00,12.1,0.0,0.238,22.7,0.0,315,5,1,Normal Operations
2026-01-05 06:00:00,12.6,0.0,0.238,23.8,0.0,769,7,0,Normal Operations
2026-01-05 07:00:00,13.4,0.0,0.238,24.8,0.0,561,9,0,Normal Operations
2026-01-05 08:00:00,15.8,0.0,0.238,23.4,0.0,233,10,1,Normal Operations
2026-01-05 09:00:00,18.5,0.0,0.238,25.6,0.0,166,7,1,Normal Operations
2026-01-05 10:00:00,20.8,0.0,0.238,27.7,0.0,947,7,2,Normal Operations
2026-01-05 11:00:00,22.0,0.0,0.238,28.1,0.0,106,4,4,Normal Operations
2026-01-05 12:00:00,23.4,0.0,0.238,28.1,0.0,625,1,3,Normal Operations
2026-01-05 13:00:00,24.4,0.0,0.237,27.4,0.0,172,14,2,Normal Operations
2026-01-05 14:00:00,24.7,0.0,0.237,27.0,0.0,498,8,0,Normal Operations
2026-01-05 15:00:00,24.5,0.0,0.237,27.4,0.0,504,4,4,Normal Operations
2026-01-05 16:00:00,23.6,0.0,0.237,27.0,0.0,774,1,4,Normal Operations
2026-01-05 17:00:00,21.0,0.0,0.237,23.4,0.0,677,5,1,Normal Operations
2026-01-05 18:00:00,18.9,0.0,0.237,19.1,0.0,958,14,4,Normal Operations
2026-01-05 19:00:00,17.5,0.0,0.237,20.9,0.0,229,14,4,Normal Operations
2026-01-05 20:00:00,16.6,0.0,0.237,24.8,0.0,565,8,0,Normal Operations
2026-01-05 21:00:00,15.6,0.0,0.237,25.2,0.0,305,4,2,Normal Operations
2026-01-05 22:00:00,14.6,0.0,0.237,23.8,0.0,887,13,4,Normal Operations
2026-01-05 23:00:00,13.5,0.0,0.237,20.2,0.0,867,12,1,Normal Operations
2026-01-06 00:00:00,12.1,0.0,0.237,16.9,0.0,365,8,2,Normal Operations
2026-01-06 01:00:00,11.0,0.0,0.237,15.8,0.0,636,8,1,Normal Operations
2026-01-06 02:00:00,10.5,0.0,0.237,16.9,0.0,892,3,4,Normal Operations
2026-01-06 03:00:00,10.0,0.0,0.237,16.9,0.0,352,9,2,Normal Operations
2026-01-06 04:00:00,9.3,0.0,0.238,15.1,0.0,921,3,4,Normal Operations
2026-01-06 05:00:00,8.5,0.0,0.238,13.7,0.0,388,1,0,Normal Operations
2026-01-06 06:00:00,8.7,0.0,0.238,15.8,0.0,263,2,2,Normal Operations
2026-01-06 07:00:00,9.3,0.0,0.238,16.9,0.0,194,15,1,Normal Operations
2026-01-06 08:00:00,13.3,0.0,0.238,18.4,0.0,881,6,0,Normal Operations
2026-01-06 09:00:00,17.1,0.0,0.238,19.1,0.0,932,12,3,Normal Operations
2026-01-06 10:00:00,20.3,0.0,0.238,18.7,0.0,209,10,1,Normal Operations
2026-01-06 11:00:00,21.8,0.0,0.238,18.4,0.0,435,2,4,Normal Operations
2026-01-06 12:00:00,23.6,0.0,0.238,18.4,0.0,921,6,1,Normal Operations
2026-01-06 13:00:00,24.8,0.0,0.237,20.2,0.0,337,14,3,Normal Operations
2026-01-06 14:00:00,25.4,0.0,0.237,20.9,0.0,480,1,1,Normal Operations
2026-01-06 15:00:00,25.5,0.0,0.237,20.9,0.0,535,11,0,Normal Operations
2026-01-06 16:00:00,24.6,0.0,0.237,20.5,0.0,998,13,1,Normal Operations
2026-01-06 17:00:00,21.6,0.0,0.237,14.0,0.0,582,1,2,Normal Operations
2026-01-06 18:00:00,19.8,0.0,0.237,5.8,0.0,124,5,3,Normal Operations
2026-01-06 19:00:00,18.1,0.0,0.237,13.0,0.0,752,10,1,Normal Operations
2026-01-06 20:00:00,15.6,0.0,0.237,15.1,0.0,216,13,3,Normal Operations
2026-01-06 21:00:00,13.8,0.0,0.237,14.8,0.0,581,11,0,Normal Operations
2026-01-06 22:00:00,12.8,0.0,0.237,15.8,0.0,491,9,2,Normal Operations
2026-01-06 23:00:00,11.5,0.0,0.237,14.8,0.0,636,14,4,Normal Operations
2026-01-07 00:00:00,10.2,0.0,0.237,10.4,0.0,178,8,1,Normal Operations
2026-01-07 01:00:00,9.6,0.0,0.237,13.3,0.0,679,3,0,Normal Operations
2026-01-07 02:00:00,9.7,0.0,0.237,16.6,0.0,272,15,3,Normal Operations
2026-01-07 03:00:00,9.9,0.0,0.238,17.6,0.0,111,3,3,Normal Operations
2026-01-07 04:00:00,10.3,0.0,0.238,17.3,0.0,899,15,0,Normal Operations
2026-01-07 05:00:00,10.4,0.0,0.238,13.0,0.0,227,1,1,Normal Operations
2026-01-07 06:00:00,11.0,0.0,0.238,13.7,0.0,707,14,4,Normal Operations
2026-01-07 07:00:00,11.9,0.0,0.238,13.3,0.0,191,3,1,Normal Operations
2026-01-07 08:00:00,14.6,0.0,0.238,15.5,0.0,752,15,2,Normal Operations
2026-01-07 09:00:00,18.2,0.0,0.238,15.1,0.0,642,14,1,Normal Operations
2026-01-07 10:00:00,21.4,0.0,0.238,14.0,0.0,945,12,2,Normal Operations
2026-01-07 11:00:00,23.2,0.0,0.237,14.8,0.0,631,12,3,Normal Operations
2026-01-07 12:00:00,25.1,0.0,0.237,16.2,0.0,757,12,2,Normal Operations
2026-01-07 13:00:00,26.1,0.0,0.237,20.5,0.0,927,13,4,Normal Operations
2026-01-07 14:00:00,26.6,0.0,0.237,24.1,0.0,546,11,0,Normal Operations
2026-01-07 15:00:00,26.3,0.0,0.237,26.6,0.0,489,1,2,Normal Operations
2026-01-07 16:00:00,25.4,0.0,0.237,26.6,0.0,771,8,1,Normal Operations
2026-01-07 17:00:00,22.8,0.0,0.237,19.1,0.0,960,1,2,Normal Operations
2026-01-07 18:00:00,20.9,0.0,0.237,17.3,0.0,142,5,3,Normal Operations
2026-01-07 19:00:00,19.4,0.0,0.237,18.0,0.0,353,9,2,Normal Operations
2026-01-07 20:00:00,17.8,0.0,0.237,15.5,0.0,229,7,4,Normal Operations
2026-01-07 21:00:00,17.6,0.0,0.237,19.4,0.0,159,4,2,Normal Operations
2026-01-07 22:00:00,16.9,0.0,0.237,19.8,0.0,762,11,4,Normal Operations
2026-01-07 23:00:00,15.1,0.0,0.237,13.3,0.0,566,9,1,Normal Operations
2026-01-08 00:00:00,14.5,0.0,0.237,12.6,0.0,386,9,3,Normal Operations
2026-01-08 01:00:00,13.6,0.0,0.237,13.3,0.0,616,2,0,Normal Operations
2026-01-08 02:00:00,12.6,0.0,0.237,9.0,0.0,566,10,1,Normal Operations
2026-01-08 03:00:00,12.4,0.0,0.237,10.4,0.0,877,10,1,Normal Operations
2026-01-08 04:00:00,11.6,0.0,0.237,11.5,0.0,444,11,0,Normal Operations
2026-01-08 05:00:00,11.3,0.0,0.237,12.2,0.0,741,12,2,Normal Operations
2026-01-08 06:00:00,11.7,0.0,0.238,16.2,0.0,481,6,2,Normal Operations
2026-01-08 07:00:00,12.0,0.0,0.238,14.4,0.0,878,4,2,Normal Operations
2026-01-08 08:00:00,15.8,0.0,0.238,13.7,0.0,789,8,3,Normal Operations
2026-01-08 09:00:00,19.6,0.0,0.238,14.0,0.0,352,12,1,Normal Operations
2026-01-08 10:00:00,22.5,0.0,0.238,15.1,0.0,155,11,4,Normal Operations
2026-01-08 11:00:00,24.2,0.0,0.237,17.6,0.0,562,7,0,Normal Operations
2026-01-08 12:00:00,25.6,0.0,0.237,18.7,0.0,556,7,1,Normal Operations
2026-01-08 13:00:00,26.2,0.0,0.237,24.8,0.0,182,11,2,Normal Operations
2026-01-08 14:00:00,26.2,0.0,0.237,26.6,0.0,198,10,0,Normal Operations
2026-01-08 15:00:00,26.1,0.0,0.237,29.2,0.0,248,9,4,Normal Operations
2026-01-08 16:00:00,25.1,0.0,0.237,30.6,0.0,428,13,1,Normal Operations
2026-01-08 17:00:00,22.9,0.0,0.237,28.1,0.0,255,5,1,Normal Operations
2026-01-08 18:00:00,21.2,0.0,0.237,18.4,0.0,289,6,3,Normal Operations
2026-01-08 19:00:00,19.6,0.0,0.237,17.3,0.0,593,1,1,Normal Operations
2026-01-08 20:00:00,18.5,0.0,0.237,17.6,0.0,982,6,1,Normal Operations
2026-01-08 21:00:00,17.4,0.0,0.237,19.1,0.0,362,2,4,Normal Operations
2026-01-08 22:00:00,16.2,0.0,0.237,19.4,0.0,179,6,4,Normal Operations
2026-01-08 23:00:00,14.9,0.0,0.237,10.1,0.0,499,9,0,Normal Operations
2026-01-09 00:00:00,14.0,0.0,0.237,11.5,0.0,863,8,2,Normal Operations
2026-01-09 01:00:00,13.2,0.0,0.237,13.0,0.0,708,9,4,Normal Operations
2026-01-09 02:00:00,12.5,0.0,0.237,10.8,0.0,359,13,0,Normal Operations
2026-01-09 03:00:00,12.0,0.0,0.237,9.0,0.0,871,15,1,Normal Operations
2026-01-09 04:00:00,11.5,0.0,0.237,9.0,0.0,714,10,0,Normal Operations
2026-01-09 05:00:00,11.7,0.0,0.237,9.4,0.0,651,8,0,Normal Operations
2026-01-09 06:00:00,11.4,0.0,0.237,9.0,0.0,884,3,0,Normal Operations
2026-01-09 07:00:00,11.7,0.0,0.237,9.4,0.0,200,8,0,Normal Operations
2026-01-09 08:00:00,16.1,0.0,0.237,11.5,0.0,458,6,4,Normal Operations
2026-01-09 09:00:00,19.7,0.0,0.237,11.5,0.0,479,13,2,Normal Operations
2026-01-09 10:00:00,22.3,0.0,0.237,13.3,0.0,919,6,0,Normal Operations
2026-01-09 11:00:00,23.7,0.0,0.237,15.5,0.0,320,6,3,Normal Operations
2026-01-09 12:00:00,25.1,0.0,0.237,19.1,0.0,919,3,1,Normal Operations
2026-01-09 13:00:00,26.0,0.0,0.237,21.2,0.0,519,10,1,Normal Operations
2026-01-09 14:00:00,26.6,0.0,0.237,22.0,0.0,223,1,1,Normal Operations
2026-01-09 15:00:00,26.7,0.0,0.237,22.0,0.0,521,12,1,Normal Operations
2026-01-09 16:00:00,25.6,0.0,0.237,23.0,0.0,330,14,1,Normal Operations
2026-01-09 17:00:00,22.7,0.0,0.237,23.4,0.0,789,4,0,Normal Operations
2026-01-09 18:00:00,21.1,0.0,0.237,18.7,0.0,162,10,2,Normal Operations
2026-01-09 19:00:00,19.2,0.0,0.237,13.7,0.0,584,12,3,Normal Operations
2026-01-09 20:00:00,17.9,0.0,0.237,18.0,0.0,727,6,4,Normal Operations
2026-01-09 21:00:00,17.5,0.0,0.237,19.1,0.0,802,11,3,Normal Operations
2026-01-09 22:00:00,16.7,0.0,0.237,18.4,0.0,673,12,4,Normal Operations
2026-01-09 23:00:00,15.2,0.0,0.237,13.0,0.0,867,10,4,Normal Operations
2026-01-10 00:00:00,13.6,0.0,0.237,11.2,0.0,582,2,3,Normal Operations
2026-01-10 01:00:00,12.5,0.0,0.237,12.2,0.0,618,7,0,Normal Operations
2026-01-10 02:00:00,11.9,0.0,0.237,13.3,0.0,254,7,1,Normal Operations
2026-01-10 03:00:00,11.3,0.0,0.237,13.3,0.0,191,11,0,Normal Operations
2026-01-10 04:00:00,10.7,0.0,0.237,11.9,0.0,625,4,1,Normal Operations
2026-01-10 05:00:00,9.8,0.0,0.237,10.1,0.0,554,4,2,Normal Operations
2026-01-10 06:00:00,9.5,0.0,0.237,11.2,0.0,840,15,4,Normal Operations
2026-01-10 07:00:00,9.9,0.0,0.237,12.6,0.0,697,1,3,Normal Operations
2026-01-10 08:00:00,14.8,0.0,0.237,14.0,0.0,744,13,2,Normal Operations
2026-01-10 09:00:00,19.1,0.0,0.237,13.0,0.0,609,2,1,Normal Operations
2026-01-10 10:00:00,21.9,0.0,0.237,15.8,0.0,282,9,0,Normal Operations
2026-01-10 11:00:00,23.8,0.0,0.237,16.9,0.0,485,10,3,Normal Operations
2026-01-10 12:00:00,25.5,0.0,0.237,17.6,0.0,673,8,4,Normal Operations
2026-01-10 13:00:00,26.4,0.0,0.237,17.3,0.0,830,8,2,Normal Operations
2026-01-10 14:00:00,26.9,0.0,0.237,18.0,0.0,504,9,4,Normal Operations
2026-01-10 15:00:00,26.9,0.0,0.237,17.6,0.0,345,15,1,Normal Operations
2026-01-10 16:00:00,26.2,0.0,0.237,16.6,0.0,841,7,4,Normal Operations
2026-01-10 17:00:00,23.0,0.0,0.237,16.2,0.0,690,13,0,Normal Operations
2026-01-10 18:00:00,20.5,0.0,0.237,12.6,0.0,760,9,2,Normal Operations
2026-01-10 19:00:00,18.6,0.0,0.237,15.8,0.0,749,10,2,Normal Operations
2026-01-10 20:00:00,16.6,0.0,0.237,14.4,0.0,570,12,0,Normal Operations
2026-01-10 21:00:00,15.2,0.0,0.237,11.5,0.0,925,2,4,Normal Operations
2026-01-10 22:00:00,14.5,0.0,0.237,4.7,0.0,987,6,0,Normal Operations
2026-01-10 23:00:00,14.5,0.0,0.237,5.8,0.0,522,15,3,Normal Operations
2026-01-11 00:00:00,13.7,0.0,0.237,6.8,0.0,1000,3,0,Normal Operations
2026-01-11 01:00:00,13.3,0.0,0.237,9.0,0.0,164,11,4,Normal Operations
2026-01-11 02:00:00,12.0,0.0,0.237,11.2,0.0,112,15,0,Normal Operations
2026-01-11 03:00:00,11.0,0.0,0.237,11.2,0.0,312,6,1,Normal Operations
2026-01-11 04:00:00,10.4,0.0,0.237,9.7,0.0,341,3,0,Normal Operations
2026-01-11 05:00:00,10.9,0.0,0.237,10.1,0.0,592,8,0,Normal Operations
2026-01-11 06:00:00,11.6,0.0,0.237,12.2,0.0,312,15,4,Normal Operations
2026-01-11 07:00:00,12.5,0.0,0.237,14.0,0.0,792,11,3,Normal Operations
2026-01-11 08:00:00,16.2,0.0,0.237,15.1,0.0,437,15,3,Normal Operations
2026-01-11 09:00:00,20.4,0.0,0.237,14.4,0.0,272,13,4,Normal Operations
2026-01-11 10:00:00,23.2,0.0,0.237,14.0,0.0,771,4,4,Normal Operations
2026-01-11 11:00:00,24.4,0.0,0.237,12.6,0.0,263,12,4,Normal Operations
2026-01-11 12:00:00,25.9,0.0,0.237,14.4,0.0,564,10,1,Normal Operations
2026-01-11 13:00:00,26.6,0.0,0.237,17.6,0.0,596,6,2,Normal Operations
2026-01-11 14:00:00,26.8,0.0,0.237,19.1,0.0,799,15,0,Normal Operations
2026-01-11 15:00:00,26.6,0.0,0.237,19.1,0.0,494,9,4,Normal Operations
2026-01-11 16:00:00,25.9,0.0,0.237,18.7,0.0,802,2,4,Normal Operations
2026-01-11 17:00:00,23.4,0.0,0.237,17.6,0.0,407,2,4,Normal Operations
2026-01-11 18:00:00,21.0,0.0,0.237,16.2,0.0,867,7,3,Normal Operations
2026-01-11 19:00:00,19.4,0.0,0.237,17.3,0.0,282,15,4,Normal Operations
2026-01-11 20:00:00,17.4,0.0,0.237,16.2,0.0,728,2,0,Normal Operations
2026-01-11 21:00:00,15.9,0.0,0.237,11.2,0.0,893,2,4,Normal Operations
2026-01-11 22:00:00,15.1,0.0,0.237,7.2,0.0,609,4,0,Normal Operations
2026-01-11 23:00:00,14.3,0.0,0.237,5.8,0.0,807,9,1,Normal Operations
2026-01-12 00:00:00,13.1,0.0,0.237,6.5,0.0,645,8,2,Normal Operations
2026-01-12 01:00:00,12.7,0.0,0.237,13.3,0.0,663,2,3,Normal Operations
2026-01-12 02:00:00,12.6,0.0,0.237,14.0,0.0,723,8,0,Normal Operations
2026-01-12 03:00:00,12.5,0.0,0.237,11.5,0.0,863,4,1,Normal Operations
2026-01-12 04:00:00,12.2,0.0,0.237,10.8,0.0,693,2,2,Normal Operations
2026-01-12 05:00:00,12.3,0.0,0.237,9.0,0.0,843,11,2,Normal Operations
2026-01-12 06:00:00,12.5,0.0,0.237,11.2,0.0,326,10,2,Normal Operations
2026-01-12 07:00:00,13.3,0.0,0.237,10.1,0.0,844,7,0,Normal Operations
2026-01-12 08:00:00,16.8,0.0,0.237,11.9,0.0,832,6,1,Normal Operations
2026-01-12 09:00:00,20.8,0.0,0.237,11.2,0.0,535,14,4,Normal Operations
2026-01-12 10:00:00,23.5,0.0,0.237,12.2,0.0,521,10,1,Normal Operations
2026-01-12 11:00:00,24.9,0.0,0.237,14.8,0.0,653,5,1,Normal Operations
2026-01-12 12:00:00,26.2,0.0,0.237,15.1,0.0,120,11,1,Normal Operations
2026-01-12 13:00:00,26.8,0.0,0.237,15.8,0.0,653,1,0,Normal Operations
2026-01-12 14:00:00,26.9,0.0,0.237,18.0,0.0,496,2,0,Normal Operations
2026-01-12 15:00:00,26.6,0.0,0.237,18.0,0.0,724,8,0,Normal Operations
2026-01-12 16:00:00,25.8,0.0,0.237,18.0,0.0,204,1,1,Normal Operations
2026-01-12 17:00:00,23.2,0.0,0.237,15.8,0.0,291,3,0,Normal Operations
2026-01-12 18:00:00,22.3,0.0,0.237,6.5,0.0,116,2,2,Normal Operations
2026-01-12 19:00:00,20.5,0.0,0.237,10.4,0.0,219,5,0,Normal Operations
2026-01-12 20:00:00,17.8,0.0,0.237,11.2,0.0,492,4,3,Normal Operations
2026-01-12 21:00:00,16.4,0.0,0.237,8.3,0.0,524,13,0,Normal Operations
2026-01-12 22:00:00,15.0,0.0,0.237,11.2,0.0,228,7,0,Normal Operations
2026-01-12 23:00:00,13.8,0.0,0.237,12.2,0.0,229,5,0,Normal Operations
2026-01-13 00:00:00,12.4,0.0,0.237,13.7,0.0,671,8,0,Normal Operations
2026-01-13 01:00:00,12.2,0.0,0.237,14.4,0.0,659,4,3,Normal Operations
2026-01-13 02:00:00,12.3,0.0,0.237,15.8,0.0,128,15,4,Normal Operations
2026-01-13 03:00:00,12.6,0.0,0.237,16.2,0.0,196,12,0,Normal Operations
2026-01-13 04:00:00,12.6,0.0,0.237,19.4,0.0,109,6,2,Normal Operations
2026-01-13 05:00:00,12.3,0.0,0.237,21.6,0.0,341,4,3,Normal Operations
2026-01-13 06:00:00,12.6,0.0,0.237,22.0,0.0,925,2,4,Normal Operations
2026-01-13 07:00:00,12.8,0.0,0.237,18.7,0.0,331,1,0,Normal Operations
2026-01-13 08:00:00,15.8,0.0,0.237,14.0,0.0,888,14,4,Normal Operations
2026-01-13 09:00:00,19.8,0.0,0.237,12.2,0.0,383,14,2,Normal Operations
2026-01-13 10:00:00,22.7,0.0,0.237,14.0,0.0,814,1,3,Normal Operations
2026-01-13 11:00:00,24.2,0.0,0.237,15.8,0.0,858,8,3,Normal Operations
2026-01-13 12:00:00,25.9,0.0,0.237,18.0,0.0,901,14,4,Normal Operations
2026-01-13 13:00:00,26.9,0.0,0.237,22.0,0.0,875,4,0,Normal Operations
2026-01-13 14:00:00,27.1,0.0,0.237,27.4,0.0,825,5,1,Normal Operations
2026-01-13 15:00:00,26.8,0.0,0.237,27.7,0.0,299,11,3,Normal Operations
2026-01-13 16:00:00,26.6,0.0,0.237,25.6,0.0,178,8,1,Normal Operations
2026-01-13 17:00:00,24.3,0.0,0.237,26.3,0.0,954,12,3,Normal Operations
2026-01-13 18:00:00,22.3,0.0,0.237,25.9,0.0,955,15,0,Normal Operations
2026-01-13 19:00:00,21.2,0.0,0.237,23.4,0.0,272,7,0,Normal Operations
2026-01-13 20:00:00,20.2,0.0,0.237,23.0,0.0,566,13,3,Normal Operations
2026-01-13 21:00:00,19.4,0.0,0.237,23.4,0.0,680,8,4,Normal Operations
2026-01-13 22:00:00,17.8,0.0,0.237,18.4,0.0,515,13,0,Normal Operations
2026-01-13 23:00:00,16.8,0.0,0.237,2.9,0.0,548,8,0,Normal Operations
2026-01-14 00:00:00,15.0,0.0,0.237,4.3,0.0,186,6,2,Normal Operations
2026-01-14 01:00:00,13.9,0.0,0.237,8.6,0.0,200,10,0,Normal Operations
2026-01-14 02:00:00,12.9,0.0,0.237,12.2,0.0,107,2,2,Normal Operations
2026-01-14 03:00:00,12.6,0.0,0.237,12.6,0.0,944,6,0,Normal Operations
2026-01-14 04:00:00,12.2,0.0,0.237,12.2,0.0,299,14,0,Normal Operations
2026-01-14 05:00:00,11.4,0.0,0.237,12.2,0.0,604,1,4,Normal Operations
2026-01-14 06:00:00,11.6,0.0,0.237,12.2,0.0,186,1,4,Normal Operations
2026-01-14 07:00:00,12.3,0.0,0.237,12.6,0.0,142,11,0,Normal Operations
2026-01-14 08:00:00,16.7,0.0,0.237,13.3,0.0,484,3,3,Normal Operations
2026-01-14 09:00:00,20.5,0.0,0.237,13.0,0.0,720,3,3,Normal Operations
2026-01-14 10:00:00,23.2,0.0,0.237,13.0,0.0,534,11,0,Normal Operations
2026-01-14 11:00:00,24.4,0.0,0.237,14.8,0.0,507,13,3,Normal Operations
2026-01-14 12:00:00,26.1,0.0,0.237,16.2,0.0,582,5,0,Normal Operations
2026-01-14 13:00:00,27.2,0.0,0.237,18.4,0.0,763,1,4,Normal Operations
2026-01-14 14:00:00,26.9,0.0,0.237,20.9,0.0,116,10,1,Normal Operations
2026-01-14 15:00:00,26.8,0.0,0.237,18.4,0.0,744,6,2,Normal Operations
2026-01-14 16:00:00,26.5,0.0,0.237,18.7,0.0,247,7,3,Normal Operations
2026-01-14 17:00:00,24.5,0.0,0.237,25.6,0.0,376,10,3,Normal Operations
2026-01-14 18:00:00,22.3,0.0,0.237,25.2,0.0,331,12,4,Normal Operations
2026-01-14 19:00:00,20.7,0.0,0.237,14.0,0.0,925,13,3,Normal Operations
2026-01-14 20:00:00,19.8,0.0,0.237,13.0,0.0,465,11,0,Normal Operations
2026-01-14 21:00:00,18.8,0.0,0.237,15.5,0.0,327,3,0,Normal Operations
2026-01-14 22:00:00,17.8,0.0,0.237,16.2,0.0,750,4,1,Normal Operations
2026-01-14 23:00:00,16.6,0.0,0.237,19.4,0.0,535,10,1,Normal Operations
2026-01-15 00:00:00,15.8,0.0,0.237,17.6,0.0,498,11,1,Normal Operations
2026-01-15 01:00:00,14.9,0.0,0.237,15.1,0.0,310,10,0,Normal Operations
2026-01-15 02:00:00,14.3,0.0,0.237,16.9,0.0,490,14,1,Normal Operations
2026-01-15 03:00:00,13.9,0.0,0.237,15.8,0.0,598,12,1,Normal Operations
2026-01-15 04:00:00,13.4,0.0,0.237,14.8,0.0,639,15,0,Normal Operations
2026-01-15 05:00:00,12.7,0.0,0.237,14.0,0.0,662,10,4,Normal Operations
2026-01-15 06:00:00,12.6,0.0,0.237,14.8,0.0,590,14,3,Normal Operations
2026-01-15 07:00:00,13.1,0.0,0.237,15.8,0.0,541,10,2,Normal Operations
2026-01-15 08:00:00,16.5,0.0,0.237,17.3,0.0,360,10,0,Normal Operations
2026-01-15 09:00:00,20.9,0.0,0.237,16.9,0.0,872,3,0,Normal Operations
2026-01-15 10:00:00,24.2,0.0,0.237,19.4,0.0,449,1,2,Normal Operations
2026-01-15 11:00:00,25.4,0.0,0.237,22.7,0.0,451,8,2,Normal Operations
2026-01-15 12:00:00,26.6,0.0,0.237,24.1,0.0,619,13,1,Normal Operations
2026-01-15 13:00:00,26.8,0.0,0.237,29.9,0.0,419,10,2,Normal Operations
2026-01-15 14:00:00,26.9,0.0,0.237,30.2,0.0,237,10,3,Normal Operations
2026-01-15 15:00:00,27.0,0.0,0.237,27.4,0.0,649,2,3,Normal Operations
2026-01-15 16:00:00,26.2,0.0,0.237,25.9,0.0,722,1,3,Normal Operations
2026-01-15 17:00:00,23.6,0.0,0.237,25.2,0.0,467,14,3,Normal Operations
2026-01-15 18:00:00,21.3,0.0,0.237,15.1,0.0,319,8,3,Normal Operations
2026-01-15 19:00:00,20.1,0.0,0.237,19.4,0.0,436,7,1,Normal Operations
2026-01-15 20:00:00,19.2,0.0,0.237,20.2,0.0,322,7,0,Normal Operations
2026-01-15 21:00:00,17.7,0.0,0.237,18.0,0.0,747,4,2,Normal Operations
2026-01-15 22:00:00,16.5,0.0,0.237,17.6,0.0,867,11,0,Normal Operations
2026-01-15 23:00:00,14.8,0.0,0.237,17.3,0.0,459,9,2,Normal Operations
2026-01-16 00:00:00,13.7,0.0,0.237,18.4,0.0,428,6,1,Normal Operations
2026-01-16 01:00:00,12.8,0.0,0.237,19.1,0.0,562,2,1,Normal Operations
2026-01-16 02:00:00,12.1,0.0,0.237,19.1,0.0,660,14,4,Normal Operations
2026-01-16 03:00:00,11.3,0.0,0.237,17.6,0.0,903,1,4,Normal Operations
2026-01-16 04:00:00,10.8,0.0,0.237,16.2,0.0,481,1,1,Normal Operations
2026-01-16 05:00:00,10.3,0.0,0.237,15.5,0.0,935,9,1,Normal Operations
2026-01-16 06:00:00,10.2,0.0,0.237,15.1,0.0,689,4,2,Normal Operations
2026-01-16 07:00:00,10.8,0.0,0.237,16.2,0.0,716,5,1,Normal Operations
2026-01-16 08:00:00,14.9,0.0,0.237,17.6,0.0,268,3,0,Normal Operations
2026-01-16 09:00:00,19.2,0.0,0.237,16.2,0.0,316,4,2,Normal Operations
2026-01-16 10:00:00,22.3,0.0,0.237,16.6,0.0,477,12,1,Normal Operations
2026-01-16 11:00:00,23.8,0.0,0.237,17.3,0.0,218,8,2,Normal Operations
2026-01-16 12:00:00,25.6,0.0,0.237,18.4,0.0,289,13,2,Normal Operations
2026-01-16 13:00:00,26.8,0.0,0.237,20.2,0.0,866,4,3,Normal Operations
2026-01-16 14:00:00,27.5,0.0,0.237,20.5,0.0,469,9,4,Normal Operations
2026-01-16 15:00:00,27.5,0.0,0.237,20.5,0.0,877,9,2,Normal Operations
2026-01-16 16:00:00,26.9,0.0,0.237,19.8,0.0,248,6,2,Normal Operations
2026-01-16 17:00:00,23.5,0.0,0.237,16.6,0.0,775,2,3,Normal Operations
2026-01-16 18:00:00,22.0,0.0,0.237,15.5,0.0,751,12,1,Normal Operations
2026-01-16 19:00:00,20.4,0.0,0.237,18.0,0.0,958,10,2,Normal Operations
2026-01-16 20:00:00,18.4,0.0,0.237,18.0,0.0,587,11,3,Normal Operations
2026-01-16 21:00:00,16.9,0.0,0.237,16.6,0.0,869,7,0,Normal Operations
2026-01-16 22:00:00,15.8,0.0,0.237,15.8,0.0,473,9,3,Normal Operations
2026-01-16 23:00:00,14.5,0.0,0.237,13.3,0.0,880,6,4,Normal Operations
2026-01-17 00:00:00,12.9,0.0,0.237,12.2,0.0,792,3,4,Normal Operations
2026-01-17 01:00:00,11.8,0.0,0.237,11.5,0.0,259,14,1,Normal Operations
2026-01-17 02:00:00,11.0,0.0,0.237,13.7,0.0,450,15,1,Normal Operations
2026-01-17 03:00:00,10.8,0.0,0.237,14.8,0.0,387,7,4,Normal Operations
2026-01-17 04:00:00,11.0,0.0,0.237,14.8,0.0,387,5,4,Normal Operations
2026-01-17 05:00:00,10.9,0.0,0.237,14.4,0.0,991,1,2,Normal Operations
2026-01-17 06:00:00,11.2,0.0,0.237,14.4,0.0,325,3,4,Normal Operations
2026-01-17 07:00:00,11.8,0.0,0.237,13.3,0.0,622,5,1,Normal Operations
2026-01-17 08:00:00,15.5,0.0,0.237,15.5,0.0,621,7,4,Normal Operations
2026-01-17 09:00:00,19.7,0.0,0.237,15.1,0.0,882,3,1,Normal Operations
2026-01-17 10:00:00,23.3,0.0,0.237,15.1,0.0,372,6,0,Normal Operations
2026-01-17 11:00:00,25.5,0.0,0.237,16.6,0.0,501,5,4,Normal Operations
2026-01-17 12:00:00,27.3,0.0,0.237,18.4,0.0,282,13,1,Normal Operations
2026-01-17 13:00:00,28.3,0.0,0.237,20.5,0.0,764,1,3,Normal Operations
2026-01-17 14:00:00,28.9,0.0,0.237,20.5,0.0,587,10,2,Normal Operations
2026-01-17 15:00:00,29.0,0.0,0.237,20.5,0.0,926,6,1,Normal Operations
2026-01-17 16:00:00,28.3,0.0,0.237,17.6,0.0,945,14,4,Normal Operations
2026-01-17 17:00:00,25.6,0.0,0.237,10.1,0.0,223,8,4,Normal Operations
2026-01-17 18:00:00,23.5,0.0,0.237,2.2,0.0,725,13,0,Normal Operations
2026-01-17 19:00:00,21.9,0.0,0.237,2.2,0.0,889,13,3,Normal Operations
2026-01-17 20:00:00,20.0,0.0,0.237,5.0,0.0,513,1,1,Normal Operations
2026-01-17 21:00:00,18.5,0.0,0.237,4.0,0.0,824,2,3,Normal Operations
2026-01-17 22:00:00,18.2,0.0,0.237,10.8,0.0,271,14,0,Normal Operations
2026-01-17 23:00:00,17.6,0.0,0.237,11.2,0.0,387,15,2,Normal Operations
2026-01-18 00:00:00,17.0,0.0,0.237,6.5,0.0,534,4,3,Normal Operations
2026-01-18 01:00:00,16.3,0.0,0.237,5.8,0.0,785,12,0,Normal Operations
2026-01-18 02:00:00,15.3,0.0,0.237,7.6,0.0,212,2,1,Normal Operations
2026-01-18 03:00:00,14.5,0.0,0.237,10.8,0.0,987,11,2,Normal Operations
2026-01-18 04:00:00,14.4,0.0,0.237,16.9,0.0,221,9,4,Normal Operations
2026-01-18 05:00:00,13.1,0.0,0.237,17.6,0.0,643,10,0,Normal Operations
2026-01-18 06:00:00,13.1,0.0,0.237,17.6,0.0,321,8,4,Normal Operations
2026-01-18 07:00:00,13.8,0.0,0.237,15.5,0.0,730,8,2,Normal Operations
2026-01-18 08:00:00,17.3,0.0,0.237,13.0,0.0,138,4,0,Normal Operations
2026-01-18 09:00:00,21.5,0.0,0.237,11.9,0.0,596,5,0,Normal Operations
2026-01-18 10:00:00,24.8,0.0,0.237,15.5,0.0,879,4,2,Normal Operations
2026-01-18 11:00:00,26.6,0.0,0.237,17.3,0.0,332,13,1,Normal Operations
2026-01-18 12:00:00,28.0,0.0,0.237,17.6,0.0,629,9,0,Normal Operations
2026-01-18 13:00:00,28.6,0.0,0.237,17.6,0.0,248,13,2,Normal Operations
2026-01-18 14:00:00,29.0,0.0,0.237,16.9,0.0,496,2,3,Normal Operations
2026-01-18 15:00:00,28.8,0.0,0.237,15.5,0.0,760,13,4,Normal Operations
2026-01-18 16:00:00,28.2,0.0,0.237,12.2,0.0,737,11,0,Normal Operations
2026-01-18 17:00:00,24.9,0.0,0.237,6.5,0.0,401,8,3,Normal Operations
2026-01-18 18:00:00,22.9,0.0,0.237,10.4,0.0,459,2,0,Normal Operations
2026-01-18 19:00:00,21.5,0.0,0.237,10.8,0.0,337,1,1,Normal Operations
2026-01-18 20:00:00,20.9,0.0,0.237,7.6,0.0,746,10,2,Normal Operations
2026-01-18 21:00:00,19.8,0.0,0.237,6.1,0.0,762,3,0,Normal Operations
2026-01-18 22:00:00,19.0,0.0,0.237,4.3,0.0,335,9,2,Normal Operations
2026-01-18 23:00:00,17.5,0.0,0.237,5.4,0.0,835,12,0,Normal Operations
2026-01-19 00:00:00,17.4,0.0,0.237,5.4,0.0,302,3,1,Normal Operations
2026-01-19 01:00:00,16.9,0.0,0.237,4.0,0.0,355,9,1,Normal Operations
2026-01-19 02:00:00,16.2,0.0,0.237,5.4,0.0,697,7,3,Normal Operations
2026-01-19 03:00:00,15.6,0.0,0.237,6.8,0.0,761,13,1,Normal Operations
2026-01-19 04:00:00,16.1,0.0,0.237,6.5,0.0,334,10,2,Normal Operations
2026-01-19 05:00:00,16.0,0.0,0.237,4.7,0.0,444,1,1,Normal Operations
2026-01-19 06:00:00,15.0,0.0,0.237,2.2,0.0,633,10,0,Normal Operations
2026-01-19 07:00:00,15.0,0.0,0.237,6.8,0.0,959,5,1,Normal Operations
2026-01-19 08:00:00,18.6,0.0,0.237,10.4,0.0,896,9,2,Normal Operations
2026-01-19 09:00:00,22.4,0.0,0.237,13.0,0.0,880,12,0,Normal Operations
2026-01-19 10:00:00,24.7,0.0,0.237,15.5,0.0,565,15,3,Normal Operations
2026-01-19 11:00:00,26.7,0.0,0.237,18.7,0.0,869,15,3,Normal Operations
2026-01-19 12:00:00,28.1,0.0,0.237,23.0,0.0,640,3,3,Normal Operations
2026-01-19 13:00:00,28.7,0.0,0.237,23.0,0.0,312,9,0,Normal Operations
2026-01-19 14:00:00,29.0,0.0,0.237,21.6,0.0,562,5,3,Normal Operations
2026-01-19 15:00:00,28.9,0.0,0.237,17.6,0.0,535,9,1,Normal Operations
2026-01-19 16:00:00,28.3,0.0,0.237,13.0,0.0,382,10,0,Normal Operations
2026-01-19 17:00:00,25.8,0.0,0.237,6.5,0.0,661,6,0,Normal Operations
2026-01-19 18:00:00,23.9,0.0,0.237,4.0,0.0,706,9,0,Normal Operations
2026-01-19 19:00:00,22.0,0.0,0.237,7.9,0.0,562,7,4,Normal Operations
2026-01-19 20:00:00,20.9,0.0,0.237,10.4,0.0,506,7,2,Normal Operations
2026-01-19 21:00:00,19.7,0.0,0.237,7.9,0.0,187,8,4,Normal Operations
2026-01-19 22:00:00,19.0,0.0,0.237,16.2,0.0,143,7,4,Normal Operations
2026-01-19 23:00:00,18.8,0.0,0.237,15.1,0.0,560,12,4,Normal Operations
2026-01-20 00:00:00,17.7,0.0,0.237,8.3,0.0,377,9,2,Normal Operations
2026-01-20 01:00:00,17.1,0.0,0.237,9.0,0.0,782,11,4,Normal Operations
2026-01-20 02:00:00,16.4,0.0,0.237,19.1,0.0,520,9,3,Normal Operations
2026-01-20 03:00:00,15.8,0.0,0.237,17.3,0.0,800,6,0,Normal Operations
2026-01-20 04:00:00,16.1,0.0,0.237,19.4,0.0,452,7,0,Normal Operations
2026-01-20 05:00:00,16.0,0.0,0.237,20.5,0.0,795,2,1,Normal Operations
2026-01-20 06:00:00,16.1,0.0,0.237,19.4,0.0,614,15,3,Normal Operations
2026-01-20 07:00:00,15.9,0.0,0.237,16.9,0.0,802,9,2,Normal Operations
2026-01-20 08:00:00,19.0,0.0,0.237,14.8,0.0,729,12,0,Normal Operations
2026-01-20 09:00:00,22.4,0.0,0.237,14.0,0.0,118,13,4,Normal Operations
2026-01-20 10:00:00,25.2,0.0,0.237,13.3,0.0,122,1,1,Normal Operations
2026-01-20 11:00:00,26.6,0.0,0.237,14.8,0.0,512,1,1,Normal Operations
2026-01-20 12:00:00,28.3,0.0,0.237,15.8,0.0,129,3,0,Normal Operations
2026-01-20 13:00:00,29.2,0.0,0.237,18.0,0.0,906,12,3,Normal Operations
2026-01-20 14:00:00,28.9,0.0,0.237,18.4,0.0,207,6,1,Normal Operations
2026-01-20 15:00:00,28.9,0.0,0.237,18.0,0.0,466,5,0,Normal Operations
2026-01-20 16:00:00,28.0,0.0,0.237,19.4,0.0,380,15,3,Normal Operations
2026-01-20 17:00:00,25.7,0.0,0.237,18.7,0.0,227,2,0,Normal Operations
2026-01-20 18:00:00,24.0,0.0,0.237,4.3,0.0,328,9,0,Normal Operations
2026-01-20 19:00:00,23.0,0.0,0.237,4.3,0.0,210,14,3,Normal Operations
2026-01-20 20:00:00,21.3,0.0,0.237,16.2,0.0,235,13,3,Normal Operations
2026-01-20 21:00:00,19.0,0.0,0.237,17.6,0.0,461,10,3,Normal Operations
2026-01-20 22:00:00,17.6,0.0,0.237,10.4,0.0,285,14,0,Normal Operations
2026-01-20 23:00:00,16.6,0.0,0.237,13.0,0.0,755,4,1,Normal Operations
2026-01-21 00:00:00,16.3,0.0,0.237,16.2,0.0,683,4,2,Normal Operations
2026-01-21 01:00:00,16.3,0.0,0.237,16.9,0.0,228,5,2,Normal Operations
2026-01-21 02:00:00,15.9,0.0,0.237,16.9,0.0,975,15,0,Normal Operations
2026-01-21 03:00:00,15.7,0.0,0.237,18.7,0.0,360,8,0,Normal Operations
2026-01-21 04:00:00,15.4,0.0,0.237,18.4,0.0,614,10,1,Normal Operations
2026-01-21 05:00:00,14.3,0.0,0.237,15.8,0.0,548,4,3,Normal Operations
2026-01-21 06:00:00,14.6,0.0,0.237,15.5,0.0,999,5,0,Normal Operations
2026-01-21 07:00:00,15.1,0.0,0.237,13.3,0.0,203,12,4,Normal Operations
2026-01-21 08:00:00,18.2,0.0,0.237,17.3,0.0,582,4,3,Normal Operations
2026-01-21 09:00:00,22.0,0.0,0.237,17.6,0.0,323,14,0,Normal Operations
2026-01-21 10:00:00,25.1,0.0,0.237,18.0,0.0,931,6,4,Normal Operations
2026-01-21 11:00:00,26.5,0.0,0.237,16.9,0.0,973,12,1,Normal Operations
2026-01-21 12:00:00,27.9,0.0,0.237,16.9,0.0,965,3,4,Normal Operations
2026-01-21 13:00:00,27.9,0.0,0.237,19.1,0.0,590,8,0,Normal Operations
2026-01-21 14:00:00,27.7,0.0,0.237,19.1,0.0,572,6,2,Normal Operations
2026-01-21 15:00:00,27.9,0.0,0.237,15.8,0.0,109,10,0,Normal Operations
2026-01-21 16:00:00,27.5,0.0,0.237,14.8,0.0,504,5,2,Normal Operations
2026-01-21 17:00:00,25.0,0.0,0.237,14.4,0.0,995,13,1,Normal Operations
2026-01-21 18:00:00,23.3,0.0,0.237,8.3,0.0,401,15,1,Normal Operations
2026-01-21 19:00:00,22.8,0.0,0.237,4.3,0.0,330,2,3,Normal Operations
2026-01-21 20:00:00,21.2,0.0,0.237,7.9,0.0,830,10,3,Normal Operations
2026-01-21 21:00:00,20.1,0.0,0.237,13.0,0.0,165,10,2,Normal Operations
2026-01-21 22:00:00,19.3,0.0,0.237,12.2,0.0,211,7,2,Normal Operations
2026-01-21 23:00:00,18.8,0.0,0.237,13.0,0.0,112,2,1,Normal Operations
2026-01-22 00:00:00,18.1,0.0,0.237,12.2,0.0,492,1,4,Normal Operations
2026-01-22 01:00:00,16.9,0.0,0.237,13.3,0.0,599,7,2,Normal Operations
2026-01-22 02:00:00,15.7,0.0,0.237,16.6,0.0,697,5,2,Normal Operations
2026-01-22 03:00:00,14.9,0.0,0.237,15.5,0.0,333,1,4,Normal Operations
2026-01-22 04:00:00,14.5,0.0,0.237,16.2,0.0,701,15,3,Normal Operations
2026-01-22 05:00:00,14.0,0.0,0.237,16.2,0.0,413,4,3,Normal Operations
2026-01-22 06:00:00,14.1,0.0,0.237,13.3,0.0,665,12,2,Normal Operations
2026-01-22 07:00:00,14.4,0.0,0.237,10.1,0.0,111,13,3,Normal Operations
2026-01-22 08:00:00,17.6,0.0,0.237,8.3,0.0,308,4,3,Normal Operations
2026-01-22 09:00:00,21.1,0.0,0.237,11.9,0.0,113,10,3,Normal Operations
2026-01-22 10:00:00,24.0,0.0,0.237,15.5,0.0,732,7,1,Normal Operations
2026-01-22 11:00:00,26.2,0.0,0.237,17.6,0.0,517,9,0,Normal Operations
2026-01-22 12:00:00,27.6,0.0,0.237,18.0,0.0,536,2,2,Normal Operations
2026-01-22 13:00:00,28.0,0.0,0.237,22.7,0.0,476,12,2,Normal Operations
2026-01-22 14:00:00,27.8,0.0,0.237,27.0,0.0,119,14,1,Normal Operations
2026-01-22 15:00:00,27.5,0.0,0.237,27.0,0.0,686,1,0,Normal Operations
2026-01-22 16:00:00,27.2,0.0,0.237,21.6,0.0,854,2,0,Normal Operations
2026-01-22 17:00:00,25.0,0.0,0.237,9.0,0.0,834,7,1,Normal Operations
2026-01-22 18:00:00,22.9,0.0,0.237,7.6,0.0,169,13,4,Normal Operations
2026-01-22 19:00:00,22.1,0.0,0.237,19.4,0.0,923,10,4,Normal Operations
2026-01-22 20:00:00,21.3,0.0,0.237,22.3,0.0,310,6,0,Normal Operations
2026-01-22 21:00:00,19.8,0.0,0.237,12.2,0.0,200,4,4,Normal Operations
2026-01-22 22:00:00,19.0,0.0,0.237,11.9,0.0,797,1,4,Normal Operations
2026-01-22 23:00:00,18.8,0.0,0.237,12.2,0.0,231,13,4,Normal Operations
2026-01-23 00:00:00,17.2,0.0,0.237,9.7,0.0,722,1,0,Normal Operations
2026-01-23 01:00:00,16.5,0.0,0.237,5.0,0.0,480,5,4,Normal Operations
2026-01-23 02:00:00,16.2,0.0,0.237,12.6,0.0,231,15,2,Normal Operations
2026-01-23 03:00:00,16.1,0.0,0.237,15.1,0.0,119,1,0,Normal Operations
2026-01-23 04:00:00,15.7,0.0,0.237,14.8,0.0,635,12,1,Normal Operations
2026-01-23 05:00:00,16.0,0.0,0.237,10.1,0.0,326,15,4,Normal Operations
2026-01-23 06:00:00,15.6,0.0,0.237,5.4,0.0,253,7,3,Normal Operations
2026-01-23 07:00:00,16.0,0.0,0.237,5.0,0.0,904,13,0,Normal Operations
2026-01-23 08:00:00,19.5,0.0,0.237,9.0,0.0,841,11,1,Normal Operations
2026-01-23 09:00:00,23.2,0.0,0.237,14.0,0.0,568,1,2,Normal Operations
2026-01-23 10:00:00,26.0,0.0,0.237,20.9,0.0,921,1,1,Normal Operations
2026-01-23 11:00:00,27.6,0.0,0.237,23.8,0.0,970,2,4,Normal Operations
2026-01-23 12:00:00,28.1,0.0,0.237,24.8,0.0,504,13,3,Normal Operations
2026-01-23 13:00:00,28.5,0.0,0.237,26.3,0.0,301,14,4,Normal Operations
2026-01-23 14:00:00,28.8,0.0,0.237,27.7,0.0,137,11,1,Normal Operations
2026-01-23 15:00:00,28.5,0.0,0.237,27.7,0.0,871,12,0,Normal Operations
2026-01-23 16:00:00,27.7,0.0,0.237,23.0,0.0,287,10,3,Normal Operations
2026-01-23 17:00:00,25.5,0.0,0.237,28.1,0.0,156,3,3,Normal Operations
2026-01-23 18:00:00,23.1,0.0,0.237,7.9,0.0,119,13,1,Normal Operations
2026-01-23 19:00:00,21.9,0.0,0.237,8.6,0.0,372,11,4,Normal Operations
2026-01-23 20:00:00,22.0,0.0,0.237,8.6,0.0,218,15,1,Normal Operations
2026-01-23 21:00:00,20.3,0.0,0.237,4.7,0.0,682,1,3,Normal Operations
2026-01-23 22:00:00,19.3,0.0,0.237,18.7,0.0,615,15,1,Normal Operations
2026-01-23 23:00:00,19.2,0.0,0.237,18.7,0.0,320,9,3,Normal Operations
2026-01-24 00:00:00,18.3,0.0,0.237,15.8,0.0,625,10,4,Normal Operations
2026-01-24 01:00:00,17.1,0.0,0.237,15.1,0.0,614,8,0,Normal Operations
2026-01-24 02:00:00,16.5,0.0,0.237,8.3,0.0,827,5,0,Normal Operations
2026-01-24 03:00:00,15.8,0.0,0.237,5.0,0.0,840,13,1,Normal Operations
2026-01-24 04:00:00,15.7,0.0,0.237,4.0,0.0,435,11,3,Normal Operations
2026-01-24 05:00:00,16.2,0.0,0.237,3.2,0.0,797,2,0,Normal Operations
2026-01-24 06:00:00,15.9,0.0,0.237,2.2,0.0,154,5,3,Normal Operations
2026-01-24 07:00:00,16.5,0.0,0.237,6.8,0.0,599,6,4,Normal Operations
2026-01-24 08:00:00,18.5,0.0,0.237,9.4,0.0,999,14,1,Normal Operations
2026-01-24 09:00:00,21.4,0.0,0.237,11.5,0.0,987,15,3,Normal Operations
2026-01-24 10:00:00,24.2,0.0,0.237,16.2,0.0,865,1,1,Normal Operations
2026-01-24 11:00:00,26.0,0.0,0.237,21.2,0.0,635,11,3,Normal Operations
2026-01-24 12:00:00,27.4,0.0,0.237,22.3,0.0,261,4,3,Normal Operations
2026-01-24 13:00:00,28.0,0.0,0.237,22.0,0.0,769,9,4,Normal Operations
2026-01-24 14:00:00,28.1,0.0,0.237,19.8,0.0,693,2,1,Normal Operations
2026-01-24 15:00:00,27.8,0.0,0.237,19.4,0.0,258,5,2,Normal Operations
2026-01-24 16:00:00,27.2,0.0,0.237,15.5,0.0,287,1,3,Normal Operations
2026-01-24 17:00:00,25.3,0.0,0.237,13.7,0.0,159,4,3,Normal Operations
2026-01-24 18:00:00,23.4,0.0,0.237,14.8,0.0,916,4,0,Normal Operations
2026-01-24 19:00:00,22.1,0.0,0.237,16.6,0.0,418,6,1,Normal Operations
2026-01-24 20:00:00,21.5,0.0,0.237,16.9,0.0,977,10,2,Normal Operations
2026-01-24 21:00:00,20.4,0.0,0.237,14.0,0.0,310,9,4,Normal Operations
2026-01-24 22:00:00,19.7,0.0,0.237,16.6,0.0,505,3,2,Normal Operations
2026-01-24 23:00:00,18.9,0.0,0.237,16.2,0.0,763,9,4,Normal Operations
2026-01-25 00:00:00,17.1,0.0,0.237,10.4,0.0,208,6,2,Normal Operations
2026-01-25 01:00:00,16.3,0.0,0.237,19.4,0.0,175,7,2,Normal Operations
2026-01-25 02:00:00,15.8,0.0,0.237,19.4,0.0,641,12,1,Normal Operations
2026-01-25 03:00:00,15.0,0.0,0.237,18.7,0.0,413,10,0,Normal Operations
2026-01-25 04:00:00,14.4,0.0,0.237,18.4,0.0,216,2,2,Normal Operations
2026-01-25 05:00:00,13.7,0.0,0.237,15.8,0.0,967,11,3,Normal Operations
2026-01-25 06:00:00,13.1,0.0,0.237,15.8,0.0,803,10,3,Normal Operations
2026-01-25 07:00:00,13.5,0.0,0.237,12.2,0.0,118,14,3,Normal Operations
2026-01-25 08:00:00,17.7,0.0,0.237,16.2,0.0,531,6,0,Normal Operations
2026-01-25 09:00:00,21.6,0.0,0.237,16.2,0.0,784,6,2,Normal Operations
2026-01-25 10:00:00,24.9,0.0,0.237,14.8,0.0,839,2,4,Normal Operations
2026-01-25 11:00:00,26.2,0.0,0.237,15.5,0.0,449,2,4,Normal Operations
2026-01-25 12:00:00,27.7,0.0,0.237,18.4,0.0,282,14,1,Normal Operations
2026-01-25 13:00:00,28.2,0.0,0.237,18.7,0.0,212,2,0,Normal Operations
2026-01-25 14:00:00,28.4,0.0,0.237,18.7,0.0,282,10,2,Normal Operations
2026-01-25 15:00:00,28.4,0.0,0.237,17.3,0.0,580,12,3,Normal Operations
2026-01-25 16:00:00,28.0,0.0,0.237,14.8,0.0,245,1,0,Normal Operations
2026-01-25 17:00:00,26.2,0.0,0.237,10.1,0.0,930,5,0,Normal Operations
2026-01-25 18:00:00,24.0,0.0,0.237,1.8,0.0,727,8,2,Normal Operations
2026-01-25 19:00:00,22.2,0.0,0.237,6.5,0.0,212,2,1,Normal Operations
2026-01-25 20:00:00,21.9,0.0,0.237,6.1,0.0,862,13,1,Normal Operations
2026-01-25 21:00:00,20.0,0.0,0.237,5.8,0.0,575,15,1,Normal Operations
2026-01-25 22:00:00,18.9,0.0,0.237,5.8,0.0,862,5,3,Normal Operations
2026-01-25 23:00:00,18.0,0.0,0.237,16.2,0.0,402,12,3,Normal Operations
2026-01-26 00:00:00,17.5,0.0,0.237,18.7,0.0,924,8,2,Normal Operations
2026-01-26 01:00:00,17.1,0.0,0.237,18.0,0.0,217,10,1,Normal Operations
2026-01-26 02:00:00,17.1,0.0,0.237,16.9,0.0,912,14,2,Normal Operations
2026-01-26 03:00:00,16.5,0.0,0.237,15.8,0.0,260,5,1,Normal Operations
2026-01-26 04:00:00,14.6,0.0,0.237,13.7,0.0,500,2,0,Normal Operations
2026-01-26 05:00:00,13.9,0.0,0.237,9.7,0.0,297,3,4,Normal Operations
2026-01-26 06:00:00,14.0,0.0,0.237,7.2,0.0,359,15,4,Normal Operations
2026-01-26 07:00:00,14.2,0.0,0.237,12.6,0.0,759,6,1,Normal Operations
2026-01-26 08:00:00,18.4,0.0,0.237,15.5,0.0,851,11,2,Normal Operations
2026-01-26 09:00:00,22.5,0.0,0.237,14.8,0.0,146,11,3,Normal Operations
2026-01-26 10:00:00,25.5,0.0,0.237,14.8,0.0,498,5,1,Normal Operations
2026-01-26 11:00:00,26.9,0.0,0.237,21.6,0.0,809,11,1,Normal Operations
2026-01-26 12:00:00,28.1,0.0,0.237,23.8,0.0,658,4,3,Normal Operations
2026-01-26 13:00:00,28.7,0.0,0.237,23.0,0.0,177,4,1,Normal Operations
2026-01-26 14:00:00,28.8,0.0,0.237,20.9,0.0,223,5,0,Normal Operations
2026-01-26 15:00:00,28.7,0.0,0.237,16.2,0.0,174,2,3,Normal Operations
2026-01-26 16:00:00,28.1,0.0,0.237,11.5,0.0,970,9,0,Normal Operations
2026-01-26 17:00:00,25.6,0.0,0.237,5.8,0.0,236,2,4,Normal Operations
2026-01-26 18:00:00,23.2,0.0,0.237,7.6,0.0,701,10,3,Normal Operations
2026-01-26 19:00:00,22.5,0.0,0.237,7.6,0.0,499,2,3,Normal Operations
2026-01-26 20:00:00,21.2,0.0,0.237,16.9,0.0,936,10,2,Normal Operations
2026-01-26 21:00:00,21.1,0.0,0.237,21.2,0.0,604,14,2,Normal Operations
2026-01-26 22:00:00,20.0,0.0,0.237,13.7,0.0,599,9,3,Normal Operations
2026-01-26 23:00:00,18.6,0.0,0.237,11.9,0.0,672,14,4,Normal Operations
2026-01-27 00:00:00,18.2,0.0,0.237,7.6,0.0,237,3,1,Normal Operations
2026-01-27 01:00:00,17.6,0.0,0.237,5.0,0.0,149,15,2,Normal Operations
2026-01-27 02:00:00,17.3,0.0,0.237,7.2,0.0,870,10,4,Normal Operations
2026-01-27 03:00:00,17.1,0.0,0.237,8.3,0.0,718,7,4,Normal Operations
2026-01-27 04:00:00,16.5,0.0,0.237,9.4,0.0,724,4,2,Normal Operations
2026-01-27 05:00:00,16.0,0.0,0.237,5.0,0.0,961,13,1,Normal Operations
2026-01-27 06:00:00,15.7,0.0,0.237,4.3,0.0,353,13,2,Normal Operations
2026-01-27 07:00:00,16.4,0.0,0.237,7.6,0.0,729,6,4,Normal Operations
2026-01-27 08:00:00,19.3,0.0,0.237,11.2,0.0,809,14,0,Normal Operations
2026-01-27 09:00:00,22.6,0.0,0.237,12.2,0.0,948,4,2,Normal Operations
2026-01-27 10:00:00,25.2,0.0,0.237,15.5,0.0,976,10,4,Normal Operations
2026-01-27 11:00:00,27.3,0.0,0.237,22.7,0.0,662,15,2,Normal Operations
2026-01-27 12:00:00,28.6,0.0,0.237,24.8,0.0,856,7,4,Normal Operations
2026-01-27 13:00:00,29.2,0.0,0.237,24.1,0.0,525,1,1,Normal Operations
2026-01-27 14:00:00,29.4,0.0,0.237,22.3,0.0,646,3,4,Normal Operations
2026-01-27 15:00:00,29.4,0.0,0.237,19.1,0.0,401,13,3,Normal Operations
2026-01-27 16:00:00,28.9,0.0,0.237,16.9,0.0,680,3,0,Normal Operations
2026-01-27 17:00:00,26.5,0.0,0.237,13.7,0.0,448,1,4,Normal Operations
2026-01-27 18:00:00,24.0,0.0,0.237,7.6,0.0,931,6,2,Normal Operations
2026-01-27 19:00:00,22.8,0.0,0.237,6.5,0.0,148,15,2,Normal Operations
2026-01-27 20:00:00,22.3,0.0,0.237,5.8,0.0,173,13,4,Normal Operations
2026-01-27 21:00:00,20.8,0.0,0.237,14.0,0.0,803,11,3,Normal Operations
2026-01-27 22:00:00,20.3,0.0,0.237,17.6,0.0,360,14,4,Normal Operations
2026-01-27 23:00:00,19.1,0.0,0.237,11.9,0.0,455,9,1,Normal Operations
2026-01-28 00:00:00,18.2,0.0,0.237,11.2,0.0,681,8,3,Normal Operations
2026-01-28 01:00:00,18.4,0.0,0.237,8.6,0.0,701,11,4,Normal Operations
2026-01-28 02:00:00,18.4,0.0,0.237,4.7,0.0,359,7,0,Normal Operations
2026-01-28 03:00:00,18.2,0.0,0.237,2.9,0.0,737,10,3,Normal Operations
2026-01-28 04:00:00,17.7,0.0,0.237,1.4,0.0,842,8,4,Normal Operations
2026-01-28 05:00:00,16.4,0.0,0.237,1.8,0.0,394,6,0,Normal Operations
2026-01-28 06:00:00,16.8,0.0,0.237,4.3,0.0,740,9,4,Normal Operations
2026-01-28 07:00:00,17.3,0.0,0.237,6.8,0.0,891,3,1,Normal Operations
2026-01-28 08:00:00,20.0,0.0,0.237,26.3,0.0,412,15,2,Normal Operations
2026-01-28 09:00:00,23.6,0.0,0.237,19.8,0.0,711,10,4,Normal Operations
2026-01-28 10:00:00,25.5,0.0,0.237,24.8,0.0,937,10,3,Normal Operations
2026-01-28 11:00:00,26.2,0.0,0.237,24.8,0.0,908,9,4,Normal Operations
2026-01-28 12:00:00,27.0,0.0,0.237,20.9,0.0,281,4,4,Normal Operations
2026-01-28 13:00:00,27.5,0.0,0.237,21.2,0.0,785,7,4,Normal Operations
2026-01-28 14:00:00,27.8,0.0,0.237,19.4,0.0,927,15,4,Normal Operations
2026-01-28 15:00:00,27.7,0.0,0.237,17.6,0.0,463,13,3,Normal Operations
2026-01-28 16:00:00,27.3,0.0,0.237,14.8,0.0,287,9,3,Normal Operations
2026-01-28 17:00:00,25.7,0.0,0.237,11.5,0.0,668,2,4,Normal Operations
2026-01-28 18:00:00,24.0,0.0,0.237,16.9,0.0,642,2,2,Normal Operations
2026-01-28 19:00:00,23.0,0.0,0.237,15.5,0.0,695,9,4,Normal Operations
2026-01-28 20:00:00,22.5,0.0,0.237,14.4,0.0,763,12,3,Normal Operations
2026-01-28 21:00:00,22.4,0.0,0.237,23.0,0.0,647,13,1,Normal Operations
2026-01-28 22:00:00,21.4,0.0,0.237,22.7,0.0,824,3,4,Normal Operations
2026-01-28 23:00:00,20.3,0.0,0.237,21.6,0.0,507,9,4,Normal Operations
2026-01-29 00:00:00,19.5,0.0,0.237,22.3,0.0,975,13,4,Normal Operations
2026-01-29 01:00:00,18.8,0.0,0.237,23.0,0.0,717,15,4,Normal Operations
2026-01-29 02:00:00,18.2,0.0,0.237,24.1,0.0,513,5,0,Normal Operations
2026-01-29 03:00:00,17.6,0.0,0.237,24.8,0.0,441,6,4,Normal Operations
2026-01-29 04:00:00,17.1,0.0,0.237,25.2,0.0,319,2,3,Normal Operations
2026-01-29 05:00:00,16.6,0.0,0.237,25.2,0.0,262,8,3,Normal Operations
2026-01-29 06:00:00,16.6,0.0,0.237,25.2,0.0,319,11,0,Normal Operations
2026-01-29 07:00:00,17.1,0.0,0.237,27.4,0.0,369,9,4,Normal Operations
2026-01-29 08:00:00,18.7,0.0,0.237,30.6,0.0,731,2,2,Normal Operations
2026-01-29 09:00:00,21.4,0.0,0.237,30.6,0.0,947,6,4,Normal Operations
2026-01-29 10:00:00,24.0,0.0,0.237,29.2,0.0,499,6,3,Normal Operations
2026-01-29 11:00:00,25.2,0.0,0.237,26.6,0.0,281,8,1,Normal Operations
2026-01-29 12:00:00,26.6,0.0,0.237,22.3,0.0,717,10,1,Normal Operations
2026-01-29 13:00:00,27.4,0.0,0.237,22.0,0.0,828,12,2,Normal Operations
2026-01-29 14:00:00,27.7,0.0,0.237,23.8,0.0,304,5,4,Normal Operations
2026-01-29 15:00:00,27.8,0.0,0.237,23.8,0.0,681,9,0,Normal Operations
2026-01-29 16:00:00,27.3,0.0,0.237,24.1,0.0,655,1,4,Normal Operations
2026-01-29 17:00:00,25.8,0.0,0.237,24.8,0.0,940,9,2,Normal Operations
2026-01-29 18:00:00,23.8,0.0,0.237,23.8,0.0,912,10,2,Normal Operations
2026-01-29 19:00:00,22.5,0.0,0.237,24.1,0.0,327,7,2,Normal Operations
2026-01-29 20:00:00,21.2,0.0,0.237,20.5,0.0,795,4,1,Normal Operations
2026-01-29 21:00:00,20.3,0.0,0.237,21.6,0.0,718,3,4,Normal Operations
2026-01-29 22:00:00,19.4,0.0,0.237,20.5,0.0,695,14,4,Normal Operations
2026-01-29 23:00:00,18.5,0.0,0.237,20.5,0.0,949,10,0,Normal Operations
2026-01-30 00:00:00,17.8,0.0,0.237,20.9,0.0,349,15,2,Normal Operations
2026-01-30 01:00:00,17.3,0.0,0.237,20.5,0.0,974,11,2,Normal Operations
2026-01-30 02:00:00,16.3,0.0,0.237,19.4,0.0,540,14,3,Normal Operations
2026-01-30 03:00:00,15.5,0.0,0.237,18.7,0.0,632,6,3,Normal Operations
2026-01-30 04:00:00,14.9,0.0,0.237,16.2,0.0,295,12,1,Normal Operations
2026-01-30 05:00:00,14.4,0.0,0.237,16.9,0.0,789,13,4,Normal Operations
2026-01-30 06:00:00,14.5,0.0,0.237,16.6,0.0,618,1,0,Normal Operations
2026-01-30 07:00:00,15.0,0.0,0.237,15.1,0.0,169,3,0,Normal Operations
2026-01-30 08:00:00,17.9,0.0,0.237,13.7,0.0,738,2,2,Normal Operations
2026-01-30 09:00:00,21.3,0.0,0.237,14.0,0.0,498,11,0,Normal Operations
2026-01-30 10:00:00,24.3,0.0,0.237,14.0,0.0,771,13,2,Normal Operations
2026-01-30 11:00:00,25.4,0.0,0.237,15.5,0.0,859,9,4,Normal Operations
2026-01-30 12:00:00,27.2,0.0,0.237,17.6,0.0,302,3,0,Normal Operations
2026-01-30 13:00:00,28.2,0.0,0.237,19.1,0.0,247,13,2,Normal Operations
2026-01-30 14:00:00,28.6,0.0,0.237,20.9,0.0,571,2,4,Normal Operations
2026-01-30 15:00:00,28.5,0.0,0.237,22.0,0.0,754,4,4,Normal Operations
2026-01-30 16:00:00,28.1,0.0,0.237,22.0,0.0,298,15,2,Normal Operations
2026-01-30 17:00:00,26.3,0.0,0.237,20.9,0.0,525,14,2,Normal Operations
2026-01-30 18:00:00,23.6,0.0,0.237,13.7,0.0,765,2,1,Normal Operations
2026-01-30 19:00:00,21.8,0.0,0.237,12.2,0.0,591,1,4,Normal Operations
2026-01-30 20:00:00,20.5,0.0,0.237,10.1,0.0,987,6,2,Normal Operations
2026-01-30 21:00:00,19.3,0.0,0.237,13.3,0.0,995,15,4,Normal Operations
2026-01-30 22:00:00,18.3,0.0,0.237,15.8,0.0,241,10,0,Normal Operations
2026-01-30 23:00:00,17.0,0.0,0.237,17.3,0.0,412,8,3,Normal Operations
2026-01-31 00:00:00,16.4,0.0,0.237,17.3,0.0,264,10,3,Normal Operations
2026-01-31 01:00:00,15.8,0.0,0.237,19.4,0.0,413,10,2,Normal Operations
2026-01-31 02:00:00,15.1,0.0,0.237,20.5,0.0,120,2,2,Normal Operations
2026-01-31 03:00:00,14.7,0.0,0.237,21.6,0.0,181,14,4,Normal Operations
2026-01-31 04:00:00,14.1,0.0,0.237,22.0,0.0,680,9,2,Normal Operations
2026-01-31 05:00:00,14.2,0.0,0.237,20.2,0.0,230,15,4,Normal Operations
2026-01-31 06:00:00,14.7,0.0,0.237,20.5,0.0,698,13,2,Normal Operations
2026-01-31 07:00:00,15.1,0.0,0.237,19.8,0.0,829,3,4,Normal Operations
2026-01-31 08:00:00,18.2,0.0,0.237,21.6,0.0,404,8,2,Normal Operations
2026-01-31 09:00:00,22.2,0.0,0.237,22.7,0.0,470,12,1,Normal Operations
2026-01-31 10:00:00,25.5,0.0,0.237,22.0,0.0,956,8,4,Normal Operations
2026-01-31 11:00:00,26.9,0.0,0.237,21.6,0.0,952,15,1,Normal Operations
2026-01-31 12:00:00,28.6,0.0,0.237,20.5,0.0,483,3,1,Normal Operations
2026-01-31 13:00:00,29.9,0.0,0.237,19.1,0.0,544,3,1,Normal Operations
2026-01-31 14:00:00,30.6,0.0,0.237,22.0,0.0,524,12,1,Normal Operations
2026-01-31 15:00:00,30.4,0.0,0.237,25.2,0.0,260,15,0,Normal Operations
2026-01-31 16:00:00,29.5,0.0,0.237,26.3,0.0,277,6,3,Normal Operations
2026-01-31 17:00:00,27.0,0.0,0.237,26.3,0.0,728,1,0,Normal Operations
2026-01-31 18:00:00,24.6,0.0,0.237,24.8,0.0,807,4,2,Normal Operations
2026-01-31 19:00:00,23.1,0.0,0.237,27.4,0.0,994,1,2,Normal Operations
2026-01-31 20:00:00,22.1,0.0,0.237,28.4,0.0,589,14,3,Normal Operations
2026-01-31 21:00:00,20.7,0.0,0.237,26.3,0.0,426,3,3,Normal Operations
2026-01-31 22:00:00,19.6,0.0,0.237,14.0,0.0,697,9,3,Normal Operations
2026-01-31 23:00:00,18.2,0.0,0.237,14.8,0.0,388,14,1,Normal Operations
2026-02-01 00:00:00,17.5,0.0,0.237,15.5,0.0,692,14,0,Normal Operations
2026-02-01 01:00:00,16.8,0.0,0.237,14.8,0.0,763,5,2,Normal Operations
2026-02-01 02:00:00,16.4,0.0,0.237,13.3,0.0,672,12,0,Normal Operations
2026-02-01 03:00:00,15.7,0.0,0.237,14.4,0.0,672,5,0,Normal Operations
2026-02-01 04:00:00,15.2,0.0,0.237,16.6,0.0,453,11,0,Normal Operations
2026-02-01 05:00:00,15.5,0.0,0.237,16.6,0.0,127,4,3,Normal Operations
2026-02-01 06:00:00,15.8,0.0,0.237,18.4,0.0,142,3,3,Normal Operations
2026-02-01 07:00:00,16.1,0.0,0.237,15.1,0.0,780,5,2,Normal Operations
2026-02-01 08:00:00,19.3,0.0,0.237,15.8,0.0,522,15,2,Normal Operations
2026-02-01 09:00:00,23.0,0.0,0.237,13.3,0.0,697,14,2,Normal Operations
2026-02-01 10:00:00,26.0,0.0,0.237,16.6,0.0,276,11,0,Normal Operations
2026-02-01 11:00:00,27.3,0.0,0.237,20.9,0.0,628,4,3,Normal Operations
2026-02-01 12:00:00,28.7,0.0,0.237,23.0,0.0,709,8,1,Normal Operations
2026-02-01 13:00:00,29.6,0.0,0.237,27.4,0.0,593,4,0,Normal Operations
2026-02-01 14:00:00,29.4,0.0,0.237,28.1,0.0,297,11,4,Normal Operations
2026-02-01 15:00:00,29.9,0.0,0.237,25.9,0.0,709,12,0,Normal Operations
2026-02-01 16:00:00,29.6,0.0,0.237,22.3,0.0,676,8,3,Normal Operations
2026-02-01 17:00:00,27.8,0.0,0.237,18.4,0.0,941,6,4,Normal Operations
2026-02-01 18:00:00,25.5,0.0,0.237,15.1,0.0,952,15,0,Normal Operations
2026-02-01 19:00:00,23.9,0.0,0.237,18.4,0.0,616,14,3,Normal Operations
2026-02-01 20:00:00,22.4,0.0,0.237,19.1,0.0,613,12,3,Normal Operations
2026-02-01 21:00:00,21.2,0.0,0.237,15.8,0.0,121,11,1,Normal Operations
2026-02-01 22:00:00,20.3,0.0,0.237,10.8,0.0,211,5,0,Normal Operations
2026-02-01 23:00:00,19.0,0.0,0.237,11.5,0.0,156,4,3,Normal Operations
2026-02-02 00:00:00,18.5,0.0,0.237,14.4,0.0,165,4,2,Normal Operations
2026-02-02 01:00:00,18.1,0.0,0.237,14.4,0.0,941,12,3,Normal Operations
2026-02-02 02:00:00,17.5,0.0,0.237,11.5,0.0,197,4,1,Normal Operations
2026-02-02 03:00:00,16.8,0.0,0.237,10.1,0.0,243,11,3,Normal Operations
2026-02-02 04:00:00,15.8,0.0,0.237,10.1,0.0,979,13,0,Normal Operations
2026-02-02 05:00:00,15.9,0.0,0.237,13.7,0.0,534,13,0,Normal Operations
2026-02-02 06:00:00,15.7,0.0,0.237,15.8,0.0,736,9,4,Normal Operations
2026-02-02 07:00:00,16.0,0.0,0.237,14.4,0.0,778,4,0,Normal Operations
2026-02-02 08:00:00,20.3,0.0,0.237,14.4,0.0,185,12,4,Normal Operations
2026-02-02 09:00:00,24.2,0.0,0.237,13.3,0.0,687,9,2,Normal Operations
2026-02-02 10:00:00,26.9,0.0,0.237,14.0,0.0,443,13,1,Normal Operations
2026-02-02 11:00:00,28.3,0.0,0.237,16.2,0.0,393,10,2,Normal Operations
2026-02-02 12:00:00,29.5,0.0,0.237,20.5,0.0,670,6,4,Normal Operations
2026-02-02 13:00:00,29.9,0.0,0.237,26.6,0.0,749,10,3,Normal Operations
2026-02-02 14:00:00,29.6,0.0,0.237,29.2,0.0,710,13,3,Normal Operations
2026-02-02 15:00:00,29.5,0.0,0.237,28.1,0.0,803,7,2,Normal Operations
2026-02-02 16:00:00,29.1,0.0,0.237,24.5,0.0,342,12,3,Normal Operations
2026-02-02 17:00:00,27.4,0.0,0.237,18.4,0.0,930,10,4,Normal Operations
2026-02-02 18:00:00,25.2,0.0,0.237,12.6,0.0,660,3,1,Normal Operations
2026-02-02 19:00:00,23.8,0.0,0.237,7.6,0.0,131,8,0,Normal Operations
2026-02-02 20:00:00,22.7,0.0,0.237,13.0,0.0,490,3,4,Normal Operations
2026-02-02 21:00:00,21.2,0.0,0.237,12.6,0.0,376,1,4,Normal Operations
2026-02-02 22:00:00,19.8,0.0,0.237,9.4,0.0,631,13,0,Normal Operations
2026-02-02 23:00:00,18.9,0.0,0.237,13.7,0.0,253,13,0,Normal Operations
2026-02-03 00:00:00,17.9,0.0,0.237,15.1,0.0,482,10,1,Normal Operations
2026-02-03 01:00:00,17.7,0.0,0.237,15.1,0.0,167,12,1,Normal Operations
2026-02-03 02:00:00,17.4,0.0,0.237,16.9,0.0,977,5,1,Normal Operations
2026-02-03 03:00:00,17.5,0.0,0.237,20.9,0.0,983,2,3,Normal Operations
2026-02-03 04:00:00,16.9,0.0,0.237,20.9,0.0,313,10,4,Normal Operations
2026-02-03 05:00:00,15.6,0.0,0.237,17.6,0.0,754,14,0,Normal Operations
2026-02-03 06:00:00,15.4,0.0,0.237,13.7,0.0,475,6,4,Normal Operations
2026-02-03 07:00:00,16.2,0.0,0.237,6.5,0.0,843,13,4,Normal Operations
2026-02-03 08:00:00,19.8,0.0,0.237,9.0,0.0,312,10,1,Normal Operations
2026-02-03 09:00:00,23.6,0.0,0.237,11.9,0.0,178,9,1,Normal Operations
2026-02-03 10:00:00,26.6,0.0,0.237,16.9,0.0,825,1,4,Normal Operations
2026-02-03 11:00:00,28.0,0.0,0.237,21.2,0.0,727,14,1,Normal Operations
2026-02-03 12:00:00,28.9,0.0,0.237,25.2,0.0,703,13,3,Normal Operations
2026-02-03 13:00:00,28.9,0.0,0.237,25.6,0.0,881,4,0,Normal Operations
2026-02-03 14:00:00,29.4,0.0,0.237,23.4,0.0,480,15,4,Normal Operations
2026-02-03 15:00:00,29.9,0.0,0.237,19.1,0.0,779,1,0,Normal Operations
2026-02-03 16:00:00,29.6,0.0,0.237,14.4,0.0,157,1,3,Normal Operations
2026-02-03 17:00:00,27.1,0.0,0.237,11.5,0.0,895,8,1,Normal Operations
2026-02-03 18:00:00,25.0,0.0,0.237,4.0,0.0,125,14,2,Normal Operations
2026-02-03 19:00:00,23.9,0.0,0.237,12.2,0.0,980,14,3,Normal Operations
2026-02-03 20:00:00,23.1,0.0,0.237,15.1,0.0,546,13,2,Normal Operations
2026-02-03 21:00:00,22.2,0.0,0.237,11.5,0.0,165,14,0,Normal Operations
2026-02-03 22:00:00,20.7,0.0,0.237,15.8,0.0,859,11,4,Normal Operations
2026-02-03 23:00:00,20.2,0.0,0.237,19.8,0.0,353,15,1,Normal Operations
2026-02-04 00:00:00,19.4,0.0,0.237,20.2,0.0,998,2,3,Normal Operations
2026-02-04 01:00:00,18.8,0.0,0.237,20.5,0.0,143,1,1,Normal Operations
2026-02-04 02:00:00,17.7,0.0,0.237,17.3,0.0,196,11,2,Normal Operations
2026-02-04 03:00:00,17.1,0.0,0.237,16.6,0.0,653,8,2,Normal Operations
2026-02-04 04:00:00,16.8,0.0,0.237,10.8,0.0,326,4,4,Normal Operations
2026-02-04 05:00:00,16.5,0.0,0.237,11.2,0.0,873,3,2,Normal Operations
2026-02-04 06:00:00,16.5,0.0,0.237,14.8,0.0,778,13,4,Normal Operations
2026-02-04 07:00:00,17.0,0.0,0.237,14.8,0.0,535,12,3,Normal Operations
2026-02-04 08:00:00,20.2,0.0,0.237,15.5,0.0,890,4,4,Normal Operations
2026-02-04 09:00:00,23.7,0.0,0.237,14.8,0.0,700,14,2,Normal Operations
2026-02-04 10:00:00,26.4,0.0,0.237,13.7,0.0,478,11,0,Normal Operations
2026-02-04 11:00:00,27.1,0.0,0.237,14.4,0.0,277,5,4,Normal Operations
2026-02-04 12:00:00,28.9,0.0,0.237,15.5,0.0,526,1,1,Normal Operations
2026-02-04 13:00:00,29.3,0.0,0.237,20.2,0.0,808,15,0,Normal Operations
2026-02-04 14:00:00,29.3,0.0,0.237,24.5,0.0,406,14,4,Normal Operations
2026-02-04 15:00:00,29.1,0.0,0.237,25.2,0.0,878,11,1,Normal Operations
2026-02-04 16:00:00,28.5,0.0,0.237,24.8,0.0,603,1,0,Normal Operations
2026-02-04 17:00:00,26.7,0.0,0.237,18.0,0.0,367,3,4,Normal Operations
2026-02-04 18:00:00,23.9,0.0,0.237,11.2,0.0,685,6,3,Normal Operations
2026-02-04 19:00:00,23.2,0.0,0.237,9.4,0.0,107,1,1,Normal Operations
2026-02-04 20:00:00,22.1,0.0,0.237,13.0,0.0,607,14,3,Normal Operations
2026-02-04 21:00:00,20.9,0.0,0.237,10.8,0.0,575,11,2,Normal Operations
2026-02-04 22:00:00,19.4,0.0,0.237,13.0,0.0,396,12,4,Normal Operations
2026-02-04 23:00:00,18.8,0.0,0.237,15.8,0.0,263,15,4,Normal Operations
2026-02-05 00:00:00,18.1,0.0,0.237,15.5,0.0,584,2,1,Normal Operations
2026-02-05 01:00:00,17.5,0.0,0.237,15.5,0.0,696,15,4,Normal Operations
2026-02-05 02:00:00,16.9,0.0,0.237,16.6,0.0,171,12,2,Normal Operations
2026-02-05 03:00:00,16.3,0.0,0.237,16.6,0.0,666,14,4,Normal Operations
2026-02-05 04:00:00,15.6,0.0,0.237,14.8,0.0,658,7,0,Normal Operations
2026-02-05 05:00:00,16.0,0.0,0.237,18.0,0.0,337,14,3,Normal Operations
2026-02-05 06:00:00,16.4,0.0,0.237,20.5,0.0,203,14,2,Normal Operations
2026-02-05 07:00:00,16.9,0.0,0.237,22.3,0.0,309,1,2,Normal Operations
2026-02-05 08:00:00,19.9,0.0,0.237,22.3,0.0,653,13,3,Normal Operations
2026-02-05 09:00:00,23.4,0.0,0.237,22.7,0.0,927,14,3,Normal Operations
2026-02-05 10:00:00,26.0,0.0,0.237,20.5,0.0,567,15,2,Normal Operations
2026-02-05 11:00:00,27.2,0.0,0.237,17.6,0.0,553,7,3,Normal Operations
2026-02-05 12:00:00,28.5,0.0,0.237,18.7,0.0,367,15,1,Normal Operations
2026-02-05 13:00:00,29.1,0.0,0.237,19.8,0.0,485,4,3,Normal Operations
2026-02-05 14:00:00,29.3,0.0,0.237,20.2,0.0,874,10,0,Normal Operations
2026-02-05 15:00:00,29.4,0.0,0.237,21.2,0.0,947,14,0,Normal Operations
2026-02-05 16:00:00,29.1,0.0,0.237,20.5,0.0,486,6,1,Normal Operations
2026-02-05 17:00:00,27.0,0.0,0.237,16.9,0.0,976,14,3,Normal Operations
2026-02-05 18:00:00,25.1,0.0,0.237,18.4,0.0,358,8,0,Normal Operations
2026-02-05 19:00:00,23.9,0.0,0.237,21.2,0.0,382,9,4,Normal Operations
2026-02-05 20:00:00,22.4,0.0,0.237,16.2,0.0,725,6,3,Normal Operations
2026-02-05 21:00:00,21.4,0.0,0.237,16.9,0.0,974,12,1,Normal Operations
2026-02-05 22:00:00,20.0,0.0,0.237,16.2,0.0,139,11,3,Normal Operations
2026-02-05 23:00:00,18.8,0.0,0.237,11.2,0.0,585,13,2,Normal Operations
2026-02-06 00:00:00,17.9,0.0,0.237,13.0,0.0,319,15,2,Normal Operations
2026-02-06 01:00:00,17.0,0.0,0.237,14.4,0.0,228,14,0,Normal Operations
2026-02-06 02:00:00,16.4,0.0,0.237,15.8,0.0,619,9,2,Normal Operations
2026-02-06 03:00:00,16.0,0.0,0.237,15.8,0.0,712,4,1,Normal Operations
2026-02-06 04:00:00,15.8,0.0,0.237,15.8,0.0,991,6,0,Normal Operations
2026-02-06 05:00:00,15.7,0.0,0.237,16.6,0.0,787,8,1,Normal Operations
2026-02-06 06:00:00,16.0,0.0,0.237,16.9,0.0,718,9,1,Normal Operations
2026-02-06 07:00:00,16.7,0.0,0.237,15.5,0.0,712,3,2,Normal Operations
2026-02-06 08:00:00,20.1,0.0,0.237,15.8,0.0,359,2,2,Normal Operations
2026-02-06 09:00:00,23.7,0.0,0.237,17.6,0.0,465,6,1,Normal Operations
2026-02-06 10:00:00,26.6,0.0,0.237,21.6,0.0,857,4,2,Normal Operations
2026-02-06 11:00:00,28.3,0.0,0.237,27.0,0.0,886,1,2,Normal Operations
2026-02-06 12:00:00,28.9,0.0,0.237,29.2,0.0,643,8,2,Normal Operations
2026-02-06 13:00:00,29.4,0.0,0.237,31.3,0.0,748,9,3,Normal Operations
2026-02-06 14:00:00,29.7,0.0,0.237,33.8,0.0,623,14,1,Normal Operations
2026-02-06 15:00:00,29.4,0.0,0.237,35.3,0.0,913,9,4,Normal Operations
2026-02-06 16:00:00,28.8,0.0,0.237,34.9,0.0,986,2,1,Normal Operations
2026-02-06 17:00:00,26.6,0.0,0.237,29.9,0.0,115,9,0,Normal Operations
2026-02-06 18:00:00,24.1,0.0,0.237,17.3,0.0,228,7,2,Normal Operations
2026-02-06 19:00:00,22.7,0.0,0.237,18.7,0.0,674,5,2,Normal Operations
2026-02-06 20:00:00,21.9,0.0,0.237,23.4,0.0,208,7,4,Normal Operations
2026-02-06 21:00:00,21.3,0.0,0.237,24.5,0.0,986,13,0,Normal Operations
2026-02-06 22:00:00,20.5,0.0,0.237,24.5,0.0,632,9,3,Normal Operations
2026-02-06 23:00:00,19.6,0.0,0.237,22.7,0.0,769,8,1,Normal Operations
2026-02-07 00:00:00,18.9,0.0,0.237,19.1,0.0,368,6,3,Normal Operations
2026-02-07 01:00:00,17.9,0.0,0.237,16.2,0.0,261,13,0,Normal Operations
2026-02-07 02:00:00,17.0,0.0,0.237,14.8,0.0,359,4,4,Normal Operations
2026-02-07 03:00:00,16.4,0.0,0.237,17.3,0.0,201,13,0,Normal Operations
2026-02-07 04:00:00,15.8,0.0,0.237,17.6,0.0,605,15,4,Normal Operations
2026-02-07 05:00:00,15.4,0.0,0.237,18.0,0.0,834,1,3,Normal Operations
2026-02-07 06:00:00,15.2,0.0,0.237,19.1,0.0,670,6,3,Normal Operations
2026-02-07 07:00:00,15.9,0.0,0.237,17.3,0.0,346,3,0,Normal Operations
2026-02-07 08:00:00,19.1,0.0,0.237,16.6,0.0,739,6,0,Normal Operations
2026-02-07 09:00:00,22.6,0.0,0.237,19.1,0.0,894,6,2,Normal Operations
2026-02-07 10:00:00,25.6,0.0,0.237,25.6,0.0,936,14,4,Normal Operations
2026-02-07 11:00:00,27.0,0.0,0.237,33.8,0.0,636,4,2,Normal Operations
2026-02-07 12:00:00,27.9,0.0,0.237,35.3,0.0,230,2,1,Normal Operations
2026-02-07 13:00:00,28.7,0.0,0.237,36.0,0.0,452,15,1,Normal Operations
2026-02-07 14:00:00,29.0,0.0,0.237,36.4,0.0,295,9,0,Normal Operations
2026-02-07 15:00:00,28.8,0.0,0.237,35.3,0.0,892,2,3,Normal Operations
2026-02-07 16:00:00,28.1,0.0,0.237,33.5,0.0,765,3,1,Normal Operations
2026-02-07 17:00:00,25.9,0.0,0.237,33.1,0.0,481,10,1,Normal Operations
2026-02-07 18:00:00,23.8,0.0,0.237,22.3,0.0,744,1,2,Normal Operations
2026-02-07 19:00:00,22.7,0.0,0.237,24.1,0.0,326,7,2,Normal Operations
2026-02-07 20:00:00,21.6,0.0,0.237,23.8,0.0,800,15,1,Normal Operations
2026-02-07 21:00:00,20.7,0.0,0.237,21.2,0.0,575,1,0,Normal Operations
2026-02-07 22:00:00,19.9,0.0,0.237,19.1,0.0,576,11,2,Normal Operations
2026-02-07 23:00:00,19.4,0.0,0.237,18.4,0.0,364,9,1,Normal Operations
2026-02-08 00:00:00,18.0,0.0,0.237,16.2,0.0,471,11,3,Normal Operations
2026-02-08 01:00:00,16.8,0.0,0.237,13.7,0.0,585,11,2,Normal Operations
2026-02-08 02:00:00,15.8,0.0,0.237,13.3,0.0,533,1,1,Normal Operations
2026-02-08 03:00:00,15.1,0.0,0.237,11.9,0.0,745,5,4,Normal Operations
2026-02-08 04:00:00,14.5,0.0,0.237,11.9,0.0,310,7,2,Normal Operations
2026-02-08 05:00:00,13.7,0.0,0.237,12.2,0.0,671,3,4,Normal Operations
2026-02-08 06:00:00,13.6,0.0,0.237,15.1,0.0,476,9,2,Normal Operations
2026-02-08 07:00:00,14.2,0.0,0.237,14.0,0.0,494,8,2,Normal Operations
2026-02-08 08:00:00,18.7,0.0,0.237,14.0,0.0,549,13,4,Normal Operations
2026-02-08 09:00:00,22.9,0.0,0.237,12.6,0.0,463,15,0,Normal Operations
2026-02-08 10:00:00,25.6,0.0,0.237,16.9,0.0,975,3,1,Normal Operations
2026-02-08 11:00:00,27.1,0.0,0.237,21.6,0.0,556,15,0,Normal Operations
2026-02-08 12:00:00,28.1,0.0,0.237,27.0,0.0,824,5,0,Normal Operations
2026-02-08 13:00:00,28.6,0.0,0.237,27.7,0.0,827,7,1,Normal Operations
2026-02-08 14:00:00,28.9,0.0,0.237,26.6,0.0,325,12,3,Normal Operations
2026-02-08 15:00:00,29.0,0.0,0.237,24.5,0.0,230,14,0,Normal Operations
2026-02-08 16:00:00,28.6,0.0,0.237,22.3,0.0,687,4,0,Normal Operations
2026-02-08 17:00:00,26.5,0.0,0.237,20.5,0.0,575,5,0,Normal Operations
2026-02-08 18:00:00,24.4,0.0,0.237,20.2,0.0,897,3,3,Normal Operations
2026-02-08 19:00:00,23.6,0.0,0.237,20.9,0.0,376,9,2,Normal Operations
2026-02-08 20:00:00,22.2,0.0,0.237,19.4,0.0,255,10,4,Normal Operations
2026-02-08 21:00:00,20.5,0.0,0.237,20.2,0.0,859,9,4,Normal Operations
2026-02-08 22:00:00,20.0,0.0,0.237,20.2,0.0,317,7,3,Normal Operations
2026-02-08 23:00:00,18.3,0.0,0.237,19.1,0.0,289,10,0,Normal Operations
2026-02-09 00:00:00,17.2,0.0,0.237,8.3,0.0,516,2,4,Normal Operations
2026-02-09 01:00:00,16.3,0.0,0.237,2.2,0.0,774,7,3,Normal Operations
2026-02-09 02:00:00,15.3,0.0,0.237,10.1,0.0,791,7,1,Normal Operations
2026-02-09 03:00:00,14.4,0.0,0.237,14.0,0.0,645,11,4,Normal Operations
2026-02-09 04:00:00,13.9,0.0,0.237,14.8,0.0,140,5,1,Normal Operations
2026-02-09 05:00:00,13.4,0.0,0.237,14.0,0.0,406,9,0,Normal Operations
2026-02-09 06:00:00,13.5,0.0,0.237,13.0,0.0,437,13,4,Normal Operations
2026-02-09 07:00:00,14.2,0.0,0.237,13.3,0.0,413,12,3,Normal Operations
2026-02-09 08:00:00,19.0,0.0,0.237,13.3,0.0,174,11,2,Normal Operations
2026-02-09 09:00:00,23.0,0.0,0.237,11.9,0.0,378,3,4,Normal Operations
2026-02-09 10:00:00,26.0,0.0,0.237,14.8,0.0,275,4,4,Normal Operations
2026-02-09 11:00:00,27.2,0.0,0.237,15.5,0.0,995,1,4,Normal Operations
2026-02-09 12:00:00,28.5,0.0,0.237,18.0,0.0,761,6,4,Normal Operations
2026-02-09 13:00:00,29.0,0.0,0.237,19.1,0.0,372,4,3,Normal Operations
2026-02-09 14:00:00,29.2,0.0,0.237,19.1,0.0,936,1,3,Normal Operations
2026-02-09 15:00:00,29.2,0.0,0.237,17.3,0.0,719,2,2,Normal Operations
2026-02-09 16:00:00,29.0,0.0,0.237,11.5,0.0,750,15,3,Normal Operations
2026-02-09 17:00:00,26.8,0.0,0.237,12.2,0.0,961,3,3,Normal Operations
2026-02-09 18:00:00,24.1,0.0,0.237,6.1,0.0,882,9,0,Normal Operations
2026-02-09 19:00:00,22.6,0.0,0.237,9.4,0.0,958,13,0,Normal Operations
2026-02-09 20:00:00,22.5,0.0,0.237,16.2,0.0,388,8,1,Normal Operations
2026-02-09 21:00:00,20.5,0.0,0.237,15.8,0.0,823,7,2,Normal Operations
2026-02-09 22:00:00,19.5,0.0,0.237,8.6,0.0,992,13,0,Normal Operations
2026-02-09 23:00:00,18.2,0.0,0.237,6.5,0.0,371,15,2,Normal Operations
2026-02-10 00:00:00,17.1,0.0,0.237,10.1,0.0,165,11,2,Normal Operations
2026-02-10 01:00:00,16.3,0.0,0.237,12.6,0.0,582,12,4,Normal Operations
2026-02-10 02:00:00,15.6,0.0,0.237,14.0,0.0,347,14,2,Normal Operations
2026-02-10 03:00:00,14.8,0.0,0.237,14.4,0.0,255,4,4,Normal Operations
2026-02-10 04:00:00,14.0,0.0,0.237,14.4,0.0,146,1,1,Normal Operations
2026-02-10 05:00:00,13.4,0.0,0.237,12.6,0.0,553,8,1,Normal Operations
2026-02-10 06:00:00,13.7,0.0,0.237,12.6,0.0,300,4,1,Normal Operations
2026-02-10 07:00:00,14.7,0.0,0.237,13.7,0.0,759,3,4,Normal Operations
2026-02-10 08:00:00,19.7,0.0,0.237,13.7,0.0,223,9,4,Normal Operations
2026-02-10 09:00:00,24.0,0.0,0.237,11.5,0.0,100,10,1,Normal Operations
2026-02-10 10:00:00,26.7,0.0,0.237,15.8,0.0,858,4,4,Normal Operations
2026-02-10 11:00:00,28.0,0.0,0.237,17.6,0.0,954,4,3,Normal Operations
2026-02-10 12:00:00,29.4,0.0,0.237,21.2,0.0,739,14,3,Normal Operations
2026-02-10 13:00:00,30.0,0.0,0.237,24.5,0.0,290,9,4,Normal Operations
2026-02-10 14:00:00,30.5,0.0,0.237,24.5,0.0,678,13,4,Normal Operations
2026-02-10 15:00:00,30.7,0.0,0.237,22.3,0.0,615,12,0,Normal Operations
2026-02-10 16:00:00,30.4,0.0,0.237,20.2,0.0,541,11,0,Normal Operations
2026-02-10 17:00:00,27.9,0.0,0.237,18.4,0.0,914,12,2,Normal Operations
2026-02-10 18:00:00,24.7,0.0,0.237,10.8,0.0,905,14,2,Normal Operations
2026-02-10 19:00:00,24.1,0.0,0.237,13.7,0.0,242,2,2,Normal Operations
2026-02-10 20:00:00,22.7,0.0,0.237,17.3,0.0,290,14,1,Normal Operations
2026-02-10 21:00:00,21.3,0.0,0.237,18.7,0.0,632,12,3,Normal Operations
2026-02-10 22:00:00,19.7,0.0,0.237,13.3,0.0,326,5,1,Normal Operations
2026-02-10 23:00:00,18.7,0.0,0.237,9.0,0.0,412,15,4,Normal Operations
2026-02-11 00:00:00,17.5,0.0,0.237,8.6,0.0,728,4,0,Normal Operations
2026-02-11 01:00:00,17.1,0.0,0.237,9.7,0.0,401,9,4,Normal Operations
2026-02-11 02:00:00,17.0,0.0,0.237,9.0,0.0,753,12,4,Normal Operations
2026-02-11 03:00:00,16.7,0.0,0.237,5.8,0.0,559,5,0,Normal Operations
2026-02-11 04:00:00,16.1,0.0,0.237,4.7,0.0,500,9,4,Normal Operations
2026-02-11 05:00:00,16.1,0.0,0.237,7.2,0.0,650,11,2,Normal Operations
2026-02-11 06:00:00,15.8,0.0,0.237,8.3,0.0,492,9,0,Normal Operations
2026-02-11 07:00:00,17.3,0.0,0.237,6.1,0.0,966,14,4,Normal Operations
2026-02-11 08:00:00,21.3,0.0,0.237,9.4,0.0,863,2,2,Normal Operations
2026-02-11 09:00:00,25.1,0.0,0.237,11.2,0.0,944,14,2,Normal Operations
2026-02-11 10:00:00,27.7,0.0,0.237,16.2,0.0,306,15,3,Normal Operations
2026-02-11 11:00:00,29.4,0.0,0.237,19.1,0.0,309,9,2,Normal Operations
2026-02-11 12:00:00,30.7,0.0,0.237,21.6,0.0,214,3,1,Normal Operations
2026-02-11 13:00:00,31.5,0.0,0.237,29.5,0.0,836,4,0,Normal Operations
2026-02-11 14:00:00,31.8,0.0,0.237,35.3,0.0,745,1,0,Normal Operations
2026-02-11 15:00:00,31.6,0.0,0.237,36.4,0.0,350,14,0,Normal Operations
2026-02-11 16:00:00,30.8,0.0,0.237,35.6,0.0,318,1,4,Normal Operations
2026-02-11 17:00:00,28.9,0.0,0.237,33.5,0.0,506,1,4,Normal Operations
2026-02-11 18:00:00,26.8,0.0,0.237,23.4,0.0,542,9,1,Normal Operations
2026-02-11 19:00:00,24.8,0.0,0.237,18.4,0.0,702,11,2,Normal Operations
2026-02-11 20:00:00,22.5,0.0,0.237,14.8,0.0,453,8,4,Normal Operations
2026-02-11 21:00:00,20.7,0.0,0.237,14.4,0.0,987,5,2,Normal Operations
2026-02-11 22:00:00,19.6,0.0,0.237,10.1,0.0,657,5,2,Normal Operations
2026-02-11 23:00:00,18.9,0.0,0.239,14.8,0.0,649,9,4,Normal Operations
2026-02-12 00:00:00,18.4,0.0,0.239,14.8,0.0,241,3,4,Normal Operations
2026-02-12 01:00:00,17.4,0.0,0.239,12.6,0.0,711,3,1,Normal Operations
2026-02-12 02:00:00,16.7,0.0,0.239,9.0,0.0,600,7,3,Normal Operations
2026-02-12 03:00:00,16.7,0.0,0.239,6.8,0.0,939,9,0,Normal Operations
2026-02-12 04:00:00,17.3,0.0,0.239,10.4,0.0,801,6,4,Normal Operations
2026-02-12 05:00:00,18.3,0.0,0.237,13.7,0.0,646,14,4,Normal Operations
2026-02-12 06:00:00,18.4,0.0,0.237,14.0,0.0,758,2,2,Normal Operations
2026-02-12 07:00:00,17.9,0.0,0.237,14.0,0.0,641,1,3,Normal Operations
2026-02-12 08:00:00,21.8,0.0,0.237,14.0,0.0,945,2,4,Normal Operations
2026-02-12 09:00:00,25.0,0.0,0.237,13.3,0.0,606,14,3,Normal Operations
2026-02-12 10:00:00,27.5,0.0,0.237,15.8,0.0,695,14,0,Normal Operations
2026-02-12 11:00:00,29.1,0.0,0.237,19.1,0.0,980,1,2,Normal Operations
2026-02-12 12:00:00,30.2,0.0,0.237,21.6,0.0,380,10,1,Normal Operations
2026-02-12 13:00:00,30.9,0.0,0.237,20.5,0.0,523,10,0,Normal Operations
2026-02-12 14:00:00,31.0,0.0,0.237,22.7,0.0,955,9,3,Normal Operations
2026-02-12 15:00:00,30.9,0.0,0.237,22.7,0.0,369,15,3,Normal Operations
2026-02-12 16:00:00,30.7,0.0,0.237,21.6,0.0,253,10,0,Normal Operations
2026-02-12 17:00:00,29.2,0.0,0.237,15.1,0.0,713,15,3,Normal Operations
2026-02-12 18:00:00,26.0,0.0,0.237,11.2,0.0,826,12,1,Normal Operations
2026-02-12 19:00:00,25.2,0.0,0.237,11.9,0.0,761,14,1,Normal Operations
2026-02-12 20:00:00,23.6,0.0,0.237,17.3,0.0,182,13,3,Normal Operations
2026-02-12 21:00:00,21.8,0.0,0.237,15.1,0.0,721,8,3,Normal Operations
2026-02-12 22:00:00,20.6,0.0,0.237,8.3,0.0,998,15,1,Normal Operations
2026-02-12 23:00:00,19.3,0.0,0.237,13.7,0.0,525,7,3,Normal Operations
2026-02-13 00:00:00,18.1,0.0,0.237,15.1,0.0,374,15,4,Normal Operations
2026-02-13 01:00:00,17.7,0.0,0.237,15.8,0.0,812,3,2,Normal Operations
2026-02-13 02:00:00,17.2,0.0,0.237,14.8,0.0,383,8,4,Normal Operations
2026-02-13 03:00:00,16.7,0.0,0.237,14.4,0.0,272,2,3,Normal Operations
2026-02-13 04:00:00,16.0,0.0,0.237,10.1,0.0,426,2,3,Normal Operations
2026-02-13 05:00:00,15.2,0.0,0.237,9.7,0.0,817,11,2,Normal Operations
2026-02-13 06:00:00,15.3,0.0,0.237,10.4,0.0,162,10,3,Normal Operations
2026-02-13 07:00:00,16.4,0.0,0.237,11.2,0.0,172,3,2,Normal Operations
2026-02-13 08:00:00,21.2,0.0,0.237,11.2,0.0,862,7,1,Normal Operations
2026-02-13 09:00:00,24.7,0.0,0.237,13.7,0.0,735,1,2,Normal Operations
2026-02-13 10:00:00,27.3,0.0,0.237,20.2,0.0,474,8,2,Normal Operations
2026-02-13 11:00:00,28.8,0.0,0.237,21.6,0.0,732,12,4,Normal Operations
2026-02-13 12:00:00,30.2,0.0,0.237,19.1,0.0,607,7,3,Normal Operations
2026-02-13 13:00:00,30.8,0.0,0.237,22.0,0.0,886,4,1,Normal Operations
2026-02-13 14:00:00,30.6,0.0,0.237,24.5,0.0,497,14,0,Normal Operations
2026-02-13 15:00:00,30.4,0.0,0.237,23.8,0.0,219,15,2,Normal Operations
2026-02-13 16:00:00,29.9,0.0,0.237,22.3,0.0,536,5,0,Normal Operations
2026-02-13 17:00:00,28.5,0.0,0.237,24.8,0.0,928,10,3,Normal Operations
2026-02-13 18:00:00,26.3,0.0,0.237,16.2,0.0,775,13,2,Normal Operations
2026-02-13 19:00:00,25.9,0.0,0.237,8.6,0.0,564,1,0,Normal Operations
2026-02-13 20:00:00,23.5,0.0,0.237,8.6,0.0,385,4,4,Normal Operations
2026-02-13 21:00:00,23.6,0.0,0.237,14.8,0.0,364,15,0,Normal Operations
2026-02-13 22:00:00,23.0,0.0,0.237,14.0,0.0,419,1,4,Normal Operations
2026-02-13 23:00:00,21.6,0.0,0.237,15.5,0.0,772,1,1,Normal Operations
2026-02-14 00:00:00,20.7,0.0,0.237,13.0,0.0,475,10,3,Normal Operations
2026-02-14 01:00:00,19.7,0.0,0.237,9.4,0.0,919,1,0,Normal Operations
2026-02-14 02:00:00,18.7,0.0,0.237,9.4,0.0,188,7,2,Normal Operations
2026-02-14 03:00:00,18.1,0.0,0.237,7.6,0.0,753,7,3,Normal Operations
2026-02-14 04:00:00,17.6,0.0,0.237,8.3,0.0,302,4,0,Normal Operations
2026-02-14 05:00:00,16.7,0.0,0.237,12.6,0.0,920,15,2,Normal Operations
2026-02-14 06:00:00,16.5,0.0,0.237,11.5,0.0,838,13,2,Normal Operations
2026-02-14 07:00:00,17.3,0.0,0.237,12.2,0.0,433,12,2,Normal Operations
2026-02-14 08:00:00,22.0,0.0,0.237,13.7,0.0,321,2,2,Normal Operations
2026-02-14 09:00:00,25.5,0.0,0.237,14.4,0.0,140,12,0,Normal Operations
2026-02-14 10:00:00,28.2,0.0,0.237,15.1,0.0,807,3,1,Normal Operations
2026-02-14 11:00:00,29.3,0.0,0.237,16.6,0.0,167,8,4,Normal Operations
2026-02-14 12:00:00,30.7,0.0,0.237,21.2,0.0,875,13,4,Normal Operations
2026-02-14 13:00:00,31.3,0.0,0.237,22.7,0.0,613,8,4,Normal Operations
2026-02-14 14:00:00,31.7,0.0,0.237,22.0,0.0,972,11,1,Normal Operations
2026-02-14 15:00:00,31.9,0.0,0.237,23.8,0.0,736,11,2,Normal Operations
2026-02-14 16:00:00,31.5,0.0,0.237,26.3,0.0,721,6,2,Normal Operations
2026-02-14 17:00:00,29.9,0.0,0.237,25.9,0.0,697,15,3,Normal Operations
2026-02-14 18:00:00,26.9,0.0,0.237,18.4,0.0,731,10,4,Normal Operations
2026-02-14 19:00:00,25.6,0.0,0.237,5.0,0.0,226,9,4,Normal Operations
2026-02-14 20:00:00,24.1,0.0,0.237,9.4,0.0,354,11,2,Normal Operations
2026-02-14 21:00:00,22.9,0.0,0.237,5.8,0.0,794,12,4,Normal Operations
2026-02-14 22:00:00,21.6,0.0,0.237,11.5,0.0,115,9,2,Normal Operations
2026-02-14 23:00:00,20.7,0.0,0.237,17.3,0.0,576,4,2,Normal Operations
2026-02-15 00:00:00,20.1,0.0,0.237,16.2,0.0,161,12,2,Normal Operations
2026-02-15 01:00:00,19.6,0.0,0.237,16.6,0.0,980,1,0,Normal Operations
2026-02-15 02:00:00,19.1,0.0,0.237,13.7,0.0,531,1,0,Normal Operations
2026-02-15 03:00:00,18.4,0.0,0.237,11.5,0.0,769,15,0,Normal Operations
2026-02-15 04:00:00,17.9,0.0,0.237,11.2,0.0,367,12,0,Normal Operations
2026-02-15 05:00:00,17.1,0.0,0.237,13.7,0.0,134,10,1,Normal Operations
2026-02-15 06:00:00,16.9,0.0,0.237,15.1,0.0,878,15,3,Normal Operations
2026-02-15 07:00:00,17.7,0.0,0.237,17.6,0.0,675,5,3,Normal Operations
2026-02-15 08:00:00,21.8,0.0,0.237,20.2,0.0,593,14,2,Normal Operations
2026-02-15 09:00:00,25.8,0.0,0.237,18.0,0.0,661,13,4,Normal Operations
2026-02-15 10:00:00,28.6,0.0,0.237,20.2,0.0,568,2,0,Normal Operations
2026-02-15 11:00:00,30.0,0.0,0.237,33.1,0.0,866,15,3,Normal Operations
2026-02-15 12:00:00,30.6,0.0,0.237,37.1,0.0,760,6,3,Normal Operations
2026-02-15 13:00:00,31.5,0.0,0.237,36.0,0.0,424,7,0,Normal Operations
2026-02-15 14:00:00,31.6,0.0,0.237,32.0,0.0,403,1,1,Normal Operations
2026-02-15 15:00:00,31.4,0.0,0.237,32.0,0.0,375,6,1,Normal Operations
2026-02-15 16:00:00,31.0,0.0,0.237,26.3,0.0,968,8,3,Normal Operations
2026-02-15 17:00:00,28.9,0.0,0.237,20.2,0.0,783,12,1,Normal Operations
2026-02-15 18:00:00,26.6,0.0,0.237,21.6,0.0,300,5,0,Normal Operations
2026-02-15 19:00:00,25.2,0.0,0.237,23.8,0.0,544,14,3,Normal Operations
2026-02-15 20:00:00,23.6,0.0,0.237,19.4,0.0,423,12,0,Normal Operations
2026-02-15 21:00:00,23.0,0.0,0.237,19.8,0.0,134,7,1,Normal Operations
2026-02-15 22:00:00,22.5,0.0,0.237,20.5,0.0,581,10,0,Normal Operations
2026-02-15 23:00:00,21.8,0.0,0.237,21.6,0.0,827,6,1,Normal Operations
2026-02-16 00:00:00,21.4,0.0,0.237,20.5,0.0,579,4,1,Normal Operations
2026-02-16 01:00:00,20.7,0.0,0.237,19.1,0.0,164,15,0,Normal Operations
2026-02-16 02:00:00,19.2,0.0,0.237,15.8,0.0,107,15,1,Normal Operations
2026-02-16 03:00:00,17.9,0.0,0.237,10.4,0.0,400,7,2,Normal Operations
2026-02-16 04:00:00,16.7,0.0,0.237,8.6,0.0,442,10,0,Normal Operations
2026-02-16 05:00:00,16.7,0.0,0.237,10.1,0.0,530,9,2,Normal Operations
2026-02-16 06:00:00,16.2,0.0,0.237,9.7,0.0,523,10,0,Normal Operations
2026-02-16 07:00:00,17.6,0.0,0.237,8.3,0.0,431,10,1,Normal Operations
2026-02-16 08:00:00,21.4,0.0,0.237,12.6,0.0,537,13,1,Normal Operations
2026-02-16 09:00:00,25.4,0.0,0.237,13.3,0.0,687,7,3,Normal Operations
2026-02-16 10:00:00,28.5,0.0,0.237,14.0,0.0,273,12,3,Normal Operations
2026-02-16 11:00:00,29.7,0.0,0.237,14.8,0.0,658,14,2,Normal Operations
2026-02-16 12:00:00,31.0,0.0,0.237,20.2,0.0,626,5,1,Normal Operations
2026-02-16 13:00:00,31.5,0.0,0.237,25.6,0.0,972,7,3,Normal Operations
2026-02-16 14:00:00,31.7,0.0,0.237,28.8,0.0,758,3,1,Normal Operations
2026-02-16 15:00:00,31.5,0.0,0.237,30.2,0.0,125,2,0,Normal Operations
2026-02-16 16:00:00,31.0,0.0,0.237,30.2,0.0,919,11,3,Normal Operations
2026-02-16 17:00:00,29.1,0.0,0.237,27.4,0.0,704,15,2,Normal Operations
2026-02-16 18:00:00,26.2,0.0,0.237,15.8,0.0,505,5,3,Normal Operations
2026-02-16 19:00:00,24.5,0.0,0.237,13.7,0.0,331,4,1,Normal Operations
2026-02-16 20:00:00,22.5,0.0,0.237,14.8,0.0,632,5,4,Normal Operations
2026-02-16 21:00:00,21.4,0.0,0.237,16.6,0.0,918,8,4,Normal Operations
2026-02-16 22:00:00,20.5,0.0,0.237,13.3,0.0,649,12,1,Normal Operations
2026-02-16 23:00:00,20.5,0.0,0.237,11.2,0.0,887,4,0,Normal Operations
2026-02-17 00:00:00,19.3,0.0,0.237,8.6,0.0,604,15,3,Normal Operations
2026-02-17 01:00:00,18.2,0.0,0.237,10.8,0.0,768,9,4,Normal Operations
2026-02-17 02:00:00,17.5,0.0,0.237,13.7,0.0,278,7,0,Normal Operations
2026-02-17 03:00:00,17.3,0.0,0.237,19.4,0.0,231,10,1,Normal Operations
2026-02-17 04:00:00,17.2,0.0,0.237,19.8,0.0,922,13,0,Normal Operations
2026-02-17 05:00:00,16.6,0.0,0.237,18.7,0.0,554,12,1,Normal Operations
2026-02-17 06:00:00,15.2,0.0,0.237,13.0,0.0,447,7,3,Normal Operations
2026-02-17 07:00:00,15.4,0.0,0.237,11.5,0.0,639,15,0,Normal Operations
2026-02-17 08:00:00,20.8,0.0,0.237,11.9,0.0,871,13,3,Normal Operations
2026-02-17 09:00:00,25.4,0.0,0.237,12.2,0.0,505,13,0,Normal Operations
2026-02-17 10:00:00,28.5,0.0,0.237,16.9,0.0,175,8,1,Normal Operations
2026-02-17 11:00:00,30.1,0.0,0.237,19.4,0.0,678,12,1,Normal Operations
2026-02-17 12:00:00,31.3,0.0,0.237,22.0,0.0,953,6,0,Normal Operations
2026-02-17 13:00:00,32.0,0.0,0.237,28.8,0.0,591,8,1,Normal Operations
2026-02-17 14:00:00,32.3,0.0,0.237,32.0,0.0,293,3,2,Normal Operations
2026-02-17 15:00:00,32.2,0.0,0.237,33.5,0.0,261,10,2,Normal Operations
2026-02-17 16:00:00,31.5,0.0,0.237,33.5,0.0,446,10,3,Normal Operations
2026-02-17 17:00:00,29.5,0.0,0.237,32.4,0.0,460,14,2,Normal Operations
2026-02-17 18:00:00,27.2,0.0,0.237,22.3,0.0,868,1,2,Normal Operations
2026-02-17 19:00:00,25.6,0.0,0.237,19.8,0.0,683,6,4,Normal Operations
2026-02-17 20:00:00,23.5,0.0,0.237,19.4,0.0,186,1,4,Normal Operations
2026-02-17 21:00:00,22.1,0.0,0.237,16.6,0.0,361,9,4,Normal Operations
2026-02-17 22:00:00,21.3,0.0,0.237,11.2,0.0,313,14,4,Normal Operations
2026-02-17 23:00:00,20.3,0.0,0.237,10.8,0.0,764,2,1,Normal Operations
2026-02-18 00:00:00,18.6,0.0,0.237,8.6,0.0,821,11,3,Normal Operations
2026-02-18 01:00:00,17.8,0.0,0.237,13.7,0.0,672,2,3,Normal Operations
2026-02-18 02:00:00,17.9,0.0,0.237,14.0,0.0,879,7,2,Normal Operations
2026-02-18 03:00:00,18.2,0.0,0.237,16.2,0.0,361,2,3,Normal Operations
2026-02-18 04:00:00,18.0,0.0,0.237,16.2,0.0,829,10,2,Normal Operations
2026-02-18 05:00:00,17.7,0.0,0.237,15.5,0.0,382,8,3,Normal Operations
2026-02-18 06:00:00,16.8,0.0,0.237,11.5,0.0,747,6,0,Normal Operations
2026-02-18 07:00:00,18.0,0.0,0.237,11.9,0.0,566,14,0,Normal Operations
2026-02-18 08:00:00,21.6,0.0,0.237,13.0,0.0,479,7,3,Normal Operations
2026-02-18 09:00:00,25.1,0.0,0.237,20.2,0.0,461,7,1,Normal Operations
2026-02-18 10:00:00,28.2,0.0,0.237,23.0,0.0,548,6,2,Normal Operations
2026-02-18 11:00:00,29.7,0.0,0.237,27.7,0.0,540,10,3,Normal Operations
2026-02-18 12:00:00,30.6,0.0,0.237,27.7,0.0,192,11,2,Normal Operations
2026-02-18 13:00:00,31.1,0.0,0.237,24.1,0.0,720,9,4,Normal Operations
2026-02-18 14:00:00,31.3,0.0,0.237,18.4,0.0,852,13,3,Normal Operations
2026-02-18 15:00:00,30.8,0.0,0.237,15.5,0.0,966,9,1,Normal Operations
2026-02-18 16:00:00,30.4,0.0,0.237,14.0,0.0,523,15,4,Normal Operations
2026-02-18 17:00:00,29.2,0.0,0.237,11.5,0.0,241,7,3,Normal Operations
2026-02-18 18:00:00,27.4,0.0,0.237,6.8,0.0,390,9,0,Normal Operations
2026-02-18 19:00:00,26.5,0.0,0.237,19.1,0.0,531,13,3,Normal Operations
2026-02-18 20:00:00,25.4,0.0,0.237,21.2,0.0,848,10,0,Normal Operations
2026-02-18 21:00:00,23.9,0.0,0.237,14.0,0.0,951,3,0,Normal Operations
2026-02-18 22:00:00,22.4,0.0,0.237,17.6,0.0,923,3,3,Normal Operations
2026-02-18 23:00:00,21.0,0.0,0.237,9.0,0.0,788,1,3,Normal Operations
2026-02-19 00:00:00,19.4,0.0,0.237,12.2,0.0,752,5,0,Normal Operations
2026-02-19 01:00:00,17.8,0.0,0.237,14.0,0.0,800,15,2,Normal Operations
2026-02-19 02:00:00,16.7,0.0,0.237,14.4,0.0,148,4,4,Normal Operations
2026-02-19 03:00:00,16.2,0.0,0.237,14.4,0.0,401,2,1,Normal Operations
2026-02-19 04:00:00,15.8,0.0,0.237,13.3,0.0,980,9,3,Normal Operations
2026-02-19 05:00:00,15.4,0.0,0.237,10.8,0.0,289,3,4,Normal Operations
2026-02-19 06:00:00,15.8,0.0,0.237,11.9,0.0,235,15,4,Normal Operations
2026-02-19 07:00:00,17.1,0.0,0.237,19.1,0.0,654,8,2,Normal Operations
2026-02-19 08:00:00,20.8,0.0,0.237,20.9,0.0,503,6,4,Normal Operations
2026-02-19 09:00:00,24.6,0.0,0.237,20.9,0.0,991,14,3,Normal Operations
2026-02-19 10:00:00,27.5,0.0,0.237,20.9,0.0,964,13,4,Normal Operations
2026-02-19 11:00:00,28.7,0.0,0.237,19.8,0.0,701,5,3,Normal Operations
2026-02-19 12:00:00,30.3,0.0,0.237,21.6,0.0,906,1,3,Normal Operations
2026-02-19 13:00:00,31.2,0.0,0.237,22.3,0.0,440,4,0,Normal Operations
2026-02-19 14:00:00,31.6,0.0,0.237,22.3,0.0,856,3,2,Normal Operations
2026-02-19 15:00:00,31.6,0.0,0.237,21.2,0.0,803,1,1,Normal Operations
2026-02-19 16:00:00,31.1,0.0,0.237,19.1,0.0,417,12,0,Normal Operations
2026-02-19 17:00:00,29.8,0.0,0.237,18.7,0.0,717,15,1,Normal Operations
2026-02-19 18:00:00,26.5,0.0,0.237,15.1,0.0,462,5,3,Normal Operations
2026-02-19 19:00:00,26.0,0.0,0.237,23.0,0.0,921,6,0,Normal Operations
2026-02-19 20:00:00,24.8,0.0,0.237,23.4,0.0,481,2,4,Normal Operations
2026-02-19 21:00:00,23.2,0.0,0.237,18.0,0.0,332,15,4,Normal Operations
2026-02-19 22:00:00,22.0,0.0,0.237,11.5,0.0,876,14,1,Normal Operations
2026-02-19 23:00:00,20.9,0.0,0.237,16.6,0.0,443,3,3,Normal Operations
2026-02-20 00:00:00,19.9,0.0,0.237,14.4,0.0,648,11,1,Normal Operations
2026-02-20 01:00:00,19.3,0.0,0.237,15.1,0.0,916,14,2,Normal Operations
2026-02-20 02:00:00,18.3,0.0,0.237,14.0,0.0,652,15,4,Normal Operations
2026-02-20 03:00:00,17.3,0.0,0.237,13.3,0.0,628,6,0,Normal Operations
2026-02-20 04:00:00,16.6,0.0,0.237,11.2,0.0,955,4,0,Normal Operations
2026-02-20 05:00:00,16.9,0.0,0.237,13.0,0.0,888,9,0,Normal Operations
2026-02-20 06:00:00,17.0,0.0,0.237,13.7,0.0,918,5,4,Normal Operations
2026-02-20 07:00:00,18.2,0.0,0.237,14.0,0.0,670,4,3,Normal Operations
2026-02-20 08:00:00,22.3,0.0,0.237,13.7,0.0,282,2,4,Normal Operations
2026-02-20 09:00:00,26.3,0.0,0.237,12.2,0.0,140,6,4,Normal Operations
2026-02-20 10:00:00,29.3,0.0,0.237,16.6,0.0,650,10,0,Normal Operations
2026-02-20 11:00:00,30.7,0.0,0.237,19.8,0.0,496,2,4,Normal Operations
2026-02-20 12:00:00,31.9,0.0,0.237,20.5,0.0,803,12,0,Normal Operations
2026-02-20 13:00:00,32.5,0.0,0.237,22.0,0.0,878,13,3,Normal Operations
2026-02-20 14:00:00,32.6,0.0,0.237,23.0,0.0,593,7,2,Normal Operations
2026-02-20 15:00:00,32.5,0.0,0.237,23.4,0.0,758,3,0,Normal Operations
2026-02-20 16:00:00,32.1,0.0,0.237,23.4,0.0,432,9,1,Normal Operations
2026-02-20 17:00:00,29.9,0.0,0.237,21.2,0.0,226,11,2,Normal Operations
2026-02-20 18:00:00,26.6,0.0,0.237,9.7,0.0,657,5,3,Normal Operations
2026-02-20 19:00:00,25.2,0.0,0.237,7.9,0.0,656,8,2,Normal Operations
2026-02-20 20:00:00,24.7,0.0,0.237,17.6,0.0,100,11,0,Normal Operations
2026-02-20 21:00:00,24.2,0.0,0.237,22.3,0.0,267,6,3,Normal Operations
2026-02-20 22:00:00,22.7,0.0,0.237,21.2,0.0,719,14,1,Normal Operations
2026-02-20 23:00:00,21.1,0.0,0.237,10.4,0.0,118,12,0,Normal Operations
2026-02-21 00:00:00,20.2,0.0,0.237,9.4,0.0,431,10,0,Normal Operations
2026-02-21 01:00:00,19.6,0.0,0.237,12.6,0.0,683,8,3,Normal Operations
2026-02-21 02:00:00,19.0,0.0,0.237,13.3,0.0,555,13,3,Normal Operations
2026-02-21 03:00:00,18.3,0.0,0.237,15.5,0.0,208,13,2,Normal Operations
2026-02-21 04:00:00,17.7,0.0,0.237,17.3,0.0,367,11,1,Normal Operations
2026-02-21 05:00:00,17.0,0.0,0.237,18.4,0.0,544,12,2,Normal Operations
2026-02-21 06:00:00,17.4,0.0,0.237,22.3,0.0,339,3,2,Normal Operations
2026-02-21 07:00:00,18.7,0.0,0.237,22.3,0.0,400,3,0,Normal Operations
2026-02-21 08:00:00,22.6,0.0,0.237,20.9,0.0,701,5,3,Normal Operations
2026-02-21 09:00:00,26.4,0.0,0.237,21.2,0.0,202,11,0,Normal Operations
2026-02-21 10:00:00,29.3,0.0,0.237,19.4,0.0,349,10,1,Normal Operations
2026-02-21 11:00:00,30.1,0.0,0.237,18.0,0.0,552,3,2,Normal Operations
2026-02-21 12:00:00,31.2,0.0,0.237,20.2,0.0,619,8,1,Normal Operations
2026-02-21 13:00:00,31.8,0.0,0.237,23.8,0.0,252,10,3,Normal Operations
2026-02-21 14:00:00,31.8,0.0,0.237,25.2,0.0,958,13,3,Normal Operations
2026-02-21 15:00:00,32.7,0.0,0.237,22.3,0.0,273,12,4,Normal Operations
2026-02-21 16:00:00,30.9,0.0,0.237,36.7,0.0,442,14,1,Normal Operations
2026-02-21 17:00:00,29.6,0.0,0.237,37.8,0.0,769,8,0,Normal Operations
2026-02-21 18:00:00,27.4,0.0,0.237,18.4,0.0,530,2,1,Normal Operations
2026-02-21 19:00:00,26.5,0.0,0.237,19.1,0.0,826,12,2,Normal Operations
2026-02-21 20:00:00,25.2,0.0,0.237,15.5,0.0,788,4,3,Normal Operations
2026-02-21 21:00:00,24.4,0.0,0.237,19.8,0.0,786,10,3,Normal Operations
2026-02-21 22:00:00,23.4,0.0,0.237,19.8,0.0,951,13,1,Normal Operations
2026-02-21 23:00:00,21.9,0.0,0.237,19.1,0.0,949,1,1,Normal Operations
2026-02-22 00:00:00,20.5,0.0,0.237,14.0,0.0,757,4,1,Normal Operations
2026-02-22 01:00:00,19.2,0.0,0.237,9.7,0.0,423,12,2,Normal Operations
2026-02-22 02:00:00,18.3,0.0,0.237,10.4,0.0,772,13,2,Normal Operations
2026-02-22 03:00:00,17.5,0.0,0.237,10.4,0.0,738,13,0,Normal Operations
2026-02-22 04:00:00,16.9,0.0,0.237,11.9,0.0,519,11,1,Normal Operations
2026-02-22 05:00:00,17.3,0.0,0.263,12.2,0.0,693,13,0,Normal Operations
2026-02-22 06:00:00,17.5,0.0,0.263,10.8,0.0,584,4,4,Normal Operations
2026-02-22 07:00:00,18.7,0.0,0.262,12.2,0.0,758,10,2,Normal Operations
2026-02-22 08:00:00,23.3,0.0,0.262,12.6,0.0,850,9,3,Normal Operations
2026-02-22 09:00:00,27.0,0.0,0.262,11.5,0.0,511,15,4,Normal Operations
2026-02-22 10:00:00,29.5,0.0,0.261,16.9,0.0,183,3,3,Normal Operations
2026-02-22 11:00:00,30.5,0.0,0.26,18.7,0.0,212,15,4,Normal Operations
2026-02-22 12:00:00,31.8,0.0,0.259,23.4,0.0,836,2,0,Normal Operations
2026-02-22 13:00:00,32.0,0.0,0.257,25.6,0.0,431,9,0,Normal Operations
2026-02-22 14:00:00,32.3,0.0,0.256,24.5,0.0,477,9,2,Normal Operations
2026-02-22 15:00:00,33.3,0.0,0.255,19.4,0.0,854,1,3,Normal Operations
2026-02-22 16:00:00,33.2,0.0,0.255,23.0,0.0,754,6,4,Normal Operations
2026-02-22 17:00:00,31.0,0.0,0.254,29.9,0.0,140,10,1,Normal Operations
2026-02-22 18:00:00,28.4,0.0,0.254,19.4,0.0,869,8,1,Normal Operations
2026-02-22 19:00:00,27.7,0.0,0.254,9.4,0.0,896,3,2,Normal Operations
2026-02-22 20:00:00,26.1,0.0,0.254,12.6,0.0,204,11,3,Normal Operations
2026-02-22 21:00:00,25.3,0.0,0.253,13.3,0.0,301,9,1,Normal Operations
2026-02-22 22:00:00,24.5,0.0,0.253,14.0,0.0,549,2,2,Normal Operations
2026-02-22 23:00:00,23.2,0.0,0.253,9.7,0.0,918,6,2,Normal Operations
2026-02-23 00:00:00,22.4,0.0,0.253,13.3,0.0,942,1,3,Normal Operations
2026-02-23 01:00:00,21.0,0.0,0.253,10.8,0.0,365,13,1,Normal Operations
2026-02-23 02:00:00,19.9,0.0,0.253,7.2,0.0,309,7,1,Normal Operations
2026-02-23 03:00:00,18.5,0.0,0.252,9.7,0.0,662,3,1,Normal Operations
2026-02-23 04:00:00,18.1,0.0,0.252,13.3,0.0,217,7,0,Normal Operations
2026-02-23 05:00:00,18.9,0.0,0.252,13.3,0.0,812,4,1,Normal Operations
2026-02-23 06:00:00,19.0,0.0,0.252,9.7,0.0,476,9,4,Normal Operations
2026-02-23 07:00:00,20.3,0.0,0.252,15.5,0.0,650,5,0,Normal Operations
2026-02-23 08:00:00,22.9,0.0,0.252,17.6,0.0,639,3,0,Normal Operations
2026-02-23 09:00:00,24.1,0.0,0.252,22.3,0.0,870,15,0,Normal Operations
2026-02-23 10:00:00,26.2,0.0,0.251,21.6,0.0,183,8,0,Normal Operations
2026-02-23 11:00:00,27.4,0.0,0.25,26.3,0.0,553,6,2,Normal Operations
2026-02-23 12:00:00,29.5,0.0,0.25,31.7,0.0,766,2,4,Normal Operations
2026-02-23 13:00:00,30.6,0.0,0.249,28.4,0.0,728,3,3,Normal Operations
2026-02-23 14:00:00,30.6,0.0,0.248,23.0,0.0,613,8,1,Normal Operations
2026-02-23 15:00:00,28.1,0.0,0.248,25.6,0.0,704,15,0,Normal Operations
2026-02-23 16:00:00,26.6,0.0,0.248,36.7,0.0,777,10,3,Normal Operations
2026-02-23 17:00:00,29.1,0.0,0.246,31.3,0.0,486,7,2,Normal Operations
2026-02-23 18:00:00,26.5,0.0,0.246,12.2,0.0,449,10,3,Normal Operations
2026-02-23 19:00:00,25.7,0.0,0.246,10.8,0.0,395,6,0,Normal Operations
2026-02-23 20:00:00,25.1,0.0,0.246,22.7,0.0,357,14,4,Normal Operations
2026-02-23 21:00:00,23.7,0.0,0.246,16.6,0.0,180,1,3,Normal Operations
2026-02-23 22:00:00,22.2,0.0,0.246,14.8,0.0,367,9,0,Normal Operations
2026-02-23 23:00:00,22.3,0.0,0.246,10.4,0.0,518,3,0,Normal Operations
2026-02-24 00:00:00,21.0,0.0,0.246,11.2,0.0,334,14,1,Normal Operations
2026-02-24 01:00:00,19.9,0.0,0.245,9.7,0.0,932,5,1,Normal Operations
2026-02-24 02:00:00,19.1,0.0,0.245,10.4,0.0,410,7,4,Normal Operations
2026-02-24 03:00:00,18.9,0.0,0.245,9.7,0.0,912,15,1,Normal Operations
2026-02-24 04:00:00,18.2,0.0,0.245,10.1,0.0,456,7,4,Normal Operations
2026-02-24 05:00:00,17.6,0.0,0.245,11.2,0.0,312,3,2,Normal Operations
2026-02-24 06:00:00,18.2,0.0,0.245,18.4,0.0,673,15,2,Normal Operations
2026-02-24 07:00:00,19.5,0.0,0.245,18.4,0.0,148,4,1,Normal Operations
2026-02-24 08:00:00,23.3,0.0,0.245,18.4,0.0,226,10,2,Normal Operations
2026-02-24 09:00:00,26.8,0.0,0.245,13.7,0.0,322,7,3,Normal Operations
2026-02-24 10:00:00,29.4,0.0,0.244,14.0,0.0,378,8,3,Normal Operations
2026-02-24 11:00:00,30.1,0.0,0.244,17.6,0.0,507,2,3,Normal Operations
2026-02-24 12:00:00,30.9,0.0,0.243,27.0,0.0,604,9,2,Normal Operations
2026-02-24 13:00:00,30.8,0.0,0.243,28.4,0.0,393,7,3,Normal Operations
2026-02-24 14:00:00,31.2,0.0,0.242,27.7,0.0,895,13,4,Normal Operations
2026-02-24 15:00:00,31.5,0.0,0.242,28.4,0.0,376,8,0,Normal Operations
2026-02-24 16:00:00,30.1,0.0,0.242,33.8,0.0,537,6,1,Normal Operations
2026-02-24 17:00:00,28.9,0.0,0.241,32.0,0.0,206,6,4,Normal Operations
2026-02-24 18:00:00,26.9,0.0,0.241,18.7,0.0,757,9,3,Normal Operations
2026-02-24 19:00:00,24.8,0.0,0.241,16.9,0.0,519,4,0,Normal Operations
2026-02-24 20:00:00,22.9,0.0,0.241,13.7,0.0,710,11,1,Normal Operations
2026-02-24 21:00:00,22.0,0.0,0.241,6.8,0.0,528,11,4,Normal Operations
2026-02-24 22:00:00,21.2,0.0,0.241,5.0,0.0,474,5,1,Normal Operations
2026-02-24 23:00:00,21.5,0.0,0.241,18.0,0.0,172,9,2,Normal Operations
2026-02-25 00:00:00,21.2,0.0,0.241,15.8,0.0,733,1,3,Normal Operations
2026-02-25 01:00:00,19.8,0.0,0.241,9.7,0.0,129,4,4,Normal Operations
2026-02-25 02:00:00,18.6,0.0,0.241,10.8,0.0,287,7,4,Normal Operations
2026-02-25 03:00:00,17.6,0.0,0.241,9.7,0.0,463,11,0,Normal Operations
2026-02-25 04:00:00,16.9,0.0,0.241,14.4,0.0,965,15,0,Normal Operations
2026-02-25 05:00:00,17.1,0.0,0.24,14.8,0.0,899,9,0,Normal Operations
2026-02-25 06:00:00,17.0,0.0,0.24,14.8,0.0,550,15,1,Normal Operations
2026-02-25 07:00:00,18.7,0.0,0.24,15.8,0.0,294,14,3,Normal Operations
2026-02-25 08:00:00,23.0,0.0,0.24,15.5,0.0,255,13,1,Normal Operations
2026-02-25 09:00:00,27.2,0.0,0.24,11.5,0.0,271,11,3,Normal Operations
2026-02-25 10:00:00,29.7,0.0,0.24,17.3,0.0,946,12,4,Normal Operations
2026-02-25 11:00:00,30.4,0.0,0.24,19.1,0.0,140,13,1,Normal Operations
2026-02-25 12:00:00,31.3,0.0,0.24,25.2,0.0,162,10,1,Normal Operations
2026-02-25 13:00:00,31.6,0.0,0.239,31.7,0.0,122,6,1,Normal Operations
2026-02-25 14:00:00,31.1,0.0,0.239,31.7,0.0,459,12,2,Normal Operations
2026-02-25 15:00:00,31.0,0.0,0.239,29.2,0.0,174,8,3,Normal Operations
2026-02-25 16:00:00,30.7,0.0,0.239,29.5,0.0,659,13,3,Normal Operations
2026-02-25 17:00:00,29.5,0.0,0.239,28.4,0.0,771,9,1,Normal Operations
2026-02-25 18:00:00,26.5,0.0,0.239,22.0,0.0,924,10,2,Normal Operations
2026-02-25 19:00:00,25.6,0.0,0.239,11.2,0.0,217,4,1,Normal Operations
2026-02-25 20:00:00,24.2,0.0,0.239,13.3,0.0,711,1,3,Normal Operations
2026-02-25 21:00:00,23.2,0.0,0.239,17.6,0.0,479,14,4,Normal Operations
2026-02-25 22:00:00,22.3,0.0,0.239,17.3,0.0,778,8,2,Normal Operations
2026-02-25 23:00:00,20.7,0.0,0.239,17.3,0.0,389,2,2,Normal Operations
2026-02-26 00:00:00,19.4,0.0,0.239,15.8,0.0,539,11,1,Normal Operations
2026-02-26 01:00:00,18.6,0.0,0.239,14.4,0.0,767,1,4,Normal Operations
2026-02-26 02:00:00,17.7,0.0,0.239,13.0,0.0,106,13,3,Normal Operations
2026-02-26 03:00:00,17.2,0.0,0.239,10.1,0.0,295,7,0,Normal Operations
2026-02-26 04:00:00,16.6,0.0,0.239,10.4,0.0,520,12,3,Normal Operations
2026-02-26 05:00:00,16.0,0.0,0.238,6.8,0.0,667,10,3,Normal Operations
2026-02-26 06:00:00,16.3,0.0,0.238,6.8,0.0,932,9,4,Normal Operations
2026-02-26 07:00:00,17.9,0.0,0.238,10.8,0.0,292,11,2,Normal Operations
2026-02-26 08:00:00,22.5,0.0,0.238,12.6,0.0,658,15,3,Normal Operations
2026-02-26 09:00:00,25.8,0.0,0.238,13.0,0.0,247,12,2,Normal Operations
2026-02-26 10:00:00,28.6,0.0,0.238,16.9,0.0,886,12,4,Normal Operations
2026-02-26 11:00:00,30.4,0.0,0.238,18.7,0.0,768,9,4,Normal Operations
2026-02-26 12:00:00,31.6,0.0,0.238,32.4,0.0,301,3,1,Normal Operations
2026-02-26 13:00:00,32.5,0.0,0.238,32.4,0.0,543,6,0,Normal Operations
2026-02-26 14:00:00,33.8,0.0,0.238,32.0,0.0,518,7,4,Normal Operations
2026-02-26 15:00:00,32.4,0.0,0.238,47.9,0.0,526,14,4,Normal Operations
2026-02-26 16:00:00,31.3,0.0,0.238,48.2,0.0,578,10,2,Normal Operations
2026-02-26 17:00:00,30.5,0.0,0.238,33.5,0.0,574,9,4,Normal Operations
2026-02-26 18:00:00,28.1,0.0,0.238,17.6,0.0,225,15,3,Normal Operations
2026-02-26 19:00:00,27.0,0.0,0.238,20.5,0.0,494,2,1,Normal Operations
2026-02-26 20:00:00,25.6,0.0,0.238,22.3,0.0,916,8,1,Normal Operations
2026-02-26 21:00:00,24.2,0.0,0.238,22.7,0.0,980,14,3,Normal Operations
2026-02-26 22:00:00,22.6,0.0,0.238,11.5,0.0,905,7,4,Normal Operations
2026-02-26 23:00:00,21.3,0.0,0.238,3.2,0.0,675,4,0,Normal Operations
2026-02-27 00:00:00,20.4,0.0,0.238,8.3,0.0,424,2,4,Normal Operations
2026-02-27 01:00:00,18.9,0.0,0.238,10.1,0.0,491,8,1,Normal Operations
2026-02-27 02:00:00,18.0,0.0,0.238,8.6,0.0,787,11,0,Normal Operations
2026-02-27 03:00:00,17.6,0.0,0.238,8.6,0.0,727,5,2,Normal Operations
2026-02-27 04:00:00,17.2,0.0,0.238,8.3,0.0,539,6,2,Normal Operations
2026-02-27 05:00:00,18.1,0.0,0.238,7.2,0.0,303,14,4,Normal Operations
2026-02-27 06:00:00,19.0,0.0,0.238,14.4,0.0,585,11,4,Normal Operations
2026-02-27 07:00:00,20.2,0.0,0.238,14.8,0.0,932,7,0,Normal Operations
2026-02-27 08:00:00,23.5,0.0,0.238,15.1,0.0,130,15,0,Normal Operations
2026-02-27 09:00:00,27.1,0.0,0.237,14.8,0.0,487,15,4,Normal Operations
2026-02-27 10:00:00,29.4,0.0,0.237,19.1,0.0,724,10,1,Normal Operations
2026-02-27 11:00:00,31.2,0.0,0.237,21.2,0.0,976,1,2,Normal Operations
2026-02-27 12:00:00,32.3,0.0,0.237,22.3,0.0,533,8,0,Normal Operations
2026-02-27 13:00:00,32.6,0.0,0.237,24.5,0.0,936,4,1,Normal Operations
2026-02-27 14:00:00,33.3,0.0,0.237,21.6,0.0,475,13,4,Normal Operations
2026-02-27 15:00:00,33.2,0.0,0.237,22.0,0.0,443,9,3,Normal Operations
2026-02-27 16:00:00,33.1,0.0,0.237,22.0,0.0,542,1,0,Normal Operations
2026-02-27 17:00:00,31.4,0.0,0.237,22.7,0.0,678,11,3,Normal Operations
2026-02-27 18:00:00,28.0,0.0,0.237,13.0,0.0,174,2,1,Normal Operations
2026-02-27 19:00:00,26.8,0.0,0.237,4.7,0.0,656,14,2,Normal Operations
2026-02-27 20:00:00,25.2,0.0,0.237,6.8,0.0,871,6,1,Normal Operations
2026-02-27 21:00:00,25.0,0.0,0.237,7.9,0.0,765,11,2,Normal Operations
2026-02-27 22:00:00,23.6,0.0,0.237,9.0,0.0,254,10,1,Normal Operations
2026-02-27 23:00:00,23.1,0.0,0.237,9.0,0.0,529,11,0,Normal Operations
2026-02-28 00:00:00,22.1,0.0,0.237,6.8,0.0,462,14,0,Normal Operations
2026-02-28 01:00:00,21.5,0.0,0.237,7.9,0.0,547,1,3,Normal Operations
2026-02-28 02:00:00,21.4,0.0,0.237,10.1,0.0,333,4,1,Normal Operations
2026-02-28 03:00:00,20.6,0.0,0.237,9.7,0.0,662,8,1,Normal Operations
2026-02-28 04:00:00,19.7,0.0,0.237,11.2,0.0,917,15,3,Normal Operations
2026-02-28 05:00:00,19.7,0.0,0.237,11.9,0.0,361,10,4,Normal Operations
2026-02-28 06:00:00,21.1,0.0,0.237,12.2,0.0,926,5,1,Normal Operations
2026-02-28 07:00:00,22.4,0.0,0.237,9.4,0.0,224,13,1,Normal Operations
2026-02-28 08:00:00,25.5,0.0,0.237,10.8,0.0,344,9,1,Normal Operations
2026-02-28 09:00:00,28.3,0.0,0.237,16.2,0.0,641,11,4,Normal Operations
2026-02-28 10:00:00,30.6,0.0,0.237,22.3,0.0,584,11,0,Normal Operations
2026-02-28 11:00:00,32.5,0.0,0.237,24.1,0.0,221,6,3,Normal Operations
2026-02-28 12:00:00,33.2,0.0,0.237,27.0,0.0,224,1,4,Normal Operations
2026-02-28 13:00:00,33.2,0.0,0.237,27.4,0.0,648,6,2,Normal Operations
2026-02-28 14:00:00,33.3,0.0,0.237,28.4,0.0,269,6,2,Normal Operations
2026-02-28 15:00:00,33.3,0.0,0.237,29.2,0.0,223,13,4,Normal Operations
2026-02-28 16:00:00,33.4,0.0,0.237,22.7,0.0,968,6,4,Normal Operations
2026-02-28 17:00:00,32.1,0.0,0.237,15.1,0.0,134,8,0,Normal Operations
2026-02-28 18:00:00,29.4,0.0,0.237,17.3,0.0,186,15,2,Normal Operations
2026-02-28 19:00:00,28.0,0.0,0.237,14.0,0.0,745,6,3,Normal Operations
2026-02-28 20:00:00,26.8,0.0,0.237,14.4,0.0,807,5,1,Normal Operations
2026-02-28 21:00:00,25.7,0.0,0.237,10.1,0.0,885,15,1,Normal Operations
2026-02-28 22:00:00,25.5,0.0,0.237,9.7,0.0,300,11,0,Normal Operations
2026-02-28 23:00:00,25.4,0.0,0.237,7.9,0.0,468,2,0,Normal Operations
2026-03-01 00:00:00,24.7,0.0,0.237,8.6,0.0,896,4,2,Normal Operations
2026-03-01 01:00:00,23.7,0.0,0.237,14.4,0.0,176,14,3,Normal Operations
2026-03-01 02:00:00,23.3,0.0,0.237,13.7,0.0,158,15,3,Normal Operations
2026-03-01 03:00:00,22.7,0.0,0.237,16.2,0.0,530,10,4,Normal Operations
2026-03-01 04:00:00,22.1,0.0,0.237,15.8,0.0,737,5,0,Normal Operations
2026-03-01 05:00:00,21.6,0.0,0.237,15.5,0.0,599,10,1,Normal Operations
2026-03-01 06:00:00,21.9,0.0,0.237,16.9,0.0,208,4,1,Normal Operations
2026-03-01 07:00:00,23.2,0.0,0.237,21.6,0.0,835,2,2,Normal Operations
2026-03-01 08:00:00,26.2,0.0,0.237,25.2,0.0,377,7,1,Normal Operations
2026-03-01 09:00:00,28.7,0.0,0.237,29.5,0.0,167,10,3,Normal Operations
2026-03-01 10:00:00,31.1,0.0,0.237,29.5,0.0,168,10,3,Normal Operations
2026-03-01 11:00:00,32.4,0.0,0.237,27.7,0.0,264,2,0,Normal Operations
2026-03-01 12:00:00,33.9,0.0,0.237,25.6,0.0,588,1,2,Normal Operations
2026-03-01 13:00:00,35.0,0.0,0.237,32.4,0.0,404,14,1,Normal Operations
2026-03-01 14:00:00,35.1,0.0,0.237,38.2,0.0,773,5,0,Normal Operations
2026-03-01 15:00:00,35.1,0.0,0.237,38.5,0.0,464,12,4,Normal Operations
2026-03-01 16:00:00,34.8,0.0,0.237,33.5,0.0,953,13,4,Normal Operations
2026-03-01 17:00:00,33.1,0.0,0.237,27.7,0.0,920,1,1,Normal Operations
2026-03-01 18:00:00,28.9,0.0,0.237,15.5,0.0,478,1,1,Normal Operations
2026-03-01 19:00:00,28.0,0.0,0.237,20.2,0.0,442,15,1,Normal Operations
2026-03-01 20:00:00,27.2,0.0,0.237,34.6,0.0,998,1,3,Normal Operations
2026-03-01 21:00:00,25.9,0.0,0.237,34.9,0.0,653,6,1,Normal Operations
2026-03-01 22:00:00,24.5,0.0,0.237,26.3,0.0,453,9,4,Normal Operations
2026-03-01 23:00:00,23.9,0.0,0.237,25.9,0.0,515,10,1,Normal Operations
2026-03-02 00:00:00,23.8,0.0,0.237,25.6,0.0,208,13,2,Normal Operations
2026-03-02 01:00:00,23.0,0.0,0.237,24.8,0.0,662,11,4,Normal Operations
2026-03-02 02:00:00,22.7,0.0,0.237,24.8,0.0,861,12,2,Normal Operations
2026-03-02 03:00:00,21.9,0.0,0.237,24.5,0.0,596,1,4,Normal Operations
2026-03-02 04:00:00,20.9,0.0,0.237,18.4,0.0,440,5,0,Normal Operations
2026-03-02 05:00:00,20.3,0.0,0.237,14.4,0.0,482,15,4,Normal Operations
2026-03-02 06:00:00,19.8,0.0,0.237,12.6,0.0,632,9,4,Normal Operations
2026-03-02 07:00:00,20.9,0.0,0.237,13.7,0.0,399,14,2,Normal Operations
2026-03-02 08:00:00,24.4,0.0,0.237,14.0,0.0,238,9,2,Normal Operations
2026-03-02 09:00:00,28.1,0.0,0.237,15.1,0.0,458,1,4,Normal Operations
2026-03-02 10:00:00,31.0,0.0,0.237,18.7,0.0,935,8,4,Normal Operations
2026-03-02 11:00:00,32.5,0.0,0.237,24.1,0.0,598,1,3,Normal Operations
2026-03-02 12:00:00,33.6,0.0,0.237,31.3,0.0,484,15,0,Normal Operations
2026-03-02 13:00:00,33.9,0.0,0.237,35.3,0.0,703,8,0,Normal Operations
2026-03-02 14:00:00,34.2,0.0,0.237,35.3,0.0,379,1,1,Normal Operations
2026-03-02 15:00:00,34.0,0.0,0.237,34.6,0.0,736,12,4,Normal Operations
2026-03-02 16:00:00,33.6,0.0,0.237,33.1,0.0,582,5,4,Normal Operations
2026-03-02 17:00:00,31.8,0.0,0.237,25.9,0.0,210,8,4,Normal Operations
2026-03-02 18:00:00,29.1,0.0,0.237,20.5,0.0,965,6,4,Normal Operations
2026-03-02 19:00:00,28.0,0.0,0.237,22.7,0.0,238,9,0,Normal Operations
2026-03-02 20:00:00,26.4,0.0,0.237,19.1,0.0,534,1,2,Normal Operations
2026-03-02 21:00:00,25.6,0.0,0.237,17.3,0.0,608,9,3,Normal Operations
2026-03-02 22:00:00,24.7,0.0,0.237,18.4,0.0,372,1,2,Normal Operations
2026-03-02 23:00:00,23.5,0.0,0.237,20.5,0.0,198,10,2,Normal Operations
2026-03-03 00:00:00,22.6,0.0,0.237,18.4,0.0,863,10,0,Normal Operations
2026-03-03 01:00:00,21.3,0.0,0.237,15.1,0.0,949,3,3,Normal Operations
2026-03-03 02:00:00,19.8,0.0,0.237,11.2,0.0,203,1,4,Normal Operations
2026-03-03 03:00:00,18.7,0.0,0.237,9.7,0.0,313,3,0,Normal Operations
2026-03-03 04:00:00,17.6,0.0,0.237,10.1,0.0,860,12,0,Normal Operations
2026-03-03 05:00:00,17.4,0.0,0.237,11.9,0.0,763,11,3,Normal Operations
2026-03-03 06:00:00,17.3,0.0,0.237,12.6,0.0,861,13,1,Normal Operations
2026-03-03 07:00:00,19.2,0.0,0.237,14.8,0.0,886,2,0,Normal Operations
2026-03-03 08:00:00,24.2,0.0,0.237,16.9,0.0,264,2,2,Normal Operations
2026-03-03 09:00:00,28.2,0.0,0.237,17.3,0.0,952,9,2,Normal Operations
2026-03-03 10:00:00,31.2,0.0,0.237,16.6,0.0,619,8,4,Normal Operations
2026-03-03 11:00:00,33.0,0.0,0.237,24.8,0.0,383,1,0,Normal Operations
2026-03-03 12:00:00,33.7,0.0,0.237,34.6,0.0,616,12,4,Normal Operations
2026-03-03 13:00:00,34.2,0.0,0.237,35.6,0.0,756,14,0,Normal Operations
2026-03-03 14:00:00,34.4,0.0,0.237,34.9,0.0,712,4,3,Normal Operations
2026-03-03 15:00:00,34.3,0.0,0.237,32.8,0.0,263,13,0,Normal Operations
2026-03-03 16:00:00,34.5,0.0,0.237,25.6,0.0,985,1,1,Normal Operations
2026-03-03 17:00:00,32.7,0.0,0.237,20.5,0.0,758,1,2,Normal Operations
2026-03-03 18:00:00,29.9,0.0,0.237,25.6,0.0,163,12,3,Normal Operations
2026-03-03 19:00:00,28.7,0.0,0.237,29.9,0.0,190,12,2,Normal Operations
2026-03-03 20:00:00,27.7,0.0,0.237,28.4,0.0,216,4,4,Normal Operations
2026-03-03 21:00:00,27.0,0.0,0.237,23.0,0.0,965,2,3,Normal Operations
2026-03-03 22:00:00,26.0,0.0,0.237,21.2,0.0,366,3,1,Normal Operations
2026-03-03 23:00:00,24.3,0.0,0.237,21.2,0.0,921,11,2,Normal Operations
2026-03-04 00:00:00,23.1,0.0,0.237,20.5,0.0,784,9,0,Normal Operations
2026-03-04 01:00:00,22.4,0.0,0.237,20.5,0.0,658,2,0,Normal Operations
2026-03-04 02:00:00,21.6,0.0,0.237,19.1,0.0,239,4,0,Normal Operations
2026-03-04 03:00:00,20.3,0.0,0.237,16.9,0.0,345,1,3,Normal Operations
2026-03-04 04:00:00,19.0,0.0,0.237,16.2,0.0,760,2,1,Normal Operations
2026-03-04 05:00:00,19.0,0.0,0.237,16.6,0.0,857,5,1,Normal Operations
2026-03-04 06:00:00,18.9,0.0,0.237,17.6,0.0,494,14,1,Normal Operations
2026-03-04 07:00:00,20.8,0.0,0.237,19.4,0.0,586,10,2,Normal Operations
2026-03-04 08:00:00,25.3,0.0,0.237,20.2,0.0,575,15,3,Normal Operations
2026-03-04 09:00:00,29.5,0.0,0.237,22.7,0.0,616,1,0,Normal Operations
2026-03-04 10:00:00,32.3,0.0,0.237,30.6,0.0,283,11,2,Normal Operations
2026-03-04 11:00:00,34.1,0.0,0.237,31.7,0.0,119,7,1,Normal Operations
2026-03-04 12:00:00,35.3,0.0,0.237,29.2,0.0,657,4,0,Normal Operations
2026-03-04 13:00:00,35.9,0.0,0.237,32.8,0.0,623,6,3,Normal Operations
2026-03-04 14:00:00,36.1,0.0,0.237,37.1,0.0,681,8,4,Normal Operations
2026-03-04 15:00:00,35.9,0.0,0.237,39.6,0.0,628,13,1,Normal Operations
2026-03-04 16:00:00,35.0,0.0,0.237,40.0,0.0,982,6,1,Normal Operations
2026-03-04 17:00:00,32.9,0.0,0.237,39.2,0.0,246,14,1,Normal Operations
2026-03-04 18:00:00,30.4,0.0,0.237,27.4,0.0,765,2,1,Normal Operations
2026-03-04 19:00:00,29.0,0.0,0.237,28.1,0.0,403,1,0,Normal Operations
2026-03-04 20:00:00,28.1,0.0,0.237,27.0,0.0,719,8,3,Normal Operations
2026-03-04 21:00:00,27.2,0.0,0.237,22.7,0.0,847,8,2,Normal Operations
2026-03-04 22:00:00,25.7,0.0,0.237,20.5,0.0,919,9,0,Normal Operations
2026-03-04 23:00:00,23.8,0.0,0.237,17.3,0.0,963,6,3,Normal Operations
2026-03-05 00:00:00,22.6,0.0,0.237,19.1,0.0,681,12,2,Normal Operations
2026-03-05 01:00:00,22.1,0.0,0.237,19.8,0.0,794,1,1,Normal Operations
2026-03-05 02:00:00,21.4,0.0,0.237,20.5,0.0,861,14,3,Normal Operations
2026-03-05 03:00:00,20.7,0.0,0.237,20.5,0.0,327,9,1,Normal Operations
2026-03-05 04:00:00,20.2,0.0,0.237,19.8,0.0,201,12,3,Normal Operations
2026-03-05 05:00:00,19.9,0.0,0.237,21.2,0.0,686,13,4,Normal Operations
2026-03-05 06:00:00,20.3,0.0,0.237,22.3,0.0,516,15,1,Normal Operations
2026-03-05 07:00:00,21.8,0.0,0.237,22.7,0.0,315,14,1,Normal Operations
2026-03-05 08:00:00,25.3,0.0,0.237,23.0,0.0,506,3,1,Normal Operations
2026-03-05 09:00:00,28.8,0.0,0.237,27.0,0.0,498,11,0,Normal Operations
2026-03-05 10:00:00,31.8,0.0,0.237,31.0,0.0,814,6,2,Normal Operations
2026-03-05 11:00:00,33.9,0.0,0.237,34.6,0.0,803,10,1,Normal Operations
2026-03-05 12:00:00,34.8,0.0,0.237,34.9,0.0,860,13,1,Normal Operations
2026-03-05 13:00:00,35.6,0.0,0.237,34.9,0.0,598,10,0,Normal Operations
2026-03-05 14:00:00,36.4,0.0,0.236,34.2,0.0,853,15,0,Normal Operations
2026-03-05 15:00:00,36.2,0.0,0.236,36.7,0.0,564,11,4,Normal Operations
2026-03-05 16:00:00,35.5,0.0,0.236,36.7,0.0,790,12,3,Normal Operations
2026-03-05 17:00:00,33.5,0.0,0.236,33.1,0.0,830,14,1,Normal Operations
2026-03-05 18:00:00,30.6,0.0,0.236,22.0,0.0,181,15,3,Normal Operations
2026-03-05 19:00:00,29.3,0.0,0.236,19.4,0.0,703,9,0,Normal Operations
2026-03-05 20:00:00,27.7,0.0,0.236,16.6,0.0,786,11,0,Normal Operations
2026-03-05 21:00:00,26.7,0.0,0.236,16.2,0.0,850,13,4,Normal Operations
2026-03-05 22:00:00,25.7,0.0,0.236,17.6,0.0,871,3,2,Normal Operations
2026-03-05 23:00:00,24.8,0.0,0.236,17.6,0.0,464,5,0,Normal Operations
2026-03-06 00:00:00,24.2,0.0,0.236,20.2,0.0,262,13,1,Normal Operations
2026-03-06 01:00:00,23.6,0.0,0.236,22.3,0.0,147,14,4,Normal Operations
2026-03-06 02:00:00,22.9,0.0,0.236,23.8,0.0,610,5,2,Normal Operations
2026-03-06 03:00:00,22.5,0.0,0.236,23.8,0.0,428,10,4,Normal Operations
2026-03-06 04:00:00,22.4,0.0,0.236,24.1,0.0,939,7,0,Normal Operations
2026-03-06 05:00:00,22.2,0.0,0.236,24.1,0.0,215,4,2,Normal Operations
2026-03-06 06:00:00,22.4,0.0,0.236,23.4,0.0,948,11,3,Normal Operations
2026-03-06 07:00:00,23.8,0.0,0.236,24.8,0.0,436,4,2,Normal Operations
2026-03-06 08:00:00,26.8,0.0,0.236,26.6,0.0,980,7,1,Normal Operations
2026-03-06 09:00:00,29.6,0.0,0.236,28.8,0.0,836,9,3,Normal Operations
2026-03-06 10:00:00,32.3,0.0,0.236,28.4,0.0,963,15,3,Normal Operations
2026-03-06 11:00:00,34.6,0.0,0.236,31.7,0.0,939,11,1,Normal Operations
2026-03-06 12:00:00,35.7,0.0,0.236,34.6,0.0,246,4,3,Normal Operations
2026-03-06 13:00:00,36.2,0.0,0.236,36.4,0.0,674,4,0,Normal Operations
2026-03-06 14:00:00,36.8,0.0,0.236,35.3,0.0,905,6,2,Normal Operations
2026-03-06 15:00:00,36.5,0.0,0.236,39.2,0.0,422,6,2,Normal Operations
2026-03-06 16:00:00,35.7,0.0,0.236,39.6,0.0,542,7,1,Normal Operations
2026-03-06 17:00:00,33.6,0.0,0.236,36.0,0.0,936,15,0,Normal Operations
2026-03-06 18:00:00,31.1,0.0,0.236,23.4,0.0,112,1,3,Normal Operations
2026-03-06 19:00:00,30.1,0.0,0.236,27.0,0.0,593,13,2,Normal Operations
2026-03-06 20:00:00,29.2,0.0,0.236,27.0,0.0,800,11,2,Normal Operations
2026-03-06 21:00:00,28.0,0.0,0.236,22.0,0.0,386,14,2,Normal Operations
2026-03-06 22:00:00,25.9,0.0,0.236,16.9,0.0,819,3,2,Normal Operations
2026-03-06 23:00:00,24.6,0.0,0.236,15.8,0.0,213,9,4,Normal Operations
2026-03-07 00:00:00,24.2,0.0,0.236,18.7,0.0,579,6,1,Normal Operations
2026-03-07 01:00:00,23.4,0.0,0.236,19.1,0.0,121,6,3,Normal Operations
2026-03-07 02:00:00,22.7,0.0,0.236,20.5,0.0,448,5,3,Normal Operations
2026-03-07 03:00:00,21.8,0.0,0.236,20.5,0.0,825,11,1,Normal Operations
2026-03-07 04:00:00,20.9,0.0,0.236,20.2,0.0,782,3,0,Normal Operations
2026-03-07 05:00:00,20.1,0.0,0.236,18.4,0.0,934,11,1,Normal Operations
2026-03-07 06:00:00,19.5,0.0,0.236,19.8,0.0,665,5,2,Normal Operations
2026-03-07 07:00:00,21.6,0.0,0.236,21.2,0.0,909,14,2,Normal Operations
2026-03-07 08:00:00,26.4,0.0,0.236,21.2,0.0,419,1,1,Normal Operations
2026-03-07 09:00:00,30.7,0.0,0.236,22.3,0.0,225,3,1,Normal Operations
2026-03-07 10:00:00,33.2,0.0,0.236,28.8,0.0,376,4,3,Normal Operations
2026-03-07 11:00:00,34.3,0.0,0.236,33.8,0.0,303,5,3,Normal Operations
2026-03-07 12:00:00,35.0,0.0,0.236,35.6,0.0,293,10,4,Normal Operations
2026-03-07 13:00:00,35.7,0.0,0.236,37.1,0.0,780,9,4,Normal Operations
2026-03-07 14:00:00,36.1,0.0,0.236,37.1,0.0,763,4,2,Normal Operations
2026-03-07 15:00:00,36.3,0.0,0.236,37.1,0.0,646,3,4,Normal Operations
2026-03-07 16:00:00,35.3,0.0,0.236,37.4,0.0,795,10,4,Normal Operations
2026-03-07 17:00:00,33.4,0.0,0.232,36.7,0.0,385,1,0,Normal Operations
2026-03-07 18:00:00,30.8,0.0,0.232,25.9,0.0,156,13,1,Normal Operations
2026-03-07 19:00:00,29.7,0.0,0.232,27.4,0.0,833,10,3,Normal Operations
2026-03-07 20:00:00,28.9,0.0,0.232,27.7,0.0,402,6,4,Normal Operations
2026-03-07 21:00:00,28.1,0.0,0.232,28.1,0.0,262,7,3,Normal Operations
2026-03-07 22:00:00,26.8,0.0,0.232,26.6,0.0,118,10,4,Normal Operations
2026-03-07 23:00:00,26.0,0.0,0.236,22.0,0.0,469,15,4,Normal Operations
2026-03-08 00:00:00,25.6,0.0,0.236,18.7,0.0,363,8,2,Normal Operations
2026-03-08 01:00:00,24.4,0.0,0.236,18.0,0.0,893,12,0,Normal Operations
2026-03-08 02:00:00,23.1,0.0,0.236,16.9,0.0,212,1,1,Normal Operations
2026-03-08 03:00:00,22.1,0.0,0.236,16.2,0.0,587,12,1,Normal Operations
2026-03-08 04:00:00,21.1,0.0,0.236,14.0,0.0,426,4,2,Normal Operations
2026-03-08 05:00:00,20.8,0.0,0.236,12.2,0.0,641,11,2,Normal Operations
2026-03-08 06:00:00,20.2,0.0,0.236,13.0,0.0,746,5,1,Normal Operations
2026-03-08 07:00:00,21.6,0.0,0.236,16.2,0.0,678,2,1,Normal Operations
2026-03-08 08:00:00,25.6,0.0,0.236,16.6,0.0,164,1,0,Normal Operations
2026-03-08 09:00:00,29.3,0.0,0.236,18.7,0.0,391,8,4,Normal Operations
2026-03-08 10:00:00,32.1,0.0,0.236,21.6,0.0,124,6,0,Normal Operations
2026-03-08 11:00:00,33.9,0.0,0.236,23.0,0.0,648,5,1,Normal Operations
2026-03-08 12:00:00,35.7,0.0,0.236,23.0,0.0,100,13,4,Normal Operations
2026-03-08 13:00:00,36.9,0.0,0.236,23.8,0.0,648,9,1,Normal Operations
2026-03-08 14:00:00,37.5,0.0,0.236,24.5,0.0,240,13,0,Normal Operations
2026-03-08 15:00:00,37.4,0.0,0.236,26.6,0.0,843,11,0,Normal Operations
2026-03-08 16:00:00,36.6,0.0,0.236,30.2,0.0,747,13,0,Normal Operations
2026-03-08 17:00:00,34.5,0.0,0.236,30.2,0.0,1000,11,4,Normal Operations
2026-03-08 18:00:00,31.3,0.0,0.236,19.8,0.0,287,2,3,Normal Operations
2026-03-08 19:00:00,30.0,0.0,0.236,25.2,0.0,227,10,3,Normal Operations
2026-03-08 20:00:00,29.0,0.0,0.236,27.4,0.0,300,12,1,Normal Operations
2026-03-08 21:00:00,28.1,0.0,0.236,29.2,0.0,226,8,4,Normal Operations
2026-03-08 22:00:00,27.5,0.0,0.236,29.5,0.0,356,11,2,Normal Operations
2026-03-08 23:00:00,26.5,0.0,0.236,27.0,0.0,775,14,3,Normal Operations
2026-03-09 00:00:00,25.5,0.0,0.236,20.2,0.0,646,10,4,Normal Operations
2026-03-09 01:00:00,24.6,0.0,0.236,17.3,0.0,293,13,4,Normal Operations
2026-03-09 02:00:00,23.6,0.0,0.236,16.2,0.0,802,9,3,Normal Operations
2026-03-09 03:00:00,22.4,0.0,0.236,15.8,0.0,203,1,4,Normal Operations
2026-03-09 04:00:00,21.5,0.0,0.236,16.2,0.0,634,7,4,Normal Operations
2026-03-09 05:00:00,20.4,0.0,0.236,16.2,0.0,364,8,3,Normal Operations
2026-03-09 06:00:00,20.4,0.0,0.236,14.0,0.0,901,3,0,Normal Operations
2026-03-09 07:00:00,22.3,0.0,0.236,16.6,0.0,483,14,1,Normal Operations
2026-03-09 08:00:00,26.8,0.0,0.236,16.6,0.0,359,4,2,Normal Operations
2026-03-09 09:00:00,31.0,0.0,0.236,16.9,0.0,513,13,1,Normal Operations
2026-03-09 10:00:00,34.4,0.0,0.236,19.1,0.0,457,3,0,Normal Operations
2026-03-09 11:00:00,36.0,0.0,0.236,19.1,0.0,174,7,0,Normal Operations
2026-03-09 12:00:00,37.3,0.0,0.236,21.2,0.0,454,9,4,Normal Operations
2026-03-09 13:00:00,37.9,0.0,0.236,22.7,0.0,683,3,1,Normal Operations
2026-03-09 14:00:00,38.3,0.0,0.236,22.3,0.0,870,13,0,Normal Operations
2026-03-09 15:00:00,38.2,0.0,0.236,23.4,0.0,287,6,1,Normal Operations
2026-03-09 16:00:00,37.4,0.0,0.236,27.4,0.0,784,8,0,Normal Operations
2026-03-09 17:00:00,35.2,0.0,0.236,28.1,0.0,389,6,2,Normal Operations
2026-03-09 18:00:00,31.7,0.0,0.236,15.8,0.0,144,2,0,Normal Operations
2026-03-09 19:00:00,30.6,0.0,0.236,20.2,0.0,672,13,1,Normal Operations
2026-03-09 20:00:00,30.0,0.0,0.236,30.6,0.0,182,7,4,Normal Operations
2026-03-09 21:00:00,28.3,0.0,0.236,30.6,0.0,222,2,1,Normal Operations
2026-03-09 22:00:00,26.2,0.0,0.236,19.1,0.0,457,2,3,Normal Operations
2026-03-09 23:00:00,25.7,0.0,0.236,15.8,0.0,627,2,1,Normal Operations
2026-03-10 00:00:00,25.5,0.0,0.236,16.2,0.0,165,11,2,Normal Operations
2026-03-10 01:00:00,25.0,0.0,0.236,15.8,0.0,756,15,2,Normal Operations
2026-03-10 02:00:00,24.2,0.0,0.236,14.8,0.0,474,1,2,Normal Operations
2026-03-10 03:00:00,23.3,0.0,0.236,14.4,0.0,261,14,0,Normal Operations
2026-03-10 04:00:00,22.3,0.0,0.236,15.1,0.0,845,11,2,Normal Operations
2026-03-10 05:00:00,22.2,0.0,0.236,15.8,0.0,479,1,1,Normal Operations
2026-03-10 06:00:00,21.9,0.0,0.236,13.3,0.0,755,14,4,Normal Operations
2026-03-10 07:00:00,23.7,0.0,0.236,18.4,0.0,457,7,2,Normal Operations
2026-03-10 08:00:00,26.3,0.0,0.236,19.1,0.0,287,15,1,Normal Operations
2026-03-10 09:00:00,29.0,0.0,0.236,21.2,0.0,421,13,0,Normal Operations
2026-03-10 10:00:00,32.0,0.0,0.236,21.2,0.0,549,14,0,Normal Operations
2026-03-10 11:00:00,33.4,0.0,0.236,22.3,0.0,573,14,4,Normal Operations
2026-03-10 12:00:00,34.9,0.0,0.236,20.5,0.0,112,15,4,Normal Operations
2026-03-10 13:00:00,35.9,0.0,0.236,21.6,0.0,283,14,1,Normal Operations
2026-03-10 14:00:00,37.1,0.0,0.236,28.8,0.0,210,12,4,Normal Operations
2026-03-10 15:00:00,38.2,0.0,0.236,32.0,0.0,607,5,4,Normal Operations
2026-03-10 16:00:00,37.4,0.0,0.236,39.2,0.0,389,11,0,Normal Operations
2026-03-10 17:00:00,35.1,0.0,0.236,43.6,0.0,394,3,1,Normal Operations
2026-03-10 18:00:00,32.7,0.0,0.236,32.8,0.0,550,1,4,Normal Operations
2026-03-10 19:00:00,31.4,0.0,0.236,31.7,0.0,314,11,1,Normal Operations
2026-03-10 20:00:00,30.3,0.0,0.236,29.5,0.0,731,10,2,Normal Operations
2026-03-10 21:00:00,29.6,0.0,0.236,28.8,0.0,993,6,0,Normal Operations
2026-03-10 22:00:00,28.7,0.0,0.236,25.9,0.0,666,11,0,Normal Operations
2026-03-10 23:00:00,28.0,0.0,0.236,24.5,0.0,126,1,0,Normal Operations
2026-03-11 00:00:00,26.7,0.0,0.236,21.6,0.0,729,9,3,Normal Operations
2026-03-11 01:00:00,24.3,0.0,0.236,13.3,0.0,832,2,1,Normal Operations
2026-03-11 02:00:00,23.0,0.0,0.236,13.0,0.0,330,1,2,Normal Operations
2026-03-11 03:00:00,22.1,0.0,0.236,13.0,0.0,664,15,4,Normal Operations
2026-03-11 04:00:00,21.3,0.0,0.236,13.0,0.0,906,12,2,Normal Operations
2026-03-11 05:00:00,20.8,0.0,0.236,13.3,0.0,420,7,1,Normal Operations
2026-03-11 06:00:00,20.9,0.0,0.236,16.9,0.0,332,6,0,Normal Operations
2026-03-11 07:00:00,23.3,0.0,0.236,17.6,0.0,769,6,3,Normal Operations
2026-03-11 08:00:00,27.9,0.0,0.236,16.6,0.0,536,14,1,Normal Operations
2026-03-11 09:00:00,31.4,0.0,0.236,14.8,0.0,880,5,1,Normal Operations
2026-03-11 10:00:00,34.0,0.0,0.236,16.2,0.0,632,11,4,Normal Operations
2026-03-11 11:00:00,35.6,0.0,0.236,24.8,0.0,502,4,2,Normal Operations
2026-03-11 12:00:00,36.8,0.0,0.236,35.6,0.0,152,11,2,Normal Operations
2026-03-11 13:00:00,37.0,0.0,0.236,40.0,0.0,886,4,4,Normal Operations
2026-03-11 14:00:00,37.5,0.0,0.236,38.9,0.0,412,3,3,Normal Operations
2026-03-11 15:00:00,37.4,0.0,0.236,34.9,0.0,380,10,0,Normal Operations
2026-03-11 16:00:00,36.5,0.0,0.236,36.7,0.0,825,8,0,Normal Operations
2026-03-11 17:00:00,34.5,0.0,0.235,36.0,0.0,130,7,3,Normal Operations
2026-03-11 18:00:00,31.5,0.0,0.235,19.8,0.0,436,9,4,Normal Operations
2026-03-11 19:00:00,30.7,0.0,0.235,24.5,0.0,282,1,1,Normal Operations
2026-03-11 20:00:00,29.8,0.0,0.235,24.1,0.0,122,7,2,Normal Operations
2026-03-11 21:00:00,28.3,0.0,0.235,19.4,0.0,643,10,1,Normal Operations
2026-03-11 22:00:00,27.3,0.0,0.235,16.9,0.0,545,4,2,Normal Operations
2026-03-11 23:00:00,24.8,0.0,0.235,15.1,0.0,173,7,1,Normal Operations
2026-03-12 00:00:00,23.3,0.0,0.235,10.8,0.0,109,13,4,Normal Operations
2026-03-12 01:00:00,21.8,0.0,0.235,10.8,0.0,583,12,4,Normal Operations
2026-03-12 02:00:00,20.9,0.0,0.235,9.0,0.0,555,1,3,Normal Operations
2026-03-12 03:00:00,20.6,0.0,0.235,15.1,0.0,665,5,1,Normal Operations
2026-03-12 04:00:00,20.8,0.0,0.235,15.8,0.0,663,3,1,Normal Operations
2026-03-12 05:00:00,20.5,0.0,0.235,15.8,0.0,759,5,3,Normal Operations
2026-03-12 06:00:00,20.5,0.0,0.235,7.2,0.0,259,4,3,Normal Operations
2026-03-12 07:00:00,22.8,0.0,0.235,14.4,0.0,981,2,4,Normal Operations
2026-03-12 08:00:00,26.9,0.0,0.235,16.2,0.0,113,11,4,Normal Operations
2026-03-12 09:00:00,31.1,0.0,0.235,14.8,0.0,277,4,1,Normal Operations
2026-03-12 10:00:00,33.9,0.0,0.235,16.9,0.0,511,3,4,Normal Operations
2026-03-12 11:00:00,35.3,0.0,0.235,19.8,0.0,977,13,4,Normal Operations
2026-03-12 12:00:00,36.4,0.0,0.235,23.0,0.0,152,1,1,Normal Operations
2026-03-12 13:00:00,36.9,0.0,0.235,23.8,0.0,507,12,3,Normal Operations
2026-03-12 14:00:00,37.3,0.0,0.235,22.7,0.0,946,10,1,Normal Operations
2026-03-12 15:00:00,37.8,0.0,0.235,17.6,0.0,121,8,0,Normal Operations
2026-03-12 16:00:00,37.7,0.0,0.235,14.8,0.0,129,15,1,Normal Operations
2026-03-12 17:00:00,35.6,0.0,0.235,13.0,0.0,802,5,0,Normal Operations
2026-03-12 18:00:00,31.0,0.0,0.235,5.4,0.0,359,4,1,Normal Operations
2026-03-12 19:00:00,30.0,0.0,0.235,6.5,0.0,304,10,0,Normal Operations
2026-03-12 20:00:00,28.7,0.0,0.235,6.8,0.0,158,12,0,Normal Operations
2026-03-12 21:00:00,27.3,0.0,0.235,6.5,0.0,570,5,1,Normal Operations
2026-03-12 22:00:00,25.6,0.0,0.235,7.2,0.0,875,4,4,Normal Operations
2026-03-12 23:00:00,25.2,0.0,0.235,9.0,0.0,565,3,2,Normal Operations
2026-03-13 00:00:00,23.1,0.0,0.235,12.2,0.0,111,5,4,Normal Operations
2026-03-13 01:00:00,21.7,0.0,0.235,12.2,0.0,730,4,0,Normal Operations
2026-03-13 02:00:00,21.3,0.0,0.235,11.9,0.0,389,15,1,Normal Operations
2026-03-13 03:00:00,21.1,0.0,0.235,11.5,0.0,949,1,1,Normal Operations
2026-03-13 04:00:00,21.0,0.0,0.235,11.9,0.0,859,12,1,Normal Operations
2026-03-13 05:00:00,21.5,0.0,0.235,12.2,0.0,453,3,1,Normal Operations
2026-03-13 06:00:00,22.0,0.0,0.235,10.8,0.0,738,10,2,Normal Operations
2026-03-13 07:00:00,24.4,0.0,0.235,11.5,0.0,174,15,3,Normal Operations
2026-03-13 08:00:00,28.5,0.0,0.235,12.6,0.0,972,10,0,Normal Operations
2026-03-13 09:00:00,32.3,0.0,0.235,11.9,0.0,815,8,2,Normal Operations
2026-03-13 10:00:00,35.3,0.0,0.235,16.2,0.0,660,7,4,Normal Operations
2026-03-13 11:00:00,36.4,0.0,0.235,24.1,0.0,690,2,3,Normal Operations
2026-03-13 12:00:00,37.1,0.0,0.235,25.2,0.0,540,1,3,Normal Operations
2026-03-13 13:00:00,37.5,0.0,0.235,24.8,0.0,340,3,1,Normal Operations
2026-03-13 14:00:00,37.8,0.0,0.235,19.1,0.0,960,5,2,Normal Operations
2026-03-13 15:00:00,37.7,0.0,0.235,24.1,0.0,253,10,4,Normal Operations
2026-03-13 16:00:00,37.1,0.0,0.235,26.3,0.0,885,15,1,Normal Operations
2026-03-13 17:00:00,35.2,0.0,0.235,27.4,0.0,195,11,1,Normal Operations
2026-03-13 18:00:00,32.1,0.0,0.235,26.6,0.0,825,12,0,Normal Operations
2026-03-13 19:00:00,30.5,0.0,0.235,11.9,0.0,393,1,3,Normal Operations
2026-03-13 20:00:00,29.0,0.0,0.235,6.5,0.0,308,3,4,Normal Operations
2026-03-13 21:00:00,28.1,0.0,0.235,14.8,0.0,442,3,3,Normal Operations
2026-03-13 22:00:00,26.2,0.0,0.235,16.6,0.0,187,5,2,Normal Operations
2026-03-13 23:00:00,25.4,0.0,0.235,8.6,0.0,917,3,0,Normal Operations
2026-03-14 00:00:00,24.5,0.0,0.235,7.6,0.0,875,13,1,Normal Operations
2026-03-14 01:00:00,24.8,0.0,0.235,6.1,0.0,489,9,0,Normal Operations
2026-03-14 02:00:00,23.9,0.0,0.235,10.1,0.0,424,1,1,Normal Operations
2026-03-14 03:00:00,23.4,0.0,0.235,11.2,0.0,988,4,0,Normal Operations
2026-03-14 04:00:00,22.8,0.0,0.235,14.8,0.0,931,13,1,Normal Operations
2026-03-14 05:00:00,22.3,0.0,0.235,15.5,0.0,256,13,3,Normal Operations
2026-03-14 06:00:00,22.0,0.0,0.235,8.6,0.0,767,10,3,Normal Operations
2026-03-14 07:00:00,23.9,0.0,0.235,14.0,0.0,750,10,3,Normal Operations
2026-03-14 08:00:00,26.5,0.0,0.235,16.6,0.0,732,4,3,Normal Operations
2026-03-14 09:00:00,29.8,0.0,0.235,18.0,0.0,676,1,0,Normal Operations
2026-03-14 10:00:00,32.6,0.0,0.235,24.1,0.0,718,14,1,Normal Operations
2026-03-14 11:00:00,35.0,0.0,0.235,25.6,0.0,758,2,3,Normal Operations
2026-03-14 12:00:00,36.8,0.0,0.235,29.2,0.0,236,11,0,Normal Operations
2026-03-14 13:00:00,38.0,0.0,0.235,33.1,0.0,773,1,1,Normal Operations
2026-03-14 14:00:00,38.1,0.0,0.235,34.2,0.0,527,6,0,Normal Operations
2026-03-14 15:00:00,38.0,0.0,0.235,34.2,0.0,551,3,3,Normal Operations
2026-03-14 16:00:00,37.4,0.0,0.235,31.0,0.0,711,7,2,Normal Operations
2026-03-14 17:00:00,36.0,0.0,0.235,25.2,0.0,949,5,0,Normal Operations
2026-03-14 18:00:00,32.3,0.0,0.235,14.4,0.0,918,9,3,Normal Operations
2026-03-14 19:00:00,31.0,0.0,0.235,16.2,0.0,240,7,4,Normal Operations
2026-03-14 20:00:00,29.7,0.0,0.235,16.9,0.0,182,4,1,Normal Operations
2026-03-14 21:00:00,27.8,0.0,0.235,13.3,0.0,276,5,3,Normal Operations
2026-03-14 22:00:00,27.4,0.0,0.235,9.4,0.0,297,5,4,Normal Operations
2026-03-14 23:00:00,26.6,0.0,0.235,11.5,0.0,723,11,0,Normal Operations
2026-03-15 00:00:00,26.2,0.0,0.235,7.6,0.0,667,15,0,Normal Operations
2026-03-15 01:00:00,26.0,0.0,0.235,10.4,0.0,790,5,4,Normal Operations
2026-03-15 02:00:00,25.2,0.0,0.235,10.8,0.0,520,10,4,Normal Operations
2026-03-15 03:00:00,25.2,0.0,0.235,13.0,0.0,500,9,1,Normal Operations
2026-03-15 04:00:00,24.2,0.0,0.235,13.3,0.0,797,10,0,Normal Operations
2026-03-15 05:00:00,23.4,0.0,0.235,16.6,0.0,570,3,4,Normal Operations
2026-03-15 06:00:00,23.3,0.0,0.235,18.4,0.0,317,6,2,Normal Operations
2026-03-15 07:00:00,25.1,0.0,0.235,17.3,0.0,927,8,2,Normal Operations
2026-03-15 08:00:00,27.8,0.0,0.235,21.6,0.0,828,11,4,Normal Operations
2026-03-15 09:00:00,29.9,0.0,0.235,24.5,0.0,731,9,1,Normal Operations
2026-03-15 10:00:00,32.3,0.0,0.235,25.9,0.0,274,13,0,Normal Operations
2026-03-15 11:00:00,34.2,0.0,0.235,27.0,0.0,122,15,2,Normal Operations
2026-03-15 12:00:00,35.8,0.0,0.235,26.6,0.0,824,7,4,Normal Operations
2026-03-15 13:00:00,36.5,0.0,0.235,27.4,0.0,334,12,4,Normal Operations
2026-03-15 14:00:00,37.2,0.0,0.235,28.4,0.0,112,3,3,Normal Operations
2026-03-15 15:00:00,37.4,0.0,0.235,30.2,0.0,200,1,4,Normal Operations
2026-03-15 16:00:00,36.9,0.0,0.235,30.2,0.0,635,4,1,Normal Operations
2026-03-15 17:00:00,35.3,0.0,0.235,29.9,0.0,975,13,2,Normal Operations
2026-03-15 18:00:00,31.7,0.0,0.235,11.5,0.0,622,6,3,Normal Operations
2026-03-15 19:00:00,29.7,0.0,0.235,8.6,0.0,884,3,2,Normal Operations
2026-03-15 20:00:00,29.8,0.0,0.235,17.6,0.0,551,14,2,Normal Operations
2026-03-15 21:00:00,28.5,0.0,0.235,15.8,0.0,530,1,1,Normal Operations
2026-03-15 22:00:00,27.7,0.0,0.235,4.0,0.0,892,6,4,Normal Operations
2026-03-15 23:00:00,26.7,0.0,0.235,8.6,0.0,705,14,1,Normal Operations
2026-03-16 00:00:00,25.7,0.0,0.235,9.0,0.0,812,1,4,Normal Operations
2026-03-16 01:00:00,25.4,0.0,0.235,12.6,0.0,632,9,3,Normal Operations
2026-03-16 02:00:00,24.5,0.0,0.235,14.8,0.0,951,11,1,Normal Operations
2026-03-16 03:00:00,23.3,0.0,0.235,14.4,0.0,822,14,1,Normal Operations
2026-03-16 04:00:00,22.7,0.0,0.235,7.2,0.0,751,12,0,Normal Operations
2026-03-16 05:00:00,23.2,0.0,0.235,14.8,0.0,392,1,1,Normal Operations
2026-03-16 06:00:00,23.7,0.0,0.235,15.8,0.0,909,13,0,Normal Operations
2026-03-16 07:00:00,25.5,0.0,0.235,17.3,0.0,200,6,4,Normal Operations
2026-03-16 08:00:00,27.5,0.0,0.235,17.6,0.0,601,1,4,Normal Operations
2026-03-16 09:00:00,29.4,0.0,0.235,22.7,0.0,403,12,4,Normal Operations
2026-03-16 10:00:00,31.5,0.0,0.235,23.8,0.0,970,7,0,Normal Operations
2026-03-16 11:00:00,32.9,0.0,0.235,22.7,0.0,639,3,4,Normal Operations
2026-03-16 12:00:00,34.6,0.0,0.235,24.8,0.0,652,6,2,Normal Operations
2026-03-16 13:00:00,35.6,0.0,0.235,24.8,0.0,454,7,1,Normal Operations
2026-03-16 14:00:00,36.1,0.0,0.235,29.9,0.0,402,1,0,Normal Operations
2026-03-16 15:00:00,36.4,0.0,0.235,30.2,0.0,595,1,4,Normal Operations
2026-03-16 16:00:00,36.1,0.0,0.235,28.1,0.0,757,13,2,Normal Operations
2026-03-16 17:00:00,35.1,0.0,0.235,26.6,0.0,867,5,1,Normal Operations
2026-03-16 18:00:00,32.3,0.0,0.235,20.5,0.0,326,6,1,Normal Operations
2026-03-16 19:00:00,30.7,0.0,0.235,19.8,0.0,335,15,4,Normal Operations
2026-03-16 20:00:00,29.3,0.0,0.235,19.8,0.0,972,15,2,Normal Operations
2026-03-16 21:00:00,27.7,0.0,0.235,13.0,0.0,991,9,0,Normal Operations
2026-03-16 22:00:00,26.4,0.0,0.235,16.6,0.0,554,14,4,Normal Operations
2026-03-16 23:00:00,26.1,0.0,0.235,9.4,0.0,112,1,1,Normal Operations
2026-03-17 00:00:00,25.9,0.0,0.235,14.4,0.0,309,13,1,Normal Operations
2026-03-17 01:00:00,25.8,0.0,0.235,19.1,0.0,840,4,1,Normal Operations
2026-03-17 02:00:00,24.9,0.0,0.235,15.1,0.0,496,10,4,Normal Operations
2026-03-17 03:00:00,24.3,0.0,0.235,15.1,0.0,199,8,3,Normal Operations
2026-03-17 04:00:00,23.8,0.0,0.235,12.6,0.0,130,10,3,Normal Operations
2026-03-17 05:00:00,23.8,0.0,0.235,11.5,0.0,997,9,3,Normal Operations
2026-03-17 06:00:00,24.4,0.0,0.235,18.0,0.0,627,15,2,Normal Operations
2026-03-17 07:00:00,25.6,0.0,0.235,16.2,0.0,748,13,4,Normal Operations
2026-03-17 08:00:00,27.3,0.0,0.235,21.2,0.0,428,3,1,Normal Operations
2026-03-17 09:00:00,29.4,0.0,0.235,26.3,0.0,265,11,2,Normal Operations
2026-03-17 10:00:00,31.4,0.0,0.235,27.4,0.0,558,2,3,Normal Operations
2026-03-17 11:00:00,33.3,0.0,0.235,27.7,0.0,921,4,0,Normal Operations
2026-03-17 12:00:00,34.9,0.0,0.235,30.2,0.0,199,2,2,Normal Operations
2026-03-17 13:00:00,35.4,0.0,0.234,36.7,0.0,720,1,2,Normal Operations
2026-03-17 14:00:00,35.3,0.0,0.234,35.6,0.0,954,12,4,Normal Operations
2026-03-17 15:00:00,36.0,0.0,0.234,30.2,0.0,272,3,2,Normal Operations
2026-03-17 16:00:00,35.7,0.0,0.234,29.5,0.0,848,7,4,Normal Operations
2026-03-17 17:00:00,34.5,0.0,0.247,28.4,0.0,261,13,0,Normal Operations
2026-03-17 18:00:00,30.7,0.0,0.247,16.2,0.0,827,13,1,Normal Operations
2026-03-17 19:00:00,29.5,0.0,0.247,7.9,0.0,875,1,1,Normal Operations
2026-03-17 20:00:00,28.7,0.0,0.247,5.4,0.0,362,2,3,Normal Operations
2026-03-17 21:00:00,28.2,0.0,0.246,4.0,0.0,903,1,3,Normal Operations
2026-03-17 22:00:00,27.2,0.0,0.246,15.8,0.0,373,8,0,Normal Operations
2026-03-17 23:00:00,26.6,0.0,0.245,26.3,0.0,102,5,1,Normal Operations
2026-03-18 00:00:00,27.0,0.0,0.245,23.8,0.0,127,8,3,Normal Operations
2026-03-18 01:00:00,25.7,0.0,0.244,19.1,0.0,425,3,2,Normal Operations
2026-03-18 02:00:00,25.0,0.0,0.244,26.6,0.0,248,13,4,Normal Operations
2026-03-18 03:00:00,24.6,0.0,0.244,25.6,0.0,639,12,3,Normal Operations
2026-03-18 04:00:00,23.4,0.0,0.244,23.8,0.0,587,7,0,Normal Operations
2026-03-18 05:00:00,22.8,0.0,0.249,18.0,0.0,921,8,1,Normal Operations
2026-03-18 06:00:00,22.9,0.0,0.249,13.3,0.0,537,15,0,Normal Operations
2026-03-18 07:00:00,24.6,0.0,0.248,11.9,0.0,164,6,4,Normal Operations
2026-03-18 08:00:00,26.0,0.0,0.248,12.2,0.0,455,13,4,Normal Operations
2026-03-18 09:00:00,28.1,0.0,0.248,17.3,0.0,632,13,0,Normal Operations
2026-03-18 10:00:00,30.2,0.0,0.247,23.4,0.0,351,7,3,Normal Operations
2026-03-18 11:00:00,30.9,0.0,0.246,31.7,0.0,334,14,3,Normal Operations
2026-03-18 12:00:00,32.1,0.0,0.246,36.4,0.0,326,12,1,Normal Operations
2026-03-18 13:00:00,32.6,0.0,0.245,36.4,0.0,624,2,1,Normal Operations
2026-03-18 14:00:00,33.3,0.0,0.245,33.5,0.0,412,8,2,Normal Operations
2026-03-18 15:00:00,33.4,0.0,0.244,27.0,0.0,148,5,2,Normal Operations
2026-03-18 16:00:00,32.8,0.0,0.244,25.6,0.0,217,7,1,Normal Operations
2026-03-18 17:00:00,31.9,0.0,0.243,29.9,0.0,153,1,2,Normal Operations
2026-03-18 18:00:00,30.1,0.0,0.243,19.1,0.0,749,5,0,Normal Operations
2026-03-18 19:00:00,29.3,0.0,0.243,18.7,0.0,664,1,3,Normal Operations
2026-03-18 20:00:00,28.6,0.0,0.242,19.8,0.0,143,12,2,Normal Operations
2026-03-18 21:00:00,27.9,0.0,0.242,18.0,0.0,914,13,2,Normal Operations
2026-03-18 22:00:00,27.2,0.0,0.242,24.1,0.0,152,8,0,Normal Operations
2026-03-18 23:00:00,25.9,0.0,0.242,26.3,0.0,685,15,4,Normal Operations
2026-03-19 00:00:00,24.6,0.0,0.242,18.0,0.0,657,4,1,Normal Operations
2026-03-19 01:00:00,24.2,0.0,0.242,16.6,0.0,624,4,0,Normal Operations
2026-03-19 02:00:00,23.2,0.0,0.242,17.3,0.0,776,2,4,Normal Operations
2026-03-19 03:00:00,22.2,0.0,0.242,8.6,0.0,201,5,0,Normal Operations
2026-03-19 04:00:00,21.6,0.0,0.242,5.4,0.0,891,1,3,Normal Operations
2026-03-19 05:00:00,20.6,0.0,0.236,7.2,0.0,869,9,0,Normal Operations
2026-03-19 06:00:00,20.5,0.0,0.236,9.0,0.0,948,5,0,Normal Operations
2026-03-19 07:00:00,22.9,0.0,0.236,10.4,0.0,967,6,3,Normal Operations
2026-03-19 08:00:00,25.4,0.0,0.236,15.5,0.0,497,2,1,Normal Operations
2026-03-19 09:00:00,27.6,0.0,0.236,22.0,0.0,237,10,4,Normal Operations
2026-03-19 10:00:00,29.8,0.0,0.236,25.2,0.0,774,10,2,Normal Operations
2026-03-19 11:00:00,31.0,0.0,0.245,27.0,0.0,486,1,1,Normal Operations
2026-03-19 12:00:00,32.6,0.0,0.244,27.0,0.0,210,4,0,Normal Operations
2026-03-19 13:00:00,33.7,0.0,0.243,26.6,0.0,713,7,2,Normal Operations
2026-03-19 14:00:00,34.2,0.0,0.243,21.2,0.0,116,6,3,Normal Operations
2026-03-19 15:00:00,34.1,0.0,0.242,18.0,0.0,879,10,1,Normal Operations
2026-03-19 16:00:00,33.7,0.0,0.242,19.1,0.0,281,1,4,Normal Operations
2026-03-19 17:00:00,32.9,0.0,0.249,25.2,0.0,983,1,1,Normal Operations
2026-03-19 18:00:00,29.1,0.0,0.249,29.9,0.0,635,8,1,Normal Operations
2026-03-19 19:00:00,26.5,0.0,0.249,31.3,0.0,640,4,2,Normal Operations
2026-03-19 20:00:00,25.9,0.0,0.248,22.0,0.0,270,5,3,Normal Operations
2026-03-19 21:00:00,24.1,0.0,0.248,13.0,0.0,508,13,3,Normal Operations
2026-03-19 22:00:00,23.4,0.0,0.248,7.2,0.0,839,7,1,Normal Operations
2026-03-19 23:00:00,24.3,0.0,0.248,3.6,0.0,477,8,3,Normal Operations
2026-03-20 00:00:00,23.5,0.0,0.248,6.1,0.0,287,15,2,Normal Operations
2026-03-20 01:00:00,23.4,0.0,0.248,3.2,0.0,957,10,2,Normal Operations
2026-03-20 02:00:00,22.9,0.0,0.248,9.0,0.0,329,7,4,Normal Operations
2026-03-20 03:00:00,21.6,0.0,0.248,15.8,0.0,932,2,3,Normal Operations
2026-03-20 04:00:00,21.2,0.0,0.247,6.8,0.0,951,14,4,Normal Operations
2026-03-20 05:00:00,20.8,0.0,0.247,9.0,0.0,218,15,0,Normal Operations
2026-03-20 06:00:00,20.4,0.0,0.247,6.5,0.0,255,4,2,Normal Operations
2026-03-20 07:00:00,22.1,0.0,0.247,16.2,0.0,883,10,1,Normal Operations
2026-03-20 08:00:00,23.8,0.0,0.247,29.5,0.0,786,12,2,Normal Operations
2026-03-20 09:00:00,25.9,0.0,0.247,36.4,0.0,564,1,0,Normal Operations
2026-03-20 10:00:00,26.9,0.0,0.246,36.4,0.0,203,10,1,Normal Operations
2026-03-20 11:00:00,27.4,0.0,0.246,32.0,0.0,703,9,3,Normal Operations
2026-03-20 12:00:00,28.0,0.0,0.246,20.9,0.0,797,3,3,Normal Operations
2026-03-20 13:00:00,30.5,0.0,0.245,21.2,0.0,894,12,2,Normal Operations
2026-03-20 14:00:00,32.0,0.4,0.249,36.4,0.4,601,3,1,Normal Operations
2026-03-20 15:00:00,31.4,0.0,0.248,37.1,0.4,792,10,1,Normal Operations
2026-03-20 16:00:00,31.1,0.0,0.248,32.8,0.4,781,9,4,Normal Operations
2026-03-20 17:00:00,24.2,0.0,0.243,28.1,0.4,798,10,0,Normal Operations
2026-03-20 18:00:00,24.0,0.0,0.243,16.2,0.4,274,3,3,Normal Operations
2026-03-20 19:00:00,23.4,0.0,0.243,10.8,0.4,833,8,2,Normal Operations
2026-03-20 20:00:00,22.8,0.0,0.243,13.0,0.4,844,2,1,Normal Operations
2026-03-20 21:00:00,22.5,0.0,0.243,12.2,0.4,773,14,3,Normal Operations
2026-03-20 22:00:00,21.7,0.0,0.243,12.2,0.4,520,13,2,Normal Operations
2026-03-20 23:00:00,22.3,0.0,0.242,22.0,0.4,233,3,3,Normal Operations
2026-03-21 00:00:00,22.1,0.0,0.242,19.1,0.4,490,2,2,Normal Operations
2026-03-21 01:00:00,21.5,0.0,0.242,15.1,0.4,835,1,3,Normal Operations
2026-03-21 02:00:00,21.0,0.0,0.242,19.8,0.4,600,2,4,Normal Operations
2026-03-21 03:00:00,20.3,0.0,0.242,19.4,0.4,764,8,0,Normal Operations
2026-03-21 04:00:00,19.3,0.0,0.242,15.8,0.4,132,9,3,Normal Operations
2026-03-21 05:00:00,19.4,0.0,0.225,14.0,0.4,154,13,0,Normal Operations
2026-03-21 06:00:00,19.5,0.0,0.225,17.6,0.4,618,2,3,Normal Operations
2026-03-21 07:00:00,21.3,0.0,0.225,18.4,0.4,855,7,1,Normal Operations
2026-03-21 08:00:00,24.2,0.0,0.225,22.3,0.4,924,15,4,Normal Operations
2026-03-21 09:00:00,26.7,0.0,0.225,25.2,0.4,737,5,4,Normal Operations
2026-03-21 10:00:00,28.7,0.0,0.225,28.1,0.4,111,3,0,Normal Operations
2026-03-21 11:00:00,29.8,0.0,0.245,31.0,0.4,627,9,1,Normal Operations
2026-03-21 12:00:00,30.9,0.0,0.245,34.2,0.4,819,15,2,Normal Operations
2026-03-21 13:00:00,31.5,0.0,0.244,37.4,0.4,654,6,4,Normal Operations
2026-03-21 14:00:00,31.9,0.0,0.243,37.1,0.4,472,11,1,Normal Operations
2026-03-21 15:00:00,31.8,0.0,0.243,34.6,0.4,583,1,1,Normal Operations
2026-03-21 16:00:00,31.0,0.0,0.242,34.6,0.4,746,5,0,Normal Operations
2026-03-21 17:00:00,29.7,0.0,0.225,31.7,0.4,327,7,1,Normal Operations
2026-03-21 18:00:00,27.2,0.0,0.225,23.0,0.4,722,4,1,Normal Operations
2026-03-21 19:00:00,26.0,0.0,0.225,26.3,0.4,406,8,2,Normal Operations
2026-03-21 20:00:00,24.8,0.0,0.225,25.2,0.4,556,10,0,Normal Operations
2026-03-21 21:00:00,24.0,0.0,0.225,23.0,0.4,259,5,0,Normal Operations
2026-03-21 22:00:00,23.3,0.0,0.225,22.0,0.4,430,9,1,Normal Operations
2026-03-21 23:00:00,22.8,0.0,0.229,23.0,0.4,875,9,2,Normal Operations
2026-03-22 00:00:00,22.6,0.0,0.229,25.9,0.4,324,9,3,Normal Operations
2026-03-22 01:00:00,22.0,0.0,0.229,27.0,0.4,828,1,4,Normal Operations
2026-03-22 02:00:00,21.4,0.0,0.229,26.6,0.4,603,2,0,Normal Operations
2026-03-22 03:00:00,20.6,0.0,0.229,23.4,0.4,555,3,2,Normal Operations
2026-03-22 04:00:00,19.2,0.0,0.229,15.8,0.4,144,14,2,Normal Operations
2026-03-22 05:00:00,19.4,0.0,0.232,9.4,0.4,313,4,1,Normal Operations
2026-03-22 06:00:00,19.2,0.0,0.232,7.9,0.4,158,10,4,Normal Operations
2026-03-22 07:00:00,21.5,0.0,0.232,9.0,0.4,743,9,0,Normal Operations
2026-03-22 08:00:00,24.6,0.0,0.232,11.5,0.4,715,10,3,Normal Operations
2026-03-22 09:00:00,27.5,0.0,0.232,12.6,0.4,294,13,1,Normal Operations
2026-03-22 10:00:00,29.7,0.0,0.232,17.6,0.4,588,6,0,Normal Operations
2026-03-22 11:00:00,31.2,0.0,0.235,23.0,0.4,256,1,0,Normal Operations
2026-03-22 12:00:00,32.3,0.0,0.235,28.8,0.4,709,12,2,Normal Operations
2026-03-22 13:00:00,32.7,0.0,0.235,34.6,0.4,325,9,4,Normal Operations
2026-03-22 14:00:00,32.8,0.0,0.235,34.6,0.4,511,6,3,Normal Operations
2026-03-22 15:00:00,32.7,0.0,0.235,32.8,0.4,304,4,4,Normal Operations
2026-03-22 16:00:00,31.7,0.0,0.235,37.8,0.4,178,14,2,Normal Operations
2026-03-22 17:00:00,30.1,0.0,0.229,38.2,0.4,223,4,3,Normal Operations
2026-03-22 18:00:00,28.6,0.0,0.229,34.2,0.4,570,3,3,Normal Operations
2026-03-22 19:00:00,27.6,0.0,0.229,24.5,0.4,317,7,1,Normal Operations
2026-03-22 20:00:00,26.3,0.0,0.229,24.1,0.4,615,3,3,Normal Operations
2026-03-22 21:00:00,25.5,0.0,0.229,19.4,0.4,701,2,0,Normal Operations
2026-03-22 22:00:00,24.8,0.0,0.229,20.5,0.4,203,10,4,Normal Operations
2026-03-22 23:00:00,24.0,0.0,0.224,19.1,0.4,492,8,4,Normal Operations
2026-03-23 00:00:00,23.3,0.0,0.224,17.6,0.4,730,4,1,Normal Operations
2026-03-23 01:00:00,21.9,0.0,0.224,12.2,0.4,744,8,3,Normal Operations
2026-03-23 02:00:00,20.8,0.0,0.224,9.7,0.4,923,1,2,Normal Operations
2026-03-23 03:00:00,20.0,0.0,0.224,11.5,0.4,707,15,0,Normal Operations
2026-03-23 04:00:00,19.4,0.0,0.224,11.2,0.4,533,5,1,Normal Operations
2026-03-23 05:00:00,19.5,0.0,0.255,8.3,0.4,430,13,3,Normal Operations
2026-03-23 06:00:00,19.5,0.0,0.255,7.9,0.4,242,9,2,Normal Operations
2026-03-23 07:00:00,22.4,0.0,0.255,8.6,0.4,899,1,3,Normal Operations
2026-03-23 08:00:00,26.3,0.0,0.254,12.2,0.4,639,11,1,Normal Operations
2026-03-23 09:00:00,29.1,0.0,0.254,20.5,0.4,377,13,2,Normal Operations
2026-03-23 10:00:00,31.5,0.0,0.253,24.8,0.4,332,4,2,Normal Operations
2026-03-23 11:00:00,32.5,0.0,0.261,24.1,0.4,628,6,2,Normal Operations
2026-03-23 12:00:00,33.6,0.0,0.26,19.8,0.4,670,10,2,Normal Operations
2026-03-23 13:00:00,34.2,0.0,0.258,22.7,0.4,189,8,3,Normal Operations
2026-03-23 14:00:00,34.0,0.0,0.257,23.4,0.0,591,14,2,Normal Operations
2026-03-23 15:00:00,34.6,0.0,0.256,18.7,0.0,298,3,3,Normal Operations
2026-03-23 16:00:00,34.0,0.0,0.255,15.1,0.0,461,5,2,Normal Operations
2026-03-23 17:00:00,33.1,0.0,0.246,15.1,0.0,540,7,2,Normal Operations
2026-03-23 18:00:00,30.3,0.0,0.246,10.8,0.0,125,1,1,Normal Operations
2026-03-23 19:00:00,28.7,0.0,0.246,5.0,0.0,124,15,3,Normal Operations
2026-03-23 20:00:00,28.8,0.0,0.246,3.6,0.0,493,7,3,Normal Operations
2026-03-23 21:00:00,27.0,0.0,0.246,4.0,0.0,606,13,4,Normal Operations
2026-03-23 22:00:00,26.9,0.0,0.245,7.9,0.0,400,12,1,Normal Operations
2026-03-23 23:00:00,26.4,0.0,0.245,7.9,0.0,438,11,3,Normal Operations
2026-03-24 00:00:00,25.2,0.0,0.245,5.8,0.0,366,8,1,Normal Operations
2026-03-24 01:00:00,23.7,0.0,0.245,8.3,0.0,560,8,1,Normal Operations
2026-03-24 02:00:00,22.6,0.0,0.245,4.3,0.0,792,9,1,Normal Operations
2026-03-24 03:00:00,22.2,0.0,0.245,6.5,0.0,555,6,0,Normal Operations
2026-03-24 04:00:00,21.4,0.0,0.245,6.5,0.0,459,12,3,Normal Operations
2026-03-24 05:00:00,21.9,0.0,0.248,5.8,0.0,167,6,1,Normal Operations
2026-03-24 06:00:00,22.2,0.0,0.248,5.0,0.0,962,2,0,Normal Operations
2026-03-24 07:00:00,24.3,0.0,0.248,7.2,0.0,511,3,0,Normal Operations
2026-03-24 08:00:00,27.6,0.0,0.247,18.4,0.0,590,4,2,Normal Operations
2026-03-24 09:00:00,30.1,0.0,0.247,24.5,0.0,932,4,2,Normal Operations
2026-03-24 10:00:00,32.4,0.0,0.246,26.6,0.0,148,8,3,Normal Operations
2026-03-24 11:00:00,33.9,0.0,0.267,28.4,0.0,786,14,2,Normal Operations
2026-03-24 12:00:00,34.7,0.0,0.265,28.1,0.0,663,1,3,Normal Operations
2026-03-24 13:00:00,35.2,0.0,0.264,28.1,0.0,201,10,0,Normal Operations
2026-03-24 14:00:00,34.5,0.0,0.263,28.1,0.0,315,14,0,Normal Operations
2026-03-24 15:00:00,34.5,0.0,0.262,24.1,0.0,537,4,3,Normal Operations
2026-03-24 16:00:00,35.0,0.0,0.261,20.2,0.0,799,11,2,Normal Operations
2026-03-24 17:00:00,34.1,0.0,0.247,16.2,0.0,668,12,2,Normal Operations
2026-03-24 18:00:00,30.6,0.0,0.247,3.2,0.0,658,13,3,Normal Operations
2026-03-24 19:00:00,29.7,0.0,0.247,3.6,0.0,258,11,4,Normal Operations
2026-03-24 20:00:00,29.1,0.0,0.247,2.2,0.0,588,11,2,Normal Operations
2026-03-24 21:00:00,28.3,0.0,0.247,1.8,0.0,785,4,1,Normal Operations
2026-03-24 22:00:00,27.6,0.0,0.247,3.2,0.0,341,1,2,Normal Operations
2026-03-24 23:00:00,26.5,0.0,0.247,6.8,0.0,893,3,4,Normal Operations
2026-03-25 00:00:00,25.8,0.0,0.247,19.8,0.0,852,5,0,Normal Operations
2026-03-25 01:00:00,24.6,0.0,0.246,24.1,0.0,981,6,0,Normal Operations
2026-03-25 02:00:00,24.3,0.0,0.246,23.8,0.0,104,9,0,Normal Operations
2026-03-25 03:00:00,23.9,0.0,0.246,22.0,0.0,695,9,2,Normal Operations
2026-03-25 04:00:00,22.4,0.0,0.246,14.8,0.0,919,9,0,Normal Operations
2026-03-25 05:00:00,21.0,0.0,0.246,8.6,0.0,460,11,4,Normal Operations
2026-03-25 06:00:00,21.4,0.0,0.245,14.0,0.0,558,1,4,Normal Operations
2026-03-25 07:00:00,23.9,0.0,0.245,15.1,0.0,347,12,2,Normal Operations
2026-03-25 08:00:00,28.0,0.0,0.245,13.0,0.0,665,9,1,Normal Operations
2026-03-25 09:00:00,30.8,0.0,0.245,23.8,0.0,772,13,2,Normal Operations
2026-03-25 10:00:00,33.1,0.0,0.244,26.3,0.0,521,8,0,Normal Operations
2026-03-25 11:00:00,33.9,0.0,0.243,26.3,0.0,837,2,2,Normal Operations
2026-03-25 12:00:00,35.0,0.0,0.243,20.5,0.0,114,13,4,Normal Operations
2026-03-25 13:00:00,35.7,0.0,0.242,23.8,0.0,835,11,2,Normal Operations
2026-03-25 14:00:00,35.9,0.0,0.241,23.8,0.0,672,1,2,Normal Operations
2026-03-25 15:00:00,35.7,0.0,0.241,20.5,0.0,221,1,1,Normal Operations
2026-03-25 16:00:00,35.3,0.0,0.241,14.8,0.0,376,12,4,Normal Operations
2026-03-25 17:00:00,34.8,0.0,0.24,11.2,0.0,657,6,3,Normal Operations
2026-03-25 18:00:00,31.8,0.0,0.24,13.3,0.0,552,9,3,Normal Operations
2026-03-25 19:00:00,29.8,0.0,0.24,9.0,0.0,489,7,4,Normal Operations
2026-03-25 20:00:00,28.6,0.0,0.24,10.8,0.0,393,5,3,Normal Operations
2026-03-25 21:00:00,27.3,0.0,0.24,20.9,0.0,673,11,0,Normal Operations
2026-03-25 22:00:00,27.3,0.0,0.24,21.2,0.0,697,2,3,Normal Operations
2026-03-25 23:00:00,26.2,0.0,0.24,18.4,0.0,545,1,0,Normal Operations
2026-03-26 00:00:00,25.3,0.0,0.24,17.6,0.0,309,2,4,Normal Operations
2026-03-26 01:00:00,25.0,0.0,0.24,18.0,0.0,689,1,3,Normal Operations
2026-03-26 02:00:00,25.2,0.0,0.24,19.1,0.0,813,3,3,Normal Operations
2026-03-26 03:00:00,24.0,0.0,0.24,16.9,0.0,401,6,0,Normal Operations
2026-03-26 04:00:00,22.9,0.0,0.24,9.4,0.0,322,13,0,Normal Operations
2026-03-26 05:00:00,21.6,0.0,0.24,4.3,0.0,833,8,2,Normal Operations
2026-03-26 06:00:00,21.9,0.0,0.24,8.3,0.0,102,3,1,Normal Operations
2026-03-26 07:00:00,24.7,0.0,0.24,10.8,0.0,617,10,3,Normal Operations
2026-03-26 08:00:00,28.4,0.0,0.239,12.6,0.0,192,9,1,Normal Operations
2026-03-26 09:00:00,31.7,0.0,0.239,13.0,0.0,619,10,1,Normal Operations
2026-03-26 10:00:00,34.2,0.0,0.239,18.7,0.0,527,5,3,Normal Operations
2026-03-26 11:00:00,35.0,0.0,0.239,19.4,0.0,592,7,0,Normal Operations
2026-03-26 12:00:00,36.2,0.0,0.239,20.9,0.0,334,8,2,Normal Operations
2026-03-26 13:00:00,36.8,0.0,0.238,25.2,0.0,719,3,4,Normal Operations
2026-03-26 14:00:00,36.9,0.0,0.238,28.4,0.0,260,2,3,Normal Operations
2026-03-26 15:00:00,36.6,0.0,0.238,27.7,0.0,820,2,3,Normal Operations
2026-03-26 16:00:00,36.3,0.0,0.238,18.4,0.0,851,5,4,Normal Operations
2026-03-26 17:00:00,35.5,0.0,0.238,19.1,0.0,430,15,1,Normal Operations
2026-03-26 18:00:00,33.3,0.0,0.238,25.2,0.0,432,1,2,Normal Operations
2026-03-26 19:00:00,32.0,0.0,0.238,24.1,0.0,149,15,1,Normal Operations
2026-03-26 20:00:00,30.5,0.0,0.238,9.7,0.0,622,2,4,Normal Operations
2026-03-26 21:00:00,27.7,0.0,0.238,3.6,0.0,962,13,4,Normal Operations
2026-03-26 22:00:00,26.5,0.0,0.238,11.9,0.0,767,9,2,Normal Operations
2026-03-26 23:00:00,27.6,0.0,0.238,10.1,0.0,591,7,4,Normal Operations
2026-03-27 00:00:00,26.7,0.0,0.238,6.8,0.0,681,15,4,Normal Operations
2026-03-27 01:00:00,25.7,0.0,0.238,6.8,0.0,780,15,2,Normal Operations
2026-03-27 02:00:00,25.2,0.0,0.238,7.6,0.0,371,6,3,Normal Operations
2026-03-27 03:00:00,24.4,0.0,0.238,9.4,0.0,679,9,1,Normal Operations
2026-03-27 04:00:00,24.1,0.0,0.238,8.6,0.0,966,7,3,Normal Operations
2026-03-27 05:00:00,23.8,0.0,0.238,10.4,0.0,351,14,3,Normal Operations
2026-03-27 06:00:00,24.9,0.0,0.238,10.4,0.0,659,11,1,Normal Operations
2026-03-27 07:00:00,27.5,0.0,0.238,17.6,0.0,795,5,3,Normal Operations
2026-03-27 08:00:00,30.5,0.0,0.238,18.4,0.0,931,15,2,Normal Operations
2026-03-27 09:00:00,32.6,0.0,0.237,23.0,0.0,798,9,1,Normal Operations
2026-03-27 10:00:00,34.4,0.0,0.237,23.4,0.0,189,6,0,Normal Operations
2026-03-27 11:00:00,36.0,0.0,0.237,25.6,0.0,545,6,3,Normal Operations
2026-03-27 12:00:00,37.2,0.0,0.237,28.8,0.0,431,11,4,Normal Operations
2026-03-27 13:00:00,38.3,0.0,0.237,32.0,0.0,238,4,1,Normal Operations
2026-03-27 14:00:00,38.8,0.0,0.237,36.7,0.0,456,13,0,Normal Operations
2026-03-27 15:00:00,38.8,0.0,0.237,41.4,0.0,700,12,4,Normal Operations
2026-03-27 16:00:00,38.1,0.0,0.237,43.2,0.0,373,1,0,Normal Operations
2026-03-27 17:00:00,37.5,0.0,0.237,40.0,0.0,118,5,3,Normal Operations
2026-03-27 18:00:00,33.9,0.0,0.237,31.3,0.0,410,11,4,Normal Operations
2026-03-27 19:00:00,32.9,0.0,0.237,26.6,0.0,969,9,3,Normal Operations
2026-03-27 20:00:00,31.1,0.0,0.237,26.6,0.0,985,13,4,Normal Operations
2026-03-27 21:00:00,29.0,0.0,0.237,21.6,0.0,253,8,1,Normal Operations
2026-03-27 22:00:00,28.4,0.0,0.237,18.4,0.0,489,8,2,Normal Operations
2026-03-27 23:00:00,28.0,0.0,0.237,18.0,0.0,359,5,2,Normal Operations
2026-03-28 00:00:00,26.3,0.0,0.237,13.0,0.0,719,12,0,Normal Operations
2026-03-28 01:00:00,25.2,0.0,0.237,9.4,0.0,982,9,4,Normal Operations
2026-03-28 02:00:00,24.6,0.0,0.237,7.2,0.0,896,3,3,Normal Operations
2026-03-28 03:00:00,24.2,0.0,0.237,10.1,0.0,670,3,1,Normal Operations
2026-03-28 04:00:00,24.2,0.0,0.237,16.9,0.0,224,1,1,Normal Operations
2026-03-28 05:00:00,22.9,0.0,0.237,16.9,0.0,453,9,1,Normal Operations
2026-03-28 06:00:00,23.5,0.0,0.237,9.0,0.0,372,6,2,Normal Operations
2026-03-28 07:00:00,26.0,0.0,0.237,7.9,0.0,718,2,3,Normal Operations
2026-03-28 08:00:00,28.6,0.0,0.237,10.4,0.0,910,8,1,Normal Operations
2026-03-28 09:00:00,31.2,0.0,0.237,14.0,0.0,344,12,1,Normal Operations
2026-03-28 10:00:00,33.7,0.0,0.237,18.4,0.0,947,9,0,Normal Operations
2026-03-28 11:00:00,34.9,0.0,0.237,24.5,0.0,549,9,4,Normal Operations
2026-03-28 12:00:00,36.0,0.0,0.237,22.7,0.0,346,2,4,Normal Operations
2026-03-28 13:00:00,37.4,0.0,0.237,27.0,0.0,619,2,4,Normal Operations
2026-03-28 14:00:00,38.6,0.0,0.237,27.0,0.0,240,13,0,Normal Operations
2026-03-28 15:00:00,38.2,0.0,0.237,35.6,0.0,461,7,2,Normal Operations
2026-03-28 16:00:00,37.5,0.0,0.237,36.4,0.0,107,11,0,Normal Operations
2026-03-28 17:00:00,36.3,0.0,0.237,32.0,0.0,577,4,1,Normal Operations
2026-03-28 18:00:00,33.8,0.0,0.237,23.0,0.0,451,13,3,Normal Operations
2026-03-28 19:00:00,32.8,0.0,0.237,17.6,0.0,594,1,1,Normal Operations
2026-03-28 20:00:00,31.3,0.0,0.237,24.8,0.0,705,8,1,Normal Operations
2026-03-28 21:00:00,29.9,0.0,0.237,24.1,0.0,932,2,3,Normal Operations
2026-03-28 22:00:00,28.6,0.0,0.237,19.1,0.0,526,14,4,Normal Operations
2026-03-28 23:00:00,27.2,0.0,0.237,9.7,0.0,138,3,0,Normal Operations
2026-03-29 00:00:00,25.8,0.0,0.237,6.1,0.0,692,5,2,Normal Operations
2026-03-29 01:00:00,25.3,0.0,0.237,5.8,0.0,286,14,1,Normal Operations
2026-03-29 02:00:00,24.6,0.0,0.237,9.4,0.0,695,3,1,Normal Operations
2026-03-29 03:00:00,23.5,0.0,0.237,10.1,0.0,699,7,2,Normal Operations
2026-03-29 04:00:00,23.1,0.0,0.237,13.7,0.0,853,7,0,Normal Operations
2026-03-29 05:00:00,23.8,0.0,0.237,14.8,0.0,953,14,1,Normal Operations
2026-03-29 06:00:00,24.3,0.0,0.237,12.6,0.0,192,2,2,Normal Operations
2026-03-29 07:00:00,26.3,0.0,0.237,9.4,0.0,185,13,1,Normal Operations
2026-03-29 08:00:00,29.8,0.0,0.237,16.6,0.0,143,13,4,Normal Operations
2026-03-29 09:00:00,32.9,0.0,0.237,17.6,0.0,236,7,4,Normal Operations
2026-03-29 10:00:00,35.0,0.0,0.237,17.6,0.0,520,11,1,Normal Operations
2026-03-29 11:00:00,36.1,0.0,0.237,19.4,0.0,173,6,1,Normal Operations
2026-03-29 12:00:00,37.4,0.0,0.237,23.8,0.0,647,10,4,Normal Operations
2026-03-29 13:00:00,38.2,0.0,0.237,23.4,0.0,712,9,1,Normal Operations
2026-03-29 14:00:00,39.1,0.0,0.237,27.0,0.0,611,13,0,Normal Operations
2026-03-29 15:00:00,39.1,0.0,0.237,34.2,0.0,255,9,0,Normal Operations
2026-03-29 16:00:00,38.5,0.0,0.237,35.6,0.0,354,2,3,Normal Operations
2026-03-29 17:00:00,37.4,0.0,0.223,33.8,0.0,270,7,0,Normal Operations
2026-03-29 18:00:00,34.9,0.0,0.223,24.8,0.0,827,5,1,Normal Operations
2026-03-29 19:00:00,34.4,0.0,0.223,31.7,0.0,269,13,1,Normal Operations
2026-03-29 20:00:00,33.2,0.0,0.223,30.6,0.0,863,6,2,Normal Operations
2026-03-29 21:00:00,30.5,0.0,0.223,22.7,0.0,971,1,0,Normal Operations
2026-03-29 22:00:00,28.4,0.0,0.223,14.0,0.0,421,7,4,Normal Operations
2026-03-29 23:00:00,27.6,0.0,0.225,10.4,0.0,666,6,4,Normal Operations
2026-03-30 00:00:00,26.2,0.0,0.225,7.2,0.0,555,4,3,Normal Operations
2026-03-30 01:00:00,25.2,0.0,0.225,9.4,0.0,702,1,2,Normal Operations
2026-03-30 02:00:00,24.3,0.0,0.225,9.0,0.0,889,9,4,Normal Operations
2026-03-30 03:00:00,23.9,0.0,0.225,9.4,0.0,712,4,3,Normal Operations
2026-03-30 04:00:00,23.8,0.0,0.225,9.7,0.0,254,2,0,Normal Operations
2026-03-30 05:00:00,24.4,0.0,0.237,10.8,0.0,988,8,2,Normal Operations
2026-03-30 06:00:00,25.6,0.0,0.237,15.1,0.0,448,2,2,Normal Operations
2026-03-30 07:00:00,28.4,0.0,0.237,17.6,0.0,550,5,1,Normal Operations
2026-03-30 08:00:00,31.5,0.0,0.237,24.5,0.0,975,11,0,Normal Operations
2026-03-30 09:00:00,34.0,0.0,0.237,31.0,0.0,752,6,2,Normal Operations
2026-03-30 10:00:00,36.2,0.0,0.237,31.7,0.0,272,11,3,Normal Operations
2026-03-30 11:00:00,37.4,0.0,0.237,29.2,0.0,109,13,4,Normal Operations
2026-03-30 12:00:00,38.3,0.0,0.237,23.4,0.0,839,8,0,Normal Operations
2026-03-30 13:00:00,38.5,0.0,0.237,22.3,0.0,364,11,0,Normal Operations
2026-03-30 14:00:00,38.5,0.0,0.237,23.0,0.0,537,1,2,Normal Operations
2026-03-30 15:00:00,38.1,0.0,0.236,22.7,0.0,859,1,2,Normal Operations
2026-03-30 16:00:00,37.6,0.0,0.236,19.1,0.0,346,12,2,Normal Operations
2026-03-30 17:00:00,36.8,0.0,0.236,15.5,0.0,766,4,3,Normal Operations
2026-03-30 18:00:00,34.0,0.0,0.236,13.3,0.0,645,5,1,Normal Operations
2026-03-30 19:00:00,32.6,0.0,0.236,5.4,0.0,598,13,2,Normal Operations
2026-03-30 20:00:00,31.3,0.0,0.236,5.8,0.0,228,15,1,Normal Operations
2026-03-30 21:00:00,31.6,0.0,0.236,10.1,0.0,771,13,1,Normal Operations
2026-03-30 22:00:00,31.3,0.0,0.236,34.9,0.0,700,9,0,Normal Operations
2026-03-30 23:00:00,30.1,0.2,0.237,28.8,0.2,704,11,4,Normal Operations
2026-03-31 00:00:00,27.6,0.2,0.239,13.7,0.4,426,14,4,Normal Operations
2026-03-31 01:00:00,26.7,0.0,0.24,18.4,0.4,852,7,3,Normal Operations
2026-03-31 02:00:00,26.1,0.0,0.24,30.2,0.4,934,7,3,Normal Operations
2026-03-31 03:00:00,23.7,0.2,0.241,32.0,0.6000000000000001,503,8,4,Normal Operations
2026-03-31 04:00:00,22.0,1.2,0.256,15.1,1.8,728,15,4,Normal Operations
2026-03-31 05:00:00,22.6,0.1,0.244,9.7,1.9,705,5,0,Normal Operations
2026-03-31 06:00:00,23.1,0.0,0.244,10.4,1.9,774,5,0,Normal Operations
2026-03-31 07:00:00,23.6,0.0,0.244,6.8,1.9,710,1,4,Normal Operations
2026-03-31 08:00:00,25.1,0.0,0.244,16.6,1.9,724,14,2,Normal Operations
2026-03-31 09:00:00,28.2,0.0,0.244,17.6,1.9,458,9,2,Normal Operations
2026-03-31 10:00:00,30.5,0.0,0.243,18.0,1.9,702,6,0,Normal Operations
2026-03-31 11:00:00,31.0,0.0,0.265,19.4,1.9,957,9,1,Normal Operations
2026-03-31 12:00:00,33.3,0.0,0.264,24.8,1.9,817,3,4,Normal Operations
2026-03-31 13:00:00,34.3,0.0,0.262,27.4,1.9,116,5,3,Normal Operations
2026-03-31 14:00:00,34.7,0.0,0.261,26.6,1.9,373,2,2,Normal Operations
2026-03-31 15:00:00,34.7,0.0,0.26,22.3,1.9,784,10,1,Normal Operations
2026-03-31 16:00:00,34.3,0.0,0.259,20.2,1.9,215,5,2,Normal Operations
2026-03-31 17:00:00,34.2,0.0,0.254,16.9,1.9,960,15,1,Normal Operations
2026-03-31 18:00:00,31.8,0.0,0.253,14.4,1.9,792,13,4,Normal Operations
2026-03-31 19:00:00,30.7,0.0,0.253,20.2,1.9,190,13,4,Normal Operations
2026-03-31 20:00:00,29.7,0.0,0.253,19.1,1.9,181,13,4,Normal Operations
2026-03-31 21:00:00,28.3,0.0,0.252,17.3,1.9,423,15,0,Normal Operations
2026-03-31 22:00:00,26.9,0.0,0.252,13.0,1.9,213,14,1,Normal Operations
2026-03-31 23:00:00,26.1,0.0,0.264,4.7,1.9,868,8,3,Normal Operations
2026-04-01 00:00:00,25.8,0.0,0.264,5.8,1.9,157,11,3,Normal Operations
2026-04-01 01:00:00,25.4,0.0,0.264,8.3,1.9,253,2,4,Normal Operations
2026-04-01 02:00:00,24.8,0.0,0.264,9.4,1.9,976,8,3,Normal Operations
2026-04-01 03:00:00,24.2,0.0,0.263,7.2,1.9,503,4,2,Normal Operations
2026-04-01 04:00:00,24.2,0.0,0.263,6.8,1.9,727,10,1,Normal Operations
2026-04-01 05:00:00,24.1,0.0,0.26,3.6,1.9,954,10,1,Normal Operations
2026-04-01 06:00:00,24.6,0.0,0.26,7.9,1.9,365,15,1,Normal Operations
2026-04-01 07:00:00,26.8,0.0,0.26,14.8,1.9,414,1,2,Normal Operations
2026-04-01 08:00:00,29.5,0.0,0.26,20.2,1.9,814,13,0,Normal Operations
2026-04-01 09:00:00,31.7,0.0,0.259,22.7,1.9,140,5,2,Normal Operations
2026-04-01 10:00:00,33.7,0.0,0.258,23.8,1.9,204,13,1,Normal Operations
2026-04-01 11:00:00,35.0,0.0,0.267,24.5,1.9,1000,1,1,Normal Operations
2026-04-01 12:00:00,35.9,0.0,0.265,24.5,1.9,989,7,1,Normal Operations
2026-04-01 13:00:00,36.4,0.0,0.264,20.9,1.9,292,8,3,Normal Operations
2026-04-01 14:00:00,36.6,0.0,0.262,19.8,1.9,500,3,0,Normal Operations
2026-04-01 15:00:00,36.4,0.0,0.261,22.0,1.9,377,3,2,Normal Operations
2026-04-01 16:00:00,34.9,0.0,0.26,21.2,1.9,453,7,1,Normal Operations
2026-04-01 17:00:00,34.8,0.0,0.267,31.3,1.9,848,4,4,Normal Operations
2026-04-01 18:00:00,31.7,0.0,0.267,11.5,1.9,832,3,0,Normal Operations
2026-04-01 19:00:00,30.7,0.0,0.266,7.2,1.9,679,15,4,Normal Operations
2026-04-01 20:00:00,28.8,0.0,0.266,9.7,1.9,808,8,0,Normal Operations
2026-04-01 21:00:00,27.6,0.0,0.266,7.6,1.9,355,3,1,Normal Operations
2026-04-01 22:00:00,27.0,0.0,0.266,8.3,1.9,750,13,0,Normal Operations
2026-04-01 23:00:00,25.8,0.0,0.281,5.0,1.9,923,14,0,Normal Operations
2026-04-02 00:00:00,25.6,0.0,0.281,12.6,1.9,760,7,1,Normal Operations
2026-04-02 01:00:00,25.0,0.0,0.281,10.4,1.9,198,2,4,Normal Operations
2026-04-02 02:00:00,24.7,0.0,0.28,12.2,1.9,687,11,4,Normal Operations
2026-04-02 03:00:00,24.1,0.0,0.28,12.2,1.9,381,11,3,Normal Operations
2026-04-02 04:00:00,23.6,0.0,0.28,9.0,1.9,982,1,4,Normal Operations
2026-04-02 05:00:00,23.9,0.0,0.255,7.9,1.9,502,12,4,Normal Operations
2026-04-02 06:00:00,24.4,0.0,0.255,15.1,1.9,208,6,0,Normal Operations
2026-04-02 07:00:00,25.8,0.0,0.255,9.4,1.9,799,8,3,Normal Operations
2026-04-02 08:00:00,27.0,0.0,0.255,10.8,1.9,298,1,1,Normal Operations
2026-04-02 09:00:00,28.2,0.0,0.254,14.4,1.9,402,13,1,Normal Operations
2026-04-02 10:00:00,29.3,0.0,0.254,14.8,1.9,426,10,2,Normal Operations
2026-04-02 11:00:00,30.9,0.0,0.281,16.2,1.9,253,12,3,Normal Operations
2026-04-02 12:00:00,32.7,0.0,0.279,24.8,1.9,651,9,0,Normal Operations
2026-04-02 13:00:00,33.8,0.0,0.277,26.3,1.9,744,15,2,Normal Operations
2026-04-02 14:00:00,34.6,0.0,0.276,28.4,1.9,504,3,2,Normal Operations
2026-04-02 15:00:00,34.6,0.0,0.274,26.3,1.9,561,3,1,Normal Operations
2026-04-02 16:00:00,34.2,0.0,0.273,25.6,1.9,231,4,4,Normal Operations
2026-04-02 17:00:00,33.2,0.0,0.281,25.6,1.9,890,11,0,Normal Operations
2026-04-02 18:00:00,30.9,0.0,0.281,18.0,1.9,973,15,3,Normal Operations
2026-04-02 19:00:00,29.3,0.0,0.281,11.5,1.9,183,1,2,Normal Operations
2026-04-02 20:00:00,28.7,0.0,0.28,9.4,1.9,498,9,0,Normal Operations
2026-04-02 21:00:00,27.9,0.0,0.28,4.0,1.9,853,11,1,Normal Operations
2026-04-02 22:00:00,26.7,0.0,0.28,6.8,1.9,727,3,2,Normal Operations
2026-04-02 23:00:00,26.3,0.0,0.296,7.6,1.7000000000000002,208,13,2,Normal Operations
2026-04-03 00:00:00,26.5,0.0,0.296,6.8,1.5,320,10,1,Normal Operations
2026-04-03 01:00:00,26.3,0.0,0.296,4.7,1.5,652,4,1,Normal Operations
2026-04-03 02:00:00,25.6,0.0,0.295,9.7,1.5,467,1,1,Normal Operations
2026-04-03 03:00:00,25.6,0.0,0.295,11.5,1.3,246,4,0,Normal Operations
2026-04-03 04:00:00,25.1,0.0,0.295,15.1,0.1,211,13,0,Normal Operations
2026-04-03 05:00:00,24.4,0.0,0.297,14.4,0.0,714,1,0,Normal Operations
2026-04-03 06:00:00,24.8,0.0,0.297,22.0,0.0,657,5,4,Normal Operations
2026-04-03 07:00:00,26.9,0.0,0.296,24.8,0.0,593,5,2,Normal Operations
2026-04-03 08:00:00,29.2,0.0,0.295,28.8,0.0,604,14,0,Normal Operations
2026-04-03 09:00:00,31.6,0.0,0.294,29.2,0.0,574,11,4,Normal Operations
2026-04-03 10:00:00,33.8,0.0,0.292,29.2,0.0,935,7,2,Normal Operations
2026-04-03 11:00:00,34.8,0.0,0.313,26.3,0.0,989,14,0,Normal Operations
2026-04-03 12:00:00,35.7,0.0,0.309,23.8,0.0,370,8,1,Normal Operations
2026-04-03 13:00:00,35.9,0.0,0.306,23.0,0.0,520,4,3,Normal Operations
2026-04-03 14:00:00,35.8,0.0,0.304,18.7,0.0,996,7,0,Normal Operations
2026-04-03 15:00:00,36.1,0.0,0.302,20.5,0.0,806,4,3,Normal Operations
2026-04-03 16:00:00,34.0,0.0,0.3,27.0,0.0,466,3,0,Normal Operations
2026-04-03 17:00:00,30.7,0.0,0.274,28.8,0.0,379,15,1,Normal Operations
2026-04-03 18:00:00,29.9,0.0,0.273,33.8,0.0,382,6,3,Normal Operations
2026-04-03 19:00:00,28.7,0.0,0.273,15.8,0.0,139,4,4,Normal Operations
2026-04-03 20:00:00,27.3,0.0,0.272,7.6,0.0,288,14,1,Normal Operations
2026-04-03 21:00:00,26.1,0.0,0.272,9.0,0.0,263,3,3,Normal Operations
2026-04-03 22:00:00,25.4,0.0,0.272,12.2,0.0,635,15,3,Normal Operations
2026-04-03 23:00:00,26.1,0.0,0.272,14.4,0.0,635,15,1,Normal Operations
2026-04-04 00:00:00,25.4,0.0,0.271,16.9,0.0,103,9,1,Normal Operations
2026-04-04 01:00:00,25.2,0.0,0.271,15.8,0.0,934,5,1,Normal Operations
2026-04-04 02:00:00,25.1,0.0,0.271,15.8,0.0,389,13,2,Normal Operations
2026-04-04 03:00:00,24.2,0.0,0.271,11.5,0.0,532,14,4,Normal Operations
2026-04-04 04:00:00,23.1,0.0,0.271,10.4,0.0,570,7,0,Normal Operations
2026-04-04 05:00:00,21.7,0.0,0.27,7.9,0.0,280,12,3,Normal Operations
2026-04-04 06:00:00,22.4,0.0,0.27,11.5,0.0,347,14,0,Normal Operations
2026-04-04 07:00:00,24.8,0.0,0.27,11.9,0.0,727,6,1,Normal Operations
2026-04-04 08:00:00,27.8,0.0,0.269,18.4,0.0,378,10,4,Normal Operations
2026-04-04 09:00:00,29.7,0.0,0.268,24.1,0.0,976,15,4,Normal Operations
2026-04-04 10:00:00,32.1,0.0,0.267,32.8,0.0,680,5,2,Normal Operations
2026-04-04 11:00:00,31.6,0.0,0.298,32.8,0.0,962,7,1,Normal Operations
2026-04-04 12:00:00,32.6,0.0,0.295,31.0,0.0,353,11,3,Normal Operations
2026-04-04 13:00:00,33.2,0.0,0.293,27.4,0.0,280,6,2,Normal Operations
2026-04-04 14:00:00,33.5,0.0,0.291,19.1,0.0,929,10,1,Normal Operations
2026-04-04 15:00:00,33.8,0.0,0.289,19.4,0.0,780,2,2,Normal Operations
2026-04-04 16:00:00,32.9,0.0,0.288,18.4,0.0,924,13,0,Normal Operations
2026-04-04 17:00:00,33.0,0.0,0.259,16.6,0.0,608,13,1,Normal Operations
2026-04-04 18:00:00,30.6,0.0,0.258,10.1,0.0,860,13,3,Normal Operations
2026-04-04 19:00:00,29.4,0.0,0.258,6.1,0.0,799,3,3,Normal Operations
2026-04-04 20:00:00,27.8,0.0,0.258,9.4,0.0,665,2,1,Normal Operations
2026-04-04 21:00:00,27.7,0.0,0.258,7.6,0.0,425,12,2,Normal Operations
2026-04-04 22:00:00,27.0,0.0,0.258,3.2,0.0,456,3,4,Normal Operations
2026-04-04 23:00:00,27.8,0.0,0.258,2.5,0.0,924,1,1,Normal Operations
2026-04-05 00:00:00,25.8,0.0,0.258,17.6,0.0,749,8,3,Normal Operations
2026-04-05 01:00:00,25.3,0.0,0.258,10.4,0.0,779,6,0,Normal Operations
2026-04-05 02:00:00,25.0,0.0,0.257,14.8,0.0,490,13,3,Normal Operations
2026-04-05 03:00:00,24.8,0.0,0.257,23.4,0.0,714,2,4,Normal Operations
2026-04-05 04:00:00,23.5,0.0,0.257,23.4,0.0,184,8,3,Normal Operations
2026-04-05 05:00:00,23.0,0.0,0.256,9.7,0.0,416,6,4,Normal Operations
2026-04-05 06:00:00,24.1,0.0,0.256,15.1,0.0,311,7,1,Normal Operations
2026-04-05 07:00:00,25.5,0.0,0.255,10.1,0.0,614,11,3,Normal Operations
2026-04-05 08:00:00,27.8,0.0,0.255,14.8,0.0,483,1,2,Normal Operations
2026-04-05 09:00:00,29.9,0.0,0.254,23.4,0.0,790,7,2,Normal Operations
2026-04-05 10:00:00,31.8,0.0,0.253,23.8,0.0,441,3,3,Normal Operations
2026-04-05 11:00:00,31.5,0.0,0.271,23.8,0.0,914,11,3,Normal Operations
2026-04-05 12:00:00,33.1,0.0,0.269,26.3,0.0,943,12,0,Normal Operations
2026-04-05 13:00:00,33.1,0.0,0.268,26.6,0.0,137,8,3,Normal Operations
2026-04-05 14:00:00,33.6,0.0,0.266,28.1,0.0,610,6,0,Normal Operations
2026-04-05 15:00:00,34.1,0.0,0.265,32.0,0.0,519,4,0,Normal Operations
2026-04-05 16:00:00,33.5,0.0,0.264,33.8,0.0,850,11,0,Normal Operations
2026-04-05 17:00:00,32.9,0.0,0.27,32.4,0.0,268,8,0,Normal Operations
2026-04-05 18:00:00,29.8,0.0,0.27,19.8,0.0,442,9,1,Normal Operations
2026-04-05 19:00:00,28.1,0.0,0.27,10.1,0.0,925,10,2,Normal Operations
2026-04-05 20:00:00,26.9,0.0,0.269,8.3,0.0,405,2,0,Normal Operations
2026-04-05 21:00:00,26.4,0.0,0.269,7.6,0.0,641,15,2,Normal Operations
2026-04-05 22:00:00,25.7,0.0,0.269,6.8,0.0,801,6,0,Normal Operations
2026-04-05 23:00:00,25.6,0.0,0.28,16.9,0.0,968,5,2,Normal Operations
2026-04-06 00:00:00,25.3,0.0,0.28,16.9,0.0,636,5,3,Normal Operations
2026-04-06 01:00:00,25.7,0.0,0.28,3.2,0.0,211,10,3,Normal Operations
2026-04-06 02:00:00,24.6,0.0,0.28,16.6,0.0,510,11,2,Normal Operations
2026-04-06 03:00:00,23.8,0.0,0.28,17.3,0.0,305,3,0,Normal Operations
2026-04-06 04:00:00,23.2,0.0,0.279,19.1,0.0,284,12,1,Normal Operations
2026-04-06 05:00:00,22.9,0.0,0.276,20.9,0.0,481,8,2,Normal Operations
2026-04-06 06:00:00,22.6,0.0,0.276,21.2,0.0,595,14,4,Normal Operations
2026-04-06 07:00:00,24.4,0.0,0.276,21.6,0.0,478,8,1,Normal Operations
2026-04-06 08:00:00,27.6,0.0,0.275,23.8,0.0,146,12,4,Normal Operations
2026-04-06 09:00:00,30.6,0.0,0.274,23.8,0.0,985,5,2,Normal Operations
2026-04-06 10:00:00,32.8,0.0,0.272,22.7,0.0,839,8,0,Normal Operations
2026-04-06 11:00:00,33.8,0.0,0.275,22.0,0.0,650,10,4,Normal Operations
2026-04-06 12:00:00,34.5,0.0,0.273,28.1,0.0,627,15,2,Normal Operations
2026-04-06 13:00:00,34.8,0.0,0.271,28.4,0.0,603,8,1,Normal Operations
2026-04-06 14:00:00,35.2,0.0,0.269,25.2,0.0,121,3,0,Normal Operations
2026-04-06 15:00:00,35.2,0.0,0.268,23.4,0.0,312,2,4,Normal Operations
2026-04-06 16:00:00,34.8,0.0,0.267,23.8,0.0,409,9,2,Normal Operations
2026-04-06 17:00:00,33.4,0.0,0.26,22.3,0.0,760,2,0,Normal Operations
2026-04-06 18:00:00,29.9,0.0,0.259,16.6,0.0,852,9,0,Normal Operations
2026-04-06 19:00:00,28.4,0.0,0.259,9.4,0.0,371,4,3,Normal Operations
2026-04-06 20:00:00,26.7,0.0,0.259,4.0,0.0,670,12,0,Normal Operations
2026-04-06 21:00:00,25.6,0.0,0.259,14.4,0.0,898,13,2,Normal Operations
2026-04-06 22:00:00,24.4,0.0,0.259,14.4,0.0,301,2,1,Normal Operations
2026-04-06 23:00:00,24.9,0.0,0.264,16.9,0.0,131,10,3,Normal Operations
2026-04-07 00:00:00,24.0,0.0,0.263,16.2,0.0,542,1,2,Normal Operations
2026-04-07 01:00:00,22.8,0.0,0.263,19.1,0.0,261,4,2,Normal Operations
2026-04-07 02:00:00,22.6,0.0,0.263,20.9,0.0,866,9,2,Normal Operations
2026-04-07 03:00:00,21.9,0.0,0.263,20.5,0.0,353,12,4,Normal Operations
2026-04-07 04:00:00,21.1,0.0,0.262,17.3,0.0,620,9,4,Normal Operations
2026-04-07 05:00:00,20.5,0.0,0.257,13.7,0.0,750,4,1,Normal Operations
2026-04-07 06:00:00,21.2,0.0,0.257,10.4,0.0,579,9,2,Normal Operations
2026-04-07 07:00:00,24.1,0.0,0.257,11.9,0.0,109,15,4,Normal Operations
2026-04-07 08:00:00,26.9,0.0,0.256,15.5,0.0,825,12,4,Normal Operations
2026-04-07 09:00:00,29.3,0.0,0.256,16.2,0.0,604,6,4,Normal Operations
2026-04-07 10:00:00,31.7,0.0,0.255,17.6,0.0,884,1,1,Normal Operations
2026-04-07 11:00:00,32.8,0.0,0.264,19.4,0.0,935,10,1,Normal Operations
2026-04-07 12:00:00,34.0,0.0,0.262,20.2,0.0,659,13,2,Normal Operations
2026-04-07 13:00:00,34.9,0.0,0.26,23.0,0.0,535,14,3,Normal Operations
2026-04-07 14:00:00,35.5,0.0,0.259,26.3,0.0,210,6,2,Normal Operations
2026-04-07 15:00:00,35.4,0.0,0.258,34.9,0.0,252,9,4,Normal Operations
2026-04-07 16:00:00,35.1,0.0,0.257,36.4,0.0,734,13,4,Normal Operations
2026-04-07 17:00:00,33.8,0.0,0.245,24.1,0.0,968,2,0,Normal Operations
2026-04-07 18:00:00,31.2,0.0,0.245,23.4,0.0,201,6,2,Normal Operations
2026-04-07 19:00:00,29.5,0.0,0.245,24.1,0.0,852,2,4,Normal Operations
2026-04-07 20:00:00,27.8,0.0,0.244,11.9,0.0,932,4,4,Normal Operations
2026-04-07 21:00:00,26.4,0.0,0.244,9.7,0.0,290,15,3,Normal Operations
2026-04-07 22:00:00,25.7,0.0,0.244,11.9,0.0,828,8,0,Normal Operations
2026-04-07 23:00:00,24.6,0.0,0.248,7.2,0.0,662,13,2,Normal Operations
2026-04-08 00:00:00,24.1,0.0,0.248,10.4,0.0,903,7,1,Normal Operations
2026-04-08 01:00:00,22.8,0.0,0.248,11.5,0.0,180,11,2,Normal Operations
2026-04-08 02:00:00,21.8,0.0,0.248,11.9,0.0,588,12,2,Normal Operations
2026-04-08 03:00:00,21.2,0.0,0.248,11.5,0.0,994,13,3,Normal Operations
2026-04-08 04:00:00,20.8,0.0,0.247,11.5,0.0,187,9,2,Normal Operations
2026-04-08 05:00:00,21.5,0.0,0.227,10.1,0.0,293,7,3,Normal Operations
2026-04-08 06:00:00,22.7,0.0,0.227,10.1,0.0,203,1,3,Normal Operations
2026-04-08 07:00:00,26.1,0.0,0.227,17.3,0.0,882,2,4,Normal Operations
2026-04-08 08:00:00,29.1,0.0,0.227,22.0,0.0,195,6,1,Normal Operations
2026-04-08 09:00:00,31.1,0.0,0.227,25.2,0.0,522,7,3,Normal Operations
2026-04-08 10:00:00,32.4,0.0,0.227,31.7,0.0,990,3,0,Normal Operations
2026-04-08 11:00:00,33.3,0.0,0.238,33.1,0.0,297,9,0,Normal Operations
2026-04-08 12:00:00,34.7,0.0,0.238,32.8,0.0,100,13,1,Normal Operations
2026-04-08 13:00:00,34.5,0.0,0.238,42.8,0.0,506,15,3,Normal Operations
2026-04-08 14:00:00,33.7,0.0,0.238,49.0,0.0,477,7,1,Normal Operations
2026-04-08 15:00:00,33.1,0.0,0.238,48.2,0.0,266,14,4,Normal Operations
2026-04-08 16:00:00,32.9,0.0,0.238,37.1,0.0,608,6,0,Normal Operations
2026-04-08 17:00:00,32.7,0.0,0.235,27.4,0.0,737,13,2,Normal Operations
2026-04-08 18:00:00,31.7,0.0,0.235,21.6,0.0,412,6,0,Normal Operations
2026-04-08 19:00:00,30.0,0.0,0.235,18.4,0.0,692,1,3,Normal Operations
2026-04-08 20:00:00,28.3,0.0,0.235,15.8,0.0,517,13,1,Normal Operations
2026-04-08 21:00:00,27.3,0.0,0.235,26.3,0.0,862,5,0,Normal Operations
2026-04-08 22:00:00,26.4,0.0,0.235,27.7,0.0,780,10,2,Normal Operations
2026-04-08 23:00:00,26.1,0.0,0.245,21.2,0.0,576,3,2,Normal Operations
2026-04-09 00:00:00,25.7,0.0,0.245,21.2,0.0,172,7,1,Normal Operations
2026-04-09 01:00:00,24.9,0.0,0.245,18.0,0.0,240,10,1,Normal Operations
2026-04-09 02:00:00,24.1,0.0,0.245,15.5,0.0,681,3,0,Normal Operations
2026-04-09 03:00:00,23.2,0.0,0.245,11.5,0.0,361,5,3,Normal Operations
2026-04-09 04:00:00,22.3,0.0,0.245,11.2,0.0,439,7,4,Normal Operations
2026-04-09 05:00:00,22.1,0.0,0.244,13.0,0.0,407,14,2,Normal Operations
2026-04-09 06:00:00,22.1,0.0,0.244,11.9,0.0,344,3,1,Normal Operations
2026-04-09 07:00:00,24.7,0.0,0.244,14.4,0.0,614,13,4,Normal Operations
2026-04-09 08:00:00,28.0,0.0,0.244,15.8,0.0,436,13,4,Normal Operations
2026-04-09 09:00:00,30.4,0.0,0.244,14.4,0.0,674,10,4,Normal Operations
2026-04-09 10:00:00,31.9,0.0,0.243,18.7,0.0,660,2,3,Normal Operations
2026-04-09 11:00:00,33.5,0.0,0.254,24.8,0.0,175,6,1,Normal Operations
2026-04-09 12:00:00,33.7,0.0,0.253,27.7,0.0,979,8,2,Normal Operations
2026-04-09 13:00:00,34.3,0.0,0.251,26.3,0.0,274,4,1,Normal Operations
2026-04-09 14:00:00,34.6,0.0,0.25,22.7,0.0,208,9,0,Normal Operations
2026-04-09 15:00:00,34.6,0.0,0.25,22.3,0.0,282,12,2,Normal Operations
2026-04-09 16:00:00,33.5,0.0,0.249,30.6,0.0,291,12,1,Normal Operations
2026-04-09 17:00:00,33.8,0.0,0.24,29.5,0.0,164,15,2,Normal Operations
2026-04-09 18:00:00,31.3,0.0,0.24,18.7,0.0,948,8,0,Normal Operations
2026-04-09 19:00:00,29.2,0.0,0.24,16.6,0.0,573,7,2,Normal Operations
2026-04-09 20:00:00,27.4,0.0,0.24,17.3,0.0,882,14,4,Normal Operations
2026-04-09 21:00:00,25.9,0.0,0.24,22.0,0.0,199,7,3,Normal Operations
2026-04-09 22:00:00,25.9,0.0,0.24,22.0,0.0,643,3,0,Normal Operations
2026-04-09 23:00:00,25.6,0.0,0.246,19.1,0.0,963,14,2,Normal Operations
2026-04-10 00:00:00,25.0,0.0,0.246,18.4,0.0,227,6,0,Normal Operations
2026-04-10 01:00:00,24.7,0.0,0.246,20.5,0.0,551,13,4,Normal Operations
2026-04-10 02:00:00,24.2,0.0,0.246,20.5,0.0,468,13,3,Normal Operations
2026-04-10 03:00:00,23.5,0.0,0.246,19.4,0.0,950,5,0,Normal Operations
2026-04-10 04:00:00,22.8,0.0,0.245,15.8,0.0,142,1,4,Normal Operations
2026-04-10 05:00:00,22.0,0.0,0.236,13.7,0.0,983,11,4,Normal Operations
2026-04-10 06:00:00,22.7,0.0,0.236,18.7,0.0,518,3,4,Normal Operations
2026-04-10 07:00:00,25.1,0.0,0.236,18.0,0.0,587,13,2,Normal Operations
2026-04-10 08:00:00,28.0,0.0,0.236,14.8,0.0,177,12,1,Normal Operations
2026-04-10 09:00:00,30.6,0.0,0.236,15.5,0.0,925,1,0,Normal Operations
2026-04-10 10:00:00,32.4,0.0,0.236,16.2,0.0,900,4,1,Normal Operations
2026-04-10 11:00:00,33.5,0.0,0.242,19.8,0.0,369,10,4,Normal Operations
2026-04-10 12:00:00,34.7,0.0,0.242,25.9,0.0,773,3,1,Normal Operations
2026-04-10 13:00:00,35.1,0.0,0.241,31.7,0.0,800,11,4,Normal Operations
2026-04-10 14:00:00,35.3,0.0,0.241,32.0,0.0,858,4,4,Normal Operations
2026-04-10 15:00:00,35.5,0.0,0.24,28.4,0.0,999,9,3,Normal Operations
2026-04-10 16:00:00,35.2,0.0,0.24,29.5,0.0,827,3,3,Normal Operations
2026-04-10 17:00:00,34.0,0.0,0.225,31.3,0.0,414,12,1,Normal Operations
2026-04-10 18:00:00,31.0,0.0,0.225,25.2,0.0,950,6,0,Normal Operations
2026-04-10 19:00:00,29.7,0.0,0.225,24.8,0.0,988,6,1,Normal Operations
2026-04-10 20:00:00,28.1,0.0,0.225,24.8,0.0,267,7,0,Normal Operations
2026-04-10 21:00:00,27.4,0.0,0.225,22.3,0.0,438,9,1,Normal Operations
2026-04-10 22:00:00,26.7,0.0,0.225,23.4,0.0,292,12,2,Normal Operations
2026-04-10 23:00:00,25.0,0.0,0.237,20.2,0.0,552,7,2,Normal Operations
2026-04-11 00:00:00,23.7,0.0,0.237,11.2,0.0,382,14,0,Normal Operations
2026-04-11 01:00:00,22.8,0.0,0.237,11.9,0.0,435,1,3,Normal Operations
2026-04-11 02:00:00,22.1,0.0,0.237,11.5,0.0,489,15,0,Normal Operations
2026-04-11 03:00:00,21.2,0.0,0.237,14.8,0.0,624,8,1,Normal Operations
2026-04-11 04:00:00,20.4,0.0,0.237,19.4,0.0,339,5,4,Normal Operations
2026-04-11 05:00:00,20.7,0.0,0.221,20.5,0.0,931,9,2,Normal Operations
2026-04-11 06:00:00,21.2,0.0,0.221,18.0,0.0,582,10,4,Normal Operations
2026-04-11 07:00:00,24.3,0.0,0.221,19.1,0.0,758,13,2,Normal Operations
2026-04-11 08:00:00,28.2,0.0,0.221,18.7,0.0,815,15,1,Normal Operations
2026-04-11 09:00:00,31.6,0.0,0.221,23.4,0.0,691,12,2,Normal Operations
2026-04-11 10:00:00,33.5,0.0,0.221,24.5,0.0,990,5,0,Normal Operations
2026-04-11 11:00:00,34.8,0.0,0.221,23.8,0.0,654,5,4,Normal Operations
2026-04-11 12:00:00,35.8,0.0,0.221,24.1,0.0,557,15,4,Normal Operations
2026-04-11 13:00:00,36.0,0.0,0.221,29.2,0.0,188,12,1,Normal Operations
2026-04-11 14:00:00,36.3,0.0,0.221,30.6,0.0,759,12,4,Normal Operations
2026-04-11 15:00:00,36.0,0.0,0.221,32.4,0.0,194,14,1,Normal Operations
2026-04-11 16:00:00,35.6,0.0,0.221,31.3,0.0,551,2,3,Normal Operations
2026-04-11 17:00:00,34.0,0.0,0.221,24.5,0.0,527,12,0,Normal Operations
2026-04-11 18:00:00,31.4,0.0,0.221,18.0,0.0,250,11,2,Normal Operations
2026-04-11 19:00:00,29.3,0.0,0.221,18.0,0.0,613,3,2,Normal Operations
2026-04-11 20:00:00,27.1,0.0,0.221,15.8,0.0,475,10,2,Normal Operations
2026-04-11 21:00:00,24.9,0.0,0.221,14.8,0.0,121,9,3,Normal Operations
2026-04-11 22:00:00,23.0,0.0,0.221,14.0,0.0,982,7,0,Normal Operations
2026-04-11 23:00:00,21.3,0.0,0.221,16.2,0.0,412,1,4,Normal Operations
2026-04-12 00:00:00,20.7,0.0,0.221,15.5,0.0,939,3,4,Normal Operations
2026-04-12 01:00:00,20.4,0.0,0.221,15.5,0.0,618,12,0,Normal Operations
2026-04-12 02:00:00,19.8,0.0,0.221,14.0,0.0,305,2,0,Normal Operations
2026-04-12 03:00:00,19.0,0.0,0.221,13.0,0.0,474,1,2,Normal Operations
2026-04-12 04:00:00,19.1,0.0,0.221,11.5,0.0,550,9,4,Normal Operations
2026-04-12 05:00:00,19.9,0.0,0.221,7.9,0.0,725,8,0,Normal Operations
2026-04-12 06:00:00,21.3,0.0,0.221,7.9,0.0,883,15,4,Normal Operations
2026-04-12 07:00:00,24.8,0.0,0.221,8.3,0.0,694,5,0,Normal Operations
2026-04-12 08:00:00,28.7,0.0,0.221,11.2,0.0,278,11,1,Normal Operations
2026-04-12 09:00:00,32.0,0.0,0.221,17.3,0.0,309,12,2,Normal Operations
2026-04-12 10:00:00,34.7,0.0,0.221,24.1,0.0,599,2,0,Normal Operations
2026-04-12 11:00:00,36.7,0.0,0.221,25.2,0.0,563,1,3,Normal Operations
2026-04-12 12:00:00,37.7,0.0,0.221,26.3,0.0,939,7,0,Normal Operations
2026-04-12 13:00:00,38.1,0.0,0.221,28.1,0.0,223,13,1,Normal Operations
2026-04-12 14:00:00,38.1,0.0,0.221,28.1,0.0,212,11,3,Normal Operations
2026-04-12 15:00:00,38.1,0.0,0.221,26.3,0.0,111,11,3,Normal Operations
2026-04-12 16:00:00,38.0,0.0,0.221,24.8,0.0,225,15,0,Normal Operations
2026-04-12 17:00:00,36.5,0.0,0.221,24.1,0.0,664,2,1,Normal Operations
2026-04-12 18:00:00,32.2,0.0,0.221,18.0,0.0,430,1,3,Normal Operations
2026-04-12 19:00:00,30.8,0.0,0.221,8.6,0.0,1000,2,2,Normal Operations
2026-04-12 20:00:00,30.4,0.0,0.221,3.2,0.0,382,7,2,Normal Operations
2026-04-12 21:00:00,29.5,0.0,0.221,17.6,0.0,239,7,4,Normal Operations
2026-04-12 22:00:00,28.1,0.0,0.221,18.4,0.0,500,10,4,Normal Operations
2026-04-12 23:00:00,26.6,0.0,0.221,16.2,0.0,196,6,1,Normal Operations
2026-04-13 00:00:00,26.3,0.0,0.221,4.0,0.0,616,5,3,Normal Operations
2026-04-13 01:00:00,25.3,0.0,0.221,4.0,0.0,668,3,2,Normal Operations
2026-04-13 02:00:00,24.5,0.0,0.221,5.4,0.0,945,14,2,Normal Operations
2026-04-13 03:00:00,24.2,0.0,0.221,13.3,0.0,168,12,1,Normal Operations
2026-04-13 04:00:00,22.9,0.0,0.221,13.0,0.0,217,3,3,Normal Operations
2026-04-13 05:00:00,23.0,0.0,0.221,15.5,0.0,987,11,1,Normal Operations
2026-04-13 06:00:00,23.0,0.0,0.221,20.2,0.0,158,13,0,Normal Operations
2026-04-13 07:00:00,26.2,0.0,0.221,25.2,0.0,132,12,2,Normal Operations
2026-04-13 08:00:00,30.2,0.0,0.221,25.9,0.0,417,9,1,Normal Operations
2026-04-13 09:00:00,33.2,0.0,0.221,25.2,0.0,149,4,1,Normal Operations
2026-04-13 10:00:00,35.1,0.0,0.221,15.5,0.0,979,9,0,Normal Operations
2026-04-13 11:00:00,36.2,0.0,0.221,17.6,0.0,588,4,4,Normal Operations
2026-04-13 12:00:00,37.5,0.0,0.221,20.9,0.0,118,2,2,Normal Operations
2026-04-13 13:00:00,38.1,0.0,0.22,22.7,0.0,825,15,1,Normal Operations
2026-04-13 14:00:00,38.4,0.0,0.22,22.3,0.0,296,4,2,Normal Operations
2026-04-13 15:00:00,38.6,0.0,0.22,18.4,0.0,990,6,4,Normal Operations
2026-04-13 16:00:00,38.4,0.0,0.22,21.2,0.0,549,6,1,Normal Operations
2026-04-13 17:00:00,37.1,0.0,0.22,20.5,0.0,658,5,0,Normal Operations
2026-04-13 18:00:00,33.3,0.0,0.22,9.0,0.0,778,15,2,Normal Operations
2026-04-13 19:00:00,32.0,0.0,0.22,8.6,0.0,551,15,0,Normal Operations
2026-04-13 20:00:00,30.8,0.0,0.22,17.3,0.0,388,1,4,Normal Operations
2026-04-13 21:00:00,28.6,0.0,0.22,18.4,0.0,240,3,4,Normal Operations
2026-04-13 22:00:00,28.5,0.0,0.22,21.6,0.0,183,5,2,Normal Operations
2026-04-13 23:00:00,28.7,0.0,0.22,24.1,0.0,793,6,4,Normal Operations
2026-04-14 00:00:00,28.5,0.0,0.22,22.7,0.0,490,14,3,Normal Operations
2026-04-14 01:00:00,27.6,0.0,0.22,21.2,0.0,690,1,2,Normal Operations
2026-04-14 02:00:00,26.0,0.0,0.22,14.8,0.0,314,14,3,Normal Operations
2026-04-14 03:00:00,24.7,0.0,0.22,9.7,0.0,625,14,4,Normal Operations
2026-04-14 04:00:00,23.7,0.0,0.22,5.4,0.0,314,9,2,Normal Operations
2026-04-14 05:00:00,23.6,0.0,0.22,14.4,0.0,502,14,3,Normal Operations
2026-04-14 06:00:00,24.1,0.0,0.22,16.2,0.0,227,3,4,Normal Operations
2026-04-14 07:00:00,27.1,0.0,0.22,13.0,0.0,921,10,1,Normal Operations
2026-04-14 08:00:00,30.7,0.0,0.22,10.1,0.0,576,13,1,Normal Operations
2026-04-14 09:00:00,34.2,0.0,0.22,18.4,0.0,859,3,0,Normal Operations
2026-04-14 10:00:00,35.9,0.0,0.22,25.2,0.0,503,11,1,Normal Operations
2026-04-14 11:00:00,36.9,0.0,0.22,25.2,0.0,128,2,3,Normal Operations
2026-04-14 12:00:00,38.3,0.0,0.22,20.9,0.0,891,8,1,Normal Operations
2026-04-14 13:00:00,39.1,0.0,0.22,20.5,0.0,437,15,2,Normal Operations
2026-04-14 14:00:00,39.1,0.0,0.22,25.2,0.0,930,13,2,Normal Operations
2026-04-14 15:00:00,38.7,0.0,0.22,25.2,0.0,813,3,2,Normal Operations
2026-04-14 16:00:00,38.3,0.0,0.22,18.0,0.0,460,6,1,Normal Operations
2026-04-14 17:00:00,37.6,0.0,0.22,11.5,0.0,668,2,1,Normal Operations
2026-04-14 18:00:00,34.1,0.0,0.22,8.3,0.0,491,7,0,Normal Operations
2026-04-14 19:00:00,32.9,0.0,0.22,16.6,0.0,317,13,4,Normal Operations
2026-04-14 20:00:00,31.5,0.0,0.22,16.2,0.0,673,4,0,Normal Operations
2026-04-14 21:00:00,29.6,0.0,0.22,15.8,0.0,768,9,3,Normal Operations
2026-04-14 22:00:00,27.7,0.0,0.22,20.5,0.0,301,14,2,Normal Operations
2026-04-14 23:00:00,26.0,0.0,0.22,14.8,0.0,116,10,1,Normal Operations
2026-04-15 00:00:00,25.6,0.0,0.22,13.7,0.0,421,9,4,Normal Operations
2026-04-15 01:00:00,25.3,0.0,0.22,14.4,0.0,617,7,4,Normal Operations
2026-04-15 02:00:00,25.4,0.0,0.22,15.1,0.0,669,15,1,Normal Operations
2026-04-15 03:00:00,24.9,0.0,0.22,13.0,0.0,424,12,0,Normal Operations
2026-04-15 04:00:00,24.9,0.0,0.22,7.9,0.0,511,8,4,Normal Operations
2026-04-15 05:00:00,25.0,0.0,0.22,5.8,0.0,417,3,0,Normal Operations
2026-04-15 06:00:00,25.5,0.0,0.22,2.9,0.0,780,11,1,Normal Operations
2026-04-15 07:00:00,27.8,0.0,0.22,9.4,0.0,181,5,0,Normal Operations
2026-04-15 08:00:00,30.4,0.0,0.22,10.1,0.0,573,2,2,Normal Operations
2026-04-15 09:00:00,32.8,0.0,0.22,13.7,0.0,567,10,1,Normal Operations
2026-04-15 10:00:00,35.4,0.0,0.22,15.1,0.0,524,7,1,Normal Operations
2026-04-15 11:00:00,37.0,0.0,0.22,17.3,0.0,830,13,4,Normal Operations
2026-04-15 12:00:00,38.7,0.0,0.22,18.7,0.0,788,8,4,Normal Operations
2026-04-15 13:00:00,39.6,0.0,0.22,24.5,0.0,303,9,4,Normal Operations
2026-04-15 14:00:00,40.7,0.0,0.22,29.5,0.0,682,11,2,Normal Operations
2026-04-15 15:00:00,40.9,0.0,0.22,31.3,0.0,486,11,2,Normal Operations
2026-04-15 16:00:00,40.0,0.0,0.22,33.1,0.0,877,7,3,Normal Operations
2026-04-15 17:00:00,38.6,0.0,0.22,36.4,0.0,197,10,1,Normal Operations
2026-04-15 18:00:00,36.0,0.0,0.22,31.3,0.0,444,15,4,Normal Operations
2026-04-15 19:00:00,33.8,0.0,0.22,17.6,0.0,902,10,1,Normal Operations
2026-04-15 20:00:00,32.5,0.0,0.22,4.0,0.0,307,13,0,Normal Operations
2026-04-15 21:00:00,31.4,0.0,0.22,10.8,0.0,613,8,2,Normal Operations
2026-04-15 22:00:00,29.7,0.0,0.22,13.7,0.0,735,12,3,Normal Operations
2026-04-15 23:00:00,29.0,0.0,0.22,6.1,0.0,891,9,0,Normal Operations
2026-04-16 00:00:00,27.0,0.0,0.22,9.4,0.0,685,6,1,Normal Operations
2026-04-16 01:00:00,26.1,0.0,0.22,13.0,0.0,265,12,2,Normal Operations
2026-04-16 02:00:00,25.5,0.0,0.22,11.9,0.0,121,12,4,Normal Operations
2026-04-16 03:00:00,24.6,0.0,0.22,12.2,0.0,253,10,0,Normal Operations
2026-04-16 04:00:00,23.5,0.0,0.22,5.4,0.0,538,2,2,Normal Operations
2026-04-16 05:00:00,24.3,0.0,0.22,7.2,0.0,394,2,1,Normal Operations
2026-04-16 06:00:00,25.7,0.0,0.22,8.3,0.0,318,4,1,Normal Operations
2026-04-16 07:00:00,28.0,0.0,0.22,7.6,0.0,768,15,0,Normal Operations
2026-04-16 08:00:00,31.5,0.0,0.22,10.1,0.0,594,9,0,Normal Operations
2026-04-16 09:00:00,34.1,0.0,0.22,13.3,0.0,329,7,0,Normal Operations
2026-04-16 10:00:00,36.5,0.0,0.22,14.8,0.0,119,2,3,Normal Operations
2026-04-16 11:00:00,37.9,0.0,0.22,18.7,0.0,652,8,4,Normal Operations
2026-04-16 12:00:00,39.5,0.0,0.22,21.6,0.0,247,11,2,Normal Operations
2026-04-16 13:00:00,40.0,0.0,0.22,21.6,0.0,207,7,1,Normal Operations
2026-04-16 14:00:00,40.0,0.0,0.22,23.8,0.0,502,9,1,Normal Operations
2026-04-16 15:00:00,39.3,0.0,0.22,33.5,0.0,695,8,4,Normal Operations
2026-04-16 16:00:00,40.2,0.0,0.22,31.3,0.0,582,3,0,Normal Operations
2026-04-16 17:00:00,39.0,0.0,0.219,15.1,0.0,466,1,0,Normal Operations
2026-04-16 18:00:00,35.7,0.0,0.219,20.5,0.0,933,2,1,Normal Operations
2026-04-16 19:00:00,33.6,0.0,0.219,11.5,0.0,513,15,4,Normal Operations
2026-04-16 20:00:00,33.4,0.0,0.219,12.6,0.0,408,14,1,Normal Operations
2026-04-16 21:00:00,32.0,0.0,0.219,6.1,0.0,901,13,0,Normal Operations
2026-04-16 22:00:00,31.0,0.0,0.219,5.4,0.0,934,2,2,Normal Operations
2026-04-16 23:00:00,30.0,0.0,0.219,10.8,0.0,233,4,0,Normal Operations
2026-04-17 00:00:00,28.8,0.0,0.219,6.5,0.0,818,6,2,Normal Operations
2026-04-17 01:00:00,26.6,0.0,0.219,9.0,0.0,382,4,3,Normal Operations
2026-04-17 02:00:00,24.8,0.0,0.219,7.9,0.0,877,9,4,Normal Operations
2026-04-17 03:00:00,24.2,0.0,0.219,7.2,0.0,172,4,3,Normal Operations
2026-04-17 04:00:00,23.6,0.0,0.219,14.8,0.0,580,6,0,Normal Operations
2026-04-17 05:00:00,24.1,0.0,0.232,16.2,0.0,451,6,4,Normal Operations
2026-04-17 06:00:00,25.8,0.0,0.232,12.6,0.0,659,10,0,Normal Operations
2026-04-17 07:00:00,29.0,0.0,0.232,13.7,0.0,425,11,4,Normal Operations
2026-04-17 08:00:00,32.4,0.0,0.232,19.1,0.0,844,10,4,Normal Operations
2026-04-17 09:00:00,35.4,0.0,0.232,25.9,0.0,542,1,0,Normal Operations
2026-04-17 10:00:00,37.6,0.0,0.232,28.8,0.0,199,8,0,Normal Operations
2026-04-17 11:00:00,38.6,0.0,0.242,28.8,0.0,158,12,4,Normal Operations
2026-04-17 12:00:00,39.6,0.0,0.241,28.4,0.0,607,3,4,Normal Operations
2026-04-17 13:00:00,40.3,0.0,0.241,26.6,0.0,357,15,0,Normal Operations
2026-04-17 14:00:00,40.7,0.0,0.24,21.2,0.0,512,13,0,Normal Operations
2026-04-17 15:00:00,40.5,0.0,0.24,22.7,0.0,551,6,1,Normal Operations
2026-04-17 16:00:00,40.0,0.0,0.24,22.0,0.0,164,3,1,Normal Operations
2026-04-17 17:00:00,38.2,0.0,0.219,14.8,0.0,694,15,1,Normal Operations
2026-04-17 18:00:00,35.6,0.0,0.219,18.7,0.0,253,11,3,Normal Operations
2026-04-17 19:00:00,35.3,0.0,0.219,9.7,0.0,365,2,4,Normal Operations
2026-04-17 20:00:00,33.2,0.0,0.219,8.6,0.0,920,15,2,Normal Operations
2026-04-17 21:00:00,30.1,0.0,0.219,9.4,0.0,178,5,3,Normal Operations
2026-04-17 22:00:00,28.6,0.0,0.219,8.3,0.0,414,14,4,Normal Operations
2026-04-17 23:00:00,27.5,0.0,0.219,9.0,0.0,761,1,2,Normal Operations
2026-04-18 00:00:00,26.7,0.0,0.219,13.7,0.0,659,9,1,Normal Operations
2026-04-18 01:00:00,25.6,0.0,0.219,11.5,0.0,990,11,2,Normal Operations
2026-04-18 02:00:00,25.0,0.0,0.219,15.8,0.0,347,7,0,Normal Operations
2026-04-18 03:00:00,25.1,0.0,0.219,19.4,0.0,889,3,0,Normal Operations
2026-04-18 04:00:00,24.6,0.0,0.219,19.1,0.0,967,4,4,Normal Operations
2026-04-18 05:00:00,25.3,0.0,0.219,18.4,0.0,709,13,3,Normal Operations
2026-04-18 06:00:00,26.0,0.0,0.219,18.4,0.0,513,6,1,Normal Operations
2026-04-18 07:00:00,28.5,0.0,0.219,14.8,0.0,124,3,4,Normal Operations
2026-04-18 08:00:00,32.0,0.0,0.219,10.8,0.0,383,12,1,Normal Operations
2026-04-18 09:00:00,34.7,0.0,0.219,13.7,0.0,548,7,0,Normal Operations
2026-04-18 10:00:00,36.9,0.0,0.219,19.4,0.0,980,13,3,Normal Operations
2026-04-18 11:00:00,38.3,0.0,0.219,22.3,0.0,400,6,3,Normal Operations
2026-04-18 12:00:00,39.8,0.0,0.219,23.0,0.0,167,9,0,Normal Operations
2026-04-18 13:00:00,40.9,0.0,0.219,22.3,0.0,106,12,2,Normal Operations
2026-04-18 14:00:00,41.2,0.0,0.219,23.4,0.0,916,15,3,Normal Operations
2026-04-18 15:00:00,41.1,0.0,0.219,23.4,0.0,236,5,2,Normal Operations
2026-04-18 16:00:00,40.6,0.0,0.219,19.8,0.0,263,4,1,Normal Operations
2026-04-18 17:00:00,38.7,0.0,0.219,13.3,0.0,182,3,3,Normal Operations
2026-04-18 18:00:00,35.3,0.0,0.219,10.4,0.0,996,10,0,Normal Operations
2026-04-18 19:00:00,33.7,0.0,0.219,9.7,0.0,749,1,2,Normal Operations
2026-04-18 20:00:00,32.1,0.0,0.219,6.5,0.0,519,3,1,Normal Operations
2026-04-18 21:00:00,31.0,0.0,0.219,14.8,0.0,172,3,1,Normal Operations
2026-04-18 22:00:00,30.9,0.0,0.219,13.0,0.0,336,7,3,Normal Operations
2026-04-18 23:00:00,30.7,0.0,0.219,17.6,0.0,145,7,3,Normal Operations
2026-04-19 00:00:00,29.8,0.0,0.219,16.9,0.0,717,13,4,Normal Operations
2026-04-19 01:00:00,28.7,0.0,0.219,19.4,0.0,899,15,4,Normal Operations
2026-04-19 02:00:00,28.6,0.0,0.219,19.4,0.0,361,12,3,Normal Operations
2026-04-19 03:00:00,28.7,0.0,0.219,20.5,0.0,275,1,4,Normal Operations
2026-04-19 04:00:00,28.4,0.0,0.219,25.9,0.0,265,3,0,Normal Operations
2026-04-19 05:00:00,27.4,0.0,0.219,25.6,0.0,756,13,0,Normal Operations
2026-04-19 06:00:00,26.6,0.0,0.219,12.6,0.0,941,8,4,Normal Operations
2026-04-19 07:00:00,28.9,0.0,0.219,14.4,0.0,469,9,3,Normal Operations
2026-04-19 08:00:00,31.9,0.0,0.219,13.0,0.0,894,7,0,Normal Operations
2026-04-19 09:00:00,34.5,0.0,0.219,18.4,0.0,153,7,1,Normal Operations
2026-04-19 10:00:00,36.6,0.0,0.219,19.8,0.0,789,12,3,Normal Operations
2026-04-19 11:00:00,37.7,0.0,0.219,20.2,0.0,518,15,2,Normal Operations
2026-04-19 12:00:00,39.1,0.0,0.219,20.9,0.0,855,11,2,Normal Operations
2026-04-19 13:00:00,40.3,0.0,0.219,21.2,0.0,606,8,3,Normal Operations
2026-04-19 14:00:00,40.6,0.0,0.219,21.2,0.0,440,6,4,Normal Operations
2026-04-19 15:00:00,40.6,0.0,0.219,19.4,0.0,226,11,0,Normal Operations
2026-04-19 16:00:00,40.2,0.0,0.219,18.4,0.0,508,3,0,Normal Operations
2026-04-19 17:00:00,38.5,0.0,0.219,22.0,0.0,466,15,3,Normal Operations
2026-04-19 18:00:00,35.7,0.0,0.219,15.5,0.0,370,1,1,Normal Operations
2026-04-19 19:00:00,33.7,0.0,0.219,11.5,0.0,743,7,4,Normal Operations
2026-04-19 20:00:00,32.8,0.0,0.219,13.3,0.0,704,1,1,Normal Operations
2026-04-19 21:00:00,32.5,0.0,0.219,9.4,0.0,478,1,3,Normal Operations
2026-04-19 22:00:00,31.6,0.0,0.219,11.2,0.0,172,9,3,Normal Operations
2026-04-19 23:00:00,31.1,0.0,0.219,11.2,0.0,347,13,1,Normal Operations
2026-04-20 00:00:00,31.0,0.0,0.219,19.8,0.0,959,10,2,Normal Operations
2026-04-20 01:00:00,30.2,0.0,0.219,19.8,0.0,884,7,3,Normal Operations
2026-04-20 02:00:00,29.1,0.0,0.219,11.2,0.0,142,13,4,Normal Operations
2026-04-20 03:00:00,28.2,0.0,0.219,11.5,0.0,476,11,1,Normal Operations
2026-04-20 04:00:00,27.4,0.0,0.219,23.8,0.0,140,13,2,Normal Operations
2026-04-20 05:00:00,27.0,0.0,0.219,18.4,0.0,269,4,1,Normal Operations
2026-04-20 06:00:00,27.8,0.0,0.219,13.0,0.0,311,6,2,Normal Operations
2026-04-20 07:00:00,29.8,0.0,0.219,12.2,0.0,592,1,2,Normal Operations
2026-04-20 08:00:00,33.2,0.0,0.219,11.5,0.0,779,7,4,Normal Operations
2026-04-20 09:00:00,35.4,0.0,0.219,16.9,0.0,138,12,3,Normal Operations
2026-04-20 10:00:00,37.7,0.0,0.219,24.5,0.0,468,15,2,Normal Operations
2026-04-20 11:00:00,39.1,0.0,0.219,28.8,0.0,856,6,3,Normal Operations
2026-04-20 12:00:00,40.4,0.0,0.219,27.7,0.0,250,4,4,Normal Operations
2026-04-20 13:00:00,41.1,0.0,0.219,31.0,0.0,210,7,3,Normal Operations
2026-04-20 14:00:00,39.1,0.0,0.219,45.7,0.0,579,3,0,Normal Operations
2026-04-20 15:00:00,39.0,0.0,0.219,25.2,0.0,535,1,2,Normal Operations
2026-04-20 16:00:00,36.9,0.0,0.219,36.4,0.0,146,4,4,Normal Operations
2026-04-20 17:00:00,35.9,0.0,0.219,37.1,0.0,674,3,1,Normal Operations
2026-04-20 18:00:00,33.2,0.0,0.219,11.9,0.0,836,1,4,Normal Operations
2026-04-20 19:00:00,32.7,0.0,0.219,15.8,0.0,465,2,2,Normal Operations
2026-04-20 20:00:00,30.8,0.0,0.219,8.3,0.0,168,11,4,Normal Operations
2026-04-20 21:00:00,30.3,0.0,0.219,17.3,0.0,398,5,1,Normal Operations
2026-04-20 22:00:00,29.0,0.0,0.219,17.3,0.0,901,15,0,Normal Operations
2026-04-20 23:00:00,28.1,0.0,0.219,9.0,0.0,395,8,2,Normal Operations
2026-04-21 00:00:00,28.1,0.0,0.219,4.0,0.0,302,1,2,Normal Operations
2026-04-21 01:00:00,28.5,0.0,0.219,4.3,0.0,160,4,4,Normal Operations
2026-04-21 02:00:00,28.7,0.0,0.219,2.5,0.0,929,14,3,Normal Operations
2026-04-21 03:00:00,27.6,0.0,0.219,4.0,0.0,413,4,3,Normal Operations
2026-04-21 04:00:00,27.0,0.0,0.219,7.2,0.0,260,5,1,Normal Operations
2026-04-21 05:00:00,26.2,0.0,0.219,10.4,0.0,430,7,0,Normal Operations
2026-04-21 06:00:00,27.5,0.0,0.219,19.8,0.0,627,13,0,Normal Operations
2026-04-21 07:00:00,30.0,0.0,0.219,19.4,0.0,437,12,4,Normal Operations
2026-04-21 08:00:00,32.2,0.0,0.218,16.9,0.0,705,8,4,Normal Operations
2026-04-21 09:00:00,34.8,0.0,0.218,16.9,0.0,403,15,3,Normal Operations
2026-04-21 10:00:00,36.7,0.0,0.218,19.8,0.0,602,6,0,Normal Operations
2026-04-21 11:00:00,38.4,0.0,0.218,24.8,0.0,749,1,0,Normal Operations
2026-04-21 12:00:00,39.7,0.0,0.218,27.7,0.0,437,7,0,Normal Operations
2026-04-21 13:00:00,40.3,0.0,0.218,28.8,0.0,649,3,1,Normal Operations
2026-04-21 14:00:00,40.6,0.0,0.218,30.2,0.0,738,15,1,Normal Operations
2026-04-21 15:00:00,40.4,0.0,0.218,29.9,0.0,374,13,4,Normal Operations
2026-04-21 16:00:00,39.6,0.0,0.218,29.2,0.0,263,13,3,Normal Operations
2026-04-21 17:00:00,38.7,0.0,0.218,29.2,0.0,542,13,2,Normal Operations
2026-04-21 18:00:00,35.3,0.0,0.218,9.4,0.0,418,6,3,Normal Operations
2026-04-21 19:00:00,33.8,0.0,0.218,7.2,0.0,688,15,1,Normal Operations
2026-04-21 20:00:00,32.4,0.0,0.218,10.4,0.0,603,8,1,Normal Operations
2026-04-21 21:00:00,31.0,0.0,0.218,10.1,0.0,785,7,4,Normal Operations
2026-04-21 22:00:00,29.2,0.0,0.218,7.2,0.0,486,10,2,Normal Operations
2026-04-21 23:00:00,29.0,0.0,0.218,11.5,0.0,969,6,0,Normal Operations
2026-04-22 00:00:00,28.3,0.0,0.218,11.5,0.0,932,9,2,Normal Operations
2026-04-22 01:00:00,27.3,0.0,0.218,13.7,0.0,987,9,2,Normal Operations
2026-04-22 02:00:00,26.3,0.0,0.218,10.8,0.0,702,1,2,Normal Operations
2026-04-22 03:00:00,25.6,0.0,0.218,3.6,0.0,849,1,4,Normal Operations
2026-04-22 04:00:00,25.8,0.0,0.218,11.2,0.0,875,1,1,Normal Operations
2026-04-22 05:00:00,26.9,0.0,0.221,11.5,0.0,790,8,0,Normal Operations
2026-04-22 06:00:00,27.0,0.0,0.221,12.2,0.0,593,12,2,Normal Operations
2026-04-22 07:00:00,29.5,0.0,0.221,14.0,0.0,589,13,0,Normal Operations
2026-04-22 08:00:00,32.5,0.0,0.221,15.8,0.0,820,14,2,Normal Operations
2026-04-22 09:00:00,34.7,0.0,0.221,18.0,0.0,172,12,1,Normal Operations
2026-04-22 10:00:00,36.5,0.0,0.221,18.0,0.0,608,14,0,Normal Operations
2026-04-22 11:00:00,37.6,0.0,0.237,20.5,0.0,489,10,3,Normal Operations
2026-04-22 12:00:00,38.8,0.0,0.237,24.1,0.0,718,7,1,Normal Operations
2026-04-22 13:00:00,38.7,0.0,0.237,23.8,0.0,956,3,0,Normal Operations
2026-04-22 14:00:00,39.0,0.0,0.237,28.8,0.0,394,13,2,Normal Operations
2026-04-22 15:00:00,39.1,0.0,0.237,29.9,0.0,468,2,2,Normal Operations
2026-04-22 16:00:00,39.0,0.0,0.237,22.7,0.0,895,4,1,Normal Operations
2026-04-22 17:00:00,38.5,0.0,0.218,22.0,0.0,964,3,1,Normal Operations
2026-04-22 18:00:00,34.7,0.0,0.218,10.1,0.0,793,7,2,Normal Operations
2026-04-22 19:00:00,33.2,0.0,0.218,6.5,0.0,648,10,0,Normal Operations
2026-04-22 20:00:00,32.3,0.0,0.218,6.5,0.0,748,15,3,Normal Operations
2026-04-22 21:00:00,31.2,0.0,0.218,4.0,0.0,949,15,4,Normal Operations
2026-04-22 22:00:00,30.5,0.0,0.218,4.0,0.0,667,8,1,Normal Operations
2026-04-22 23:00:00,29.5,0.0,0.218,4.3,0.0,286,6,2,Normal Operations
2026-04-23 00:00:00,28.7,0.0,0.218,7.6,0.0,952,3,0,Normal Operations
2026-04-23 01:00:00,27.0,0.0,0.218,11.2,0.0,869,6,1,Normal Operations
2026-04-23 02:00:00,25.1,0.0,0.218,17.3,0.0,544,15,0,Normal Operations
2026-04-23 03:00:00,24.5,0.0,0.218,19.8,0.0,669,2,1,Normal Operations
2026-04-23 04:00:00,23.7,0.0,0.218,20.9,0.0,462,15,2,Normal Operations
2026-04-23 05:00:00,24.9,0.0,0.219,21.2,0.0,222,12,0,Normal Operations
2026-04-23 06:00:00,25.5,0.0,0.219,15.1,0.0,287,7,2,Normal Operations
2026-04-23 07:00:00,27.4,0.0,0.219,12.2,0.0,841,14,0,Normal Operations
2026-04-23 08:00:00,30.7,0.0,0.219,14.4,0.0,779,11,1,Normal Operations
2026-04-23 09:00:00,34.1,0.0,0.219,14.0,0.0,519,10,4,Normal Operations
2026-04-23 10:00:00,37.0,0.0,0.219,21.2,0.0,725,14,4,Normal Operations
2026-04-23 11:00:00,39.0,0.0,0.219,27.4,0.0,351,7,3,Normal Operations
2026-04-23 12:00:00,40.0,0.0,0.219,33.1,0.0,718,4,3,Normal Operations
2026-04-23 13:00:00,40.4,0.0,0.219,33.5,0.0,648,13,2,Normal Operations
2026-04-23 14:00:00,40.6,0.0,0.219,32.8,0.0,434,8,0,Normal Operations
2026-04-23 15:00:00,40.6,0.0,0.219,35.3,0.0,191,4,3,Normal Operations
2026-04-23 16:00:00,40.2,0.0,0.219,35.3,0.0,629,7,1,Normal Operations
2026-04-23 17:00:00,38.6,0.0,0.218,19.4,0.0,965,4,4,Normal Operations
2026-04-23 18:00:00,35.9,0.0,0.218,26.6,0.0,162,13,0,Normal Operations
2026-04-23 19:00:00,33.2,0.0,0.218,17.3,0.0,761,12,4,Normal Operations
2026-04-23 20:00:00,29.6,0.0,0.218,17.6,0.0,611,5,0,Normal Operations
2026-04-23 21:00:00,27.4,0.0,0.218,13.3,0.0,238,7,3,Normal Operations
2026-04-23 22:00:00,25.9,0.0,0.218,9.7,0.0,797,13,3,Normal Operations
2026-04-23 23:00:00,26.1,0.0,0.218,16.9,0.0,284,14,2,Normal Operations
2026-04-24 00:00:00,27.0,0.0,0.218,15.5,0.0,304,14,0,Normal Operations
2026-04-24 01:00:00,26.9,0.0,0.218,15.1,0.0,871,13,1,Normal Operations
2026-04-24 02:00:00,27.2,0.0,0.218,16.9,0.0,313,10,3,Normal Operations
2026-04-24 03:00:00,26.7,0.0,0.218,18.4,0.0,355,3,2,Normal Operations
2026-04-24 04:00:00,26.4,0.0,0.218,18.4,0.0,234,10,3,Normal Operations
2026-04-24 05:00:00,25.5,0.0,0.218,18.4,0.0,672,5,4,Normal Operations
2026-04-24 06:00:00,26.9,0.0,0.218,24.8,0.0,974,11,3,Normal Operations
2026-04-24 07:00:00,29.6,0.0,0.218,27.4,0.0,921,14,0,Normal Operations
2026-04-24 08:00:00,32.8,0.0,0.218,18.0,0.0,187,3,2,Normal Operations
2026-04-24 09:00:00,36.3,0.0,0.218,22.3,0.0,935,5,0,Normal Operations
2026-04-24 10:00:00,39.4,0.0,0.218,27.7,0.0,306,14,1,Normal Operations
2026-04-24 11:00:00,40.6,0.0,0.218,27.7,0.0,228,3,1,Normal Operations
2026-04-24 12:00:00,40.8,0.0,0.217,23.8,0.0,922,11,3,Normal Operations
2026-04-24 13:00:00,40.7,0.0,0.217,25.2,0.0,102,10,2,Normal Operations
2026-04-24 14:00:00,40.5,0.0,0.217,24.8,0.0,853,11,2,Normal Operations
2026-04-24 15:00:00,40.6,0.0,0.217,23.0,0.0,220,7,2,Normal Operations
2026-04-24 16:00:00,40.7,0.0,0.217,19.8,0.0,484,13,2,Normal Operations
2026-04-24 17:00:00,39.2,0.0,0.217,16.2,0.0,713,1,3,Normal Operations
2026-04-24 18:00:00,35.9,0.0,0.217,9.0,0.0,137,9,0,Normal Operations
2026-04-24 19:00:00,34.0,0.0,0.217,3.2,0.0,440,9,3,Normal Operations
2026-04-24 20:00:00,32.7,0.0,0.217,4.0,0.0,744,5,0,Normal Operations
2026-04-24 21:00:00,31.7,0.0,0.217,4.0,0.0,813,9,4,Normal Operations
2026-04-24 22:00:00,30.7,0.0,0.217,7.6,0.0,959,10,4,Normal Operations
2026-04-24 23:00:00,30.5,0.0,0.217,6.8,0.0,120,13,0,Normal Operations
2026-04-25 00:00:00,29.6,0.0,0.217,6.8,0.0,341,15,3,Normal Operations
2026-04-25 01:00:00,29.5,0.0,0.217,6.8,0.0,554,6,1,Normal Operations
2026-04-25 02:00:00,28.1,0.0,0.217,5.4,0.0,720,15,3,Normal Operations
2026-04-25 03:00:00,27.2,0.0,0.217,4.3,0.0,402,5,1,Normal Operations
2026-04-25 04:00:00,26.2,0.0,0.217,6.5,0.0,695,13,3,Normal Operations
2026-04-25 05:00:00,25.8,0.0,0.217,19.8,0.0,694,3,2,Normal Operations
2026-04-25 06:00:00,26.9,0.0,0.217,11.9,0.0,902,11,2,Normal Operations
2026-04-25 07:00:00,29.4,0.0,0.217,11.2,0.0,168,11,4,Normal Operations
2026-04-25 08:00:00,32.7,0.0,0.217,10.8,0.0,228,8,4,Normal Operations
2026-04-25 09:00:00,35.7,0.0,0.217,12.6,0.0,295,4,0,Normal Operations
2026-04-25 10:00:00,38.0,0.0,0.217,16.2,0.0,239,10,1,Normal Operations
2026-04-25 11:00:00,40.1,0.0,0.217,19.4,0.0,543,13,2,Normal Operations
2026-04-25 12:00:00,41.3,0.0,0.217,25.9,0.0,382,15,3,Normal Operations
2026-04-25 13:00:00,41.6,0.0,0.217,25.2,0.0,411,13,0,Normal Operations
2026-04-25 14:00:00,42.0,0.0,0.217,20.9,0.0,845,3,3,Normal Operations
2026-04-25 15:00:00,42.5,0.0,0.217,23.4,0.0,634,13,2,Shift Heavy Extraction to Night/Early Morning
2026-04-25 16:00:00,42.0,0.0,0.217,22.3,0.0,764,6,2,Normal Operations
2026-04-25 17:00:00,39.2,0.0,0.217,19.8,0.0,376,8,2,Normal Operations
2026-04-25 18:00:00,36.3,0.0,0.217,31.3,0.0,160,13,2,Normal Operations
2026-04-25 19:00:00,34.4,0.0,0.217,9.4,0.0,418,15,3,Normal Operations
2026-04-25 20:00:00,33.5,0.0,0.217,7.2,0.0,989,9,0,Normal Operations
2026-04-25 21:00:00,31.4,0.0,0.217,12.2,0.0,151,14,2,Normal Operations
2026-04-25 22:00:00,29.5,0.0,0.217,13.0,0.0,955,6,4,Normal Operations
2026-04-25 23:00:00,30.3,0.0,0.217,2.5,0.0,252,5,0,Normal Operations
2026-04-26 00:00:00,30.7,0.0,0.217,2.2,0.0,848,12,4,Normal Operations
2026-04-26 01:00:00,29.1,0.0,0.217,3.6,0.0,410,11,3,Normal Operations
2026-04-26 02:00:00,28.1,0.0,0.217,4.0,0.0,913,2,2,Normal Operations
2026-04-26 03:00:00,28.1,0.0,0.217,3.2,0.0,643,2,0,Normal Operations
2026-04-26 04:00:00,27.3,0.0,0.217,5.4,0.0,666,9,2,Normal Operations
2026-04-26 05:00:00,27.5,0.0,0.217,10.4,0.0,963,2,2,Normal Operations
2026-04-26 06:00:00,28.3,0.0,0.217,16.2,0.0,488,2,0,Normal Operations
2026-04-26 07:00:00,30.4,0.0,0.217,19.8,0.0,647,3,2,Normal Operations
2026-04-26 08:00:00,33.3,0.0,0.217,20.2,0.0,721,3,2,Normal Operations
2026-04-26 09:00:00,35.7,0.0,0.217,20.2,0.0,276,4,1,Normal Operations
2026-04-26 10:00:00,37.7,0.0,0.217,23.0,0.0,461,7,1,Normal Operations
2026-04-26 11:00:00,39.5,0.0,0.217,23.0,0.0,413,9,0,Normal Operations
2026-04-26 12:00:00,41.0,0.0,0.217,22.3,0.0,906,2,0,Normal Operations
2026-04-26 13:00:00,41.6,0.0,0.217,21.2,0.0,947,4,2,Normal Operations
2026-04-26 14:00:00,41.8,0.0,0.217,20.5,0.0,196,9,4,Normal Operations
2026-04-26 15:00:00,41.9,0.0,0.217,17.6,0.0,980,14,0,Normal Operations
2026-04-26 16:00:00,41.6,0.0,0.217,17.6,0.0,312,2,2,Normal Operations
2026-04-26 17:00:00,40.4,0.0,0.217,15.8,0.0,928,10,4,Normal Operations
2026-04-26 18:00:00,37.6,0.0,0.217,15.1,0.0,236,11,1,Normal Operations
2026-04-26 19:00:00,35.2,0.0,0.217,16.2,0.0,105,13,0,Normal Operations
2026-04-26 20:00:00,33.9,0.0,0.217,17.6,0.0,208,1,2,Normal Operations
2026-04-26 21:00:00,32.8,0.0,0.217,10.8,0.0,646,10,1,Normal Operations
2026-04-26 22:00:00,32.2,0.0,0.217,6.1,0.0,138,8,3,Normal Operations
2026-04-26 23:00:00,31.9,0.0,0.217,5.0,0.0,761,9,1,Normal Operations
2026-04-27 00:00:00,31.3,0.0,0.217,6.8,0.0,524,7,2,Normal Operations
2026-04-27 01:00:00,30.4,0.0,0.217,8.3,0.0,729,8,4,Normal Operations
2026-04-27 02:00:00,29.9,0.0,0.217,11.2,0.0,360,4,3,Normal Operations
2026-04-27 03:00:00,28.8,0.0,0.217,17.3,0.0,525,4,3,Normal Operations
2026-04-27 04:00:00,28.1,0.0,0.217,21.6,0.0,186,13,3,Normal Operations
2026-04-27 05:00:00,27.6,0.0,0.217,21.6,0.0,564,2,0,Normal Operations
2026-04-27 06:00:00,28.5,0.0,0.217,13.0,0.0,175,8,2,Normal Operations
2026-04-27 07:00:00,30.9,0.0,0.217,19.4,0.0,570,15,3,Normal Operations
2026-04-27 08:00:00,33.2,0.0,0.217,23.0,0.0,513,11,1,Normal Operations
2026-04-27 09:00:00,35.3,0.0,0.217,24.8,0.0,924,2,4,Normal Operations
2026-04-27 10:00:00,37.3,0.0,0.217,25.2,0.0,994,9,2,Normal Operations
2026-04-27 11:00:00,38.6,0.0,0.217,23.8,0.0,825,14,1,Normal Operations
2026-04-27 12:00:00,40.2,0.0,0.217,21.6,0.0,556,4,0,Normal Operations
2026-04-27 13:00:00,38.0,0.0,0.217,33.1,0.0,384,1,3,Normal Operations
2026-04-27 14:00:00,40.4,0.0,0.217,27.4,0.0,338,13,1,Normal Operations
2026-04-27 15:00:00,40.3,0.0,0.217,24.8,0.0,776,4,2,Normal Operations
2026-04-27 16:00:00,38.5,0.0,0.217,25.6,0.0,698,3,1,Normal Operations
2026-04-27 17:00:00,39.3,0.0,0.216,25.9,0.0,752,12,0,Normal Operations
2026-04-27 18:00:00,37.6,0.0,0.216,16.6,0.0,771,6,4,Normal Operations
2026-04-27 19:00:00,35.7,0.0,0.216,6.5,0.0,657,7,3,Normal Operations
2026-04-27 20:00:00,33.6,0.0,0.216,26.3,0.0,471,8,2,Normal Operations
2026-04-27 21:00:00,31.5,0.0,0.216,23.0,0.0,594,2,3,Normal Operations
2026-04-27 22:00:00,29.8,0.0,0.216,15.5,0.0,723,6,3,Normal Operations
2026-04-27 23:00:00,28.2,0.0,0.216,14.4,0.0,144,15,3,Normal Operations
2026-04-28 00:00:00,26.9,0.0,0.216,11.5,0.0,500,6,1,Normal Operations
2026-04-28 01:00:00,26.7,0.0,0.216,12.6,0.0,346,10,1,Normal Operations
2026-04-28 02:00:00,27.0,0.0,0.216,11.2,0.0,715,12,4,Normal Operations
2026-04-28 03:00:00,27.4,0.0,0.216,5.4,0.0,696,5,0,Normal Operations
2026-04-28 04:00:00,27.2,0.0,0.216,12.2,0.0,549,10,2,Normal Operations
2026-04-28 05:00:00,25.1,0.0,0.234,14.4,0.0,584,10,1,Normal Operations
2026-04-28 06:00:00,26.4,0.0,0.234,7.9,0.0,745,7,3,Normal Operations
2026-04-28 07:00:00,30.1,0.0,0.234,10.4,0.0,719,3,0,Normal Operations
2026-04-28 08:00:00,32.7,0.0,0.234,16.9,0.0,117,4,2,Normal Operations
2026-04-28 09:00:00,34.9,0.0,0.234,22.3,0.0,705,10,2,Normal Operations
2026-04-28 10:00:00,37.3,0.0,0.234,25.2,0.0,761,13,2,Normal Operations
2026-04-28 11:00:00,38.3,0.0,0.251,27.4,0.0,857,9,2,Normal Operations
2026-04-28 12:00:00,40.2,0.0,0.25,29.5,0.0,388,4,4,Normal Operations
2026-04-28 13:00:00,42.4,0.0,0.248,29.2,0.0,513,3,2,Shift Heavy Extraction to Night/Early Morning
2026-04-28 14:00:00,42.1,0.0,0.247,44.3,0.0,820,14,0,Shift Heavy Extraction to Night/Early Morning
2026-04-28 15:00:00,42.6,0.0,0.246,43.9,0.0,737,2,1,Shift Heavy Extraction to Night/Early Morning
2026-04-28 16:00:00,41.7,0.0,0.245,33.8,0.0,334,5,0,Normal Operations
2026-04-28 17:00:00,40.0,0.0,0.226,37.1,0.0,515,4,3,Normal Operations
2026-04-28 18:00:00,37.5,0.0,0.226,24.8,0.0,598,13,4,Normal Operations
2026-04-28 19:00:00,36.4,0.0,0.226,28.8,0.0,733,13,4,Normal Operations
2026-04-28 20:00:00,35.1,0.0,0.226,29.5,0.0,749,8,3,Normal Operations
2026-04-28 21:00:00,33.5,0.0,0.226,25.9,0.0,214,7,0,Normal Operations
2026-04-28 22:00:00,33.1,0.0,0.226,21.6,0.0,773,6,0,Normal Operations
2026-04-28 23:00:00,32.6,0.0,0.226,21.2,0.0,812,11,3,Normal Operations
2026-04-29 00:00:00,31.2,0.0,0.226,15.8,0.0,333,12,2,Normal Operations
2026-04-29 01:00:00,29.3,0.0,0.226,18.0,0.0,639,2,2,Normal Operations
2026-04-29 02:00:00,29.1,0.0,0.226,24.8,0.0,110,3,1,Normal Operations
2026-04-29 03:00:00,28.7,0.0,0.226,17.3,0.0,305,10,0,Normal Operations
2026-04-29 04:00:00,27.7,0.0,0.226,17.3,0.0,778,9,0,Normal Operations
2026-04-29 05:00:00,27.8,0.0,0.226,16.9,0.0,346,13,3,Normal Operations
2026-04-29 06:00:00,28.7,0.0,0.226,14.8,0.0,658,9,3,Normal Operations
2026-04-29 07:00:00,30.8,0.0,0.226,14.8,0.0,857,15,2,Normal Operations
2026-04-29 08:00:00,32.7,0.0,0.226,19.1,0.0,226,5,0,Normal Operations
2026-04-29 09:00:00,35.2,0.0,0.226,21.2,0.0,246,14,0,Normal Operations
2026-04-29 10:00:00,37.6,0.0,0.226,20.5,0.0,217,3,4,Normal Operations
2026-04-29 11:00:00,39.4,0.0,0.226,20.9,0.0,481,2,1,Normal Operations
2026-04-29 12:00:00,40.7,0.0,0.226,31.7,0.0,511,8,1,Normal Operations
2026-04-29 13:00:00,41.2,0.0,0.226,44.3,0.0,763,15,2,Normal Operations
2026-04-29 14:00:00,41.4,0.0,0.226,48.6,0.0,683,6,0,Normal Operations
2026-04-29 15:00:00,40.8,0.0,0.226,54.7,0.0,462,10,4,Normal Operations
2026-04-29 16:00:00,39.9,0.0,0.226,55.1,0.0,608,11,0,Normal Operations
2026-04-29 17:00:00,39.2,0.0,0.226,44.3,0.0,236,12,3,Normal Operations
2026-04-29 18:00:00,37.8,0.0,0.226,31.0,0.0,274,7,2,Normal Operations
2026-04-29 19:00:00,35.7,0.0,0.226,24.1,0.0,388,1,1,Normal Operations
2026-04-29 20:00:00,33.7,0.0,0.226,16.6,0.0,580,1,0,Normal Operations
2026-04-29 21:00:00,33.2,0.0,0.226,19.1,0.0,118,10,2,Normal Operations
2026-04-29 22:00:00,31.9,0.0,0.226,15.5,0.0,294,2,1,Normal Operations
2026-04-29 23:00:00,33.1,0.0,0.226,12.2,0.0,429,10,0,Normal Operations
2026-04-30 00:00:00,30.7,0.0,0.226,21.6,0.0,274,15,4,Normal Operations
2026-04-30 01:00:00,30.2,0.0,0.226,16.9,0.0,548,3,2,Normal Operations
2026-04-30 02:00:00,29.7,0.0,0.226,17.6,0.0,453,12,0,Normal Operations
2026-04-30 03:00:00,28.3,0.0,0.226,14.8,0.0,598,1,1,Normal Operations
2026-04-30 04:00:00,27.1,0.0,0.226,16.2,0.0,240,14,1,Normal Operations
2026-04-30 05:00:00,25.6,0.0,0.226,22.0,0.0,857,5,4,Normal Operations
2026-04-30 06:00:00,25.8,0.0,0.226,20.5,0.0,996,15,2,Normal Operations
2026-04-30 07:00:00,29.0,0.0,0.226,22.3,0.0,192,15,2,Normal Operations
2026-04-30 08:00:00,32.3,0.0,0.226,20.9,0.0,338,3,0,Normal Operations
2026-04-30 09:00:00,34.9,0.0,0.226,22.0,0.0,304,1,1,Normal Operations
2026-04-30 10:00:00,36.3,0.0,0.226,18.7,0.0,659,8,1,Normal Operations
2026-04-30 11:00:00,37.7,0.0,0.226,16.9,0.0,532,12,4,Normal Operations
2026-04-30 12:00:00,39.7,0.0,0.226,23.0,0.0,344,11,4,Normal Operations
2026-04-30 13:00:00,40.3,0.0,0.226,36.7,0.0,931,6,2,Normal Operations
2026-04-30 14:00:00,39.0,0.0,0.226,37.8,0.0,416,9,1,Normal Operations
2026-04-30 15:00:00,36.4,0.0,0.226,42.8,0.0,394,3,0,Normal Operations
2026-04-30 16:00:00,36.2,0.0,0.226,44.6,0.0,739,9,3,Normal Operations
2026-04-30 17:00:00,38.2,0.0,0.226,19.1,0.0,955,9,0,Normal Operations
2026-04-30 18:00:00,35.9,0.0,0.226,15.5,0.0,381,15,4,Normal Operations
2026-04-30 19:00:00,33.8,0.0,0.226,9.4,0.0,116,12,0,Normal Operations
2026-04-30 20:00:00,31.8,0.0,0.226,22.7,0.0,170,15,1,Normal Operations
2026-04-30 21:00:00,31.1,0.0,0.226,24.5,0.0,368,13,2,Normal Operations
2026-04-30 22:00:00,31.3,0.0,0.226,36.7,0.0,424,12,3,Normal Operations
2026-04-30 23:00:00,29.6,0.0,0.226,30.2,0.0,893,1,2,Normal Operations
2026-05-01 00:00:00,28.0,0.0,0.226,23.0,0.0,404,3,3,Normal Operations
2026-05-01 01:00:00,27.7,0.0,0.226,20.5,0.0,550,6,3,Normal Operations
2026-05-01 02:00:00,26.7,0.0,0.226,19.8,0.0,106,8,1,Normal Operations
2026-05-01 03:00:00,25.6,0.0,0.226,4.0,0.0,413,4,1,Normal Operations
2026-05-01 04:00:00,24.9,0.0,0.226,2.5,0.0,916,5,4,Normal Operations
2026-05-01 05:00:00,24.2,0.0,0.226,2.5,0.0,202,9,4,Normal Operations
2026-05-01 06:00:00,25.0,0.0,0.226,9.0,0.0,920,6,3,Normal Operations
2026-05-01 07:00:00,27.2,0.0,0.226,11.2,0.0,292,12,4,Normal Operations
2026-05-01 08:00:00,29.3,0.0,0.226,23.0,0.0,852,7,1,Normal Operations
2026-05-01 09:00:00,31.8,0.0,0.226,20.5,0.0,673,7,4,Normal Operations
2026-05-01 10:00:00,33.7,0.0,0.226,20.9,0.0,628,4,3,Normal Operations
2026-05-01 11:00:00,34.4,0.0,0.226,19.8,0.0,270,4,2,Normal Operations
2026-05-01 12:00:00,36.0,0.0,0.225,22.7,0.0,636,4,0,Normal Operations
2026-05-01 13:00:00,38.2,0.0,0.225,27.0,0.0,350,14,4,Normal Operations
2026-05-01 14:00:00,38.7,0.0,0.225,36.4,0.0,864,15,1,Normal Operations
2026-05-01 15:00:00,38.4,0.0,0.225,40.3,0.0,486,11,2,Normal Operations
2026-05-01 16:00:00,38.3,0.0,0.225,33.1,0.0,306,5,1,Normal Operations
2026-05-01 17:00:00,37.2,0.0,0.225,20.5,0.0,640,5,4,Normal Operations
2026-05-01 18:00:00,35.0,0.0,0.225,17.3,0.0,728,8,3,Normal Operations
2026-05-01 19:00:00,33.7,0.0,0.225,18.0,0.0,515,9,0,Normal Operations
2026-05-01 20:00:00,32.4,0.0,0.225,14.0,0.0,893,2,0,Normal Operations
2026-05-01 21:00:00,31.1,0.0,0.225,14.4,0.0,479,11,2,Normal Operations
2026-05-01 22:00:00,29.6,0.0,0.225,15.5,0.0,243,7,0,Normal Operations
2026-05-01 23:00:00,30.4,0.0,0.225,13.3,0.0,124,1,3,Normal Operations
2026-05-02 00:00:00,29.7,0.0,0.225,5.0,0.0,921,1,1,Normal Operations
2026-05-02 01:00:00,28.6,0.0,0.225,6.1,0.0,767,4,3,Normal Operations
2026-05-02 02:00:00,28.1,0.0,0.225,6.1,0.0,172,10,2,Normal Operations
2026-05-02 03:00:00,28.1,0.0,0.225,1.8,0.0,731,7,2,Normal Operations
2026-05-02 04:00:00,27.9,0.0,0.225,1.8,0.0,923,2,0,Normal Operations
2026-05-02 05:00:00,26.6,0.0,0.225,6.1,0.0,932,11,3,Normal Operations
2026-05-02 06:00:00,28.3,0.0,0.225,8.6,0.0,192,2,1,Normal Operations
2026-05-02 07:00:00,30.1,0.0,0.225,15.8,0.0,604,1,3,Normal Operations
2026-05-02 08:00:00,32.7,0.0,0.225,20.9,0.0,697,10,1,Normal Operations
2026-05-02 09:00:00,35.1,0.0,0.225,26.6,0.0,435,2,1,Normal Operations
2026-05-02 10:00:00,36.9,0.0,0.225,26.3,0.0,524,13,3,Normal Operations
2026-05-02 11:00:00,37.5,0.0,0.225,31.7,0.0,598,15,4,Normal Operations
2026-05-02 12:00:00,39.5,0.0,0.225,35.3,0.0,463,7,3,Normal Operations
2026-05-02 13:00:00,40.2,0.0,0.225,41.4,0.0,729,9,1,Normal Operations
2026-05-02 14:00:00,40.1,0.0,0.225,41.4,0.0,844,6,2,Normal Operations
2026-05-02 15:00:00,39.9,0.0,0.225,41.4,0.0,298,10,2,Normal Operations
2026-05-02 16:00:00,39.2,0.0,0.225,41.8,0.0,817,2,0,Normal Operations
2026-05-02 17:00:00,38.3,0.0,0.225,39.2,0.0,512,12,2,Normal Operations
2026-05-02 18:00:00,31.6,0.0,0.225,68.0,0.0,438,15,4,Normal Operations
2026-05-02 19:00:00,29.0,0.0,0.225,71.6,0.0,758,10,1,Normal Operations
2026-05-02 20:00:00,26.9,0.3,0.227,44.6,0.3,528,15,3,Normal Operations
2026-05-02 21:00:00,26.6,0.1,0.228,28.1,0.4,882,10,3,Normal Operations
2026-05-02 22:00:00,26.6,0.0,0.228,13.0,0.4,998,13,4,Normal Operations
2026-05-02 23:00:00,25.5,0.0,0.228,9.7,0.4,238,9,2,Normal Operations
2026-05-03 00:00:00,25.0,0.0,0.228,6.1,0.4,792,7,1,Normal Operations
2026-05-03 01:00:00,24.6,0.0,0.228,7.9,0.4,641,11,2,Normal Operations
2026-05-03 02:00:00,23.9,0.0,0.228,9.7,0.4,156,1,0,Normal Operations
2026-05-03 03:00:00,23.3,0.0,0.228,10.1,0.4,331,12,2,Normal Operations
2026-05-03 04:00:00,23.0,0.0,0.228,6.8,0.4,757,9,0,Normal Operations
2026-05-03 05:00:00,24.7,0.0,0.225,6.8,0.4,534,2,3,Normal Operations
2026-05-03 06:00:00,26.3,0.0,0.225,11.2,0.4,483,4,1,Normal Operations
2026-05-03 07:00:00,28.7,0.0,0.225,13.3,0.4,659,9,0,Normal Operations
2026-05-03 08:00:00,31.2,0.0,0.225,16.9,0.4,293,4,2,Normal Operations
2026-05-03 09:00:00,33.2,0.0,0.225,17.3,0.4,835,3,2,Normal Operations
2026-05-03 10:00:00,35.3,0.0,0.225,16.6,0.4,747,1,3,Normal Operations
2026-05-03 11:00:00,35.5,0.0,0.225,16.2,0.4,633,7,4,Normal Operations
2026-05-03 12:00:00,37.6,0.0,0.225,19.1,0.4,617,15,4,Normal Operations
2026-05-03 13:00:00,38.4,0.0,0.225,22.3,0.4,815,6,2,Normal Operations
2026-05-03 14:00:00,38.6,0.0,0.225,24.5,0.4,850,10,4,Normal Operations
2026-05-03 15:00:00,38.8,0.0,0.225,25.6,0.4,284,4,1,Normal Operations
2026-05-03 16:00:00,39.1,0.0,0.225,25.2,0.4,971,6,4,Normal Operations
2026-05-03 17:00:00,38.3,0.0,0.225,25.6,0.4,391,6,1,Normal Operations
2026-05-03 18:00:00,34.7,0.0,0.225,13.3,0.4,434,13,2,Normal Operations
2026-05-03 19:00:00,32.2,0.0,0.225,25.9,0.4,831,4,2,Normal Operations
2026-05-03 20:00:00,32.4,0.0,0.225,26.6,0.4,215,14,2,Normal Operations
2026-05-03 21:00:00,32.3,0.0,0.225,22.7,0.4,924,13,3,Normal Operations
2026-05-03 22:00:00,31.5,0.0,0.225,21.6,0.4,148,6,4,Normal Operations
2026-05-03 23:00:00,30.5,0.0,0.225,14.0,0.4,784,10,0,Normal Operations
2026-05-04 00:00:00,29.6,0.0,0.225,9.4,0.4,181,11,0,Normal Operations
2026-05-04 01:00:00,29.3,0.0,0.225,16.6,0.4,933,8,2,Normal Operations
2026-05-04 02:00:00,28.8,0.0,0.225,24.1,0.4,432,13,4,Normal Operations
2026-05-04 03:00:00,28.2,0.0,0.225,22.7,0.4,656,3,1,Normal Operations
2026-05-04 04:00:00,27.1,0.0,0.225,19.8,0.4,434,4,0,Normal Operations
2026-05-04 05:00:00,26.7,0.0,0.225,17.6,0.4,631,10,2,Normal Operations
2026-05-04 06:00:00,27.5,0.0,0.225,18.4,0.4,320,13,0,Normal Operations
2026-05-04 07:00:00,29.9,0.0,0.225,27.0,0.4,734,12,0,Normal Operations
2026-05-04 08:00:00,31.5,0.0,0.225,30.2,0.4,845,14,0,Normal Operations
2026-05-04 09:00:00,33.4,0.0,0.225,29.9,0.4,832,15,2,Normal Operations
2026-05-04 10:00:00,35.3,0.0,0.225,27.7,0.4,422,1,2,Normal Operations
2026-05-04 11:00:00,35.8,0.0,0.225,24.8,0.4,950,4,3,Normal Operations
2026-05-04 12:00:00,37.8,0.0,0.225,19.8,0.4,102,11,3,Normal Operations
2026-05-04 13:00:00,38.7,0.0,0.225,22.7,0.4,793,10,3,Normal Operations
2026-05-04 14:00:00,39.4,0.0,0.225,23.0,0.4,305,10,0,Normal Operations
2026-05-04 15:00:00,40.0,0.0,0.225,21.2,0.4,931,12,4,Normal Operations
2026-05-04 16:00:00,39.5,0.0,0.225,22.3,0.4,139,14,2,Normal Operations
2026-05-04 17:00:00,38.1,0.0,0.224,20.2,0.4,158,9,3,Normal Operations
2026-05-04 18:00:00,34.8,0.0,0.224,20.2,0.4,673,8,4,Normal Operations
2026-05-04 19:00:00,32.6,0.0,0.224,12.2,0.4,743,11,3,Normal Operations
2026-05-04 20:00:00,30.9,0.0,0.224,19.4,0.4,606,4,3,Normal Operations
2026-05-04 21:00:00,30.5,0.0,0.224,19.1,0.4,671,12,4,Normal Operations
2026-05-04 22:00:00,30.0,0.0,0.224,17.3,0.4,983,7,3,Normal Operations
2026-05-04 23:00:00,30.3,0.0,0.224,19.1,0.4,942,10,0,Normal Operations
2026-05-05 00:00:00,29.7,0.0,0.224,25.6,0.4,221,3,0,Normal Operations
2026-05-05 01:00:00,29.0,0.0,0.224,24.1,0.4,578,9,0,Normal Operations
2026-05-05 02:00:00,28.1,0.0,0.224,15.1,0.4,718,10,1,Normal Operations
2026-05-05 03:00:00,28.0,0.0,0.224,5.8,0.4,195,4,3,Normal Operations
2026-05-05 04:00:00,28.0,0.0,0.224,20.9,0.4,958,2,1,Normal Operations
2026-05-05 05:00:00,26.8,0.0,0.224,20.5,0.4,513,10,2,Normal Operations
2026-05-05 06:00:00,27.2,0.0,0.224,20.5,0.4,334,5,4,Normal Operations
2026-05-05 07:00:00,29.4,0.0,0.224,22.7,0.4,997,2,2,Normal Operations
2026-05-05 08:00:00,31.6,0.0,0.224,34.6,0.4,161,14,1,Normal Operations
2026-05-05 09:00:00,33.1,0.0,0.224,37.4,0.4,355,10,0,Normal Operations
2026-05-05 10:00:00,34.7,0.0,0.224,37.8,0.4,660,6,3,Normal Operations
2026-05-05 11:00:00,35.2,0.0,0.224,36.4,0.4,447,11,3,Normal Operations
2026-05-05 12:00:00,36.7,0.0,0.224,30.2,0.4,770,10,0,Normal Operations
2026-05-05 13:00:00,37.6,0.0,0.224,27.7,0.4,223,1,3,Normal Operations
2026-05-05 14:00:00,37.9,0.0,0.224,25.6,0.4,581,14,4,Normal Operations
2026-05-05 15:00:00,38.0,0.0,0.224,26.3,0.4,416,6,4,Normal Operations
2026-05-05 16:00:00,37.5,0.0,0.224,26.3,0.4,603,4,4,Normal Operations
2026-05-05 17:00:00,35.1,0.0,0.224,22.7,0.4,818,3,2,Normal Operations
2026-05-05 18:00:00,33.8,0.0,0.224,16.9,0.4,147,2,0,Normal Operations
2026-05-05 19:00:00,31.7,0.0,0.224,18.4,0.4,508,7,4,Normal Operations
2026-05-05 20:00:00,30.0,0.0,0.224,18.7,0.1,235,9,1,Normal Operations
2026-05-05 21:00:00,29.9,0.0,0.224,17.6,0.0,300,12,4,Normal Operations
2026-05-05 22:00:00,29.2,0.0,0.224,17.3,0.0,349,3,2,Normal Operations
2026-05-05 23:00:00,26.1,0.0,0.224,20.2,0.0,413,6,1,Normal Operations
2026-05-06 00:00:00,24.7,0.0,0.224,15.1,0.0,968,9,0,Normal Operations
2026-05-06 01:00:00,24.3,0.0,0.224,13.0,0.0,467,2,0,Normal Operations
2026-05-06 02:00:00,24.4,0.0,0.224,14.0,0.0,528,7,4,Normal Operations
2026-05-06 03:00:00,24.6,0.0,0.224,14.0,0.0,929,5,1,Normal Operations
2026-05-06 04:00:00,24.4,0.0,0.224,12.2,0.0,906,5,1,Normal Operations
2026-05-06 05:00:00,23.5,0.0,0.212,2.5,0.0,579,11,4,Normal Operations
2026-05-06 06:00:00,24.7,0.0,0.212,7.6,0.0,413,7,4,Normal Operations
2026-05-06 07:00:00,26.7,0.0,0.212,11.2,0.0,599,9,3,Normal Operations
2026-05-06 08:00:00,28.9,0.0,0.212,18.4,0.0,820,4,3,Normal Operations
2026-05-06 09:00:00,30.8,0.0,0.212,22.7,0.0,454,9,4,Normal Operations
2026-05-06 10:00:00,32.9,0.0,0.212,26.3,0.0,584,15,2,Normal Operations
2026-05-06 11:00:00,33.4,0.0,0.241,28.4,0.0,310,14,3,Normal Operations
2026-05-06 12:00:00,34.8,0.0,0.241,27.4,0.0,803,13,4,Normal Operations
2026-05-06 13:00:00,35.6,0.0,0.24,26.6,0.0,143,11,1,Normal Operations
2026-05-06 14:00:00,35.9,0.0,0.24,28.8,0.0,640,10,3,Normal Operations
2026-05-06 15:00:00,35.9,0.0,0.24,28.8,0.0,670,9,2,Normal Operations
2026-05-06 16:00:00,35.8,0.0,0.24,25.9,0.0,682,13,0,Normal Operations
2026-05-06 17:00:00,35.4,0.0,0.234,20.5,0.0,191,4,1,Normal Operations
2026-05-06 18:00:00,33.5,0.0,0.234,14.8,0.0,364,3,2,Normal Operations
2026-05-06 19:00:00,31.4,0.0,0.234,7.9,0.0,994,2,2,Normal Operations
2026-05-06 20:00:00,30.8,0.0,0.234,9.7,0.0,319,9,2,Normal Operations
2026-05-06 21:00:00,30.1,0.0,0.234,5.4,0.0,541,12,1,Normal Operations
2026-05-06 22:00:00,28.7,0.0,0.234,3.2,0.0,500,2,2,Normal Operations
2026-05-06 23:00:00,27.8,0.0,0.234,7.2,0.0,499,6,0,Normal Operations
2026-05-07 00:00:00,26.4,0.0,0.234,8.3,0.0,826,5,3,Normal Operations
2026-05-07 01:00:00,25.3,0.0,0.234,8.3,0.0,998,14,1,Normal Operations
2026-05-07 02:00:00,23.3,0.0,0.234,10.4,0.0,888,5,2,Normal Operations
2026-05-07 03:00:00,22.9,0.0,0.234,13.3,0.0,675,4,4,Normal Operations
2026-05-07 04:00:00,22.2,0.0,0.234,12.6,0.0,957,6,3,Normal Operations
2026-05-07 05:00:00,22.1,0.0,0.219,11.9,0.0,903,5,1,Normal Operations
2026-05-07 06:00:00,24.6,0.0,0.219,14.0,0.0,589,11,4,Normal Operations
2026-05-07 07:00:00,28.4,0.0,0.219,15.8,0.0,584,4,4,Normal Operations
2026-05-07 08:00:00,31.4,0.0,0.219,25.9,0.0,856,13,2,Normal Operations
2026-05-07 09:00:00,33.6,0.0,0.219,33.5,0.0,569,9,1,Normal Operations
2026-05-07 10:00:00,35.3,0.0,0.219,33.5,0.0,673,13,2,Normal Operations
2026-05-07 11:00:00,35.7,0.0,0.239,27.4,0.0,943,6,0,Normal Operations
2026-05-07 12:00:00,36.4,0.0,0.239,25.9,0.0,781,11,4,Normal Operations
2026-05-07 13:00:00,36.6,0.0,0.238,21.6,0.0,544,10,0,Normal Operations
2026-05-07 14:00:00,36.9,0.0,0.238,20.9,0.0,368,10,2,Normal Operations
2026-05-07 15:00:00,36.5,0.0,0.238,18.0,0.0,366,13,3,Normal Operations
2026-05-07 16:00:00,36.5,0.0,0.238,13.7,0.0,153,10,4,Normal Operations
2026-05-07 17:00:00,35.4,0.0,0.253,12.6,0.0,627,13,3,Normal Operations
2026-05-07 18:00:00,33.2,0.0,0.252,17.3,0.0,619,3,1,Normal Operations
2026-05-07 19:00:00,31.8,0.0,0.252,17.3,0.0,715,10,4,Normal Operations
2026-05-07 20:00:00,30.1,0.0,0.252,13.0,0.0,158,6,0,Normal Operations
2026-05-07 21:00:00,29.6,0.0,0.251,9.0,0.0,924,14,3,Normal Operations
2026-05-07 22:00:00,29.7,0.0,0.251,15.5,0.0,139,1,1,Normal Operations
2026-05-07 23:00:00,28.8,0.0,0.272,10.1,0.0,336,5,4,Normal Operations
2026-05-08 00:00:00,28.0,0.0,0.272,4.3,0.0,485,10,1,Normal Operations
2026-05-08 01:00:00,26.7,0.0,0.272,7.2,0.0,705,6,0,Normal Operations
2026-05-08 02:00:00,25.8,0.0,0.272,11.2,0.0,833,15,4,Normal Operations
2026-05-08 03:00:00,24.8,0.0,0.272,8.3,0.0,815,11,1,Normal Operations
2026-05-08 04:00:00,24.3,0.0,0.271,11.9,0.0,749,8,2,Normal Operations
2026-05-08 05:00:00,23.1,0.0,0.234,14.8,0.0,399,11,4,Normal Operations
2026-05-08 06:00:00,24.2,0.0,0.234,13.0,0.0,494,15,4,Normal Operations
2026-05-08 07:00:00,27.5,0.0,0.234,12.2,0.0,306,15,4,Normal Operations
2026-05-08 08:00:00,30.3,0.0,0.234,17.3,0.0,435,9,4,Normal Operations
2026-05-08 09:00:00,32.7,0.0,0.234,21.2,0.0,692,11,2,Normal Operations
2026-05-08 10:00:00,34.6,0.0,0.234,23.0,0.0,829,3,0,Normal Operations
2026-05-08 11:00:00,35.3,0.0,0.234,25.9,0.0,613,2,2,Normal Operations
2026-05-08 12:00:00,36.5,0.0,0.234,28.8,0.0,277,13,2,Normal Operations
2026-05-08 13:00:00,36.5,0.0,0.234,25.9,0.0,495,4,1,Normal Operations
2026-05-08 14:00:00,37.2,0.0,0.234,22.3,0.0,470,8,3,Normal Operations
2026-05-08 15:00:00,37.0,0.0,0.234,18.4,0.0,957,11,3,Normal Operations
2026-05-08 16:00:00,36.5,0.0,0.234,14.0,0.0,890,8,1,Normal Operations
2026-05-08 17:00:00,35.4,0.0,0.26,13.7,0.0,757,3,2,Normal Operations
2026-05-08 18:00:00,33.5,0.0,0.259,16.2,0.0,417,4,1,Normal Operations
2026-05-08 19:00:00,31.3,0.0,0.259,13.3,0.0,835,3,4,Normal Operations
2026-05-08 20:00:00,30.3,0.0,0.258,12.2,0.0,468,10,1,Normal Operations
2026-05-08 21:00:00,29.3,0.0,0.258,11.9,0.0,483,2,1,Normal Operations
2026-05-08 22:00:00,28.0,0.0,0.258,11.9,0.0,161,4,4,Normal Operations
2026-05-08 23:00:00,27.5,0.0,0.277,6.1,0.0,905,6,3,Normal Operations
2026-05-09 00:00:00,27.3,0.0,0.277,8.6,0.0,604,11,4,Normal Operations
2026-05-09 01:00:00,26.8,0.0,0.277,5.0,0.0,338,14,0,Normal Operations
2026-05-09 02:00:00,26.4,0.0,0.277,14.0,0.0,294,11,1,Normal Operations
2026-05-09 03:00:00,25.7,0.0,0.276,14.4,0.0,777,5,1,Normal Operations
2026-05-09 04:00:00,25.2,0.0,0.276,14.0,0.0,321,3,3,Normal Operations
2026-05-09 05:00:00,23.7,0.0,0.234,9.4,0.0,160,2,2,Normal Operations
2026-05-09 06:00:00,24.7,0.0,0.234,27.0,0.0,228,9,4,Normal Operations
2026-05-09 07:00:00,27.4,0.0,0.234,25.6,0.0,784,15,2,Normal Operations
2026-05-09 08:00:00,29.7,0.0,0.234,27.0,0.0,255,1,0,Normal Operations
2026-05-09 09:00:00,31.7,0.0,0.234,27.7,0.0,477,9,4,Normal Operations
2026-05-09 10:00:00,33.9,0.0,0.234,29.2,0.0,721,1,0,Normal Operations
2026-05-09 11:00:00,34.9,0.0,0.234,35.3,0.0,880,15,0,Normal Operations
2026-05-09 12:00:00,36.3,0.0,0.234,34.9,0.0,967,14,0,Normal Operations
2026-05-09 13:00:00,36.9,0.0,0.234,33.5,0.0,889,7,4,Normal Operations
2026-05-09 14:00:00,37.5,0.0,0.234,28.8,0.0,685,6,4,Normal Operations
2026-05-09 15:00:00,33.0,0.1,0.234,47.5,0.1,536,7,3,Normal Operations
2026-05-09 16:00:00,29.4,0.6,0.241,61.2,0.7,306,15,1,Normal Operations
2026-05-09 17:00:00,31.2,0.0,0.246,15.5,0.7,487,3,2,Normal Operations
2026-05-09 18:00:00,30.0,0.0,0.246,19.1,0.7,579,14,2,Normal Operations
2026-05-09 19:00:00,29.0,0.0,0.246,20.2,0.7,890,3,0,Normal Operations
2026-05-09 20:00:00,28.4,0.0,0.246,19.8,0.7,986,13,4,Normal Operations
2026-05-09 21:00:00,27.8,0.0,0.246,17.3,0.7,937,11,4,Normal Operations
2026-05-09 22:00:00,27.3,0.0,0.245,14.8,0.7,439,1,0,Normal Operations
2026-05-09 23:00:00,25.8,0.0,0.245,14.0,0.7,968,4,1,Normal Operations
2026-05-10 00:00:00,25.3,0.0,0.245,16.9,0.7,439,12,2,Normal Operations
2026-05-10 01:00:00,25.0,0.0,0.245,15.1,0.7,303,2,3,Normal Operations
2026-05-10 02:00:00,24.4,0.0,0.245,14.4,0.7,260,10,1,Normal Operations
2026-05-10 03:00:00,23.7,0.0,0.245,7.9,0.7,639,8,4,Normal Operations
2026-05-10 04:00:00,23.6,0.0,0.245,6.5,0.7,491,3,0,Normal Operations
2026-05-10 05:00:00,23.3,0.0,0.229,5.8,0.7,868,7,2,Normal Operations
2026-05-10 06:00:00,25.3,0.0,0.229,14.8,0.7,776,7,0,Normal Operations
2026-05-10 07:00:00,27.2,0.0,0.229,17.3,0.7,674,12,4,Normal Operations
2026-05-10 08:00:00,29.3,0.0,0.229,20.9,0.7,633,9,0,Normal Operations
2026-05-10 09:00:00,31.3,0.0,0.229,23.4,0.7,169,6,2,Normal Operations
2026-05-10 10:00:00,33.2,0.0,0.229,25.6,0.7,992,1,0,Normal Operations
2026-05-10 11:00:00,33.8,0.0,0.244,25.9,0.7,504,8,2,Normal Operations
2026-05-10 12:00:00,35.2,0.0,0.243,26.6,0.7,707,1,0,Normal Operations
2026-05-10 13:00:00,36.1,0.0,0.242,25.2,0.7,774,3,0,Normal Operations
2026-05-10 14:00:00,36.6,0.0,0.241,20.9,0.7,690,11,2,Normal Operations
2026-05-10 15:00:00,36.7,0.0,0.241,17.3,0.7,616,5,0,Normal Operations
2026-05-10 16:00:00,36.6,0.0,0.241,16.9,0.7,927,8,1,Normal Operations
2026-05-10 17:00:00,35.9,0.0,0.251,21.2,0.7,219,9,3,Normal Operations
2026-05-10 18:00:00,33.8,0.0,0.251,10.1,0.7,913,15,1,Normal Operations
2026-05-10 19:00:00,32.0,0.0,0.25,20.9,0.7,789,7,3,Normal Operations
2026-05-10 20:00:00,31.1,0.0,0.25,20.5,0.7,787,9,1,Normal Operations
2026-05-10 21:00:00,29.9,0.0,0.25,16.2,0.7,316,11,3,Normal Operations
2026-05-10 22:00:00,29.1,0.0,0.25,16.6,0.7,155,3,0,Normal Operations
2026-05-10 23:00:00,28.8,0.0,0.266,13.3,0.7,465,13,2,Normal Operations
2026-05-11 00:00:00,28.4,0.0,0.266,7.6,0.7,798,5,2,Normal Operations
2026-05-11 01:00:00,27.9,0.0,0.266,4.3,0.7,603,10,4,Normal Operations
2026-05-11 02:00:00,27.1,0.0,0.265,5.8,0.7,843,8,3,Normal Operations
2026-05-11 03:00:00,26.9,0.0,0.265,6.1,0.7,866,12,4,Normal Operations
2026-05-11 04:00:00,26.6,0.0,0.265,2.9,0.7,554,1,4,Normal Operations
2026-05-11 05:00:00,25.7,0.0,0.257,15.8,0.7,203,8,3,Normal Operations
2026-05-11 06:00:00,27.2,0.0,0.257,19.8,0.7,176,7,2,Normal Operations
2026-05-11 07:00:00,29.5,0.0,0.257,23.0,0.7,329,1,3,Normal Operations
2026-05-11 08:00:00,30.9,0.0,0.256,25.9,0.7,357,13,0,Normal Operations
2026-05-11 09:00:00,32.6,0.0,0.255,28.4,0.7,363,13,4,Normal Operations
2026-05-11 10:00:00,34.5,0.0,0.254,30.6,0.7,430,10,4,Normal Operations
2026-05-11 11:00:00,35.5,0.0,0.271,31.0,0.7,281,12,3,Normal Operations
2026-05-11 12:00:00,36.9,0.0,0.27,32.0,0.7,992,10,4,Normal Operations
2026-05-11 13:00:00,37.8,0.0,0.268,27.4,0.7,867,15,2,Normal Operations
2026-05-11 14:00:00,38.2,0.0,0.266,23.4,0.7,649,12,4,Normal Operations
2026-05-11 15:00:00,38.3,0.0,0.265,20.5,0.7,787,6,3,Normal Operations
2026-05-11 16:00:00,38.1,0.0,0.263,19.4,0.7,126,1,2,Normal Operations
2026-05-11 17:00:00,38.0,0.0,0.234,24.8,0.7,375,2,2,Normal Operations
2026-05-11 18:00:00,35.6,0.0,0.234,20.5,0.7,751,5,4,Normal Operations
2026-05-11 19:00:00,34.0,0.0,0.234,19.1,0.7,398,2,3,Normal Operations
2026-05-11 20:00:00,33.1,0.0,0.234,19.4,0.7,898,14,4,Normal Operations
2026-05-11 21:00:00,31.2,0.0,0.234,12.6,0.7,190,10,0,Normal Operations
2026-05-11 22:00:00,30.2,0.0,0.234,7.6,0.7,579,1,0,Normal Operations
2026-05-11 23:00:00,29.7,0.0,0.234,7.6,0.7,672,6,2,Normal Operations
2026-05-12 00:00:00,29.7,0.0,0.234,8.3,0.7,557,8,4,Normal Operations
2026-05-12 01:00:00,28.7,0.0,0.234,7.9,0.7,550,8,0,Normal Operations
2026-05-12 02:00:00,28.6,0.0,0.234,3.6,0.7,464,13,1,Normal Operations
2026-05-12 03:00:00,28.5,0.0,0.234,2.5,0.7,958,13,0,Normal Operations
2026-05-12 04:00:00,28.2,0.0,0.234,2.5,0.7,774,8,4,Normal Operations
2026-05-12 05:00:00,28.3,0.0,0.232,4.0,0.7,450,11,4,Normal Operations
2026-05-12 06:00:00,29.7,0.0,0.232,4.0,0.7,754,6,0,Normal Operations
2026-05-12 07:00:00,31.0,0.0,0.232,16.6,0.7,499,11,4,Normal Operations
2026-05-12 08:00:00,33.1,0.0,0.231,21.2,0.7,352,3,4,Normal Operations
2026-05-12 09:00:00,34.8,0.0,0.231,24.5,0.7,880,1,1,Normal Operations
2026-05-12 10:00:00,36.4,0.0,0.231,25.9,0.7,980,2,2,Normal Operations
2026-05-12 11:00:00,36.7,0.0,0.285,25.9,0.7,902,5,4,Normal Operations
2026-05-12 12:00:00,38.0,0.0,0.283,25.2,0.7,558,13,3,Normal Operations
2026-05-12 13:00:00,38.2,1.9,0.303,22.0,2.6,798,10,2,Normal Operations
2026-05-12 14:00:00,38.8,0.1,0.301,19.1,2.7,598,5,2,Normal Operations
2026-05-12 15:00:00,39.7,0.0,0.299,22.7,2.6,607,10,3,Normal Operations
2026-05-12 16:00:00,39.6,0.0,0.297,22.7,2.0,403,14,0,Normal Operations
2026-05-12 17:00:00,38.6,0.0,0.286,18.7,2.0,600,1,1,Normal Operations
2026-05-12 18:00:00,35.6,0.0,0.286,7.6,2.0,902,1,4,Normal Operations
2026-05-12 19:00:00,34.4,0.0,0.285,19.8,2.0,697,15,0,Normal Operations
2026-05-12 20:00:00,34.0,0.0,0.284,25.2,2.0,265,9,3,Normal Operations
2026-05-12 21:00:00,32.1,0.0,0.283,24.5,2.0,514,2,1,Normal Operations
2026-05-12 22:00:00,30.7,0.0,0.283,23.0,2.0,561,7,1,Normal Operations
2026-05-12 23:00:00,30.4,0.0,0.282,19.8,2.0,213,10,1,Normal Operations
2026-05-13 00:00:00,29.6,0.0,0.282,16.2,2.0,532,4,3,Normal Operations
2026-05-13 01:00:00,29.7,0.0,0.281,14.4,2.0,455,7,0,Normal Operations
2026-05-13 02:00:00,29.5,0.0,0.281,8.3,2.0,794,8,4,Normal Operations
2026-05-13 03:00:00,29.1,0.0,0.281,16.9,2.0,306,5,1,Normal Operations
2026-05-13 04:00:00,28.8,0.0,0.281,16.9,2.0,867,13,1,Normal Operations
2026-05-13 05:00:00,27.9,0.0,0.281,19.1,2.0,334,12,0,Normal Operations
2026-05-13 06:00:00,28.8,0.0,0.281,17.6,2.0,541,12,1,Normal Operations
2026-05-13 07:00:00,30.7,0.0,0.28,20.5,2.0,454,1,1,Normal Operations
2026-05-13 08:00:00,32.2,0.0,0.279,25.6,2.0,614,4,3,Normal Operations
2026-05-13 09:00:00,33.9,0.0,0.278,30.6,2.0,307,10,2,Normal Operations
2026-05-13 10:00:00,35.6,0.0,0.276,32.0,2.0,808,3,0,Normal Operations
2026-05-13 11:00:00,37.1,0.0,0.274,32.0,2.0,952,10,0,Normal Operations
2026-05-13 12:00:00,38.6,0.0,0.272,34.2,2.0,224,15,0,Normal Operations
2026-05-13 13:00:00,39.4,0.0,0.271,33.5,2.0,237,12,3,Normal Operations
2026-05-13 14:00:00,39.9,0.0,0.269,29.2,2.0,438,5,3,Normal Operations
2026-05-13 15:00:00,39.6,0.0,0.267,26.6,2.0,636,10,4,Normal Operations
2026-05-13 16:00:00,39.3,0.0,0.266,21.6,2.0,167,13,3,Normal Operations
2026-05-13 17:00:00,35.9,0.0,0.267,25.9,2.0,672,10,0,Normal Operations
2026-05-13 18:00:00,35.0,0.1,0.267,19.1,2.1,640,13,4,Normal Operations
2026-05-13 19:00:00,33.7,0.0,0.266,18.0,2.1,482,6,2,Normal Operations
2026-05-13 20:00:00,32.7,0.0,0.266,13.0,2.1,118,2,1,Normal Operations
2026-05-13 21:00:00,31.9,0.0,0.265,9.4,2.1,782,7,1,Normal Operations
2026-05-13 22:00:00,31.2,0.0,0.265,9.4,2.1,549,13,4,Normal Operations
2026-05-13 23:00:00,30.2,0.0,0.265,6.5,2.1,173,3,2,Normal Operations
2026-05-14 00:00:00,30.0,0.0,0.264,14.8,2.1,672,15,1,Normal Operations
2026-05-14 01:00:00,29.6,0.0,0.264,22.3,2.1,764,1,4,Normal Operations
2026-05-14 02:00:00,29.1,0.0,0.264,24.8,2.1,375,10,3,Normal Operations
2026-05-14 03:00:00,28.5,0.0,0.263,19.8,2.1,147,3,0,Normal Operations
2026-05-14 04:00:00,27.9,0.0,0.263,13.0,2.1,310,9,2,Normal Operations
2026-05-14 05:00:00,27.5,0.0,0.263,15.8,2.1,954,10,1,Normal Operations
2026-05-14 06:00:00,28.3,0.0,0.262,16.9,2.1,750,11,0,Normal Operations
2026-05-14 07:00:00,30.2,0.0,0.262,27.7,2.1,721,11,4,Normal Operations
2026-05-14 08:00:00,32.1,0.0,0.261,29.5,2.1,794,15,1,Normal Operations
2026-05-14 09:00:00,34.0,0.0,0.26,28.8,2.1,639,6,0,Normal Operations
2026-05-14 10:00:00,35.8,0.0,0.259,27.0,2.1,808,11,3,Normal Operations
2026-05-14 11:00:00,36.6,0.0,0.257,26.6,2.1,290,6,2,Normal Operations
2026-05-14 12:00:00,37.9,0.0,0.256,22.7,2.1,414,4,4,Normal Operations
2026-05-14 13:00:00,38.8,0.0,0.254,22.7,2.1,1000,15,1,Normal Operations
2026-05-14 14:00:00,39.3,0.0,0.253,20.9,2.1,662,8,3,Normal Operations
2026-05-14 15:00:00,39.2,0.0,0.251,17.6,2.1,760,5,2,Normal Operations
2026-05-14 16:00:00,38.8,0.0,0.251,18.0,2.1,879,7,2,Normal Operations
2026-05-14 17:00:00,38.5,0.1,0.25,17.3,2.2,661,9,3,Normal Operations
2026-05-14 18:00:00,36.6,0.0,0.25,9.7,2.2,999,13,1,Normal Operations
2026-05-14 19:00:00,34.9,0.0,0.25,15.1,2.2,857,13,2,Normal Operations
2026-05-14 20:00:00,33.9,0.0,0.249,16.2,2.2,212,14,4,Normal Operations
2026-05-14 21:00:00,33.0,0.0,0.249,14.8,2.2,269,5,0,Normal Operations
2026-05-14 22:00:00,32.5,0.0,0.249,6.8,2.2,567,11,4,Normal Operations
2026-05-14 23:00:00,31.9,0.0,0.248,12.2,2.2,777,14,2,Normal Operations
2026-05-15 00:00:00,31.1,0.0,0.248,11.9,2.2,113,5,0,Normal Operations
2026-05-15 01:00:00,30.9,0.0,0.248,7.9,2.2,814,14,3,Normal Operations
2026-05-15 02:00:00,30.1,0.0,0.248,14.4,2.2,387,4,0,Normal Operations
2026-05-15 03:00:00,30.3,0.0,0.248,15.8,2.2,288,6,0,Normal Operations
2026-05-15 04:00:00,29.5,0.1,0.249,12.6,2.3,254,2,0,Normal Operations
2026-05-15 05:00:00,29.2,0.2,0.247,15.8,2.5,666,3,2,Normal Operations
2026-05-15 06:00:00,30.1,0.0,0.247,22.3,2.5,793,1,1,Normal Operations
2026-05-15 07:00:00,31.7,0.0,0.246,30.2,2.5,821,2,2,Normal Operations
2026-05-15 08:00:00,33.3,0.0,0.246,33.8,2.5,987,2,1,Normal Operations
2026-05-15 09:00:00,35.0,0.0,0.245,34.6,2.5,570,8,3,Normal Operations
2026-05-15 10:00:00,36.6,0.0,0.245,33.8,2.5,174,8,3,Normal Operations
2026-05-15 11:00:00,36.7,0.0,0.244,32.4,2.5,376,2,3,Normal Operations
2026-05-15 12:00:00,37.8,0.0,0.243,33.8,2.5,744,13,3,Normal Operations
2026-05-15 13:00:00,38.6,0.0,0.242,32.4,0.6000000000000001,442,14,3,Normal Operations
2026-05-15 14:00:00,39.2,0.0,0.242,27.7,0.5,524,6,4,Normal Operations
2026-05-15 15:00:00,39.1,0.0,0.241,25.2,0.5,670,15,2,Normal Operations
2026-05-15 16:00:00,38.5,0.0,0.241,16.9,0.5,610,5,1,Normal Operations
2026-05-15 17:00:00,38.9,0.0,0.241,19.4,0.5,956,3,3,Normal Operations
2026-05-15 18:00:00,36.4,0.0,0.241,19.4,0.5,281,5,4,Normal Operations
2026-05-15 19:00:00,34.9,0.0,0.241,20.5,0.5,557,5,4,Normal Operations
2026-05-15 20:00:00,33.5,0.0,0.241,19.8,0.5,950,5,4,Normal Operations
2026-05-15 21:00:00,32.9,0.0,0.24,19.8,0.5,932,3,2,Normal Operations
2026-05-15 22:00:00,32.5,0.0,0.24,15.8,0.5,163,15,3,Normal Operations
2026-05-15 23:00:00,31.9,0.0,0.24,25.6,0.5,938,3,4,Normal Operations
2026-05-16 00:00:00,31.5,0.0,0.24,17.3,0.5,359,4,4,Normal Operations
2026-05-16 01:00:00,30.7,0.0,0.24,20.2,0.5,292,7,3,Normal Operations
2026-05-16 02:00:00,29.9,0.0,0.24,19.4,0.5,754,12,2,Normal Operations
2026-05-16 03:00:00,29.5,0.0,0.24,15.1,0.5,715,12,4,Normal Operations
2026-05-16 04:00:00,29.3,0.0,0.24,13.0,0.5,505,12,1,Normal Operations
2026-05-16 05:00:00,29.3,0.0,0.259,12.6,0.5,825,14,0,Normal Operations
2026-05-16 06:00:00,30.1,0.0,0.258,17.6,0.5,853,2,0,Normal Operations
2026-05-16 07:00:00,32.2,0.0,0.258,22.0,0.5,820,10,0,Normal Operations
2026-05-16 08:00:00,33.8,0.0,0.257,24.8,0.5,192,4,2,Normal Operations
2026-05-16 09:00:00,35.1,0.0,0.256,24.1,0.5,529,4,4,Normal Operations
2026-05-16 10:00:00,36.3,0.0,0.255,17.3,0.5,753,1,0,Normal Operations
2026-05-16 11:00:00,37.5,0.0,0.271,19.4,0.5,533,10,0,Normal Operations
2026-05-16 12:00:00,38.8,0.0,0.269,22.7,0.5,503,8,3,Normal Operations
2026-05-16 13:00:00,39.3,0.0,0.267,23.4,0.5,533,1,4,Normal Operations
2026-05-16 14:00:00,39.5,0.0,0.265,22.3,0.5,211,8,4,Normal Operations
2026-05-16 15:00:00,39.6,0.0,0.264,22.7,0.5,474,7,3,Normal Operations
2026-05-16 16:00:00,39.4,0.0,0.262,22.0,0.5,158,9,4,Normal Operations
2026-05-16 17:00:00,39.1,0.0,0.248,16.9,0.5,142,8,1,Normal Operations
2026-05-16 18:00:00,36.8,0.0,0.248,9.7,0.4,306,5,2,Normal Operations
2026-05-16 19:00:00,35.2,0.0,0.247,7.9,0.4,879,8,3,Normal Operations
2026-05-16 20:00:00,34.1,0.0,0.247,20.2,0.4,395,14,0,Normal Operations
2026-05-16 21:00:00,32.9,0.0,0.247,21.6,0.4,217,15,4,Normal Operations
2026-05-16 22:00:00,32.1,0.0,0.246,19.8,0.4,631,11,1,Normal Operations
2026-05-16 23:00:00,31.1,0.0,0.246,21.2,0.4,321,10,1,Normal Operations
2026-05-17 00:00:00,30.5,0.0,0.246,21.6,0.4,265,12,2,Normal Operations
2026-05-17 01:00:00,29.9,0.0,0.246,18.7,0.4,742,15,1,Normal Operations
2026-05-17 02:00:00,29.2,0.0,0.246,14.8,0.4,255,12,4,Normal Operations
2026-05-17 03:00:00,28.7,0.0,0.245,14.4,0.4,283,3,4,Normal Operations
2026-05-17 04:00:00,28.3,0.0,0.245,16.6,0.4,189,15,1,Normal Operations
2026-05-17 05:00:00,27.6,0.0,0.245,15.8,0.4,193,10,4,Normal Operations
2026-05-17 06:00:00,28.4,0.0,0.245,13.0,0.4,112,7,4,Normal Operations
2026-05-17 07:00:00,30.1,0.0,0.245,17.3,0.4,933,12,0,Normal Operations
2026-05-17 08:00:00,31.8,0.0,0.244,22.0,0.4,904,4,3,Normal Operations
2026-05-17 09:00:00,33.7,0.0,0.244,24.8,0.4,841,5,4,Normal Operations
2026-05-17 10:00:00,35.5,0.0,0.243,25.9,0.4,933,9,4,Normal Operations
2026-05-17 11:00:00,36.5,0.0,0.242,25.6,0.4,903,7,2,Normal Operations
2026-05-17 12:00:00,37.9,0.0,0.242,22.3,0.4,537,4,3,Normal Operations
2026-05-17 13:00:00,38.7,0.0,0.241,21.2,0.4,637,6,3,Normal Operations
2026-05-17 14:00:00,39.3,0.0,0.241,22.3,0.4,686,10,3,Normal Operations
2026-05-17 15:00:00,39.6,0.0,0.24,15.5,0.4,975,14,1,Normal Operations
2026-05-17 16:00:00,39.6,0.0,0.24,16.6,0.4,910,11,0,Normal Operations
2026-05-17 17:00:00,38.1,0.0,0.24,26.3,0.3,249,7,0,Normal Operations
2026-05-17 18:00:00,35.9,0.0,0.24,29.5,0.3,759,13,2,Normal Operations
2026-05-17 19:00:00,34.7,0.0,0.239,14.4,0.3,107,10,3,Normal Operations
2026-05-17 20:00:00,34.0,0.0,0.239,15.8,0.3,128,13,3,Normal Operations
2026-05-17 21:00:00,32.7,0.0,0.239,14.8,0.3,395,9,4,Normal Operations
2026-05-17 22:00:00,32.5,0.0,0.239,14.8,0.3,820,4,1,Normal Operations
2026-05-17 23:00:00,31.8,0.0,0.239,6.5,0.3,739,10,1,Normal Operations
2026-05-18 00:00:00,31.4,0.0,0.239,4.7,0.3,439,3,2,Normal Operations
2026-05-18 01:00:00,30.5,0.0,0.239,17.3,0.3,727,8,0,Normal Operations
2026-05-18 02:00:00,29.8,0.0,0.239,17.3,0.3,538,15,3,Normal Operations
2026-05-18 03:00:00,29.3,0.0,0.239,15.8,0.3,243,1,2,Normal Operations
2026-05-18 04:00:00,29.1,0.0,0.239,15.8,0.2,929,9,1,Normal Operations
2026-05-18 05:00:00,28.5,0.0,0.239,16.2,0.0,846,13,1,Normal Operations
2026-05-18 06:00:00,29.5,0.0,0.239,17.3,0.0,618,1,1,Normal Operations
2026-05-18 07:00:00,31.5,0.0,0.239,18.0,0.0,144,2,3,Normal Operations
2026-05-18 08:00:00,33.4,0.0,0.239,19.8,0.0,338,13,3,Normal Operations
2026-05-18 09:00:00,35.6,0.0,0.238,28.1,0.0,254,8,3,Normal Operations
2026-05-18 10:00:00,37.4,0.0,0.238,31.0,0.0,280,9,4,Normal Operations
2026-05-18 11:00:00,39.1,0.0,0.238,31.0,0.0,314,7,0,Normal Operations
2026-05-18 12:00:00,40.5,0.0,0.238,35.6,0.0,187,3,1,Normal Operations
2026-05-18 13:00:00,40.0,0.0,0.238,32.8,0.0,355,7,1,Normal Operations
2026-05-18 14:00:00,40.3,0.0,0.238,30.2,0.0,610,6,4,Normal Operations
2026-05-18 15:00:00,40.6,0.0,0.238,17.6,0.0,172,2,1,Normal Operations
2026-05-18 16:00:00,40.4,0.0,0.238,17.6,0.0,278,3,1,Normal Operations
2026-05-18 17:00:00,40.3,0.0,0.237,14.8,0.0,311,11,3,Normal Operations
2026-05-18 18:00:00,37.5,0.0,0.237,20.2,0.0,904,13,3,Normal Operations
2026-05-18 19:00:00,35.9,0.0,0.237,20.2,0.0,333,12,0,Normal Operations
2026-05-18 20:00:00,35.0,0.0,0.237,19.1,0.0,564,13,1,Normal Operations
2026-05-18 21:00:00,33.5,0.0,0.237,16.6,0.0,850,10,2,Normal Operations
2026-05-18 22:00:00,32.7,0.0,0.237,7.6,0.0,322,10,1,Normal Operations
2026-05-18 23:00:00,32.0,0.0,0.237,7.2,0.0,730,13,1,Normal Operations
2026-05-19 00:00:00,31.4,0.0,0.237,7.6,0.0,924,12,0,Normal Operations
2026-05-19 01:00:00,31.5,0.0,0.237,6.8,0.0,363,15,2,Normal Operations
2026-05-19 02:00:00,31.1,0.0,0.237,15.1,0.0,306,5,1,Normal Operations
2026-05-19 03:00:00,30.4,0.0,0.237,17.3,0.0,706,10,2,Normal Operations
2026-05-19 04:00:00,29.8,0.0,0.237,15.5,0.0,984,4,3,Normal Operations
2026-05-19 05:00:00,29.7,0.0,0.237,15.5,0.0,833,2,3,Normal Operations
2026-05-19 06:00:00,30.4,0.0,0.237,18.4,0.0,465,4,2,Normal Operations
2026-05-19 07:00:00,32.4,0.0,0.237,23.0,0.0,375,12,1,Normal Operations
2026-05-19 08:00:00,34.2,0.0,0.237,27.7,0.0,479,8,2,Normal Operations
2026-05-19 09:00:00,36.0,0.0,0.237,31.7,0.0,842,5,2,Normal Operations
2026-05-19 10:00:00,37.4,0.0,0.237,31.7,0.0,408,5,3,Normal Operations
2026-05-19 11:00:00,39.1,0.0,0.237,29.9,0.0,730,13,2,Normal Operations
2026-05-19 12:00:00,39.6,0.0,0.237,26.3,0.0,367,12,4,Normal Operations
2026-05-19 13:00:00,40.7,0.0,0.237,25.6,0.0,884,12,4,Normal Operations
2026-05-19 14:00:00,41.1,0.0,0.237,24.5,0.0,163,10,3,Normal Operations
2026-05-19 15:00:00,40.3,0.1,0.238,18.0,0.1,909,3,1,Normal Operations
2026-05-19 16:00:00,39.9,0.0,0.238,20.5,0.1,449,13,1,Normal Operations
2026-05-19 17:00:00,40.1,0.0,0.239,19.4,0.1,593,8,3,Normal Operations
2026-05-19 18:00:00,37.6,0.0,0.239,10.4,0.1,622,6,1,Normal Operations
2026-05-19 19:00:00,35.8,0.0,0.239,11.5,0.1,197,2,0,Normal Operations
2026-05-19 20:00:00,34.5,0.0,0.239,11.9,0.1,170,2,4,Normal Operations
2026-05-19 21:00:00,34.0,0.0,0.239,10.4,0.1,463,9,0,Normal Operations
2026-05-19 22:00:00,32.9,0.0,0.239,10.8,0.1,669,13,0,Normal Operations
2026-05-19 23:00:00,32.8,0.0,0.239,4.7,0.1,901,7,0,Normal Operations
2026-05-20 00:00:00,31.9,0.0,0.239,7.2,0.1,862,10,3,Normal Operations
2026-05-20 01:00:00,32.1,0.0,0.239,7.6,0.1,375,9,0,Normal Operations
2026-05-20 02:00:00,32.4,0.0,0.238,4.0,0.1,149,14,2,Normal Operations
2026-05-20 03:00:00,32.3,0.0,0.238,7.6,0.1,457,6,1,Normal Operations
2026-05-20 04:00:00,31.6,0.0,0.238,9.0,0.1,827,15,3,Normal Operations
2026-05-20 05:00:00,29.7,0.0,0.238,13.3,0.1,663,5,2,Normal Operations
2026-05-20 06:00:00,30.4,0.0,0.238,19.1,0.1,882,12,2,Normal Operations
2026-05-20 07:00:00,32.2,0.0,0.238,16.6,0.1,584,1,4,Normal Operations
2026-05-20 08:00:00,34.1,0.0,0.238,18.7,0.1,183,12,4,Normal Operations
2026-05-20 09:00:00,35.8,0.0,0.238,18.4,0.1,998,6,2,Normal Operations
2026-05-20 10:00:00,37.7,0.0,0.238,16.9,0.1,904,6,4,Normal Operations
2026-05-20 11:00:00,40.0,0.0,0.238,15.8,0.1,737,3,1,Normal Operations
2026-05-20 12:00:00,41.9,0.0,0.238,18.7,0.1,907,3,1,Normal Operations
2026-05-20 13:00:00,43.0,0.0,0.237,20.9,0.1,683,15,4,Shift Heavy Extraction to Night/Early Morning
2026-05-20 14:00:00,42.5,0.0,0.237,23.0,0.1,395,3,0,Shift Heavy Extraction to Night/Early Morning
2026-05-20 15:00:00,42.1,0.0,0.237,23.0,0.1,335,3,2,Shift Heavy Extraction to Night/Early Morning
2026-05-20 16:00:00,41.4,0.0,0.237,20.5,0.1,155,7,1,Normal Operations
2026-05-20 17:00:00,41.0,0.0,0.237,18.7,0.1,459,10,4,Normal Operations
2026-05-20 18:00:00,38.2,0.0,0.237,15.8,0.1,209,11,4,Normal Operations
2026-05-20 19:00:00,36.4,0.0,0.237,16.6,0.1,291,2,1,Normal Operations
2026-05-20 20:00:00,35.5,0.0,0.237,9.7,0.1,192,10,1,Normal Operations
2026-05-20 21:00:00,35.0,0.0,0.237,7.6,0.1,961,13,0,Normal Operations
2026-05-20 22:00:00,33.8,0.0,0.237,7.2,0.1,667,10,4,Normal Operations
2026-05-20 23:00:00,33.6,0.0,0.237,9.7,0.1,159,2,4,Normal Operations
2026-05-21 00:00:00,32.8,0.0,0.237,18.0,0.1,749,3,3,Normal Operations
2026-05-21 01:00:00,32.2,0.0,0.237,20.5,0.1,138,10,0,Normal Operations
2026-05-21 02:00:00,31.4,0.0,0.237,23.8,0.1,639,12,1,Normal Operations
2026-05-21 03:00:00,31.7,0.0,0.237,26.3,0.1,148,7,1,Normal Operations
2026-05-21 04:00:00,31.4,0.0,0.237,27.0,0.1,519,3,2,Normal Operations
2026-05-21 05:00:00,31.2,0.0,0.237,26.3,0.1,736,7,1,Normal Operations
2026-05-21 06:00:00,32.0,0.0,0.237,33.5,0.1,112,9,4,Normal Operations
2026-05-21 07:00:00,33.9,0.0,0.237,37.4,0.1,135,11,1,Normal Operations
2026-05-21 08:00:00,36.2,0.0,0.237,43.9,0.1,200,10,4,Normal Operations
2026-05-21 09:00:00,38.1,0.0,0.237,50.4,0.1,893,12,4,Normal Operations
2026-05-21 10:00:00,39.9,0.0,0.237,51.5,0.1,185,15,0,Normal Operations
2026-05-21 11:00:00,41.6,0.0,0.237,51.1,0.1,615,11,1,Normal Operations
2026-05-21 12:00:00,42.5,0.0,0.237,47.5,0.1,322,4,0,Shift Heavy Extraction to Night/Early Morning
2026-05-21 13:00:00,42.9,0.0,0.237,44.3,0.1,437,7,4,Shift Heavy Extraction to Night/Early Morning
2026-05-21 14:00:00,42.8,0.0,0.237,41.0,0.1,265,9,1,Shift Heavy Extraction to Night/Early Morning
2026-05-21 15:00:00,42.0,0.0,0.237,41.0,0.1,482,14,1,Normal Operations
2026-05-21 16:00:00,40.9,0.0,0.237,35.6,0.1,955,8,0,Normal Operations
2026-05-21 17:00:00,40.3,0.0,0.237,26.6,0.1,994,8,0,Normal Operations
2026-05-21 18:00:00,39.3,0.0,0.237,15.8,0.1,475,9,4,Normal Operations
2026-05-21 19:00:00,37.3,0.0,0.237,18.4,0.1,570,14,4,Normal Operations
2026-05-21 20:00:00,34.1,0.0,0.237,18.7,0.1,889,5,1,Normal Operations
2026-05-21 21:00:00,32.6,0.0,0.237,19.1,0.1,741,14,1,Normal Operations
2026-05-21 22:00:00,33.6,0.0,0.237,19.1,0.1,130,5,3,Normal Operations
2026-05-21 23:00:00,32.9,0.0,0.237,17.3,0.1,474,3,3,Normal Operations
2026-05-22 00:00:00,32.3,0.0,0.237,19.1,0.1,110,5,2,Normal Operations
2026-05-22 01:00:00,31.8,0.0,0.237,23.0,0.1,401,8,4,Normal Operations
2026-05-22 02:00:00,31.2,0.0,0.237,23.4,0.1,195,12,2,Normal Operations
2026-05-22 03:00:00,30.5,0.0,0.237,22.3,0.1,289,5,2,Normal Operations
2026-05-22 04:00:00,30.2,0.0,0.237,22.0,0.1,552,4,0,Normal Operations
2026-05-22 05:00:00,29.6,0.0,0.237,19.4,0.1,291,8,0,Normal Operations
2026-05-22 06:00:00,30.2,0.0,0.237,18.7,0.1,585,7,3,Normal Operations
2026-05-22 07:00:00,32.8,0.0,0.237,20.5,0.1,365,15,2,Normal Operations
2026-05-22 08:00:00,35.9,0.0,0.237,27.7,0.1,523,14,3,Normal Operations
2026-05-22 09:00:00,38.5,0.0,0.237,36.4,0.1,227,14,4,Normal Operations
2026-05-22 10:00:00,40.9,0.0,0.237,37.1,0.1,337,6,1,Normal Operations
2026-05-22 11:00:00,42.2,0.0,0.237,38.9,0.1,454,5,0,Shift Heavy Extraction to Night/Early Morning
2026-05-22 12:00:00,42.8,0.0,0.237,41.4,0.1,211,14,4,Shift Heavy Extraction to Night/Early Morning
2026-05-22 13:00:00,42.8,0.0,0.237,41.8,0.1,927,5,4,Shift Heavy Extraction to Night/Early Morning
2026-05-22 14:00:00,42.8,0.0,0.237,40.7,0.1,545,13,0,Shift Heavy Extraction to Night/Early Morning
2026-05-22 15:00:00,42.3,0.0,0.237,39.6,0.0,442,10,0,Shift Heavy Extraction to Night/Early Morning
2026-05-22 16:00:00,42.1,0.0,0.237,35.6,0.0,244,2,2,Shift Heavy Extraction to Night/Early Morning
2026-05-22 17:00:00,40.7,0.0,0.236,29.9,0.0,164,13,3,Normal Operations
2026-05-22 18:00:00,38.0,0.0,0.236,17.6,0.0,346,15,4,Normal Operations
2026-05-22 19:00:00,35.2,0.0,0.236,10.4,0.0,834,4,2,Normal Operations
2026-05-22 20:00:00,32.8,0.0,0.236,10.8,0.0,589,8,2,Normal Operations
2026-05-22 21:00:00,30.5,0.0,0.236,11.2,0.0,924,8,4,Normal Operations
2026-05-22 22:00:00,30.1,0.0,0.236,12.2,0.0,538,11,4,Normal Operations
2026-05-22 23:00:00,30.2,0.0,0.236,12.2,0.0,205,1,1,Normal Operations
2026-05-23 00:00:00,30.2,0.0,0.236,10.8,0.0,280,2,3,Normal Operations
2026-05-23 01:00:00,29.5,0.0,0.236,13.7,0.0,283,5,4,Normal Operations
2026-05-23 02:00:00,28.8,0.0,0.236,15.8,0.0,325,9,0,Normal Operations
2026-05-23 03:00:00,28.3,0.0,0.236,15.8,0.0,876,10,1,Normal Operations
2026-05-23 04:00:00,28.7,0.0,0.236,17.6,0.0,889,11,3,Normal Operations
2026-05-23 05:00:00,28.4,0.0,0.236,17.6,0.0,188,12,0,Normal Operations
2026-05-23 06:00:00,30.2,0.0,0.236,24.8,0.0,787,13,0,Normal Operations
2026-05-23 07:00:00,33.1,0.0,0.236,27.4,0.0,629,11,3,Normal Operations
2026-05-23 08:00:00,36.0,0.0,0.236,31.7,0.0,470,7,1,Normal Operations
2026-05-23 09:00:00,38.6,0.0,0.236,37.8,0.0,498,10,0,Normal Operations
2026-05-23 10:00:00,40.5,0.0,0.236,41.4,0.0,205,5,2,Normal Operations
2026-05-23 11:00:00,41.9,0.0,0.236,41.8,0.0,370,1,3,Normal Operations
2026-05-23 12:00:00,42.3,0.0,0.236,40.3,0.0,930,15,3,Shift Heavy Extraction to Night/Early Morning
2026-05-23 13:00:00,42.8,0.0,0.236,36.7,0.0,602,15,4,Shift Heavy Extraction to Night/Early Morning
2026-05-23 14:00:00,43.0,0.0,0.236,35.6,0.0,778,6,1,Shift Heavy Extraction to Night/Early Morning
2026-05-23 15:00:00,42.5,0.0,0.236,35.6,0.0,624,12,2,Shift Heavy Extraction to Night/Early Morning
2026-05-23 16:00:00,42.0,0.0,0.236,32.4,0.0,948,8,2,Normal Operations
2026-05-23 17:00:00,41.3,0.0,0.236,23.8,0.0,131,7,4,Normal Operations
2026-05-23 18:00:00,38.7,0.0,0.236,15.8,0.0,492,2,0,Normal Operations
2026-05-23 19:00:00,36.4,0.0,0.236,19.1,0.0,139,12,0,Normal Operations
2026-05-23 20:00:00,36.0,0.0,0.236,22.7,0.0,759,5,2,Normal Operations
2026-05-23 21:00:00,35.4,0.0,0.236,22.7,0.0,317,14,1,Normal Operations
2026-05-23 22:00:00,33.5,0.0,0.236,21.6,0.0,830,11,0,Normal Operations
2026-05-23 23:00:00,31.9,0.0,0.236,13.3,0.0,181,4,3,Normal Operations
2026-05-24 00:00:00,30.8,0.0,0.236,8.3,0.0,944,9,4,Normal Operations
2026-05-24 01:00:00,30.4,0.0,0.236,10.4,0.0,819,10,1,Normal Operations
2026-05-24 02:00:00,29.6,0.0,0.236,6.1,0.0,300,1,0,Normal Operations
2026-05-24 03:00:00,29.3,0.0,0.236,6.5,0.0,546,12,2,Normal Operations
2026-05-24 04:00:00,29.1,0.0,0.236,9.0,0.0,943,6,4,Normal Operations
2026-05-24 05:00:00,28.3,0.0,0.236,13.7,0.0,527,3,0,Normal Operations
2026-05-24 06:00:00,29.4,0.0,0.236,11.2,0.0,137,11,2,Normal Operations
2026-05-24 07:00:00,31.8,0.0,0.236,15.8,0.0,310,9,0,Normal Operations
2026-05-24 08:00:00,35.3,0.0,0.236,27.7,0.0,543,5,4,Normal Operations
2026-05-24 09:00:00,38.2,0.0,0.236,35.6,0.0,426,13,3,Normal Operations
2026-05-24 10:00:00,40.2,0.0,0.236,36.7,0.0,860,6,3,Normal Operations
2026-05-24 11:00:00,41.8,0.0,0.236,37.1,0.0,326,11,2,Normal Operations
2026-05-24 12:00:00,41.7,0.0,0.236,37.4,0.0,147,9,3,Normal Operations
2026-05-24 13:00:00,42.1,0.0,0.236,34.6,0.0,117,9,4,Shift Heavy Extraction to Night/Early Morning
2026-05-24 14:00:00,42.6,0.0,0.236,32.8,0.0,538,8,2,Shift Heavy Extraction to Night/Early Morning
2026-05-24 15:00:00,42.4,0.0,0.236,34.2,0.0,906,9,0,Shift Heavy Extraction to Night/Early Morning
2026-05-24 16:00:00,41.7,0.0,0.236,36.7,0.0,807,4,1,Normal Operations
2026-05-24 17:00:00,40.8,0.0,0.236,35.3,0.0,286,6,0,Normal Operations
2026-05-24 18:00:00,39.1,0.0,0.236,12.6,0.0,444,5,4,Normal Operations
2026-05-24 19:00:00,37.8,0.0,0.236,5.0,0.0,323,5,2,Normal Operations
2026-05-24 20:00:00,35.9,0.0,0.236,9.4,0.0,929,4,0,Normal Operations
2026-05-24 21:00:00,32.9,0.0,0.236,9.0,0.0,587,2,2,Normal Operations
2026-05-24 22:00:00,30.5,0.0,0.236,10.4,0.0,976,12,3,Normal Operations
2026-05-24 23:00:00,29.0,0.0,0.236,15.1,0.0,948,6,1,Normal Operations
2026-05-25 00:00:00,29.5,0.0,0.236,14.8,0.0,328,9,4,Normal Operations
2026-05-25 01:00:00,30.4,0.0,0.236,15.5,0.0,489,12,0,Normal Operations
2026-05-25 02:00:00,30.2,0.0,0.236,15.1,0.0,688,1,1,Normal Operations
2026-05-25 03:00:00,29.1,0.0,0.236,13.0,0.0,287,14,4,Normal Operations
2026-05-25 04:00:00,28.9,0.0,0.236,15.1,0.0,957,7,4,Normal Operations
2026-05-25 05:00:00,27.8,0.0,0.236,21.2,0.0,369,6,3,Normal Operations
2026-05-25 06:00:00,29.2,0.0,0.236,18.4,0.0,706,3,2,Normal Operations
2026-05-25 07:00:00,33.1,0.0,0.236,22.3,0.0,409,1,2,Normal Operations
2026-05-25 08:00:00,36.0,0.0,0.236,29.2,0.0,231,13,1,Normal Operations
2026-05-25 09:00:00,38.6,0.0,0.236,33.5,0.0,650,4,3,Normal Operations
2026-05-25 10:00:00,41.1,0.0,0.236,36.0,0.0,171,15,4,Normal Operations
2026-05-25 11:00:00,42.8,0.0,0.236,36.0,0.0,892,14,3,Shift Heavy Extraction to Night/Early Morning
2026-05-25 12:00:00,43.4,0.0,0.236,29.2,0.0,944,9,3,Shift Heavy Extraction to Night/Early Morning
2026-05-25 13:00:00,43.6,0.0,0.236,26.6,0.0,771,15,1,Shift Heavy Extraction to Night/Early Morning
2026-05-25 14:00:00,43.2,0.0,0.236,31.3,0.0,286,2,2,Shift Heavy Extraction to Night/Early Morning
2026-05-25 15:00:00,42.2,0.0,0.236,32.4,0.0,585,3,3,Shift Heavy Extraction to Night/Early Morning
2026-05-25 16:00:00,42.3,0.0,0.236,29.5,0.0,290,2,3,Shift Heavy Extraction to Night/Early Morning
2026-05-25 17:00:00,41.9,0.0,0.236,24.5,0.0,521,14,3,Normal Operations
2026-05-25 18:00:00,39.7,0.0,0.236,13.7,0.0,219,2,0,Normal Operations
2026-05-25 19:00:00,37.0,0.0,0.236,4.0,0.0,319,10,3,Normal Operations
2026-05-25 20:00:00,34.6,0.0,0.236,11.9,0.0,152,11,3,Normal Operations
2026-05-25 21:00:00,32.9,0.0,0.236,11.9,0.0,833,11,4,Normal Operations
2026-05-25 22:00:00,33.5,0.0,0.236,11.5,0.0,550,8,0,Normal Operations
2026-05-25 23:00:00,34.3,0.0,0.236,4.0,0.0,511,3,3,Normal Operations
2026-05-26 00:00:00,34.0,0.0,0.236,6.1,0.0,742,7,3,Normal Operations
2026-05-26 01:00:00,32.7,0.0,0.235,6.8,0.0,336,8,1,Normal Operations
2026-05-26 02:00:00,32.0,0.0,0.235,10.1,0.0,857,3,1,Normal Operations
2026-05-26 03:00:00,31.0,0.0,0.235,9.4,0.0,837,2,0,Normal Operations
2026-05-26 04:00:00,30.4,0.0,0.235,11.2,0.0,819,13,4,Normal Operations
2026-05-26 05:00:00,29.5,0.0,0.236,10.1,0.0,505,13,0,Normal Operations
2026-05-26 06:00:00,30.7,0.0,0.236,12.6,0.0,707,8,0,Normal Operations
2026-05-26 07:00:00,34.0,0.0,0.236,15.1,0.0,521,3,1,Normal Operations
2026-05-26 08:00:00,36.0,0.0,0.235,20.9,0.0,811,7,1,Normal Operations
2026-05-26 09:00:00,37.7,0.0,0.235,30.2,0.0,346,12,4,Normal Operations
2026-05-26 10:00:00,39.2,0.0,0.235,31.7,0.0,171,1,3,Normal Operations
2026-05-26 11:00:00,40.9,0.0,0.235,30.6,0.0,929,14,4,Normal Operations
2026-05-26 12:00:00,41.9,0.0,0.235,36.0,0.0,284,15,3,Normal Operations
2026-05-26 13:00:00,42.3,0.0,0.235,36.4,0.0,105,12,2,Shift Heavy Extraction to Night/Early Morning
2026-05-26 14:00:00,42.7,0.0,0.235,31.7,0.0,305,6,1,Shift Heavy Extraction to Night/Early Morning
2026-05-26 15:00:00,43.0,0.0,0.235,25.9,0.0,643,12,2,Shift Heavy Extraction to Night/Early Morning
2026-05-26 16:00:00,42.6,0.0,0.235,25.6,0.0,710,12,2,Shift Heavy Extraction to Night/Early Morning
2026-05-26 17:00:00,42.2,0.0,0.235,25.6,0.0,486,13,1,Shift Heavy Extraction to Night/Early Morning
2026-05-26 18:00:00,39.3,0.0,0.235,15.1,0.0,867,9,2,Normal Operations
2026-05-26 19:00:00,37.8,0.0,0.235,19.8,0.0,798,12,0,Normal Operations
2026-05-26 20:00:00,37.4,0.0,0.235,26.3,0.0,175,3,3,Normal Operations
2026-05-26 21:00:00,36.2,0.0,0.235,24.8,0.0,276,14,4,Normal Operations
2026-05-26 22:00:00,34.4,0.0,0.235,14.4,0.0,926,7,1,Normal Operations
2026-05-26 23:00:00,33.3,0.0,0.235,4.0,0.0,898,13,0,Normal Operations
2026-05-27 00:00:00,32.2,0.0,0.235,3.2,0.0,448,6,4,Normal Operations
2026-05-27 01:00:00,31.2,0.0,0.235,6.1,0.0,354,8,4,Normal Operations
2026-05-27 02:00:00,30.7,0.0,0.235,5.0,0.0,936,3,4,Normal Operations
2026-05-27 03:00:00,30.5,0.0,0.235,5.4,0.0,801,3,2,Normal Operations
2026-05-27 04:00:00,30.1,0.0,0.235,5.4,0.0,407,4,2,Normal Operations
2026-05-27 05:00:00,29.2,0.0,0.235,6.5,0.0,444,3,2,Normal Operations
2026-05-27 06:00:00,30.4,0.0,0.235,7.9,0.0,226,9,2,Normal Operations
2026-05-27 07:00:00,33.3,0.0,0.235,11.9,0.0,386,11,0,Normal Operations
2026-05-27 08:00:00,36.1,0.0,0.235,22.0,0.0,865,4,2,Normal Operations
2026-05-27 09:00:00,37.9,0.0,0.235,29.2,0.0,824,6,1,Normal Operations
2026-05-27 10:00:00,39.9,0.0,0.235,31.0,0.0,861,8,4,Normal Operations
2026-05-27 11:00:00,41.6,0.0,0.235,31.3,0.0,695,11,0,Normal Operations
2026-05-27 12:00:00,42.5,0.0,0.235,28.4,0.0,586,13,2,Shift Heavy Extraction to Night/Early Morning
2026-05-27 13:00:00,43.4,0.0,0.235,28.8,0.0,482,8,4,Shift Heavy Extraction to Night/Early Morning
2026-05-27 14:00:00,43.6,0.0,0.235,29.5,0.0,505,15,0,Shift Heavy Extraction to Night/Early Morning
2026-05-27 15:00:00,43.4,0.0,0.235,31.3,0.0,487,5,4,Shift Heavy Extraction to Night/Early Morning
2026-05-27 16:00:00,42.7,0.0,0.235,31.3,0.0,624,5,0,Shift Heavy Extraction to Night/Early Morning
2026-05-27 17:00:00,42.1,0.0,0.235,29.2,0.0,656,6,3,Shift Heavy Extraction to Night/Early Morning
2026-05-27 18:00:00,39.6,0.0,0.235,16.6,0.0,738,10,0,Normal Operations
2026-05-27 19:00:00,37.9,0.0,0.235,5.0,0.0,725,7,2,Normal Operations
2026-05-27 20:00:00,36.1,0.0,0.235,6.1,0.0,375,13,4,Normal Operations
2026-05-27 21:00:00,34.9,0.0,0.235,11.9,0.0,599,13,4,Normal Operations
2026-05-27 22:00:00,34.8,0.0,0.235,11.9,0.0,816,10,4,Normal Operations
2026-05-27 23:00:00,33.9,0.0,0.235,12.2,0.0,436,14,1,Normal Operations
2026-05-28 00:00:00,33.1,0.0,0.235,17.3,0.0,580,7,1,Normal Operations
2026-05-28 01:00:00,32.6,0.0,0.235,18.4,0.0,996,13,2,Normal Operations
2026-05-28 02:00:00,32.3,0.0,0.235,18.4,0.0,372,4,3,Normal Operations
2026-05-28 03:00:00,31.7,0.0,0.235,13.7,0.0,157,6,1,Normal Operations
2026-05-28 04:00:00,31.1,0.0,0.235,5.4,0.0,427,7,0,Normal Operations
2026-05-28 05:00:00,31.1,0.0,0.235,3.2,0.0,830,5,2,Normal Operations
2026-05-28 06:00:00,32.0,0.0,0.235,6.8,0.0,208,5,3,Normal Operations
2026-05-28 07:00:00,34.0,0.0,0.235,10.1,0.0,378,2,0,Normal Operations
2026-05-28 08:00:00,36.7,0.0,0.235,15.8,0.0,785,7,4,Normal Operations
2026-05-28 09:00:00,38.6,0.0,0.235,20.5,0.0,427,12,1,Normal Operations
2026-05-28 10:00:00,40.1,0.0,0.235,21.2,0.0,875,6,0,Normal Operations
2026-05-28 11:00:00,42.0,0.0,0.235,24.5,0.0,414,11,3,Normal Operations
2026-05-28 12:00:00,43.0,0.0,0.235,23.8,0.0,573,1,2,Shift Heavy Extraction to Night/Early Morning
2026-05-28 13:00:00,43.6,0.0,0.235,22.7,0.0,210,4,0,Shift Heavy Extraction to Night/Early Morning
2026-05-28 14:00:00,43.8,0.0,0.235,22.7,0.0,798,3,2,Shift Heavy Extraction to Night/Early Morning
2026-05-28 15:00:00,43.8,0.0,0.235,22.3,0.0,880,12,4,Shift Heavy Extraction to Night/Early Morning
2026-05-28 16:00:00,43.2,0.0,0.235,23.0,0.0,328,15,3,Shift Heavy Extraction to Night/Early Morning
2026-05-28 17:00:00,40.4,0.0,0.235,33.8,0.0,596,3,3,Normal Operations
2026-05-28 18:00:00,39.0,0.0,0.235,32.8,0.0,255,7,1,Normal Operations
2026-05-28 19:00:00,37.3,0.0,0.235,10.4,0.0,572,11,3,Normal Operations
2026-05-28 20:00:00,37.1,0.0,0.235,15.8,0.0,800,12,0,Normal Operations
2026-05-28 21:00:00,36.2,0.0,0.235,25.6,0.0,371,10,0,Normal Operations
2026-05-28 22:00:00,35.2,0.0,0.235,19.4,0.0,986,4,0,Normal Operations
2026-05-28 23:00:00,34.3,0.0,0.235,15.5,0.0,101,15,4,Normal Operations
2026-05-29 00:00:00,33.0,0.0,0.235,17.3,0.0,857,12,3,Normal Operations
2026-05-29 01:00:00,32.2,0.0,0.235,13.3,0.0,821,8,3,Normal Operations
2026-05-29 02:00:00,31.7,0.0,0.235,18.4,0.0,610,11,0,Normal Operations
2026-05-29 03:00:00,31.4,0.0,0.235,16.9,0.0,385,9,1,Normal Operations
2026-05-29 04:00:00,30.7,0.0,0.235,12.2,0.0,970,3,1,Normal Operations
2026-05-29 05:00:00,28.2,0.0,0.235,13.3,0.0,112,5,3,Normal Operations
2026-05-29 06:00:00,29.3,0.0,0.235,18.7,0.0,707,4,3,Normal Operations
2026-05-29 07:00:00,31.6,0.0,0.235,16.2,0.0,597,14,2,Normal Operations
2026-05-29 08:00:00,34.3,0.0,0.235,18.0,0.0,832,12,3,Normal Operations
2026-05-29 09:00:00,36.9,0.0,0.235,20.5,0.0,337,10,0,Normal Operations
2026-05-29 10:00:00,38.6,0.0,0.235,24.1,0.0,193,15,4,Normal Operations
2026-05-29 11:00:00,39.5,0.0,0.235,24.1,0.0,437,6,3,Normal Operations
2026-05-29 12:00:00,40.9,0.0,0.234,31.3,0.0,880,11,3,Normal Operations
2026-05-29 13:00:00,40.7,0.1,0.236,34.6,0.1,270,10,0,Normal Operations
2026-05-29 14:00:00,41.3,0.0,0.236,35.6,0.1,705,4,2,Normal Operations
2026-05-29 15:00:00,40.6,0.0,0.236,34.6,0.1,760,8,3,Normal Operations
2026-05-29 16:00:00,40.5,0.0,0.236,32.0,0.1,723,3,1,Normal Operations
2026-05-29 17:00:00,40.2,0.0,0.235,22.7,0.1,666,11,1,Normal Operations
2026-05-29 18:00:00,38.0,0.0,0.235,15.1,0.1,948,5,1,Normal Operations
2026-05-29 19:00:00,35.9,0.0,0.235,15.5,0.1,566,13,4,Normal Operations
2026-05-29 20:00:00,35.3,0.0,0.235,7.2,0.1,727,1,4,Normal Operations
2026-05-29 21:00:00,35.1,0.0,0.235,8.3,0.1,242,13,3,Normal Operations
2026-05-29 22:00:00,33.1,0.0,0.235,13.0,0.1,300,15,3,Normal Operations
2026-05-29 23:00:00,31.4,0.0,0.235,11.5,0.1,279,6,3,Normal Operations
2026-05-30 00:00:00,31.1,0.0,0.235,16.6,0.1,813,11,4,Normal Operations
2026-05-30 01:00:00,31.5,0.0,0.235,22.7,0.1,463,5,3,Normal Operations
2026-05-30 02:00:00,31.2,0.0,0.235,22.0,0.1,578,8,0,Normal Operations
2026-05-30 03:00:00,30.3,0.0,0.235,15.5,0.1,664,9,2,Normal Operations
2026-05-30 04:00:00,29.8,0.0,0.235,24.8,0.1,570,8,1,Normal Operations
2026-05-30 05:00:00,28.6,0.0,0.235,22.3,0.1,483,8,1,Normal Operations
2026-05-30 06:00:00,26.7,0.2,0.237,36.7,0.3,791,12,0,Normal Operations
2026-05-30 07:00:00,28.7,0.3,0.239,37.1,0.6,516,14,3,Normal Operations
2026-05-30 08:00:00,32.4,0.0,0.239,24.5,0.6,924,13,4,Normal Operations
2026-05-30 09:00:00,34.6,0.0,0.239,20.9,0.6,407,3,3,Normal Operations
2026-05-30 10:00:00,36.2,0.0,0.239,21.2,0.6,748,4,3,Normal Operations
2026-05-30 11:00:00,37.4,0.0,0.238,24.1,0.6,793,15,1,Normal Operations
2026-05-30 12:00:00,38.1,0.0,0.238,24.8,0.6,466,11,1,Normal Operations
2026-05-30 13:00:00,38.6,0.0,0.238,23.8,0.6,100,4,4,Normal Operations
2026-05-30 14:00:00,38.9,0.0,0.238,24.1,0.6,143,15,1,Normal Operations
2026-05-30 15:00:00,38.8,0.1,0.239,24.5,0.7,838,15,3,Normal Operations
2026-05-30 16:00:00,38.4,0.0,0.238,27.4,0.7,942,14,0,Normal Operations
2026-05-30 17:00:00,25.4,1.2,0.238,47.2,1.9,197,11,4,Normal Operations
2026-05-30 18:00:00,26.8,1.8,0.259,29.2,3.7,819,5,0,Normal Operations
2026-05-30 19:00:00,28.2,0.0,0.259,21.2,3.7,364,13,3,Normal Operations
2026-05-30 20:00:00,27.5,0.0,0.259,21.2,3.7,899,9,4,Normal Operations
2026-05-30 21:00:00,27.1,0.0,0.259,16.9,3.7,882,12,0,Normal Operations
2026-05-30 22:00:00,26.9,0.0,0.258,11.9,3.7,239,9,4,Normal Operations
2026-05-30 23:00:00,26.2,0.0,0.258,12.2,3.7,580,10,3,Normal Operations
2026-05-31 00:00:00,26.1,0.0,0.258,12.6,3.7,336,13,4,Normal Operations
2026-05-31 01:00:00,26.0,0.0,0.258,4.0,3.7,171,12,3,Normal Operations
2026-05-31 02:00:00,25.8,0.0,0.258,8.3,3.7,766,14,4,Normal Operations
2026-05-31 03:00:00,25.7,0.0,0.258,8.3,3.7,289,1,4,Normal Operations
2026-05-31 04:00:00,25.3,0.0,0.257,7.9,3.7,367,14,1,Normal Operations
2026-05-31 05:00:00,24.6,0.0,0.214,7.2,3.7,420,14,3,Normal Operations
2026-05-31 06:00:00,25.2,0.0,0.214,15.1,3.7,206,8,2,Normal Operations
2026-05-31 07:00:00,26.9,0.0,0.214,17.3,3.7,331,14,4,Normal Operations
2026-05-31 08:00:00,29.5,0.0,0.214,18.7,3.7,141,1,0,Normal Operations
2026-05-31 09:00:00,32.2,0.0,0.214,19.1,3.7,801,2,1,Normal Operations
2026-05-31 10:00:00,34.5,0.0,0.214,22.0,3.7,982,7,1,Normal Operations
2026-05-31 11:00:00,35.5,0.0,0.227,23.0,3.7,238,15,4,Normal Operations
2026-05-31 12:00:00,36.8,0.0,0.227,27.7,3.7,714,8,2,Normal Operations
2026-05-31 13:00:00,37.7,0.0,0.227,27.4,3.7,782,1,1,Normal Operations
2026-05-31 14:00:00,38.6,0.0,0.227,23.4,3.7,962,15,3,Normal Operations
2026-05-31 15:00:00,38.6,0.0,0.227,33.1,3.7,372,3,4,Normal Operations
2026-05-31 16:00:00,37.9,0.0,0.227,38.2,3.7,580,7,4,Normal Operations
2026-05-31 17:00:00,36.6,0.0,0.236,36.0,3.7,515,13,2,Normal Operations
2026-05-31 18:00:00,35.5,0.0,0.236,27.4,3.7,605,9,3,Normal Operations
2026-05-31 19:00:00,34.6,0.0,0.236,20.2,3.7,832,8,3,Normal Operations
2026-05-31 20:00:00,34.1,0.0,0.236,15.5,3.7,824,8,2,Normal Operations
2026-05-31 21:00:00,33.4,0.0,0.236,10.8,3.7,952,15,0,Normal Operations
2026-05-31 22:00:00,32.5,0.0,0.236,16.2,3.7,523,9,3,Normal Operations
2026-05-31 23:00:00,31.3,0.0,0.261,16.2,3.7,506,10,0,Normal Operations
2026-06-01 00:00:00,30.0,0.0,0.261,23.0,3.7,667,3,0,Normal Operations
2026-06-01 01:00:00,29.7,0.0,0.261,11.2,3.7,489,8,4,Normal Operations
2026-06-01 02:00:00,29.2,0.0,0.26,10.1,3.7,441,1,4,Normal Operations
2026-06-01 03:00:00,28.1,0.0,0.26,10.4,3.7,713,8,1,Normal Operations
2026-06-01 04:00:00,27.8,0.0,0.26,7.2,3.7,592,13,4,Normal Operations
2026-06-01 05:00:00,26.6,0.0,0.246,4.3,3.7,291,7,3,Normal Operations
2026-06-01 06:00:00,27.1,0.0,0.246,7.9,3.7,598,13,3,Normal Operations
2026-06-01 07:00:00,28.8,0.0,0.245,12.6,3.7,921,15,0,Normal Operations
2026-06-01 08:00:00,31.1,0.0,0.245,16.2,3.7,811,8,3,Normal Operations
2026-06-01 09:00:00,33.1,0.0,0.244,19.1,3.7,332,1,4,Normal Operations
2026-06-01 10:00:00,35.0,0.0,0.244,21.6,3.7,326,6,4,Normal Operations
2026-06-01 11:00:00,36.1,0.0,0.243,21.6,3.7,470,7,4,Normal Operations
2026-06-01 12:00:00,37.0,0.0,0.242,17.6,3.7,238,14,2,Normal Operations
2026-06-01 13:00:00,37.7,0.0,0.242,16.6,3.6,955,11,3,Normal Operations
2026-06-01 14:00:00,37.7,0.0,0.241,16.2,3.6,916,5,1,Normal Operations
2026-06-01 15:00:00,37.9,0.0,0.24,16.6,3.6,248,14,3,Normal Operations
2026-06-01 16:00:00,37.8,0.0,0.24,17.6,3.6,214,5,3,Normal Operations
2026-06-01 17:00:00,37.0,0.0,0.261,17.3,3.6,549,7,2,Normal Operations
2026-06-01 18:00:00,35.7,0.0,0.26,11.2,3.6,162,15,3,Normal Operations
2026-06-01 19:00:00,34.2,0.0,0.26,1.8,3.6,203,11,0,Normal Operations
2026-06-01 20:00:00,32.9,0.0,0.26,6.1,3.6,950,15,4,Normal Operations
2026-06-01 21:00:00,31.4,0.0,0.259,15.1,3.6,970,3,4,Normal Operations
2026-06-01 22:00:00,30.1,0.0,0.259,14.8,3.6,767,6,2,Normal Operations
2026-06-01 23:00:00,29.5,0.0,0.259,12.2,3.6,372,7,4,Normal Operations
2026-06-02 00:00:00,29.5,0.0,0.258,17.3,3.6,105,1,0,Normal Operations
2026-06-02 01:00:00,29.2,0.0,0.258,18.4,3.6,246,12,2,Normal Operations
2026-06-02 02:00:00,28.9,0.0,0.258,17.6,3.6,283,2,1,Normal Operations
2026-06-02 03:00:00,28.4,0.0,0.257,13.7,3.6,127,12,4,Normal Operations
2026-06-02 04:00:00,28.1,0.0,0.257,18.7,3.6,649,4,3,Normal Operations
2026-06-02 05:00:00,27.2,0.0,0.239,19.1,3.6,218,13,0,Normal Operations
2026-06-02 06:00:00,28.0,0.0,0.239,16.6,3.4000000000000004,392,8,0,Normal Operations
2026-06-02 07:00:00,29.5,0.0,0.239,22.0,3.1,470,11,4,Normal Operations
2026-06-02 08:00:00,31.1,0.0,0.239,29.2,3.1,343,13,1,Normal Operations
2026-06-02 09:00:00,33.3,0.0,0.239,28.1,3.1,679,14,3,Normal Operations
2026-06-02 10:00:00,35.3,0.0,0.238,23.8,3.1,825,10,1,Normal Operations
2026-06-02 11:00:00,36.8,0.0,0.238,25.2,3.1,317,6,1,Normal Operations
2026-06-02 12:00:00,37.5,0.0,0.238,26.3,3.1,276,1,4,Normal Operations
2026-06-02 13:00:00,38.0,0.0,0.238,26.3,3.1,398,10,3,Normal Operations
2026-06-02 14:00:00,38.2,0.0,0.238,27.4,3.1,775,5,4,Normal Operations
2026-06-02 15:00:00,37.8,0.0,0.238,29.2,3.0,157,7,4,Normal Operations
2026-06-02 16:00:00,37.1,0.0,0.238,29.2,3.0,368,15,0,Normal Operations
2026-06-02 17:00:00,37.3,0.0,0.245,24.8,1.8,407,13,4,Normal Operations
2026-06-02 18:00:00,35.6,0.0,0.244,14.8,0.0,669,6,2,Normal Operations
2026-06-02 19:00:00,33.0,0.0,0.244,10.8,0.0,387,13,3,Normal Operations
2026-06-02 20:00:00,31.0,0.0,0.244,14.8,0.0,204,13,0,Normal Operations
2026-06-02 21:00:00,29.6,0.0,0.244,13.3,0.0,327,12,3,Normal Operations
2026-06-02 22:00:00,29.3,0.0,0.244,10.8,0.0,346,9,0,Normal Operations
2026-06-02 23:00:00,28.5,0.0,0.254,10.8,0.0,799,8,2,Normal Operations
2026-06-03 00:00:00,28.5,0.0,0.254,10.4,0.0,593,15,4,Normal Operations
2026-06-03 01:00:00,28.7,0.0,0.254,6.5,0.0,182,4,0,Normal Operations
2026-06-03 02:00:00,28.6,0.0,0.253,10.4,0.0,285,13,0,Normal Operations
2026-06-03 03:00:00,28.4,0.0,0.253,13.0,0.0,351,11,0,Normal Operations
2026-06-03 04:00:00,28.0,0.0,0.253,13.0,0.0,454,12,2,Normal Operations
2026-06-03 05:00:00,28.1,0.0,0.238,6.5,0.0,849,5,3,Normal Operations
2026-06-03 06:00:00,28.7,0.0,0.238,14.8,0.0,971,7,2,Normal Operations
2026-06-03 07:00:00,31.0,0.0,0.237,14.8,0.0,795,8,0,Normal Operations
2026-06-03 08:00:00,33.4,0.0,0.237,12.2,0.0,895,5,0,Normal Operations
2026-06-03 09:00:00,35.2,0.0,0.237,15.5,0.0,996,9,4,Normal Operations
2026-06-03 10:00:00,36.7,0.0,0.237,20.5,0.0,309,14,2,Normal Operations
2026-06-03 11:00:00,37.2,0.1,0.238,25.9,0.1,915,10,2,Normal Operations
2026-06-03 12:00:00,37.8,0.0,0.238,24.1,0.1,907,12,1,Normal Operations
2026-06-03 13:00:00,38.3,0.0,0.238,24.5,0.1,708,4,3,Normal Operations
2026-06-03 14:00:00,38.5,0.0,0.238,25.6,0.1,546,4,1,Normal Operations
2026-06-03 15:00:00,38.3,0.0,0.237,25.6,0.1,559,13,1,Normal Operations
2026-06-03 16:00:00,37.8,0.0,0.237,25.2,0.1,571,8,3,Normal Operations
2026-06-03 17:00:00,38.0,0.0,0.232,22.7,0.1,819,1,4,Normal Operations
2026-06-03 18:00:00,36.7,0.0,0.232,19.4,0.1,469,8,4,Normal Operations
2026-06-03 19:00:00,35.5,0.0,0.232,13.3,0.1,999,5,3,Normal Operations
2026-06-03 20:00:00,34.5,0.0,0.232,12.6,0.1,591,13,3,Normal Operations
2026-06-03 21:00:00,33.8,0.0,0.232,9.4,0.1,236,14,2,Normal Operations
2026-06-03 22:00:00,33.8,0.0,0.232,3.2,0.1,466,11,2,Normal Operations
2026-06-03 23:00:00,32.8,0.0,0.233,6.8,0.1,283,1,2,Normal Operations
2026-06-04 00:00:00,27.6,0.7,0.24,22.3,0.7999999999999999,687,4,2,Normal Operations
2026-06-04 01:00:00,25.6,1.0,0.251,18.7,1.7999999999999998,386,2,0,Normal Operations
2026-06-04 02:00:00,24.6,2.1,0.277,22.7,3.9,571,4,0,Pause Operations & Maintain Equipment
2026-06-04 03:00:00,25.6,0.3,0.281,15.5,4.2,474,8,4,Normal Operations
2026-06-04 04:00:00,26.2,0.0,0.281,10.4,4.2,753,5,0,Normal Operations
2026-06-04 05:00:00,29.1,0.0,0.233,10.4,4.2,848,1,0,Normal Operations
2026-06-04 06:00:00,29.8,0.0,0.233,19.1,4.2,636,7,2,Normal Operations
2026-06-04 07:00:00,31.7,0.0,0.233,22.0,4.2,610,1,2,Normal Operations
2026-06-04 08:00:00,33.2,0.0,0.233,24.1,4.2,901,9,3,Normal Operations
2026-06-04 09:00:00,35.0,0.0,0.233,24.1,4.2,678,3,2,Normal Operations
2026-06-04 10:00:00,36.7,0.0,0.233,22.0,4.2,349,12,3,Normal Operations
2026-06-04 11:00:00,38.1,0.0,0.241,23.4,4.2,609,3,3,Normal Operations
2026-06-04 12:00:00,38.7,0.0,0.24,29.5,4.2,729,15,0,Normal Operations
2026-06-04 13:00:00,39.1,0.0,0.24,29.5,4.2,172,15,2,Normal Operations
2026-06-04 14:00:00,38.9,0.0,0.24,28.1,4.2,381,6,0,Normal Operations
2026-06-04 15:00:00,38.7,0.0,0.24,25.2,4.2,459,10,2,Normal Operations
2026-06-04 16:00:00,38.4,0.0,0.24,21.2,4.2,109,6,0,Normal Operations
2026-06-04 17:00:00,37.9,0.0,0.232,24.1,4.2,310,13,0,Normal Operations
2026-06-04 18:00:00,36.6,0.0,0.232,15.8,4.2,934,11,0,Normal Operations
2026-06-04 19:00:00,35.5,0.0,0.232,7.6,4.2,251,11,4,Normal Operations
2026-06-04 20:00:00,34.9,0.0,0.232,4.3,4.2,104,6,0,Normal Operations
2026-06-04 21:00:00,34.1,0.0,0.232,5.8,4.2,294,13,1,Normal Operations
2026-06-04 22:00:00,33.0,0.0,0.232,16.9,4.2,382,1,1,Normal Operations
2026-06-04 23:00:00,31.9,0.0,0.241,18.4,4.2,563,5,1,Normal Operations
2026-06-05 00:00:00,30.8,0.0,0.241,13.0,4.2,212,12,3,Normal Operations
2026-06-05 01:00:00,29.9,0.0,0.241,3.6,4.2,370,6,0,Normal Operations
2026-06-05 02:00:00,29.3,0.0,0.241,9.4,4.2,262,8,1,Normal Operations
2026-06-05 03:00:00,28.6,0.0,0.241,15.5,4.2,559,13,3,Normal Operations
2026-06-05 04:00:00,28.4,0.0,0.241,13.3,4.2,204,1,1,Normal Operations
2026-06-05 05:00:00,27.8,0.0,0.271,5.0,4.2,792,5,2,Normal Operations
2026-06-05 06:00:00,28.6,0.0,0.271,13.0,4.2,655,3,4,Normal Operations
2026-06-05 07:00:00,30.6,0.0,0.27,16.9,4.2,381,2,0,Normal Operations
2026-06-05 08:00:00,32.2,0.0,0.269,22.7,4.2,786,11,4,Normal Operations
2026-06-05 09:00:00,33.8,0.0,0.268,22.7,4.2,261,8,4,Normal Operations
2026-06-05 10:00:00,35.1,0.0,0.266,20.9,4.2,450,7,2,Normal Operations
2026-06-05 11:00:00,36.2,0.0,0.274,28.1,4.2,533,10,2,Normal Operations
2026-06-05 12:00:00,37.0,0.0,0.272,27.4,4.2,951,7,2,Normal Operations
2026-06-05 13:00:00,36.7,0.0,0.27,35.6,4.2,239,5,3,Normal Operations
2026-06-05 14:00:00,36.3,0.0,0.268,36.7,4.2,570,12,1,Normal Operations
2026-06-05 15:00:00,36.4,0.0,0.267,32.4,4.2,231,13,0,Normal Operations
2026-06-05 16:00:00,36.1,0.0,0.265,25.2,4.2,186,9,2,Normal Operations
2026-06-05 17:00:00,36.5,0.0,0.258,20.2,4.2,787,5,0,Normal Operations
2026-06-05 18:00:00,35.1,0.0,0.258,15.5,4.2,282,2,0,Normal Operations
2026-06-05 19:00:00,33.4,0.0,0.258,7.6,4.2,467,3,0,Normal Operations
2026-06-05 20:00:00,32.1,0.0,0.257,8.6,4.2,228,4,2,Normal Operations
2026-06-05 21:00:00,31.3,0.0,0.257,9.0,4.2,345,15,2,Normal Operations
2026-06-05 22:00:00,31.4,0.0,0.257,13.0,4.2,700,5,1,Normal Operations
2026-06-05 23:00:00,32.1,0.0,0.261,20.2,4.2,677,13,2,Normal Operations
2026-06-06 00:00:00,31.3,0.0,0.261,28.4,4.2,769,3,2,Normal Operations
2026-06-06 01:00:00,30.1,0.0,0.26,28.8,4.2,998,12,0,Normal Operations
2026-06-06 02:00:00,29.2,0.0,0.26,21.6,4.2,477,14,1,Normal Operations
2026-06-06 03:00:00,28.8,0.0,0.26,17.6,4.2,248,7,4,Normal Operations
2026-06-06 04:00:00,28.4,0.0,0.26,15.8,4.2,951,5,2,Normal Operations
2026-06-06 05:00:00,28.0,0.0,0.242,15.8,4.2,532,5,2,Normal Operations
2026-06-06 06:00:00,29.0,0.0,0.242,15.5,4.2,727,6,4,Normal Operations
2026-06-06 07:00:00,30.7,0.0,0.242,18.4,4.2,825,7,0,Normal Operations
2026-06-06 08:00:00,32.3,0.0,0.242,25.2,4.2,568,10,1,Normal Operations
2026-06-06 09:00:00,33.9,0.0,0.241,27.7,4.2,545,10,0,Normal Operations
2026-06-06 10:00:00,35.2,0.1,0.242,29.9,4.3,580,8,3,Normal Operations
2026-06-06 11:00:00,35.7,0.0,0.248,36.0,4.2,983,9,2,Normal Operations
2026-06-06 12:00:00,36.6,0.0,0.247,36.7,4.2,393,11,3,Normal Operations
2026-06-06 13:00:00,37.2,0.0,0.246,40.0,4.2,864,4,2,Normal Operations
2026-06-06 14:00:00,35.0,0.1,0.246,49.0,4.300000000000001,242,5,3,Normal Operations
2026-06-06 15:00:00,35.3,0.0,0.245,46.1,4.300000000000001,349,15,4,Normal Operations
2026-06-06 16:00:00,35.6,0.0,0.244,35.3,4.300000000000001,977,5,2,Normal Operations
2026-06-06 17:00:00,35.9,0.0,0.243,32.4,4.300000000000001,401,8,2,Normal Operations
2026-06-06 18:00:00,34.3,0.0,0.243,31.3,4.300000000000001,124,9,3,Normal Operations
2026-06-06 19:00:00,33.1,0.0,0.242,19.4,4.300000000000001,888,7,1,Normal Operations
2026-06-06 20:00:00,31.8,0.0,0.242,18.0,4.300000000000001,988,15,3,Normal Operations
2026-06-06 21:00:00,31.2,0.0,0.242,13.3,4.300000000000001,989,5,2,Normal Operations
2026-06-06 22:00:00,30.8,0.0,0.242,13.3,4.300000000000001,1000,3,2,Normal Operations
2026-06-06 23:00:00,29.9,0.0,0.239,7.2,4.300000000000001,169,1,1,Normal Operations
2026-06-07 00:00:00,29.1,0.0,0.239,9.4,3.6,724,11,0,Normal Operations
2026-06-07 01:00:00,28.3,0.0,0.239,17.6,2.6,974,9,1,Normal Operations
2026-06-07 02:00:00,28.0,0.0,0.239,19.4,0.5,211,5,0,Normal Operations
2026-06-07 03:00:00,27.9,0.0,0.239,21.6,0.2,463,9,2,Normal Operations
2026-06-07 04:00:00,28.2,0.0,0.238,25.2,0.2,402,10,4,Normal Operations
2026-06-07 05:00:00,28.5,0.0,0.242,26.3,0.2,570,15,4,Normal Operations
2026-06-07 06:00:00,29.4,0.0,0.242,22.0,0.2,190,12,3,Normal Operations
2026-06-07 07:00:00,31.4,0.0,0.242,27.0,0.2,629,13,1,Normal Operations
2026-06-07 08:00:00,33.1,0.0,0.242,33.5,0.2,760,14,1,Normal Operations
2026-06-07 09:00:00,34.9,0.0,0.241,33.5,0.2,838,4,4,Normal Operations
2026-06-07 10:00:00,36.6,0.0,0.241,33.5,0.2,825,5,0,Normal Operations
2026-06-07 11:00:00,38.0,0.0,0.254,31.7,0.2,971,4,1,Normal Operations
2026-06-07 12:00:00,38.2,0.0,0.252,25.9,0.2,762,2,0,Normal Operations
2026-06-07 13:00:00,38.6,0.0,0.251,24.1,0.2,291,12,0,Normal Operations
2026-06-07 14:00:00,38.6,0.0,0.25,21.2,0.2,651,1,0,Normal Operations
2026-06-07 15:00:00,38.2,0.0,0.249,16.9,0.2,341,8,0,Normal Operations
2026-06-07 16:00:00,37.9,0.0,0.248,20.9,0.2,237,4,3,Normal Operations
2026-06-07 17:00:00,38.3,0.0,0.234,21.2,0.2,444,5,3,Normal Operations
2026-06-07 18:00:00,37.0,0.0,0.234,12.6,0.2,279,6,4,Normal Operations
2026-06-07 19:00:00,36.0,0.0,0.234,5.4,0.2,811,14,3,Normal Operations
2026-06-07 20:00:00,35.3,0.0,0.234,5.4,0.2,602,8,1,Normal Operations
2026-06-07 21:00:00,34.7,0.0,0.234,6.8,0.2,302,11,3,Normal Operations
2026-06-07 22:00:00,33.6,0.0,0.234,6.8,0.2,672,8,1,Normal Operations
2026-06-07 23:00:00,33.2,0.0,0.234,5.0,0.2,291,7,1,Normal Operations
2026-06-08 00:00:00,32.2,0.0,0.234,10.8,0.2,104,4,0,Normal Operations
2026-06-08 01:00:00,31.3,0.0,0.234,12.2,0.2,989,6,4,Normal Operations
2026-06-08 02:00:00,30.5,0.0,0.234,12.2,0.2,336,4,0,Normal Operations
2026-06-08 03:00:00,30.2,0.0,0.234,8.6,0.2,792,15,0,Normal Operations
2026-06-08 04:00:00,30.0,0.0,0.234,8.3,0.2,410,14,3,Normal Operations
2026-06-08 05:00:00,29.9,0.0,0.238,11.5,0.2,648,7,3,Normal Operations
2026-06-08 06:00:00,30.6,0.0,0.238,8.3,0.2,155,12,1,Normal Operations
2026-06-08 07:00:00,32.6,0.0,0.238,11.5,0.2,542,13,3,Normal Operations
2026-06-08 08:00:00,34.1,0.0,0.238,18.7,0.2,336,12,3,Normal Operations
2026-06-08 09:00:00,35.8,0.0,0.238,21.2,0.2,969,15,2,Normal Operations
2026-06-08 10:00:00,37.7,0.0,0.238,24.1,0.2,960,13,1,Normal Operations
2026-06-08 11:00:00,39.2,0.0,0.246,25.2,0.2,296,13,1,Normal Operations
2026-06-08 12:00:00,39.7,0.0,0.245,24.8,0.2,684,11,2,Normal Operations
2026-06-08 13:00:00,40.0,0.0,0.244,24.8,0.2,670,14,1,Normal Operations
2026-06-08 14:00:00,40.3,0.0,0.243,24.8,0.2,851,1,4,Normal Operations
2026-06-08 15:00:00,39.8,0.0,0.243,24.5,0.2,613,5,4,Normal Operations
2026-06-08 16:00:00,39.3,0.0,0.242,22.3,0.2,548,15,2,Normal Operations
2026-06-08 17:00:00,39.2,0.0,0.24,18.7,0.2,459,14,3,Normal Operations
2026-06-08 18:00:00,37.7,0.0,0.24,13.0,0.2,799,10,4,Normal Operations
2026-06-08 19:00:00,36.7,0.0,0.24,4.7,0.2,918,12,2,Normal Operations
2026-06-08 20:00:00,32.8,0.1,0.24,25.9,0.3,129,15,4,Normal Operations
2026-06-08 21:00:00,31.5,0.0,0.24,33.5,0.3,878,10,0,Normal Operations
2026-06-08 22:00:00,29.9,0.2,0.242,16.6,0.5,207,15,2,Normal Operations
2026-06-08 23:00:00,31.1,0.8,0.267,13.0,1.3,943,4,1,Normal Operations
2026-06-09 00:00:00,29.2,0.2,0.269,16.6,1.5,701,11,4,Normal Operations
2026-06-09 01:00:00,25.9,0.8,0.276,27.4,2.3,816,7,1,Normal Operations
2026-06-09 02:00:00,25.7,0.5,0.281,23.0,2.8,990,13,2,Normal Operations
2026-06-09 03:00:00,26.4,0.0,0.281,13.7,2.8,544,9,4,Normal Operations
2026-06-09 04:00:00,27.0,0.0,0.281,9.4,2.8,992,5,1,Normal Operations
2026-06-09 05:00:00,29.9,0.0,0.244,5.8,2.8,537,4,3,Normal Operations
2026-06-09 06:00:00,30.2,0.0,0.244,14.8,2.8,831,15,3,Normal Operations
2026-06-09 07:00:00,31.6,0.0,0.244,16.9,2.8,989,9,0,Normal Operations
2026-06-09 08:00:00,33.0,0.0,0.243,18.4,2.8,705,5,2,Normal Operations
2026-06-09 09:00:00,34.9,0.0,0.243,18.4,2.8,556,9,1,Normal Operations
2026-06-09 10:00:00,36.4,0.0,0.242,20.5,2.7,714,8,0,Normal Operations
2026-06-09 11:00:00,37.3,0.0,0.256,27.0,2.7,834,4,2,Normal Operations
2026-06-09 12:00:00,38.8,0.0,0.254,27.4,2.7,797,11,3,Normal Operations
2026-06-09 13:00:00,39.9,0.0,0.253,27.7,2.7,795,11,1,Normal Operations
2026-06-09 14:00:00,40.3,0.0,0.251,27.0,2.6,594,7,4,Normal Operations
2026-06-09 15:00:00,40.1,0.0,0.25,25.6,2.6,773,5,3,Normal Operations
2026-06-09 16:00:00,39.7,0.0,0.249,23.0,2.6,346,10,4,Normal Operations
2026-06-09 17:00:00,38.9,0.0,0.234,15.8,2.6,642,4,4,Normal Operations
2026-06-09 18:00:00,37.2,0.0,0.234,22.0,2.6,663,5,1,Normal Operations
2026-06-09 19:00:00,36.6,0.0,0.234,22.0,2.6,956,5,1,Normal Operations
2026-06-09 20:00:00,35.9,0.0,0.234,8.3,2.6,687,11,4,Normal Operations
2026-06-09 21:00:00,35.4,0.0,0.234,12.2,2.6,996,15,0,Normal Operations
2026-06-09 22:00:00,34.2,0.0,0.234,13.3,2.6,538,9,4,Normal Operations
2026-06-09 23:00:00,33.8,0.0,0.254,7.2,2.6,377,12,4,Normal Operations
2026-06-10 00:00:00,33.2,0.0,0.253,7.6,2.6,651,9,1,Normal Operations
2026-06-10 01:00:00,32.5,0.0,0.253,5.8,2.6,712,6,2,Normal Operations
2026-06-10 02:00:00,31.8,0.0,0.253,5.8,2.6,210,14,3,Normal Operations
2026-06-10 03:00:00,30.9,0.1,0.253,9.7,2.7,484,4,1,Normal Operations
2026-06-10 04:00:00,29.5,0.3,0.255,11.2,3.0,932,15,0,Normal Operations
2026-06-10 05:00:00,29.8,0.0,0.245,10.1,3.0,860,2,3,Normal Operations
2026-06-10 06:00:00,30.8,0.0,0.245,14.4,3.0,290,14,1,Normal Operations
2026-06-10 07:00:00,32.6,0.0,0.245,19.8,3.0,589,3,1,Normal Operations
2026-06-10 08:00:00,34.8,0.0,0.244,30.2,3.0,793,2,2,Normal Operations
2026-06-10 09:00:00,36.7,0.0,0.244,36.7,3.0,525,5,0,Normal Operations
2026-06-10 10:00:00,38.3,0.0,0.243,36.7,3.0,504,6,0,Normal Operations
2026-06-10 11:00:00,39.6,0.0,0.26,33.5,3.0,434,11,1,Normal Operations
2026-06-10 12:00:00,40.2,0.0,0.258,30.2,3.0,308,5,2,Normal Operations
2026-06-10 13:00:00,39.5,0.2,0.259,32.8,3.2,121,2,1,Normal Operations
2026-06-10 14:00:00,39.4,0.1,0.258,32.8,3.3,777,12,4,Normal Operations
2026-06-10 15:00:00,39.8,0.0,0.257,26.6,3.3,710,5,4,Normal Operations
2026-06-10 16:00:00,39.4,0.0,0.256,26.6,3.3,307,9,2,Normal Operations
2026-06-10 17:00:00,35.8,0.0,0.259,29.5,3.3,107,4,1,Normal Operations
2026-06-10 18:00:00,34.1,0.0,0.258,31.3,3.3,801,12,2,Normal Operations
2026-06-10 19:00:00,31.7,0.0,0.258,34.6,3.3,786,10,1,Normal Operations
2026-06-10 20:00:00,31.5,0.0,0.257,21.2,3.3,884,2,1,Normal Operations
2026-06-10 21:00:00,30.9,0.0,0.257,15.5,3.3,628,3,4,Normal Operations
2026-06-10 22:00:00,30.7,0.0,0.257,16.6,3.3,701,3,3,Normal Operations
2026-06-10 23:00:00,30.2,0.0,0.256,12.2,3.3,752,9,0,Normal Operations
2026-06-11 00:00:00,29.8,0.0,0.256,11.5,3.3,756,4,0,Normal Operations
2026-06-11 01:00:00,29.7,0.0,0.256,10.8,3.3,265,15,2,Normal Operations
2026-06-11 02:00:00,29.7,0.0,0.256,11.2,3.3,948,1,0,Normal Operations
2026-06-11 03:00:00,29.5,0.0,0.255,11.5,3.3,595,1,4,Normal Operations
2026-06-11 04:00:00,29.4,0.0,0.255,11.5,3.3,689,15,3,Normal Operations
2026-06-11 05:00:00,27.2,0.0,0.266,7.6,3.3,528,7,1,Normal Operations
2026-06-11 06:00:00,27.9,0.0,0.265,13.3,3.3,873,7,1,Normal Operations
2026-06-11 07:00:00,29.5,0.0,0.265,19.1,3.3,262,2,4,Normal Operations
2026-06-11 08:00:00,31.2,0.0,0.264,21.2,3.3,465,9,0,Normal Operations
2026-06-11 09:00:00,33.1,0.0,0.263,22.3,3.3,625,9,1,Normal Operations
2026-06-11 10:00:00,34.8,0.0,0.262,22.3,3.3,338,5,0,Normal Operations
2026-06-11 11:00:00,35.8,0.0,0.264,21.6,3.3,171,15,4,Normal Operations
2026-06-11 12:00:00,37.3,0.0,0.262,20.9,3.3,544,15,1,Normal Operations
2026-06-11 13:00:00,38.3,0.0,0.26,22.0,3.3,754,3,2,Normal Operations
2026-06-11 14:00:00,39.0,0.0,0.258,22.0,3.3,921,3,3,Normal Operations
2026-06-11 15:00:00,39.7,0.0,0.257,21.2,3.3,608,12,0,Normal Operations
2026-06-11 16:00:00,39.5,0.0,0.256,23.4,3.3,894,3,0,Normal Operations
2026-06-11 17:00:00,39.3,0.0,0.245,23.0,3.3,368,6,0,Normal Operations
2026-06-11 18:00:00,37.3,0.0,0.245,18.7,3.3,852,4,0,Normal Operations
2026-06-11 19:00:00,35.6,0.0,0.245,7.6,3.3,514,8,4,Normal Operations
2026-06-11 20:00:00,34.8,0.0,0.244,19.1,3.2,344,15,4,Normal Operations
2026-06-11 21:00:00,34.1,0.0,0.244,19.4,3.2,774,13,4,Normal Operations
2026-06-11 22:00:00,33.1,0.1,0.245,20.9,3.1,159,11,4,Normal Operations
2026-06-11 23:00:00,32.5,0.0,0.253,22.0,2.3,105,13,1,Normal Operations
2026-06-12 00:00:00,31.0,0.0,0.253,34.6,2.1,808,11,4,Normal Operations
2026-06-12 01:00:00,30.2,0.0,0.252,29.9,1.3,669,11,1,Normal Operations
2026-06-12 02:00:00,29.6,0.0,0.252,19.1,0.8,916,5,2,Normal Operations
2026-06-12 03:00:00,29.0,0.0,0.252,13.3,0.8,506,1,4,Normal Operations
2026-06-12 04:00:00,28.7,0.0,0.252,16.2,0.8,316,9,2,Normal Operations
2026-06-12 05:00:00,28.6,0.0,0.247,16.6,0.8,125,1,4,Normal Operations
2026-06-12 06:00:00,29.5,0.0,0.247,18.0,0.8,914,6,2,Normal Operations
2026-06-12 07:00:00,30.8,0.0,0.247,24.8,0.8,104,1,3,Normal Operations
2026-06-12 08:00:00,32.3,0.0,0.246,28.4,0.8,631,3,2,Normal Operations
2026-06-12 09:00:00,33.8,0.0,0.246,27.4,0.8,489,15,1,Normal Operations
2026-06-12 10:00:00,35.0,0.0,0.245,28.1,0.8,809,10,0,Normal Operations
2026-06-12 11:00:00,36.3,0.0,0.254,29.2,0.8,670,5,2,Normal Operations
2026-06-12 12:00:00,37.5,0.0,0.253,32.8,0.8,547,15,0,Normal Operations
2026-06-12 13:00:00,38.4,0.0,0.251,31.7,0.8,853,10,3,Normal Operations
2026-06-12 14:00:00,37.9,0.0,0.25,28.4,0.8,245,7,3,Normal Operations
2026-06-12 15:00:00,37.9,0.0,0.25,27.0,0.8,487,14,1,Normal Operations
2026-06-12 16:00:00,34.3,0.0,0.249,26.3,0.8,884,10,1,Normal Operations
2026-06-12 17:00:00,35.3,0.2,0.25,38.5,1.0,348,8,2,Normal Operations
2026-06-12 18:00:00,33.6,0.0,0.249,30.6,1.0,625,12,4,Normal Operations
2026-06-12 19:00:00,32.4,0.0,0.249,31.7,1.0,561,9,3,Normal Operations
2026-06-12 20:00:00,31.7,0.0,0.248,23.4,1.0,112,6,0,Normal Operations
2026-06-12 21:00:00,31.3,0.0,0.248,19.8,1.0,483,15,4,Normal Operations
2026-06-12 22:00:00,31.0,0.0,0.248,14.0,1.0,655,11,3,Normal Operations
2026-06-12 23:00:00,28.1,0.0,0.248,9.0,1.0,986,9,2,Normal Operations
2026-06-13 00:00:00,28.0,0.0,0.248,18.7,1.0,498,8,3,Normal Operations
2026-06-13 01:00:00,27.6,0.0,0.247,16.2,1.0,118,9,1,Normal Operations
2026-06-13 02:00:00,27.5,0.0,0.248,9.7,1.0,674,10,0,Normal Operations
2026-06-13 03:00:00,26.8,0.1,0.248,10.4,1.0,590,4,0,Normal Operations
2026-06-13 04:00:00,26.8,0.0,0.248,10.4,0.7000000000000001,850,9,1,Normal Operations
2026-06-13 05:00:00,27.5,0.0,0.271,12.2,0.7000000000000001,518,15,4,Normal Operations
2026-06-13 06:00:00,27.8,0.0,0.271,16.6,0.7000000000000001,436,7,1,Normal Operations
2026-06-13 07:00:00,28.7,0.0,0.271,21.6,0.7000000000000001,518,5,0,Normal Operations
2026-06-13 08:00:00,30.2,0.0,0.27,19.4,0.7000000000000001,711,5,2,Normal Operations
2026-06-13 09:00:00,31.6,0.0,0.269,19.1,0.7000000000000001,774,1,4,Normal Operations
2026-06-13 10:00:00,32.1,0.0,0.268,20.2,0.7000000000000001,221,2,3,Normal Operations
2026-06-13 11:00:00,32.8,0.0,0.268,19.8,0.7000000000000001,531,10,2,Normal Operations
2026-06-13 12:00:00,34.2,0.1,0.267,31.3,0.8,143,3,4,Normal Operations
2026-06-13 13:00:00,34.7,0.0,0.266,31.3,0.6000000000000001,971,14,0,Normal Operations
2026-06-13 14:00:00,35.1,0.0,0.264,25.6,0.5,416,14,0,Normal Operations
2026-06-13 15:00:00,35.2,0.0,0.263,22.7,0.5,480,8,2,Normal Operations
2026-06-13 16:00:00,35.0,0.0,0.262,24.1,0.5,244,6,4,Normal Operations
2026-06-13 17:00:00,34.6,0.0,0.293,23.8,0.5,426,12,3,Normal Operations
2026-06-13 18:00:00,33.2,0.0,0.292,30.2,0.5,462,10,3,Normal Operations
2026-06-13 19:00:00,32.3,0.0,0.292,18.7,0.5,149,11,1,Normal Operations
2026-06-13 20:00:00,31.0,0.0,0.291,10.1,0.5,164,13,2,Normal Operations
2026-06-13 21:00:00,29.5,0.0,0.291,19.4,0.5,454,15,4,Normal Operations
2026-06-13 22:00:00,29.0,0.0,0.291,14.4,0.5,899,14,2,Normal Operations
2026-06-13 23:00:00,27.9,0.0,0.291,9.4,0.5,263,5,3,Normal Operations
2026-06-14 00:00:00,27.6,0.0,0.291,9.4,0.5,240,13,4,Normal Operations
2026-06-14 01:00:00,27.4,0.0,0.29,9.0,0.5,925,1,0,Normal Operations
2026-06-14 02:00:00,25.1,0.8,0.299,25.9,1.3,227,12,0,Normal Operations
2026-06-14 03:00:00,23.7,6.0,0.381,24.5,7.3,497,11,4,Pause Operations & Maintain Equipment
2026-06-14 04:00:00,24.0,2.0,0.407,22.7,9.3,979,12,2,Normal Operations
2026-06-14 05:00:00,24.6,0.0,0.295,15.8,9.3,562,9,2,Normal Operations
2026-06-14 06:00:00,25.9,0.0,0.295,12.6,9.3,850,3,0,Normal Operations
2026-06-14 07:00:00,27.6,0.0,0.294,13.3,9.3,935,3,0,Normal Operations
2026-06-14 08:00:00,29.3,0.0,0.294,14.4,9.3,907,2,3,Normal Operations
2026-06-14 09:00:00,32.1,0.0,0.292,23.0,9.3,286,4,4,Normal Operations
2026-06-14 10:00:00,34.2,0.0,0.291,28.8,9.3,819,12,2,Normal Operations
2026-06-14 11:00:00,36.1,0.0,0.309,32.4,9.3,831,2,3,Normal Operations
2026-06-14 12:00:00,36.9,0.0,0.306,33.5,9.3,289,13,2,Normal Operations
2026-06-14 13:00:00,34.7,0.1,0.304,45.7,9.4,487,9,0,Normal Operations
2026-06-14 14:00:00,33.4,0.2,0.304,56.2,9.6,528,12,4,Normal Operations
2026-06-14 15:00:00,35.3,0.0,0.302,35.3,9.6,957,10,1,Normal Operations
2026-06-14 16:00:00,35.6,0.0,0.3,28.8,9.6,383,7,4,Normal Operations
2026-06-14 17:00:00,35.5,0.3,0.321,19.8,9.9,963,8,1,Normal Operations
2026-06-14 18:00:00,34.0,0.0,0.321,18.0,9.9,336,3,3,Normal Operations
2026-06-14 19:00:00,28.5,0.1,0.321,50.0,10.0,293,6,1,Normal Operations
2026-06-14 20:00:00,25.5,0.8,0.327,56.9,10.8,386,15,1,Normal Operations
2026-06-14 21:00:00,26.2,0.3,0.329,24.5,11.1,870,10,3,Normal Operations
2026-06-14 22:00:00,26.9,0.0,0.329,20.9,11.0,857,6,4,Normal Operations
2026-06-14 23:00:00,27.7,0.0,0.335,20.2,11.0,235,13,3,Normal Operations
2026-06-15 00:00:00,27.4,0.0,0.334,16.2,11.0,891,1,0,Normal Operations
2026-06-15 01:00:00,27.1,0.0,0.334,18.4,11.0,882,6,0,Normal Operations
2026-06-15 02:00:00,26.9,0.0,0.333,18.4,11.0,270,13,1,Normal Operations
2026-06-15 03:00:00,27.1,0.0,0.333,17.3,11.0,258,14,3,Normal Operations
2026-06-15 04:00:00,27.0,0.0,0.333,17.3,11.0,300,3,3,Normal Operations
2026-06-15 05:00:00,27.2,0.0,0.307,15.8,11.0,586,11,3,Normal Operations
2026-06-15 06:00:00,27.7,0.0,0.306,11.2,11.0,656,3,4,Normal Operations
2026-06-15 07:00:00,29.2,0.0,0.305,18.4,11.0,875,3,2,Normal Operations
2026-06-15 08:00:00,30.8,0.0,0.304,22.7,11.0,682,10,2,Normal Operations
2026-06-15 09:00:00,32.1,0.0,0.302,25.2,11.0,603,11,2,Normal Operations
2026-06-15 10:00:00,33.8,0.0,0.3,27.0,11.0,975,15,4,Normal Operations
2026-06-15 11:00:00,35.8,0.0,0.316,28.8,11.0,470,11,3,Normal Operations
2026-06-15 12:00:00,36.6,0.0,0.313,32.0,11.0,202,15,2,Normal Operations
2026-06-15 13:00:00,37.1,0.0,0.31,32.4,11.0,224,10,3,Normal Operations
2026-06-15 14:00:00,36.8,0.0,0.306,34.9,11.0,412,11,1,Normal Operations
2026-06-15 15:00:00,36.5,0.0,0.304,34.9,11.0,897,8,2,Normal Operations
2026-06-15 16:00:00,36.0,0.0,0.302,26.3,11.0,557,13,1,Normal Operations
2026-06-15 17:00:00,36.9,0.0,0.276,18.0,10.8,329,5,4,Normal Operations
2026-06-15 18:00:00,35.0,0.0,0.276,9.7,10.8,757,4,0,Normal Operations
2026-06-15 19:00:00,32.6,0.0,0.275,6.1,10.8,981,13,4,Normal Operations
2026-06-15 20:00:00,32.0,0.0,0.275,9.0,10.8,296,9,4,Normal Operations
2026-06-15 21:00:00,31.3,0.0,0.274,21.6,10.8,984,9,4,Normal Operations
2026-06-15 22:00:00,30.9,0.0,0.274,25.2,10.8,832,1,2,Normal Operations
2026-06-15 23:00:00,30.1,0.0,0.271,25.9,10.8,522,2,1,Normal Operations
2026-06-16 00:00:00,29.5,0.2,0.272,19.1,11.0,671,8,2,Normal Operations
2026-06-16 01:00:00,29.7,0.0,0.271,19.8,11.0,709,5,0,Normal Operations
2026-06-16 02:00:00,29.5,0.0,0.271,19.8,11.0,270,7,4,Normal Operations
2026-06-16 03:00:00,29.0,0.0,0.271,15.1,10.9,481,1,3,Normal Operations
2026-06-16 04:00:00,28.3,0.0,0.271,11.2,10.9,272,12,0,Normal Operations
2026-06-16 05:00:00,27.7,0.0,0.273,15.5,10.9,762,10,1,Normal Operations
2026-06-16 06:00:00,28.4,0.0,0.273,15.5,10.9,552,12,0,Normal Operations
2026-06-16 07:00:00,30.0,0.0,0.272,19.4,10.9,449,5,2,Normal Operations
2026-06-16 08:00:00,32.3,0.0,0.271,26.3,10.9,733,11,3,Normal Operations
2026-06-16 09:00:00,34.2,0.0,0.27,29.5,10.9,593,12,2,Normal Operations
2026-06-16 10:00:00,35.6,0.0,0.269,32.0,10.9,719,3,4,Normal Operations
2026-06-16 11:00:00,36.7,0.0,0.279,31.7,10.9,103,10,4,Normal Operations
2026-06-16 12:00:00,37.7,0.0,0.276,22.3,10.8,192,12,0,Normal Operations
2026-06-16 13:00:00,38.3,0.0,0.274,23.0,10.8,105,12,4,Normal Operations
2026-06-16 14:00:00,38.1,0.0,0.273,23.0,10.8,387,14,4,Normal Operations
2026-06-16 15:00:00,37.9,0.0,0.271,25.2,10.8,717,2,1,Normal Operations
2026-06-16 16:00:00,37.3,0.0,0.27,27.0,10.8,245,2,1,Normal Operations
2026-06-16 17:00:00,38.5,0.0,0.259,26.3,10.8,882,9,2,Normal Operations
2026-06-16 18:00:00,35.7,0.0,0.259,14.4,10.8,523,13,2,Normal Operations
2026-06-16 19:00:00,33.2,0.0,0.258,9.7,10.8,989,4,1,Normal Operations
2026-06-16 20:00:00,31.7,0.0,0.258,25.6,10.8,707,4,0,Normal Operations
2026-06-16 21:00:00,30.3,0.0,0.258,26.3,10.8,556,7,1,Normal Operations
2026-06-16 22:00:00,29.9,0.0,0.257,20.9,10.8,840,10,2,Normal Operations
2026-06-16 23:00:00,29.0,0.0,0.251,20.9,10.8,301,10,3,Normal Operations
2026-06-17 00:00:00,28.7,0.0,0.251,21.6,10.8,311,13,4,Normal Operations
2026-06-17 01:00:00,28.2,0.0,0.25,18.0,10.8,105,2,3,Normal Operations
2026-06-17 02:00:00,27.6,0.0,0.25,18.4,10.0,723,3,3,Normal Operations
2026-06-17 03:00:00,27.1,0.0,0.25,18.4,4.0,475,3,4,Normal Operations
2026-06-17 04:00:00,26.7,0.0,0.25,14.4,2.0,990,6,1,Normal Operations
2026-06-17 05:00:00,27.0,0.0,0.257,7.6,2.0,546,3,0,Normal Operations
2026-06-17 06:00:00,28.2,0.0,0.257,16.6,2.0,934,11,3,Normal Operations
2026-06-17 07:00:00,30.1,0.0,0.256,23.4,2.0,205,5,0,Normal Operations
2026-06-17 08:00:00,31.7,0.0,0.255,25.6,2.0,750,4,2,Normal Operations
2026-06-17 09:00:00,33.6,0.0,0.255,24.8,2.0,910,3,3,Normal Operations
2026-06-17 10:00:00,35.5,0.0,0.253,25.2,2.0,500,8,2,Normal Operations
2026-06-17 11:00:00,36.5,0.0,0.276,23.4,2.0,195,14,1,Normal Operations
2026-06-17 12:00:00,37.2,0.0,0.274,21.2,2.0,487,10,3,Normal Operations
2026-06-17 13:00:00,37.6,0.0,0.272,22.0,1.9,551,3,2,Normal Operations
2026-06-17 14:00:00,37.7,0.0,0.27,21.6,1.7,948,6,2,Normal Operations
2026-06-17 15:00:00,37.7,0.0,0.268,17.6,1.7,908,13,1,Normal Operations
2026-06-17 16:00:00,37.4,0.0,0.267,14.8,1.7,1000,15,0,Normal Operations
2026-06-17 17:00:00,35.0,0.8,0.244,47.5,2.2,515,7,0,Normal Operations
2026-06-17 18:00:00,30.9,0.0,0.244,42.8,2.2,825,7,3,Normal Operations
2026-06-17 19:00:00,30.6,0.0,0.243,19.1,2.1,603,2,1,Normal Operations
2026-06-17 20:00:00,30.5,0.0,0.243,13.7,1.3,553,14,3,Normal Operations
2026-06-17 21:00:00,30.1,0.0,0.243,17.6,1.0,390,3,0,Normal Operations
2026-06-17 22:00:00,30.0,0.0,0.243,16.2,1.0,633,12,1,Normal Operations
2026-06-17 23:00:00,30.3,0.0,0.256,8.6,1.0,292,10,4,Normal Operations
2026-06-18 00:00:00,30.0,0.0,0.256,15.8,1.0,249,10,1,Normal Operations
2026-06-18 01:00:00,29.6,0.0,0.256,10.4,1.0,979,15,1,Normal Operations
2026-06-18 02:00:00,28.9,0.0,0.256,6.5,1.0,858,4,4,Normal Operations
2026-06-18 03:00:00,28.7,0.0,0.256,9.4,1.0,878,7,2,Normal Operations
2026-06-18 04:00:00,28.6,0.0,0.255,11.9,1.0,862,2,2,Normal Operations
2026-06-18 05:00:00,26.8,0.0,0.28,11.9,1.0,614,3,2,Normal Operations
2026-06-18 06:00:00,27.8,0.0,0.279,13.0,1.0,492,7,0,Normal Operations
2026-06-18 07:00:00,29.6,0.0,0.279,14.0,1.0,415,7,1,Normal Operations
2026-06-18 08:00:00,30.8,0.0,0.278,22.0,1.0,175,15,4,Normal Operations
2026-06-18 09:00:00,31.9,0.0,0.277,22.7,1.0,698,10,0,Normal Operations
2026-06-18 10:00:00,34.0,0.1,0.276,33.1,1.1,369,3,4,Normal Operations
2026-06-18 11:00:00,34.7,0.5,0.281,41.0,1.6,324,12,0,Normal Operations
2026-06-18 12:00:00,35.6,0.0,0.279,33.5,1.6,629,1,0,Normal Operations
2026-06-18 13:00:00,35.9,0.0,0.277,31.0,1.6,212,12,0,Normal Operations
2026-06-18 14:00:00,35.9,0.1,0.276,30.2,1.7,350,3,4,Normal Operations
2026-06-18 15:00:00,29.9,2.0,0.296,37.8,3.7,332,5,3,Normal Operations
2026-06-18 16:00:00,32.2,0.4,0.298,27.4,4.1000000000000005,940,7,0,Normal Operations
2026-06-18 17:00:00,33.6,0.0,0.285,20.5,4.1000000000000005,890,4,2,Normal Operations
2026-06-18 18:00:00,32.5,0.0,0.285,21.6,4.1000000000000005,813,13,1,Normal Operations
2026-06-18 19:00:00,31.6,0.0,0.284,10.4,4.1000000000000005,182,13,3,Normal Operations
2026-06-18 20:00:00,31.6,0.0,0.284,4.7,4.1000000000000005,224,11,3,Normal Operations
2026-06-18 21:00:00,31.2,0.0,0.284,4.3,4.1000000000000005,274,11,4,Normal Operations
2026-06-18 22:00:00,30.8,0.0,0.284,4.3,4.1000000000000005,168,15,3,Normal Operations
2026-06-18 23:00:00,29.5,0.0,0.293,4.0,4.1000000000000005,146,1,4,Normal Operations
2026-06-19 00:00:00,28.7,0.0,0.293,11.9,3.9,983,6,4,Normal Operations
2026-06-19 01:00:00,28.4,0.0,0.292,10.1,3.9,355,2,2,Normal Operations
2026-06-19 02:00:00,27.5,0.0,0.292,18.0,3.9,826,12,0,Normal Operations
2026-06-19 03:00:00,27.8,0.0,0.292,14.0,3.9,129,3,3,Normal Operations
2026-06-19 04:00:00,27.7,0.0,0.292,9.4,3.9,380,4,0,Normal Operations
2026-06-19 05:00:00,27.0,0.0,0.34,10.4,3.9,336,6,0,Normal Operations
2026-06-19 06:00:00,26.5,0.2,0.341,14.0,4.1000000000000005,347,6,0,Normal Operations
2026-06-19 07:00:00,25.7,0.2,0.343,29.9,4.300000000000001,467,7,4,Normal Operations
2026-06-19 08:00:00,29.0,0.1,0.342,25.2,4.4,594,5,0,Normal Operations
2026-06-19 09:00:00,31.5,0.0,0.34,16.9,4.4,124,7,3,Normal Operations
2026-06-19 10:00:00,32.9,0.0,0.337,15.1,4.4,685,2,4,Normal Operations
2026-06-19 11:00:00,34.4,0.0,0.363,20.9,4.4,817,1,3,Normal Operations
2026-06-19 12:00:00,35.5,0.0,0.359,24.1,4.4,589,12,4,Normal Operations
2026-06-19 13:00:00,35.8,0.0,0.354,25.2,4.4,593,10,1,Normal Operations
2026-06-19 14:00:00,35.7,0.0,0.351,32.0,4.4,413,8,1,Normal Operations
2026-06-19 15:00:00,36.0,0.0,0.348,32.0,4.4,705,1,1,Normal Operations
2026-06-19 16:00:00,36.2,0.2,0.346,19.8,4.6000000000000005,474,12,1,Normal Operations
2026-06-19 17:00:00,35.6,0.1,0.319,13.3,4.7,738,2,4,Normal Operations
2026-06-19 18:00:00,33.8,0.0,0.318,15.8,4.7,124,11,0,Normal Operations
2026-06-19 19:00:00,32.6,0.0,0.318,14.0,4.7,433,12,2,Normal Operations
2026-06-19 20:00:00,31.5,0.0,0.317,9.7,4.7,454,10,2,Normal Operations
2026-06-19 21:00:00,31.2,0.0,0.317,14.8,4.7,215,6,1,Normal Operations
2026-06-19 22:00:00,30.9,0.0,0.316,18.0,4.7,147,1,0,Normal Operations
2026-06-19 23:00:00,28.0,0.0,0.318,9.4,4.7,837,10,3,Normal Operations
2026-06-20 00:00:00,27.4,0.0,0.318,9.7,4.7,877,3,0,Normal Operations
2026-06-20 01:00:00,27.1,0.0,0.318,6.8,4.7,198,7,3,Normal Operations
2026-06-20 02:00:00,27.0,0.0,0.318,6.8,4.7,558,12,2,Normal Operations
2026-06-20 03:00:00,26.6,0.0,0.317,7.2,4.7,622,8,0,Normal Operations
2026-06-20 04:00:00,26.5,0.0,0.317,6.5,4.7,696,4,0,Normal Operations
2026-06-20 05:00:00,26.2,0.0,0.32,10.1,4.7,504,12,2,Normal Operations
2026-06-20 06:00:00,27.2,0.0,0.319,9.0,4.7,313,3,0,Normal Operations
2026-06-20 07:00:00,30.0,0.0,0.319,11.2,4.7,784,1,3,Normal Operations
2026-06-20 08:00:00,31.8,0.0,0.317,16.2,4.7,602,12,0,Normal Operations
2026-06-20 09:00:00,33.0,0.0,0.315,23.4,4.7,820,9,3,Normal Operations
2026-06-20 10:00:00,34.2,0.0,0.312,25.2,4.7,547,10,1,Normal Operations
2026-06-20 11:00:00,35.7,0.0,0.291,30.6,4.7,993,6,0,Normal Operations
2026-06-20 12:00:00,37.1,0.0,0.288,26.6,4.7,675,6,3,Normal Operations
2026-06-20 13:00:00,37.6,0.0,0.286,25.9,4.7,357,9,2,Normal Operations
2026-06-20 14:00:00,38.0,0.1,0.284,24.5,4.800000000000001,943,1,1,Normal Operations
2026-06-20 15:00:00,38.3,0.0,0.282,24.1,4.800000000000001,220,6,0,Normal Operations
2026-06-20 16:00:00,38.2,0.0,0.28,24.1,4.800000000000001,909,12,3,Normal Operations
2026-06-20 17:00:00,38.3,0.0,0.27,24.5,4.0,153,5,0,Normal Operations
2026-06-20 18:00:00,35.2,0.0,0.27,6.1,4.0,430,13,3,Normal Operations
2026-06-20 19:00:00,33.6,0.0,0.27,4.7,4.0,883,11,0,Normal Operations
2026-06-20 20:00:00,32.8,0.0,0.27,7.6,4.0,340,15,1,Normal Operations
2026-06-20 21:00:00,32.3,0.0,0.269,22.7,4.0,854,6,1,Normal Operations
2026-06-20 22:00:00,31.3,0.0,0.269,23.0,4.0,629,14,0,Normal Operations
2026-06-20 23:00:00,31.2,0.0,0.256,21.6,4.0,582,11,0,Normal Operations
2026-06-21 00:00:00,30.8,0.0,0.256,26.6,4.0,286,8,4,Normal Operations
2026-06-21 01:00:00,30.2,0.0,0.255,27.4,4.0,957,5,0,Normal Operations
2026-06-21 02:00:00,29.6,0.0,0.255,26.6,4.0,755,2,0,Normal Operations
2026-06-21 03:00:00,29.1,0.0,0.255,25.9,4.0,361,12,1,Normal Operations
2026-06-21 04:00:00,28.8,0.0,0.254,24.8,4.0,463,12,0,Normal Operations
2026-06-21 05:00:00,28.1,0.0,0.25,22.3,4.0,590,2,2,Normal Operations
2026-06-21 06:00:00,29.0,0.0,0.25,14.4,4.0,530,10,0,Normal Operations
2026-06-21 07:00:00,30.4,0.0,0.25,16.9,4.0,338,5,4,Normal Operations
2026-06-21 08:00:00,32.0,0.0,0.25,20.5,4.0,403,3,3,Normal Operations
2026-06-21 09:00:00,33.6,0.0,0.249,23.4,4.0,397,10,1,Normal Operations
2026-06-21 10:00:00,35.0,0.1,0.249,31.3,4.0,175,3,2,Normal Operations
2026-06-21 11:00:00,36.8,0.1,0.241,30.2,3.6,799,8,3,Normal Operations
2026-06-21 12:00:00,37.9,0.0,0.241,31.0,3.6,432,7,2,Normal Operations
2026-06-21 13:00:00,37.9,0.0,0.24,32.8,3.6,999,1,1,Normal Operations
2026-06-21 14:00:00,38.0,0.0,0.24,31.7,3.5,857,12,4,Normal Operations
2026-06-21 15:00:00,37.8,0.0,0.24,29.5,1.5000000000000002,741,13,1,Normal Operations
2026-06-21 16:00:00,36.3,0.0,0.24,30.2,1.1,573,12,2,Normal Operations
2026-06-21 17:00:00,34.2,0.6,0.249,32.8,1.7000000000000002,926,5,2,Normal Operations
2026-06-21 18:00:00,31.9,0.0,0.249,45.7,1.7000000000000002,382,9,1,Normal Operations
2026-06-21 19:00:00,31.4,0.0,0.249,21.6,1.7000000000000002,690,4,0,Normal Operations
2026-06-21 20:00:00,31.1,0.0,0.248,16.6,1.7000000000000002,171,1,1,Normal Operations
2026-06-21 21:00:00,30.7,0.0,0.248,13.7,1.7000000000000002,362,8,4,Normal Operations
2026-06-21 22:00:00,30.5,0.0,0.248,8.3,1.7000000000000002,802,5,1,Normal Operations
2026-06-21 23:00:00,30.0,0.0,0.254,12.2,1.7000000000000002,978,2,3,Normal Operations
2026-06-22 00:00:00,29.8,0.0,0.253,11.2,1.7000000000000002,986,15,0,Normal Operations
2026-06-22 01:00:00,29.5,0.0,0.253,9.0,1.7000000000000002,674,12,3,Normal Operations
2026-06-22 02:00:00,29.2,0.0,0.253,6.1,1.7000000000000002,991,1,1,Normal Operations
2026-06-22 03:00:00,29.0,0.0,0.253,9.0,1.7000000000000002,111,14,0,Normal Operations
2026-06-22 04:00:00,29.0,0.0,0.253,9.4,1.7000000000000002,240,12,3,Normal Operations
2026-06-22 05:00:00,29.0,0.0,0.25,10.1,1.7000000000000002,865,12,3,Normal Operations
2026-06-22 06:00:00,29.7,0.0,0.25,9.4,1.5000000000000002,654,12,0,Normal Operations
2026-06-22 07:00:00,31.0,0.0,0.25,19.4,1.3000000000000005,116,3,0,Normal Operations
2026-06-22 08:00:00,32.3,0.0,0.249,19.1,1.2000000000000002,162,9,2,Normal Operations
2026-06-22 09:00:00,34.0,0.0,0.249,21.2,1.2000000000000002,352,1,0,Normal Operations
2026-06-22 10:00:00,33.4,0.0,0.248,32.4,1.2000000000000002,564,4,1,Normal Operations
2026-06-22 11:00:00,34.5,0.0,0.224,31.0,1.2000000000000002,475,8,4,Normal Operations
2026-06-22 12:00:00,34.6,0.2,0.225,25.2,1.4,903,8,2,Normal Operations
2026-06-22 13:00:00,35.7,0.2,0.227,24.5,1.6,619,10,0,Normal Operations
2026-06-22 14:00:00,35.8,0.1,0.228,23.0,1.7000000000000002,936,12,4,Normal Operations
2026-06-22 15:00:00,36.0,0.0,0.228,22.3,1.7000000000000002,189,11,2,Normal Operations
2026-06-22 16:00:00,34.0,0.3,0.23,27.0,1.8000000000000005,819,13,1,Normal Operations
2026-06-22 17:00:00,32.9,0.9,0.287,41.8,2.6,903,11,4,Normal Operations
2026-06-22 18:00:00,32.0,0.0,0.286,13.0,2.6,895,8,0,Normal Operations
2026-06-22 19:00:00,31.1,0.0,0.286,17.6,2.6,729,10,0,Normal Operations
2026-06-22 20:00:00,30.3,0.0,0.285,24.5,2.6,960,8,1,Normal Operations
2026-06-22 21:00:00,28.8,0.0,0.285,29.2,2.6,274,4,2,Normal Operations
2026-06-22 22:00:00,28.1,0.0,0.284,20.2,2.6,175,8,4,Normal Operations
2026-06-22 23:00:00,26.7,0.0,0.344,9.4,2.6,712,9,1,Normal Operations
2026-06-23 00:00:00,26.5,0.0,0.343,10.8,2.6,762,7,2,Normal Operations
2026-06-23 01:00:00,26.4,0.0,0.343,8.6,2.6,499,14,3,Normal Operations
2026-06-23 02:00:00,26.4,0.0,0.343,6.8,2.6,881,12,3,Normal Operations
2026-06-23 03:00:00,26.5,0.0,0.342,11.9,2.6,170,2,2,Normal Operations
2026-06-23 04:00:00,26.4,0.0,0.342,13.7,2.6,279,9,0,Normal Operations
2026-06-23 05:00:00,26.5,0.0,0.302,14.8,2.6,223,11,0,Normal Operations
2026-06-23 06:00:00,26.6,0.0,0.302,19.8,2.6,480,8,3,Normal Operations
2026-06-23 07:00:00,27.6,0.0,0.301,18.4,2.6,392,13,0,Normal Operations
2026-06-23 08:00:00,28.9,0.0,0.3,23.0,2.6,896,5,0,Normal Operations
2026-06-23 09:00:00,30.4,0.0,0.299,26.6,2.6,294,15,2,Normal Operations
2026-06-23 10:00:00,32.0,0.0,0.297,27.7,2.6,327,12,2,Normal Operations
2026-06-23 11:00:00,33.1,0.0,0.316,29.5,2.6,530,3,0,Normal Operations
2026-06-23 12:00:00,33.8,0.0,0.313,30.2,2.6,535,7,2,Normal Operations
2026-06-23 13:00:00,34.3,0.0,0.31,28.8,2.6,886,14,4,Normal Operations
2026-06-23 14:00:00,34.5,0.0,0.308,27.4,2.5,560,14,3,Normal Operations
2026-06-23 15:00:00,33.3,0.2,0.307,26.3,2.7,717,15,4,Normal Operations
2026-06-23 16:00:00,32.0,0.1,0.307,20.9,2.8000000000000003,120,2,4,Normal Operations
2026-06-23 17:00:00,29.5,3.3,0.269,29.2,6.1,163,13,0,Pause Operations & Maintain Equipment
2026-06-23 18:00:00,29.1,0.0,0.269,16.6,6.1,264,3,0,Normal Operations
2026-06-23 19:00:00,28.2,0.1,0.269,15.8,6.2,126,12,4,Normal Operations
2026-06-23 20:00:00,26.7,0.6,0.274,9.7,6.8,410,9,4,Normal Operations
2026-06-23 21:00:00,26.0,0.6,0.28,15.1,7.4,384,4,1,Normal Operations
2026-06-23 22:00:00,25.6,0.8,0.289,13.3,8.2,759,4,1,Normal Operations
2026-06-23 23:00:00,25.3,0.8,0.341,11.2,9.0,380,3,3,Normal Operations
2026-06-24 00:00:00,25.1,0.0,0.341,7.6,9.0,937,5,4,Normal Operations
2026-06-24 01:00:00,24.9,0.1,0.342,7.6,9.1,930,3,2,Normal Operations
2026-06-24 02:00:00,24.7,0.0,0.342,12.6,9.1,263,9,1,Normal Operations
2026-06-24 03:00:00,24.6,0.0,0.342,13.3,9.1,997,15,0,Normal Operations
2026-06-24 04:00:00,24.7,0.0,0.342,14.8,9.1,323,3,4,Normal Operations
2026-06-24 05:00:00,25.2,0.0,0.271,12.6,9.1,883,2,2,Normal Operations
2026-06-24 06:00:00,25.6,0.0,0.271,14.0,9.1,245,12,2,Normal Operations
2026-06-24 07:00:00,26.6,0.1,0.271,17.6,9.2,967,5,2,Normal Operations
2026-06-24 08:00:00,28.0,0.2,0.273,22.7,9.4,129,6,0,Normal Operations
2026-06-24 09:00:00,29.0,0.2,0.274,23.8,9.6,144,1,1,Normal Operations
2026-06-24 10:00:00,30.2,0.1,0.274,26.3,9.6,886,14,2,Normal Operations
2026-06-24 11:00:00,31.2,0.0,0.277,27.0,9.5,570,12,1,Normal Operations
2026-06-24 12:00:00,32.4,0.1,0.276,30.6,9.6,133,11,3,Normal Operations
2026-06-24 13:00:00,33.4,0.0,0.275,28.4,9.6,752,6,0,Normal Operations
2026-06-24 14:00:00,34.2,0.0,0.274,25.9,9.6,526,10,1,Normal Operations
2026-06-24 15:00:00,30.0,0.9,0.282,30.6,10.5,929,3,1,Normal Operations
2026-06-24 16:00:00,28.8,1.6,0.298,30.6,12.1,985,4,2,Normal Operations
2026-06-24 17:00:00,32.8,0.1,0.196,20.9,11.6,320,6,2,Normal Operations
2026-06-24 18:00:00,31.8,0.0,0.196,22.7,11.6,967,8,0,Normal Operations
2026-06-24 19:00:00,30.1,0.0,0.196,27.4,11.6,633,15,1,Normal Operations
2026-06-24 20:00:00,29.8,0.0,0.196,18.7,11.6,791,9,4,Normal Operations
2026-06-24 21:00:00,29.4,0.0,0.196,16.6,11.6,466,6,2,Normal Operations
2026-06-24 22:00:00,28.7,0.0,0.196,16.2,11.6,940,7,2,Normal Operations
2026-06-24 23:00:00,27.8,0.0,0.175,17.3,11.6,842,15,3,Normal Operations
2026-06-25 00:00:00,27.3,0.0,0.175,19.4,11.6,649,14,0,Normal Operations
2026-06-25 01:00:00,27.0,0.0,0.175,13.0,11.6,681,5,1,Normal Operations
2026-06-25 02:00:00,26.8,0.0,0.175,7.6,11.6,215,14,1,Normal Operations
2026-06-25 03:00:00,26.5,0.0,0.175,2.5,11.6,338,12,1,Normal Operations
2026-06-25 04:00:00,26.4,0.0,0.175,4.7,11.6,434,15,2,Normal Operations
2026-06-25 05:00:00,25.8,0.0,0.178,5.8,11.6,540,9,0,Normal Operations
2026-06-25 06:00:00,26.3,0.0,0.178,11.9,11.6,247,4,1,Normal Operations
2026-06-25 07:00:00,27.4,0.0,0.178,12.2,11.6,108,10,4,Normal Operations
2026-06-25 08:00:00,29.4,0.0,0.178,14.4,11.6,387,11,3,Normal Operations
2026-06-25 09:00:00,31.0,0.0,0.178,15.8,11.6,487,6,3,Normal Operations
2026-06-25 10:00:00,32.4,0.0,0.179,18.0,11.6,149,5,1,Normal Operations
2026-06-25 11:00:00,33.4,0.1,0.172,19.1,11.7,949,1,2,Normal Operations
2026-06-25 12:00:00,34.4,0.1,0.173,21.6,11.6,616,5,3,Normal Operations
2026-06-25 13:00:00,34.7,0.0,0.173,22.0,11.4,954,13,3,Normal Operations
2026-06-25 14:00:00,35.2,0.0,0.173,18.7,11.3,737,5,3,Normal Operations
2026-06-25 15:00:00,33.2,0.2,0.175,30.2,11.5,686,14,3,Normal Operations
2026-06-25 16:00:00,30.8,0.6,0.18,33.5,11.8,776,9,1,Normal Operations
2026-06-25 17:00:00,32.9,0.2,0.132,19.4,11.1,377,1,0,Normal Operations
2026-06-25 18:00:00,31.6,0.0,0.132,24.1,11.1,935,15,0,Normal Operations
2026-06-25 19:00:00,31.1,0.0,0.132,21.6,11.1,399,5,2,Normal Operations
2026-06-25 20:00:00,30.7,0.0,0.132,14.4,11.1,901,15,4,Normal Operations
2026-06-25 21:00:00,30.5,0.0,0.132,9.0,11.1,688,7,0,Normal Operations
2026-06-25 22:00:00,30.1,0.0,0.132,8.3,11.1,909,11,4,Normal Operations
2026-06-25 23:00:00,29.3,0.0,0.129,7.9,11.1,748,6,0,Normal Operations
2026-06-26 00:00:00,29.1,0.0,0.129,9.4,11.1,717,6,0,Normal Operations
2026-06-26 01:00:00,28.1,0.0,0.129,19.8,11.1,706,12,2,Normal Operations
2026-06-26 02:00:00,27.3,0.0,0.129,20.5,11.1,234,7,3,Normal Operations
2026-06-26 03:00:00,27.4,0.0,0.129,19.1,11.1,679,6,2,Normal Operations
2026-06-26 04:00:00,27.4,0.0,0.129,17.3,11.1,246,5,0,Normal Operations
2026-06-26 05:00:00,27.7,0.0,0.155,18.7,11.1,589,10,3,Normal Operations
2026-06-26 06:00:00,28.0,0.0,0.155,18.7,11.1,577,5,3,Normal Operations
2026-06-26 07:00:00,29.7,0.0,0.155,22.0,11.1,258,9,3,Normal Operations
2026-06-26 08:00:00,31.5,0.0,0.155,23.0,11.1,483,14,4,Normal Operations
2026-06-26 09:00:00,32.8,0.1,0.156,23.4,11.2,262,8,0,Normal Operations
2026-06-26 10:00:00,34.1,0.1,0.157,22.0,11.3,540,14,1,Normal Operations
2026-06-26 11:00:00,35.2,0.2,0.165,22.0,11.5,952,12,2,Normal Operations
2026-06-26 12:00:00,31.6,0.4,0.169,26.6,11.9,288,15,4,Normal Operations
2026-06-26 13:00:00,31.2,0.5,0.173,38.2,12.4,514,10,2,Normal Operations
2026-06-26 14:00:00,31.6,1.1,0.182,24.8,13.5,438,14,1,Normal Operations
2026-06-26 15:00:00,32.0,0.5,0.187,22.3,13.8,706,4,3,Normal Operations
2026-06-26 16:00:00,30.7,0.8,0.193,21.6,14.5,280,4,1,Normal Operations
2026-06-26 17:00:00,28.6,0.2,0.22,16.2,11.4,387,10,2,Normal Operations
2026-06-26 18:00:00,28.7,0.1,0.221,11.5,11.5,933,5,1,Normal Operations
2026-06-26 19:00:00,28.4,0.0,0.221,10.1,11.4,286,13,0,Normal Operations
2026-06-26 20:00:00,28.3,0.0,0.221,4.7,10.8,983,13,1,Normal Operations
2026-06-26 21:00:00,28.1,0.0,0.221,5.8,10.2,237,3,0,Normal Operations
2026-06-26 22:00:00,27.7,0.0,0.221,6.1,9.4,229,15,1,Normal Operations
2026-06-26 23:00:00,27.6,0.0,0.207,5.8,8.6,293,8,0,Normal Operations
2026-06-27 00:00:00,27.1,0.0,0.207,7.2,8.6,415,7,0,Normal Operations
2026-06-27 01:00:00,26.8,0.0,0.207,7.2,8.5,884,5,1,Normal Operations
2026-06-27 02:00:00,26.8,0.0,0.207,6.8,8.5,963,10,4,Normal Operations
2026-06-27 03:00:00,27.0,0.0,0.207,8.6,8.5,243,3,3,Normal Operations
2026-06-27 04:00:00,27.0,0.0,0.207,8.6,8.5,115,15,3,Normal Operations
2026-06-27 05:00:00,27.7,0.0,0.192,8.6,8.5,401,5,3,Normal Operations
2026-06-27 06:00:00,28.0,0.0,0.192,7.9,8.5,522,3,0,Normal Operations
2026-06-27 07:00:00,29.4,0.0,0.192,9.7,8.4,344,10,3,Normal Operations
2026-06-27 08:00:00,31.0,0.0,0.192,13.7,8.2,206,5,0,Normal Operations
2026-06-27 09:00:00,32.6,0.0,0.192,16.9,8.0,187,1,4,Normal Operations
2026-06-27 10:00:00,34.1,0.0,0.191,17.6,7.900000000000001,228,6,1,Normal Operations
2026-06-27 11:00:00,35.0,0.0,0.197,19.4,7.900000000000001,986,10,1,Normal Operations
2026-06-27 12:00:00,36.3,0.0,0.198,18.7,7.800000000000001,440,4,0,Normal Operations
2026-06-27 13:00:00,36.3,0.0,0.198,24.8,7.800000000000001,103,4,0,Normal Operations
2026-06-27 14:00:00,30.6,1.0,0.208,31.0,8.8,426,8,4,Normal Operations
2026-06-27 15:00:00,27.6,1.4,0.221,37.1,9.3,509,2,3,Normal Operations
2026-06-27 16:00:00,28.8,1.4,0.234,19.8,9.1,978,4,4,Normal Operations
2026-06-27 17:00:00,32.6,0.3,0.208,17.6,9.3,405,15,1,Normal Operations
2026-06-27 18:00:00,31.6,0.0,0.208,24.8,9.3,706,2,1,Normal Operations
2026-06-27 19:00:00,30.3,0.0,0.208,20.9,9.3,820,1,3,Normal Operations
2026-06-27 20:00:00,29.5,0.0,0.208,18.7,9.3,324,10,1,Normal Operations
2026-06-27 21:00:00,29.2,0.0,0.208,15.8,9.3,447,13,0,Normal Operations
2026-06-27 22:00:00,28.8,0.0,0.208,13.3,9.3,420,13,1,Normal Operations
2026-06-27 23:00:00,27.8,0.0,0.225,13.3,9.3,658,3,2,Normal Operations
2026-06-28 00:00:00,27.6,0.0,0.225,9.0,9.3,280,12,3,Normal Operations
2026-06-28 01:00:00,27.4,0.0,0.225,7.9,9.3,717,8,3,Normal Operations
2026-06-28 02:00:00,27.2,0.0,0.225,7.9,9.3,810,6,3,Normal Operations
2026-06-28 03:00:00,27.1,0.0,0.225,7.2,9.3,485,12,2,Normal Operations
2026-06-28 04:00:00,27.0,0.0,0.225,6.1,9.3,717,7,4,Normal Operations
2026-06-28 05:00:00,26.7,0.0,0.211,8.6,9.3,891,2,0,Normal Operations
2026-06-28 06:00:00,27.4,0.0,0.211,9.0,9.3,871,6,3,Normal Operations
2026-06-28 07:00:00,28.2,0.0,0.211,10.4,9.3,207,14,1,Normal Operations
2026-06-28 08:00:00,29.6,0.0,0.211,11.5,9.3,630,8,0,Normal Operations
2026-06-28 09:00:00,31.6,0.1,0.212,15.5,9.4,509,8,1,Normal Operations
2026-06-28 10:00:00,32.8,0.1,0.213,16.9,9.5,395,4,0,Normal Operations
2026-06-28 11:00:00,34.0,0.0,0.213,18.7,9.400000000000002,917,6,0,Normal Operations
2026-06-28 12:00:00,35.2,0.0,0.213,22.0,9.3,270,14,1,Normal Operations
2026-06-28 13:00:00,35.4,0.0,0.214,22.3,9.3,430,5,1,Normal Operations
2026-06-28 14:00:00,35.5,0.0,0.214,22.7,9.3,592,9,0,Normal Operations
2026-06-28 15:00:00,34.1,0.1,0.215,23.0,9.2,294,8,3,Normal Operations
2026-06-28 16:00:00,33.6,0.1,0.216,14.8,8.700000000000001,111,2,1,Normal Operations
2026-06-28 17:00:00,33.0,0.0,0.216,10.8,8.5,294,12,2,Normal Operations
2026-06-28 18:00:00,32.4,0.0,0.216,14.0,8.5,589,13,2,Normal Operations
2026-06-28 19:00:00,31.2,0.0,0.216,15.8,8.5,894,7,0,Normal Operations
2026-06-28 20:00:00,30.3,0.0,0.216,22.3,8.5,980,7,4,Normal Operations
2026-06-28 21:00:00,29.8,0.0,0.216,20.2,8.5,281,11,0,Normal Operations
2026-06-28 22:00:00,29.4,0.0,0.216,15.1,8.5,916,14,0,Normal Operations
2026-06-28 23:00:00,29.6,0.0,0.269,15.8,8.5,755,14,3,Normal Operations
2026-06-29 00:00:00,26.6,1.4,0.284,26.6,9.9,997,12,3,Normal Operations
2026-06-29 01:00:00,26.0,0.4,0.288,18.4,10.3,415,1,4,Normal Operations
2026-06-29 02:00:00,25.7,0.2,0.289,18.0,10.5,793,1,4,Normal Operations
2026-06-29 03:00:00,25.6,0.0,0.289,15.1,10.5,129,12,4,Normal Operations
2026-06-29 04:00:00,25.5,0.0,0.289,10.4,10.5,695,4,4,Normal Operations
2026-06-29 05:00:00,25.7,0.0,0.303,10.8,10.5,777,5,4,Normal Operations
2026-06-29 06:00:00,25.9,0.7,0.312,14.8,11.2,895,15,0,Normal Operations
2026-06-29 07:00:00,26.9,0.3,0.315,20.5,11.5,892,4,0,Normal Operations
2026-06-29 08:00:00,28.9,0.1,0.316,22.0,11.6,195,7,2,Normal Operations
2026-06-29 09:00:00,30.5,0.0,0.315,21.6,11.5,480,3,2,Normal Operations
2026-06-29 10:00:00,32.7,0.0,0.313,23.0,11.4,877,7,1,Normal Operations
2026-06-29 11:00:00,33.0,0.0,0.307,23.4,11.2,543,13,0,Normal Operations
2026-06-29 12:00:00,33.6,0.3,0.307,22.0,11.1,397,8,4,Normal Operations
2026-06-29 13:00:00,32.0,1.0,0.314,27.0,11.6,907,6,1,Normal Operations
2026-06-29 14:00:00,33.2,0.1,0.313,25.9,10.6,836,6,3,Normal Operations
2026-06-29 15:00:00,33.5,0.1,0.311,20.9,10.2,944,8,0,Normal Operations
2026-06-29 16:00:00,32.9,0.0,0.31,22.0,9.4,460,8,2,Normal Operations
2026-06-29 17:00:00,32.1,0.7,0.356,26.6,9.9,473,7,0,Normal Operations
2026-06-29 18:00:00,31.4,0.0,0.355,15.5,9.8,653,6,0,Normal Operations
2026-06-29 19:00:00,30.2,0.0,0.355,13.0,9.8,402,6,0,Normal Operations
2026-06-29 20:00:00,29.8,0.0,0.354,13.3,9.8,520,10,0,Normal Operations
2026-06-29 21:00:00,27.6,0.0,0.354,39.2,9.8,345,11,3,Normal Operations
2026-06-29 22:00:00,27.2,0.0,0.354,28.1,9.8,819,13,2,Normal Operations
2026-06-29 23:00:00,27.3,0.0,0.334,11.9,9.8,336,13,0,Normal Operations
2026-06-30 00:00:00,27.2,0.0,0.334,15.5,9.8,633,6,3,Normal Operations
2026-06-30 01:00:00,26.9,0.0,0.334,15.8,9.8,284,8,1,Normal Operations
2026-06-30 02:00:00,26.7,0.0,0.334,14.4,9.8,567,1,0,Normal Operations
2026-06-30 03:00:00,26.3,0.2,0.335,13.7,10.0,853,5,3,Normal Operations
2026-06-30 04:00:00,26.2,0.4,0.339,12.2,10.4,462,3,4,Normal Operations
2026-06-30 05:00:00,25.4,0.5,0.358,7.6,10.9,382,12,1,Normal Operations
2026-06-30 06:00:00,25.5,0.7,0.367,9.4,11.6,652,8,2,Normal Operations
2026-06-30 07:00:00,25.9,0.8,0.376,11.5,12.4,435,11,0,Normal Operations
2026-06-30 08:00:00,26.5,0.6,0.382,17.3,13.0,261,6,0,Normal Operations
2026-06-30 09:00:00,27.7,0.3,0.384,17.6,13.3,259,14,3,Normal Operations
2026-06-30 10:00:00,29.0,0.3,0.385,19.1,13.6,573,2,2,Normal Operations
2026-06-30 11:00:00,25.9,12.5,0.522,28.4,26.1,700,15,4,Pause Operations & Maintain Equipment
2026-06-30 12:00:00,26.0,1.6,0.491,22.3,27.7,421,13,1,Normal Operations
2026-06-30 13:00:00,26.4,0.8,0.487,27.0,28.5,111,7,2,Normal Operations
2026-06-30 14:00:00,27.2,0.5,0.482,22.7,28.0,523,7,0,Normal Operations
2026-06-30 15:00:00,27.4,0.2,0.477,22.7,26.8,172,13,3,Normal Operations
2026-06-30 16:00:00,27.2,0.2,0.472,20.2,25.6,687,5,4,Normal Operations
2026-06-30 17:00:00,30.0,0.1,0.47,17.3,25.4,957,8,3,Normal Operations
2026-06-30 18:00:00,26.9,0.3,0.467,24.1,25.700000000000003,300,14,1,Normal Operations
2026-06-30 19:00:00,26.0,0.3,0.465,23.8,26.000000000000004,621,5,2,Normal Operations
2026-06-30 20:00:00,25.1,4.8,0.52,12.2,30.8,963,1,3,Pre-emptive Overtime Prior Shift
2026-06-30 21:00:00,25.2,3.0,0.508,8.3,33.800000000000004,604,9,3,Pause Operations & Maintain Equipment
2026-06-30 22:00:00,25.1,2.2,0.507,10.8,36.0,837,4,0,Pause Operations & Maintain Equipment
2026-06-30 23:00:00,25.4,0.4,0.486,7.9,36.4,787,13,3,Normal Operations
2026-07-01 00:00:00,25.2,0.9,0.49,5.8,37.3,887,2,4,Normal Operations
2026-07-01 01:00:00,24.8,1.3,0.498,11.2,38.6,138,4,2,Normal Operations
2026-07-01 02:00:00,24.5,0.3,0.49,12.2,38.9,159,14,1,Normal Operations
2026-07-01 03:00:00,24.1,0.1,0.484,11.9,39.0,677,13,3,Normal Operations
2026-07-01 04:00:00,24.2,0.8,0.488,9.7,39.8,420,9,4,Normal Operations
2026-07-01 05:00:00,25.0,0.4,0.499,8.3,40.2,534,2,1,Normal Operations
2026-07-01 06:00:00,25.1,4.7,0.511,15.1,44.900000000000006,735,4,4,Pre-emptive Overtime Prior Shift
2026-07-01 07:00:00,25.4,1.4,0.503,11.5,46.3,775,2,3,Normal Operations
2026-07-01 08:00:00,25.8,0.6,0.496,15.5,46.9,507,5,3,Normal Operations
2026-07-01 09:00:00,26.4,0.4,0.49,14.8,47.2,485,3,2,Normal Operations
2026-07-01 10:00:00,28.2,0.1,0.483,16.2,47.2,770,10,0,Normal Operations
2026-07-01 11:00:00,27.5,0.0,0.479,20.9,47.2,668,2,4,Normal Operations
2026-07-01 12:00:00,27.1,0.7,0.48,23.8,47.9,177,14,0,Normal Operations
2026-07-01 13:00:00,28.7,0.5,0.479,24.1,48.4,293,9,0,Normal Operations
2026-07-01 14:00:00,29.4,0.1,0.474,22.7,48.5,384,5,1,Normal Operations
2026-07-01 15:00:00,26.1,6.9,0.515,20.9,55.3,626,10,1,Pause Operations & Maintain Equipment
2026-07-01 16:00:00,26.3,2.0,0.509,10.1,57.2,623,5,4,Pause Operations & Maintain Equipment
2026-07-01 17:00:00,26.4,0.3,0.467,13.0,57.50000000000001,712,1,0,Pause Operations & Maintain Equipment
2026-07-01 18:00:00,26.1,0.7,0.471,13.7,58.2,255,6,2,Pause Operations & Maintain Equipment
2026-07-01 19:00:00,26.0,0.4,0.472,10.4,58.6,439,13,0,Pause Operations & Maintain Equipment
2026-07-01 20:00:00,26.0,1.0,0.481,6.8,59.6,224,7,1,Pause Operations & Maintain Equipment
2026-07-01 21:00:00,25.9,1.8,0.498,5.8,61.400000000000006,970,1,0,Pause Operations & Maintain Equipment
2026-07-01 22:00:00,25.7,1.2,0.501,8.6,62.6,379,9,3,Pause Operations & Maintain Equipment
2026-07-01 23:00:00,25.9,0.5,0.482,7.6,63.1,721,8,3,Pause Operations & Maintain Equipment
2026-07-02 00:00:00,25.9,0.0,0.478,8.3,61.7,945,12,2,Pause Operations & Maintain Equipment
2026-07-02 01:00:00,26.0,0.0,0.474,4.3,61.3,968,14,4,Pause Operations & Maintain Equipment
2026-07-02 02:00:00,25.5,0.1,0.471,5.4,61.2,757,14,0,Pause Operations & Maintain Equipment
2026-07-02 03:00:00,25.3,0.0,0.469,6.5,61.2,827,8,3,Pause Operations & Maintain Equipment
2026-07-02 04:00:00,25.0,0.5,0.472,12.2,61.7,773,7,4,Pause Operations & Maintain Equipment
2026-07-02 05:00:00,24.2,0.2,0.49,11.5,61.900000000000006,227,5,3,Pause Operations & Maintain Equipment
2026-07-02 06:00:00,24.1,4.2,0.495,14.0,65.4,413,3,4,Pre-emptive Overtime Prior Shift
2026-07-02 07:00:00,24.2,3.8,0.516,13.0,68.9,431,15,4,Pause Operations & Maintain Equipment
2026-07-02 08:00:00,24.6,3.0,0.515,13.3,71.8,249,12,3,Pause Operations & Maintain Equipment
2026-07-02 09:00:00,24.9,1.7,0.515,15.1,73.5,553,14,1,Pause Operations & Maintain Equipment
2026-07-02 10:00:00,25.3,7.3,0.52,15.5,80.8,135,9,4,Pause Operations & Maintain Equipment
2026-07-02 11:00:00,25.8,3.8,0.514,14.4,84.6,784,14,0,Pause Operations & Maintain Equipment
2026-07-02 12:00:00,26.7,0.6,0.507,22.0,84.89999999999999,519,7,3,Pause Operations & Maintain Equipment
2026-07-02 13:00:00,25.8,1.4,0.515,22.7,85.3,121,11,1,Pause Operations & Maintain Equipment
2026-07-02 14:00:00,26.4,1.7,0.514,19.8,86.9,305,10,3,Pause Operations & Maintain Equipment
2026-07-02 15:00:00,27.3,0.3,0.507,20.5,87.1,738,10,2,Pause Operations & Maintain Equipment
2026-07-02 16:00:00,27.6,0.0,0.502,21.2,87.1,947,8,0,Pause Operations & Maintain Equipment
2026-07-02 17:00:00,27.1,0.0,0.52,19.4,86.4,455,14,2,Pause Operations & Maintain Equipment
2026-07-02 18:00:00,26.8,0.0,0.491,13.3,86.4,539,6,4,Pause Operations & Maintain Equipment
2026-07-02 19:00:00,25.7,0.2,0.489,15.5,86.60000000000001,828,12,4,Pause Operations & Maintain Equipment
2026-07-02 20:00:00,25.2,1.7,0.507,12.2,88.30000000000001,195,14,2,Pause Operations & Maintain Equipment
2026-07-02 21:00:00,25.1,1.0,0.509,10.1,89.30000000000001,263,11,2,Pause Operations & Maintain Equipment
2026-07-02 22:00:00,24.9,2.3,0.516,10.8,91.6,247,14,4,Pause Operations & Maintain Equipment
2026-07-02 23:00:00,25.3,1.5,0.509,9.0,93.1,629,5,1,Pause Operations & Maintain Equipment
2026-07-03 00:00:00,24.9,2.6,0.519,13.3,95.7,393,15,0,Pause Operations & Maintain Equipment
2026-07-03 01:00:00,24.7,2.1,0.517,13.7,97.8,294,8,3,Pause Operations & Maintain Equipment
2026-07-03 02:00:00,24.7,1.7,0.517,13.7,99.5,762,3,2,Pre-emptive Overtime Prior Shift
2026-07-03 03:00:00,24.6,1.0,0.514,11.2,100.3,579,12,0,Pause Operations & Maintain Equipment
2026-07-03 04:00:00,24.6,0.5,0.511,10.4,100.4,976,13,3,Pause Operations & Maintain Equipment
2026-07-03 05:00:00,24.6,0.6,0.51,10.1,100.5,222,13,3,Pause Operations & Maintain Equipment
2026-07-03 06:00:00,24.8,0.5,0.512,16.6,100.3,499,7,2,Pause Operations & Maintain Equipment
2026-07-03 07:00:00,25.1,0.9,0.515,16.2,100.4,798,2,1,Pre-emptive Overtime Prior Shift
2026-07-03 08:00:00,26.1,0.4,0.511,14.8,100.2,551,3,1,Pre-emptive Overtime Prior Shift
2026-07-03 09:00:00,28.0,0.2,0.508,26.6,100.1,760,15,0,Pause Operations & Maintain Equipment
2026-07-03 10:00:00,28.8,0.1,0.505,26.6,99.9,203,13,0,Pause Operations & Maintain Equipment
2026-07-03 11:00:00,29.6,8.6,0.51,27.7,96.0,854,12,4,Pause Operations & Maintain Equipment
2026-07-03 12:00:00,27.7,0.8,0.512,28.8,95.2,561,15,1,Pause Operations & Maintain Equipment
2026-07-03 13:00:00,29.3,0.5,0.511,22.0,94.9,842,2,0,Pause Operations & Maintain Equipment
2026-07-03 14:00:00,26.9,3.1,0.518,27.7,97.5,817,5,4,Pause Operations & Maintain Equipment
2026-07-03 15:00:00,27.2,2.1,0.519,20.5,99.4,809,7,3,Pause Operations & Maintain Equipment
2026-07-03 16:00:00,26.7,1.7,0.514,14.4,100.9,495,11,0,Pause Operations & Maintain Equipment
2026-07-03 17:00:00,26.4,0.3,0.506,13.3,101.1,436,10,4,Pause Operations & Maintain Equipment
2026-07-03 18:00:00,26.0,0.4,0.508,9.4,101.2,698,11,1,Pause Operations & Maintain Equipment
2026-07-03 19:00:00,25.7,0.4,0.51,9.0,101.3,241,11,3,Pause Operations & Maintain Equipment
2026-07-03 20:00:00,25.7,0.3,0.511,7.6,96.8,416,11,0,Pause Operations & Maintain Equipment
2026-07-03 21:00:00,25.0,0.6,0.514,10.4,94.4,810,15,1,Pause Operations & Maintain Equipment
2026-07-03 22:00:00,25.3,0.4,0.512,10.8,92.6,657,10,3,Pause Operations & Maintain Equipment
2026-07-03 23:00:00,25.1,0.5,0.511,9.4,92.7,899,15,2,Pause Operations & Maintain Equipment
2026-07-04 00:00:00,24.8,1.0,0.515,8.6,92.8,626,15,1,Pause Operations & Maintain Equipment
2026-07-04 01:00:00,24.7,0.1,0.51,5.0,91.6,655,15,2,Pause Operations & Maintain Equipment
2026-07-04 02:00:00,24.8,0.1,0.508,4.0,91.4,500,13,0,Pause Operations & Maintain Equipment
2026-07-04 03:00:00,24.8,0.2,0.507,2.5,91.5,780,14,4,Pause Operations & Maintain Equipment
2026-07-04 04:00:00,24.4,1.3,0.518,6.5,92.0,409,1,0,Pause Operations & Maintain Equipment
2026-07-04 05:00:00,25.0,1.8,0.486,12.6,93.4,594,13,1,Pause Operations & Maintain Equipment
2026-07-04 06:00:00,25.0,0.8,0.495,20.9,89.5,655,10,2,Pause Operations & Maintain Equipment
2026-07-04 07:00:00,25.3,0.5,0.5,20.5,88.6,709,9,2,Pause Operations & Maintain Equipment
2026-07-04 08:00:00,26.0,0.7,0.505,23.0,88.7,872,1,3,Pre-emptive Overtime Prior Shift
2026-07-04 09:00:00,27.5,0.2,0.503,30.2,88.5,208,1,0,Pause Operations & Maintain Equipment
2026-07-04 10:00:00,28.3,0.3,0.502,29.2,88.7,894,14,0,Pause Operations & Maintain Equipment
2026-07-04 11:00:00,29.6,0.4,0.502,26.3,89.10000000000001,471,15,1,Pause Operations & Maintain Equipment
2026-07-04 12:00:00,30.3,0.3,0.5,22.3,88.7,954,12,2,Pause Operations & Maintain Equipment
2026-07-04 13:00:00,30.9,0.4,0.499,21.6,88.6,715,10,1,Pause Operations & Maintain Equipment
2026-07-04 14:00:00,29.6,0.9,0.504,19.1,89.4,867,8,1,Pause Operations & Maintain Equipment
2026-07-04 15:00:00,27.5,5.7,0.505,19.8,88.2,990,6,2,Pause Operations & Maintain Equipment
2026-07-04 16:00:00,27.4,0.9,0.511,13.7,87.1,305,6,1,Pause Operations & Maintain Equipment
2026-07-04 17:00:00,29.1,1.0,0.513,13.7,87.8,946,12,2,Pause Operations & Maintain Equipment
2026-07-04 18:00:00,28.1,0.2,0.509,9.7,87.3,142,9,1,Pause Operations & Maintain Equipment
2026-07-04 19:00:00,27.8,0.1,0.506,6.1,87.0,964,15,4,Pause Operations & Maintain Equipment
2026-07-04 20:00:00,27.1,1.3,0.502,13.0,87.3,344,4,1,Pre-emptive Overtime Prior Shift
2026-07-04 21:00:00,26.8,0.4,0.506,13.7,85.89999999999999,386,8,1,Pause Operations & Maintain Equipment
2026-07-04 22:00:00,26.3,0.1,0.505,11.9,84.8,454,4,4,Pre-emptive Overtime Prior Shift
2026-07-04 23:00:00,25.9,0.1,0.502,8.3,84.39999999999999,884,14,0,Pause Operations & Maintain Equipment
2026-07-05 00:00:00,25.9,0.6,0.508,12.6,85.0,575,2,2,Pre-emptive Overtime Prior Shift
2026-07-05 01:00:00,25.9,0.3,0.508,12.6,85.3,182,11,3,Pause Operations & Maintain Equipment
2026-07-05 02:00:00,25.7,0.1,0.506,9.4,85.3,209,15,4,Pause Operations & Maintain Equipment
2026-07-05 03:00:00,25.3,0.5,0.509,10.8,85.8,289,8,0,Pause Operations & Maintain Equipment
2026-07-05 04:00:00,24.9,1.0,0.515,16.9,86.3,899,12,1,Pause Operations & Maintain Equipment
2026-07-05 05:00:00,24.9,0.2,0.511,13.0,86.3,350,7,0,Pause Operations & Maintain Equipment
2026-07-05 06:00:00,24.9,0.1,0.508,15.5,82.19999999999999,823,4,4,Pre-emptive Overtime Prior Shift
2026-07-05 07:00:00,24.7,1.8,0.509,16.6,80.2,390,9,1,Pause Operations & Maintain Equipment
2026-07-05 08:00:00,24.7,1.9,0.513,18.0,79.1,744,15,0,Pause Operations & Maintain Equipment
2026-07-05 09:00:00,26.5,0.3,0.511,19.8,77.69999999999999,300,9,3,Pause Operations & Maintain Equipment
2026-07-05 10:00:00,28.1,0.1,0.508,20.5,70.5,896,8,2,Pause Operations & Maintain Equipment
2026-07-05 11:00:00,29.2,0.1,0.504,21.2,66.8,425,14,2,Pause Operations & Maintain Equipment
2026-07-05 12:00:00,30.0,0.0,0.5,18.4,66.2,610,1,4,Pre-emptive Overtime Prior Shift
2026-07-05 13:00:00,31.5,0.0,0.497,19.8,64.8,508,7,1,Pause Operations & Maintain Equipment
2026-07-05 14:00:00,29.5,0.8,0.502,27.7,63.9,706,5,1,Pause Operations & Maintain Equipment
2026-07-05 15:00:00,27.6,1.9,0.513,28.4,65.5,889,7,2,Pause Operations & Maintain Equipment
2026-07-05 16:00:00,27.4,1.2,0.518,13.7,66.7,936,12,0,Pause Operations & Maintain Equipment
2026-07-05 17:00:00,26.0,1.2,0.497,9.7,67.9,607,9,1,Pause Operations & Maintain Equipment
2026-07-05 18:00:00,25.4,0.5,0.502,15.1,68.4,830,2,3,Pre-emptive Overtime Prior Shift
2026-07-05 19:00:00,25.6,0.1,0.501,10.1,68.3,700,13,3,Pause Operations & Maintain Equipment
2026-07-05 20:00:00,25.8,0.0,0.5,3.2,66.6,171,14,1,Pause Operations & Maintain Equipment
2026-07-05 21:00:00,25.8,0.0,0.498,4.7,65.6,346,11,1,Pause Operations & Maintain Equipment
2026-07-05 22:00:00,25.7,0.0,0.497,5.4,63.3,740,4,2,Pre-emptive Overtime Prior Shift
2026-07-05 23:00:00,25.9,0.0,0.496,6.5,61.8,823,4,4,Pre-emptive Overtime Prior Shift
2026-07-06 00:00:00,25.7,0.2,0.498,7.2,59.400000000000006,954,2,2,Pre-emptive Overtime Prior Shift
2026-07-06 01:00:00,25.7,0.8,0.507,5.0,58.1,707,3,4,Pre-emptive Overtime Prior Shift
2026-07-06 02:00:00,25.8,1.3,0.517,4.7,57.7,686,11,3,Pause Operations & Maintain Equipment
2026-07-06 03:00:00,25.3,2.7,0.508,9.7,59.4,665,14,4,Pause Operations & Maintain Equipment
2026-07-06 04:00:00,25.2,3.8,0.506,11.5,62.7,443,14,2,Pause Operations & Maintain Equipment
2026-07-06 05:00:00,25.2,3.1,0.512,9.7,65.2,153,13,1,Pause Operations & Maintain Equipment
2026-07-06 06:00:00,25.2,1.2,0.517,16.2,65.89999999999999,829,8,4,Pause Operations & Maintain Equipment
2026-07-06 07:00:00,25.4,1.6,0.505,18.0,66.60000000000001,627,12,2,Pause Operations & Maintain Equipment
2026-07-06 08:00:00,25.5,3.0,0.506,20.5,69.2,710,9,3,Pause Operations & Maintain Equipment
2026-07-06 09:00:00,26.0,1.5,0.508,21.6,70.5,631,6,4,Pause Operations & Maintain Equipment
2026-07-06 10:00:00,27.2,0.4,0.508,21.6,70.8,657,10,3,Pause Operations & Maintain Equipment
2026-07-06 11:00:00,27.6,0.3,0.508,24.5,62.5,292,2,3,Pre-emptive Overtime Prior Shift
2026-07-06 12:00:00,27.4,0.6,0.51,23.0,62.3,994,2,0,Pause Operations & Maintain Equipment
2026-07-06 13:00:00,28.0,0.8,0.511,24.5,62.6,157,7,4,Pause Operations & Maintain Equipment
2026-07-06 14:00:00,28.6,0.6,0.511,23.0,60.1,536,8,2,Pause Operations & Maintain Equipment
2026-07-06 15:00:00,28.9,0.3,0.51,25.6,58.3,210,8,4,Pause Operations & Maintain Equipment
2026-07-06 16:00:00,29.5,0.1,0.507,25.2,56.7,228,14,4,Pause Operations & Maintain Equipment
2026-07-06 17:00:00,27.9,0.1,0.501,21.6,56.5,948,6,3,Pause Operations & Maintain Equipment
2026-07-06 18:00:00,27.3,0.3,0.502,16.2,56.4,805,10,3,Pause Operations & Maintain Equipment
2026-07-06 19:00:00,26.9,0.2,0.502,12.2,56.2,951,8,3,Pause Operations & Maintain Equipment
2026-07-06 20:00:00,26.2,0.8,0.51,12.2,56.7,425,14,3,Pause Operations & Maintain Equipment
2026-07-06 21:00:00,26.0,1.1,0.515,11.2,57.2,107,15,2,Pause Operations & Maintain Equipment
2026-07-06 22:00:00,25.9,0.4,0.513,9.7,57.2,128,1,1,Pre-emptive Overtime Prior Shift
2026-07-06 23:00:00,25.8,0.7,0.516,14.0,57.4,211,9,0,Pause Operations & Maintain Equipment
2026-07-07 00:00:00,25.1,1.7,0.511,14.0,58.1,772,13,3,Pause Operations & Maintain Equipment
2026-07-07 01:00:00,25.5,0.8,0.515,11.9,58.8,230,12,3,Pause Operations & Maintain Equipment
2026-07-07 02:00:00,25.3,0.4,0.514,19.4,59.1,287,1,0,Pause Operations & Maintain Equipment
2026-07-07 03:00:00,24.9,0.4,0.513,19.4,59.3,774,13,3,Pause Operations & Maintain Equipment
2026-07-07 04:00:00,24.7,1.0,0.518,18.7,59.0,808,3,1,Pre-emptive Overtime Prior Shift
2026-07-07 05:00:00,25.1,0.8,0.504,16.6,58.0,574,12,4,Pause Operations & Maintain Equipment
2026-07-07 06:00:00,25.4,0.1,0.503,27.7,57.3,463,9,0,Pause Operations & Maintain Equipment
2026-07-07 07:00:00,26.2,0.1,0.502,27.7,56.9,303,15,2,Pause Operations & Maintain Equipment
2026-07-07 08:00:00,27.4,0.1,0.501,34.2,56.3,311,11,0,Pause Operations & Maintain Equipment
2026-07-07 09:00:00,27.8,0.1,0.499,45.0,56.2,720,5,1,Pause Operations & Maintain Equipment
2026-07-07 10:00:00,28.2,0.1,0.497,46.8,56.0,375,9,2,Pause Operations & Maintain Equipment
2026-07-07 11:00:00,27.9,0.2,0.519,47.2,55.8,172,9,4,Pause Operations & Maintain Equipment
2026-07-07 12:00:00,28.3,0.4,0.51,42.5,55.9,778,6,3,Pause Operations & Maintain Equipment
2026-07-07 13:00:00,28.8,0.6,0.508,42.5,56.1,871,11,0,Pause Operations & Maintain Equipment
2026-07-07 14:00:00,30.3,0.1,0.503,42.5,55.3,342,1,2,Pre-emptive Overtime Prior Shift
2026-07-07 15:00:00,30.0,0.1,0.5,42.5,49.7,886,10,0,Normal Operations
2026-07-07 16:00:00,30.3,0.0,0.496,41.4,48.8,201,7,4,Normal Operations
2026-07-07 17:00:00,29.0,1.5,0.501,41.8,49.3,784,14,0,Normal Operations
2026-07-07 18:00:00,26.0,5.8,0.515,36.0,54.9,270,6,2,Pause Operations & Maintain Equipment
2026-07-07 19:00:00,25.8,1.4,0.497,21.6,56.2,752,9,1,Pause Operations & Maintain Equipment
2026-07-07 20:00:00,25.7,0.0,0.496,21.6,54.9,287,7,2,Pause Operations & Maintain Equipment
2026-07-07 21:00:00,25.5,0.1,0.496,24.1,54.6,540,14,0,Pause Operations & Maintain Equipment
2026-07-07 22:00:00,25.4,0.9,0.506,25.6,55.4,185,12,4,Pause Operations & Maintain Equipment
2026-07-07 23:00:00,25.4,0.7,0.514,24.1,56.0,575,11,3,Pause Operations & Maintain Equipment
2026-07-08 00:00:00,25.0,1.9,0.517,30.6,57.3,151,12,3,Pause Operations & Maintain Equipment
2026-07-08 01:00:00,25.0,0.5,0.514,28.1,57.5,210,13,4,Pause Operations & Maintain Equipment
2026-07-08 02:00:00,25.0,0.1,0.511,26.3,57.5,976,4,0,Pause Operations & Maintain Equipment
2026-07-08 03:00:00,25.0,0.1,0.508,25.6,57.1,953,7,4,Pause Operations & Maintain Equipment
2026-07-08 04:00:00,24.7,0.2,0.507,23.4,56.3,142,2,0,Pause Operations & Maintain Equipment
2026-07-08 05:00:00,24.6,0.3,0.514,23.8,56.4,310,6,2,Pause Operations & Maintain Equipment
2026-07-08 06:00:00,25.0,0.2,0.51,24.5,56.5,299,15,1,Pause Operations & Maintain Equipment
2026-07-08 07:00:00,25.5,0.3,0.509,25.9,55.0,909,6,0,Pause Operations & Maintain Equipment
2026-07-08 08:00:00,25.7,0.3,0.508,29.2,53.4,957,2,3,Pre-emptive Overtime Prior Shift
2026-07-08 09:00:00,26.5,0.3,0.507,33.5,53.4,851,14,3,Pause Operations & Maintain Equipment
2026-07-08 10:00:00,28.3,0.2,0.505,41.4,53.5,726,4,1,Pre-emptive Overtime Prior Shift
2026-07-08 11:00:00,28.4,0.7,0.544,43.6,54.1,125,8,0,Pause Operations & Maintain Equipment
2026-07-08 12:00:00,29.8,0.4,0.502,45.4,54.5,398,8,1,Pause Operations & Maintain Equipment
2026-07-08 13:00:00,29.7,0.1,0.499,45.7,54.6,176,13,2,Pause Operations & Maintain Equipment
2026-07-08 14:00:00,30.1,0.3,0.497,41.4,54.1,236,8,1,Pause Operations & Maintain Equipment
2026-07-08 15:00:00,30.3,0.3,0.496,38.5,52.5,119,8,2,Pause Operations & Maintain Equipment
2026-07-08 16:00:00,30.4,0.3,0.496,36.0,51.6,539,1,3,Pre-emptive Overtime Prior Shift
2026-07-08 17:00:00,28.2,0.1,0.502,28.1,50.5,310,2,2,Pre-emptive Overtime Prior Shift
2026-07-08 18:00:00,27.2,0.3,0.502,24.1,50.3,851,12,0,Pause Operations & Maintain Equipment
2026-07-08 19:00:00,27.0,0.1,0.501,18.4,50.3,650,15,0,Pause Operations & Maintain Equipment
2026-07-08 20:00:00,26.3,0.2,0.5,20.2,50.5,534,4,0,Pause Operations & Maintain Equipment
2026-07-08 21:00:00,26.2,0.2,0.5,16.2,50.7,879,12,0,Pause Operations & Maintain Equipment
2026-07-08 22:00:00,26.1,0.1,0.499,13.0,50.8,306,9,4,Pause Operations & Maintain Equipment
2026-07-08 23:00:00,25.6,1.7,0.512,23.0,52.5,538,3,2,Pre-emptive Overtime Prior Shift
2026-07-09 00:00:00,25.2,0.9,0.514,24.1,53.2,878,14,0,Pause Operations & Maintain Equipment
2026-07-09 01:00:00,25.1,0.1,0.509,23.0,52.5,765,6,1,Pause Operations & Maintain Equipment
2026-07-09 02:00:00,25.1,0.1,0.506,15.5,51.3,141,7,1,Pause Operations & Maintain Equipment
2026-07-09 03:00:00,24.9,0.0,0.503,13.7,48.6,510,8,4,Normal Operations
2026-07-09 04:00:00,24.8,0.0,0.501,7.9,44.8,622,13,2,Normal Operations
2026-07-09 05:00:00,24.5,0.0,0.505,9.7,41.7,905,7,2,Normal Operations
2026-07-09 06:00:00,25.2,0.0,0.503,17.6,40.5,709,3,2,Normal Operations
2026-07-09 07:00:00,26.1,0.0,0.501,19.8,38.9,526,6,4,Normal Operations
2026-07-09 08:00:00,27.0,0.0,0.5,23.8,35.9,374,5,2,Normal Operations
2026-07-09 09:00:00,28.1,0.0,0.498,24.5,34.4,547,15,2,Normal Operations
2026-07-09 10:00:00,29.5,0.0,0.495,31.0,34.0,983,13,0,Normal Operations
2026-07-09 11:00:00,30.1,0.1,0.495,31.0,33.800000000000004,841,12,2,Normal Operations
2026-07-09 12:00:00,30.6,0.1,0.493,32.4,33.300000000000004,468,10,0,Normal Operations
2026-07-09 13:00:00,32.1,0.2,0.49,35.6,32.7,319,4,0,Normal Operations
2026-07-09 14:00:00,31.4,0.1,0.488,35.6,32.2,676,1,2,Normal Operations
2026-07-09 15:00:00,26.2,7.8,0.52,38.2,39.7,966,14,1,Pause Operations & Maintain Equipment
2026-07-09 16:00:00,25.9,6.6,0.515,39.6,46.2,331,13,3,Pause Operations & Maintain Equipment
2026-07-09 17:00:00,28.2,0.9,0.517,13.3,47.0,427,7,1,Normal Operations
2026-07-09 18:00:00,27.9,0.0,0.512,6.5,46.7,542,8,2,Normal Operations
2026-07-09 19:00:00,27.2,0.0,0.508,9.7,46.5,151,2,2,Normal Operations
2026-07-09 20:00:00,27.0,0.0,0.506,10.4,45.7,985,7,1,Normal Operations
2026-07-09 21:00:00,27.3,0.0,0.503,12.2,44.6,475,6,2,Normal Operations
2026-07-09 22:00:00,26.9,0.0,0.502,11.9,44.2,362,5,0,Normal Operations
2026-07-09 23:00:00,27.0,0.0,0.5,7.2,43.5,366,13,4,Normal Operations
2026-07-10 00:00:00,25.8,0.6,0.505,11.5,42.4,458,4,2,Normal Operations
2026-07-10 01:00:00,24.2,2.7,0.519,25.9,44.3,416,2,2,Pre-emptive Overtime Prior Shift
2026-07-10 02:00:00,24.3,1.8,0.517,19.1,45.7,423,10,1,Normal Operations
2026-07-10 03:00:00,24.5,0.3,0.514,8.3,45.6,765,6,0,Normal Operations
2026-07-10 04:00:00,24.7,0.0,0.51,3.6,44.6,969,5,1,Normal Operations
2026-07-10 05:00:00,25.0,0.0,0.512,3.2,43.8,977,2,1,Normal Operations
2026-07-10 06:00:00,25.2,0.1,0.509,6.5,43.8,751,10,2,Normal Operations
2026-07-10 07:00:00,26.0,0.1,0.507,9.0,43.8,662,7,0,Normal Operations
2026-07-10 08:00:00,27.7,0.0,0.505,17.6,43.7,728,6,2,Normal Operations
2026-07-10 09:00:00,29.1,0.1,0.503,27.4,43.7,520,12,2,Normal Operations
2026-07-10 10:00:00,30.4,0.0,0.499,29.9,43.6,145,15,2,Normal Operations
2026-07-10 11:00:00,31.0,0.1,0.496,32.4,43.5,920,15,2,Normal Operations
2026-07-10 12:00:00,32.0,0.1,0.492,29.2,43.2,699,11,4,Normal Operations
2026-07-10 13:00:00,32.7,0.1,0.488,29.2,42.7,819,9,3,Normal Operations
2026-07-10 14:00:00,33.1,0.1,0.485,29.2,42.7,988,11,0,Normal Operations
2026-07-10 15:00:00,33.1,0.1,0.483,28.1,42.7,368,10,4,Normal Operations
2026-07-10 16:00:00,32.1,0.1,0.481,30.6,42.8,700,5,3,Normal Operations
2026-07-10 17:00:00,31.3,0.1,0.483,30.2,41.4,480,9,3,Normal Operations
2026-07-10 18:00:00,29.9,0.0,0.482,27.7,35.599999999999994,217,9,3,Normal Operations
2026-07-10 19:00:00,29.0,0.0,0.482,18.0,34.2,665,13,4,Normal Operations
2026-07-10 20:00:00,28.3,0.0,0.482,11.9,34.2,215,1,0,Normal Operations
2026-07-10 21:00:00,27.4,0.0,0.481,10.1,34.099999999999994,729,5,1,Normal Operations
2026-07-10 22:00:00,27.3,0.0,0.481,8.6,33.2,359,9,3,Normal Operations
2026-07-10 23:00:00,27.3,0.0,0.481,8.6,32.49999999999999,174,7,1,Normal Operations
2026-07-11 00:00:00,26.9,0.0,0.481,10.4,30.6,579,6,1,Normal Operations
2026-07-11 01:00:00,26.6,0.0,0.48,10.1,30.1,404,6,2,Normal Operations
2026-07-11 02:00:00,26.0,0.1,0.481,10.1,30.1,106,11,1,Normal Operations
2026-07-11 03:00:00,25.7,0.1,0.481,7.9,30.1,465,7,2,Normal Operations
2026-07-11 04:00:00,25.5,0.0,0.481,10.8,29.9,733,1,0,Normal Operations
2026-07-11 05:00:00,25.1,0.0,0.497,13.0,29.6,622,4,0,Normal Operations
2026-07-11 06:00:00,25.7,0.1,0.497,10.4,29.5,447,13,2,Normal Operations
2026-07-11 07:00:00,27.2,0.0,0.496,16.2,29.2,537,15,0,Normal Operations
2026-07-11 08:00:00,28.4,0.0,0.494,28.8,28.9,314,1,3,Normal Operations
2026-07-11 09:00:00,29.6,0.0,0.491,32.4,28.6,528,6,0,Normal Operations
2026-07-11 10:00:00,30.3,0.1,0.489,32.4,28.5,890,14,2,Normal Operations
2026-07-11 11:00:00,31.3,0.3,0.496,34.2,28.1,597,13,3,Normal Operations
2026-07-11 12:00:00,32.0,0.2,0.493,33.8,27.9,639,4,1,Normal Operations
2026-07-11 13:00:00,32.5,0.2,0.49,35.6,28.0,846,1,1,Normal Operations
2026-07-11 14:00:00,32.6,0.1,0.486,37.4,27.8,466,9,1,Normal Operations
2026-07-11 15:00:00,32.5,0.1,0.483,37.4,27.6,412,12,2,Normal Operations
2026-07-11 16:00:00,32.3,0.0,0.479,38.5,27.3,637,4,1,Normal Operations
2026-07-11 17:00:00,31.5,0.0,0.478,27.4,27.2,153,12,0,Normal Operations
2026-07-11 18:00:00,30.3,0.0,0.477,25.2,26.9,640,6,1,Normal Operations
2026-07-11 19:00:00,29.5,0.0,0.476,27.0,26.8,566,13,4,Normal Operations
2026-07-11 20:00:00,28.5,0.0,0.476,22.3,26.6,964,7,4,Normal Operations
2026-07-11 21:00:00,27.8,0.0,0.475,15.8,26.4,263,8,1,Normal Operations
2026-07-11 22:00:00,27.2,0.0,0.475,11.5,26.3,881,12,1,Normal Operations
2026-07-11 23:00:00,27.3,0.0,0.482,6.8,24.6,433,13,4,Normal Operations
2026-07-12 00:00:00,27.2,0.0,0.481,9.7,23.7,646,11,1,Normal Operations
2026-07-12 01:00:00,27.0,0.0,0.48,11.5,23.6,897,9,3,Normal Operations
2026-07-12 02:00:00,26.5,0.0,0.48,11.5,23.5,447,9,4,Normal Operations
2026-07-12 03:00:00,25.9,0.0,0.479,10.8,23.5,372,8,2,Normal Operations
2026-07-12 04:00:00,25.5,0.0,0.479,10.1,23.5,819,10,4,Normal Operations
2026-07-12 05:00:00,25.9,0.0,0.469,6.8,23.5,849,11,0,Normal Operations
2026-07-12 06:00:00,26.3,0.0,0.469,11.2,23.5,513,15,3,Normal Operations
2026-07-12 07:00:00,27.5,0.0,0.468,18.0,23.5,599,12,2,Normal Operations
2026-07-12 08:00:00,28.3,0.0,0.467,24.8,23.5,192,12,1,Normal Operations
2026-07-12 09:00:00,29.1,0.1,0.465,28.1,23.6,784,15,0,Normal Operations
2026-07-12 10:00:00,29.2,0.1,0.464,27.0,23.7,178,14,0,Normal Operations
2026-07-12 11:00:00,31.3,0.3,0.468,31.0,23.9,721,3,3,Normal Operations
2026-07-12 12:00:00,32.4,0.0,0.464,31.7,23.8,316,12,2,Normal Operations
2026-07-12 13:00:00,33.0,0.0,0.46,34.2,23.6,457,2,0,Normal Operations
2026-07-12 14:00:00,33.0,0.0,0.456,37.1,23.5,717,5,2,Normal Operations
2026-07-12 15:00:00,32.9,0.0,0.453,36.0,15.7,606,1,2,Normal Operations
2026-07-12 16:00:00,32.6,0.0,0.45,33.8,9.1,658,3,0,Normal Operations
2026-07-12 17:00:00,31.6,0.0,0.45,28.1,8.2,280,1,2,Normal Operations
2026-07-12 18:00:00,30.2,0.0,0.449,28.8,8.2,675,13,3,Normal Operations
2026-07-12 19:00:00,29.3,0.0,0.448,27.7,8.2,345,3,0,Normal Operations
2026-07-12 20:00:00,28.4,0.0,0.448,23.8,8.2,343,13,3,Normal Operations
2026-07-12 21:00:00,28.1,0.0,0.448,21.6,8.2,605,4,3,Normal Operations
2026-07-12 22:00:00,27.7,0.0,0.448,20.2,8.2,521,7,2,Normal Operations
2026-07-12 23:00:00,27.5,0.0,0.447,14.4,8.2,419,12,2,Normal Operations
2026-07-13 00:00:00,27.0,0.0,0.447,13.3,7.6,186,15,0,Normal Operations
2026-07-13 01:00:00,26.6,0.0,0.447,12.6,4.9,316,12,1,Normal Operations
2026-07-13 02:00:00,26.2,0.0,0.447,10.8,3.1000000000000005,589,5,0,Normal Operations
2026-07-13 03:00:00,25.7,0.0,0.448,10.1,2.8,618,5,3,Normal Operations
2026-07-13 04:00:00,25.5,0.0,0.448,7.9,2.8,377,13,2,Normal Operations
2026-07-13 05:00:00,25.7,0.0,0.45,11.9,2.8,948,1,3,Normal Operations
2026-07-13 06:00:00,26.2,0.0,0.45,12.6,2.7,821,8,4,Normal Operations
2026-07-13 07:00:00,27.6,0.0,0.449,15.1,2.6000000000000005,268,13,4,Normal Operations
2026-07-13 08:00:00,28.6,0.1,0.448,26.3,2.7,429,4,3,Normal Operations
2026-07-13 09:00:00,29.9,0.2,0.448,32.0,2.8000000000000003,749,10,1,Normal Operations
2026-07-13 10:00:00,31.0,0.1,0.446,32.0,2.9000000000000004,540,5,1,Normal Operations
2026-07-13 11:00:00,32.2,0.2,0.446,31.3,3.0,490,2,0,Normal Operations
2026-07-13 12:00:00,33.2,0.0,0.442,32.0,2.9,595,15,0,Normal Operations
2026-07-13 13:00:00,33.8,0.0,0.438,28.4,2.8,480,12,0,Normal Operations
2026-07-13 14:00:00,33.5,0.1,0.436,28.4,2.8,405,13,2,Normal Operations
2026-07-13 15:00:00,33.6,0.1,0.434,25.9,2.8000000000000003,841,1,1,Normal Operations
2026-07-13 16:00:00,33.1,0.1,0.433,22.7,2.8000000000000003,919,9,3,Normal Operations
2026-07-13 17:00:00,32.4,0.0,0.435,20.9,2.7,772,15,4,Normal Operations
2026-07-13 18:00:00,31.0,0.0,0.435,15.1,2.7,612,2,1,Normal Operations
2026-07-13 19:00:00,30.0,0.0,0.435,7.9,2.7,847,6,1,Normal Operations
2026-07-13 20:00:00,29.8,0.0,0.435,16.6,2.7,287,1,1,Normal Operations
2026-07-13 21:00:00,29.5,0.0,0.434,23.8,2.7,615,1,0,Normal Operations
2026-07-13 22:00:00,28.7,0.0,0.434,23.8,2.7,743,9,2,Normal Operations
2026-07-13 23:00:00,28.5,0.0,0.436,16.6,2.7,526,4,3,Normal Operations
2026-07-14 00:00:00,27.8,0.0,0.436,14.8,2.7,601,9,0,Normal Operations
2026-07-14 01:00:00,27.8,0.0,0.436,15.5,2.7,829,11,2,Normal Operations
2026-07-14 02:00:00,27.5,0.0,0.436,16.2,2.6,359,5,1,Normal Operations
2026-07-14 03:00:00,27.0,0.0,0.436,15.1,2.5,612,7,2,Normal Operations
2026-07-14 04:00:00,26.5,0.0,0.436,10.8,2.5,170,1,0,Normal Operations
2026-07-14 05:00:00,25.9,0.0,0.435,8.6,2.5,577,6,1,Normal Operations
2026-07-14 06:00:00,26.6,0.0,0.435,12.2,2.4000000000000004,277,8,0,Normal Operations
2026-07-14 07:00:00,28.3,0.0,0.435,24.5,2.4000000000000004,556,14,3,Normal Operations
2026-07-14 08:00:00,29.5,0.0,0.433,27.0,2.4000000000000004,288,1,1,Normal Operations
2026-07-14 09:00:00,30.0,0.2,0.433,37.8,2.6,390,9,2,Normal Operations
2026-07-14 10:00:00,31.3,0.4,0.433,39.6,2.9000000000000004,619,3,0,Normal Operations
2026-07-14 11:00:00,32.5,0.1,0.43,38.5,2.7,864,1,4,Normal Operations
2026-07-14 12:00:00,33.6,0.0,0.427,36.4,2.5000000000000004,391,1,2,Normal Operations
2026-07-14 13:00:00,34.0,0.0,0.423,35.6,2.3000000000000003,855,13,2,Normal Operations
2026-07-14 14:00:00,33.9,0.0,0.42,33.1,2.2,734,14,1,Normal Operations
2026-07-14 15:00:00,33.9,0.0,0.417,31.3,2.1000000000000005,910,11,2,Normal Operations
2026-07-14 16:00:00,33.8,0.0,0.415,26.6,2.1000000000000005,382,6,0,Normal Operations
2026-07-14 17:00:00,32.7,0.0,0.388,25.6,2.1000000000000005,643,11,4,Normal Operations
2026-07-14 18:00:00,31.2,0.0,0.387,17.6,2.1000000000000005,945,6,3,Normal Operations
2026-07-14 19:00:00,30.3,0.0,0.388,12.2,2.1000000000000005,476,1,4,Normal Operations
2026-07-14 20:00:00,29.2,0.1,0.389,12.6,2.2,757,14,0,Normal Operations
2026-07-14 21:00:00,28.1,0.2,0.391,13.7,2.4000000000000004,255,14,1,Normal Operations
2026-07-14 22:00:00,28.0,0.1,0.392,10.1,2.5000000000000004,607,3,0,Normal Operations
2026-07-14 23:00:00,27.8,0.0,0.392,6.5,2.5,512,7,2,Normal Operations
2026-07-15 00:00:00,27.4,0.0,0.393,9.0,2.5,627,10,1,Normal Operations
2026-07-15 01:00:00,27.3,0.0,0.393,12.6,2.5,454,3,3,Normal Operations
2026-07-15 02:00:00,26.8,0.0,0.393,13.0,2.5,658,3,3,Normal Operations
2026-07-15 03:00:00,26.4,0.0,0.394,9.4,2.5,862,3,0,Normal Operations
2026-07-15 04:00:00,26.3,0.0,0.394,7.9,2.5,286,12,2,Normal Operations
2026-07-15 05:00:00,26.5,0.0,0.402,6.5,2.5,130,7,3,Normal Operations
2026-07-15 06:00:00,26.9,0.0,0.402,9.7,2.5,359,4,4,Normal Operations
2026-07-15 07:00:00,28.0,0.0,0.402,13.0,2.5,520,4,1,Normal Operations
2026-07-15 08:00:00,28.5,0.0,0.402,14.0,2.5,628,3,4,Normal Operations
2026-07-15 09:00:00,29.5,0.0,0.401,16.2,2.4000000000000004,650,10,3,Normal Operations
2026-07-15 10:00:00,30.7,0.0,0.4,24.8,2.3000000000000003,403,11,3,Normal Operations
2026-07-15 11:00:00,31.5,0.0,0.403,25.6,2.0,138,9,0,Normal Operations
2026-07-15 12:00:00,31.9,0.0,0.402,26.6,2.0,588,2,0,Normal Operations
2026-07-15 13:00:00,32.3,0.0,0.4,26.6,2.0,743,4,1,Normal Operations
2026-07-15 14:00:00,31.9,0.1,0.399,24.8,2.1,641,8,0,Normal Operations
2026-07-15 15:00:00,32.3,0.0,0.397,25.9,2.1000000000000005,769,6,2,Normal Operations
2026-07-15 16:00:00,31.4,0.0,0.396,26.3,2.1000000000000005,377,14,1,Normal Operations
2026-07-15 17:00:00,30.5,0.0,0.392,19.8,2.1000000000000005,302,7,2,Normal Operations
2026-07-15 18:00:00,29.7,0.0,0.393,15.8,2.1000000000000005,165,13,0,Normal Operations
2026-07-15 19:00:00,29.3,0.0,0.393,16.2,2.1000000000000005,207,7,1,Normal Operations
2026-07-15 20:00:00,28.9,0.0,0.393,14.8,2.1000000000000005,367,2,3,Normal Operations
2026-07-15 21:00:00,28.5,0.0,0.394,8.3,2.1000000000000005,321,4,4,Normal Operations
2026-07-15 22:00:00,28.0,0.0,0.394,6.8,2.1000000000000005,903,10,3,Normal Operations
2026-07-15 23:00:00,28.0,0.0,0.401,6.1,2.1000000000000005,629,10,2,Normal Operations
2026-07-16 00:00:00,27.7,0.0,0.402,8.3,2.1000000000000005,189,6,3,Normal Operations
2026-07-16 01:00:00,27.0,0.0,0.402,18.0,2.1000000000000005,792,3,3,Normal Operations
2026-07-16 02:00:00,26.9,0.0,0.402,18.7,2.1000000000000005,354,9,4,Normal Operations
2026-07-16 03:00:00,26.2,0.0,0.403,19.1,2.1000000000000005,554,13,4,Normal Operations
2026-07-16 04:00:00,25.9,0.0,0.403,16.2,2.1000000000000005,352,4,3,Normal Operations
2026-07-16 05:00:00,27.1,0.0,0.401,11.5,2.1000000000000005,356,10,4,Normal Operations
2026-07-16 06:00:00,27.3,0.0,0.402,18.7,2.1000000000000005,482,13,3,Normal Operations
2026-07-16 07:00:00,28.2,0.0,0.401,18.7,2.1000000000000005,541,2,1,Normal Operations
2026-07-16 08:00:00,29.6,0.0,0.4,22.0,2.0000000000000004,957,6,3,Normal Operations
2026-07-16 09:00:00,30.4,0.0,0.399,27.0,1.8,698,1,0,Normal Operations
2026-07-16 10:00:00,30.7,0.0,0.398,31.7,1.7000000000000002,189,6,4,Normal Operations
2026-07-16 11:00:00,32.3,0.0,0.397,33.1,1.5,848,13,4,Normal Operations
2026-07-16 12:00:00,32.4,0.0,0.395,38.5,1.5,489,12,2,Normal Operations
2026-07-16 13:00:00,30.3,2.0,0.415,33.5,3.5,681,10,2,Normal Operations
2026-07-16 14:00:00,31.0,0.1,0.414,15.5,3.5,143,1,0,Normal Operations
2026-07-16 15:00:00,28.8,2.7,0.444,25.2,6.1000000000000005,811,14,4,Pause Operations & Maintain Equipment
2026-07-16 16:00:00,28.2,1.6,0.462,22.7,7.6,763,8,4,Normal Operations
2026-07-16 17:00:00,28.2,0.1,0.388,16.2,7.7,697,5,2,Normal Operations
2026-07-16 18:00:00,26.2,3.2,0.43,22.0,10.9,118,6,2,Pause Operations & Maintain Equipment
2026-07-16 19:00:00,26.3,2.0,0.456,12.6,12.9,200,2,3,Normal Operations
2026-07-16 20:00:00,25.9,2.1,0.484,9.0,15.0,706,2,4,Pre-emptive Overtime Prior Shift
2026-07-16 21:00:00,25.9,1.1,0.494,5.0,16.1,865,12,4,Normal Operations
2026-07-16 22:00:00,25.9,0.4,0.495,6.1,16.5,456,9,3,Normal Operations
2026-07-16 23:00:00,26.4,0.5,0.504,5.4,17.0,641,3,4,Normal Operations
2026-07-17 00:00:00,26.0,0.4,0.501,6.1,17.400000000000002,860,6,0,Normal Operations
2026-07-17 01:00:00,25.9,0.2,0.497,7.2,17.6,132,10,2,Normal Operations
2026-07-17 02:00:00,25.6,0.3,0.496,10.1,17.900000000000002,328,5,2,Normal Operations
2026-07-17 03:00:00,25.1,0.1,0.493,12.6,18.0,623,14,2,Normal Operations
2026-07-17 04:00:00,24.7,3.3,0.52,10.4,21.3,729,12,1,Pause Operations & Maintain Equipment
2026-07-17 05:00:00,24.8,3.2,0.5,20.9,24.5,961,4,0,Pause Operations & Maintain Equipment
2026-07-17 06:00:00,25.0,1.5,0.511,16.6,26.0,254,10,0,Normal Operations
2026-07-17 07:00:00,25.1,2.3,0.516,11.9,28.3,522,2,3,Pre-emptive Overtime Prior Shift
2026-07-17 08:00:00,25.5,1.8,0.518,11.9,30.1,345,8,1,Normal Operations
2026-07-17 09:00:00,25.7,1.9,0.517,12.6,31.8,504,10,4,Normal Operations
2026-07-17 10:00:00,26.1,2.3,0.516,10.4,33.7,943,7,0,Pause Operations & Maintain Equipment
2026-07-17 11:00:00,25.6,2.1,0.52,12.6,35.7,858,11,1,Pause Operations & Maintain Equipment
2026-07-17 12:00:00,25.8,2.5,0.519,13.3,38.2,640,2,1,Pre-emptive Overtime Prior Shift
2026-07-17 13:00:00,26.3,1.8,0.518,14.0,40.0,260,6,0,Normal Operations
2026-07-17 14:00:00,26.9,0.7,0.515,19.8,40.7,846,14,3,Normal Operations
2026-07-17 15:00:00,27.8,0.2,0.511,28.4,40.9,801,8,1,Normal Operations
2026-07-17 16:00:00,28.1,0.0,0.507,28.8,40.9,216,7,2,Normal Operations
2026-07-17 17:00:00,26.5,0.0,0.5,21.2,40.9,370,15,1,Normal Operations
2026-07-17 18:00:00,26.0,3.5,0.52,13.0,44.4,869,1,4,Pre-emptive Overtime Prior Shift
2026-07-17 19:00:00,25.3,2.0,0.52,13.0,46.4,791,5,0,Normal Operations
2026-07-17 20:00:00,24.8,1.9,0.516,14.4,48.2,586,2,4,Normal Operations
2026-07-17 21:00:00,24.7,0.5,0.514,14.4,48.5,984,6,3,Normal Operations
2026-07-17 22:00:00,24.7,0.1,0.51,10.1,48.5,271,7,2,Normal Operations
2026-07-17 23:00:00,24.4,2.3,0.514,15.5,50.8,373,14,0,Pause Operations & Maintain Equipment
2026-07-18 00:00:00,24.3,2.5,0.506,15.8,53.3,358,14,1,Pause Operations & Maintain Equipment
2026-07-18 01:00:00,24.2,1.5,0.509,9.0,54.8,234,7,2,Pause Operations & Maintain Equipment
2026-07-18 02:00:00,24.0,0.7,0.514,12.2,55.5,782,3,1,Pre-emptive Overtime Prior Shift
2026-07-18 03:00:00,24.0,0.7,0.517,9.7,56.2,821,7,3,Pause Operations & Maintain Equipment
2026-07-18 04:00:00,24.1,0.6,0.515,8.3,56.8,847,15,0,Pause Operations & Maintain Equipment
2026-07-18 05:00:00,24.4,0.3,0.511,9.4,57.1,521,5,3,Pause Operations & Maintain Equipment
2026-07-18 06:00:00,24.7,1.0,0.518,11.5,58.1,520,8,3,Pause Operations & Maintain Equipment
2026-07-18 07:00:00,25.2,0.8,0.517,18.4,58.9,285,15,3,Pause Operations & Maintain Equipment
2026-07-18 08:00:00,25.8,1.1,0.507,20.9,60.0,463,12,3,Pause Operations & Maintain Equipment
2026-07-18 09:00:00,26.6,0.8,0.51,24.8,60.8,706,8,1,Pause Operations & Maintain Equipment
2026-07-18 10:00:00,27.5,0.7,0.512,24.8,61.5,477,7,4,Pause Operations & Maintain Equipment
2026-07-18 11:00:00,29.2,0.9,0.518,20.9,62.4,622,6,1,Pause Operations & Maintain Equipment
2026-07-18 12:00:00,29.8,0.1,0.511,34.9,62.5,679,2,2,Pre-emptive Overtime Prior Shift
2026-07-18 13:00:00,30.7,0.2,0.507,35.3,62.7,990,6,3,Pause Operations & Maintain Equipment
2026-07-18 14:00:00,30.6,0.1,0.503,33.1,62.7,821,13,2,Pause Operations & Maintain Equipment
2026-07-18 15:00:00,29.8,0.5,0.504,28.1,63.2,295,12,1,Pause Operations & Maintain Equipment
2026-07-18 16:00:00,27.0,1.3,0.513,20.9,64.5,980,15,3,Pause Operations & Maintain Equipment
2026-07-18 17:00:00,27.9,0.3,0.519,20.2,64.8,197,11,1,Pause Operations & Maintain Equipment
2026-07-18 18:00:00,27.0,0.1,0.513,18.0,64.89999999999999,704,9,3,Pause Operations & Maintain Equipment
2026-07-18 19:00:00,26.6,0.0,0.509,12.6,64.89999999999999,121,15,1,Pause Operations & Maintain Equipment
2026-07-18 20:00:00,26.4,0.0,0.506,4.0,64.89999999999999,549,2,0,Pause Operations & Maintain Equipment
2026-07-18 21:00:00,26.0,0.0,0.504,6.1,64.89999999999999,271,1,4,Pre-emptive Overtime Prior Shift
2026-07-18 22:00:00,25.6,0.0,0.502,6.1,64.89999999999999,482,11,4,Pause Operations & Maintain Equipment
2026-07-18 23:00:00,25.7,0.0,0.5,6.1,64.89999999999999,233,13,3,Pause Operations & Maintain Equipment
2026-07-19 00:00:00,25.5,0.0,0.499,6.5,64.89999999999999,525,5,0,Pause Operations & Maintain Equipment
2026-07-19 01:00:00,25.5,0.0,0.498,4.3,64.89999999999999,124,11,2,Pause Operations & Maintain Equipment
2026-07-19 02:00:00,25.0,0.5,0.502,15.1,65.39999999999999,602,6,0,Pause Operations & Maintain Equipment
2026-07-19 03:00:00,24.3,2.3,0.509,19.8,67.7,284,3,3,Pre-emptive Overtime Prior Shift
2026-07-19 04:00:00,24.3,0.3,0.51,9.7,68.0,184,8,0,Pause Operations & Maintain Equipment
2026-07-19 05:00:00,25.1,0.2,0.493,9.7,68.2,666,7,2,Pause Operations & Maintain Equipment
2026-07-19 06:00:00,25.4,0.0,0.493,11.5,68.2,862,2,3,Pre-emptive Overtime Prior Shift
2026-07-19 07:00:00,26.4,0.0,0.492,17.3,68.2,243,12,4,Pause Operations & Maintain Equipment
2026-07-19 08:00:00,27.7,0.1,0.492,18.0,68.3,962,7,0,Pause Operations & Maintain Equipment
2026-07-19 09:00:00,28.9,0.1,0.491,18.4,68.39999999999999,778,15,4,Pause Operations & Maintain Equipment
2026-07-19 10:00:00,30.3,0.1,0.489,19.4,68.5,511,15,4,Pause Operations & Maintain Equipment
2026-07-19 11:00:00,30.7,0.1,0.488,19.4,68.6,323,1,1,Pre-emptive Overtime Prior Shift
2026-07-19 12:00:00,31.1,0.0,0.486,22.0,68.6,319,9,2,Pause Operations & Maintain Equipment
2026-07-19 13:00:00,32.1,0.0,0.482,21.2,66.6,278,13,0,Pause Operations & Maintain Equipment
2026-07-19 14:00:00,29.0,2.2,0.504,27.0,68.7,730,7,4,Pause Operations & Maintain Equipment
2026-07-19 15:00:00,29.4,0.5,0.505,25.9,66.5,532,6,4,Pause Operations & Maintain Equipment
2026-07-19 16:00:00,28.3,1.8,0.519,20.5,66.7,364,13,2,Pause Operations & Maintain Equipment
2026-07-19 17:00:00,28.3,1.5,0.52,18.7,68.1,528,2,4,Pre-emptive Overtime Prior Shift
2026-07-19 18:00:00,26.3,3.2,0.514,10.1,68.1,761,3,4,Pre-emptive Overtime Prior Shift
2026-07-19 19:00:00,25.8,0.3,0.511,7.6,66.39999999999999,515,1,4,Pre-emptive Overtime Prior Shift
2026-07-19 20:00:00,25.7,0.1,0.508,6.5,64.4,552,15,4,Pause Operations & Maintain Equipment
2026-07-19 21:00:00,25.7,0.0,0.506,4.3,63.3,826,10,1,Pause Operations & Maintain Equipment
2026-07-19 22:00:00,25.8,0.0,0.504,2.9,62.9,296,13,1,Pause Operations & Maintain Equipment
2026-07-19 23:00:00,25.7,0.0,0.502,3.6,62.4,653,5,3,Pause Operations & Maintain Equipment
2026-07-20 00:00:00,25.7,0.0,0.5,2.9,62.0,152,9,0,Pause Operations & Maintain Equipment
2026-07-20 01:00:00,25.6,0.0,0.499,3.6,61.8,579,13,2,Pause Operations & Maintain Equipment
2026-07-20 02:00:00,25.4,0.0,0.498,2.2,61.5,542,6,3,Pause Operations & Maintain Equipment
2026-07-20 03:00:00,25.2,0.0,0.497,4.3,61.4,429,5,1,Pause Operations & Maintain Equipment
2026-07-20 04:00:00,25.0,0.0,0.496,4.7,58.1,350,12,1,Pause Operations & Maintain Equipment
2026-07-20 05:00:00,24.4,0.0,0.519,4.0,54.9,906,3,1,Pre-emptive Overtime Prior Shift
2026-07-20 06:00:00,25.0,0.0,0.512,8.6,53.4,989,5,3,Pause Operations & Maintain Equipment
2026-07-20 07:00:00,25.9,0.0,0.509,12.6,51.1,882,8,1,Pause Operations & Maintain Equipment
2026-07-20 08:00:00,27.1,0.0,0.506,18.0,49.3,222,12,3,Normal Operations
2026-07-20 09:00:00,28.3,0.0,0.502,22.3,47.4,978,2,1,Normal Operations
2026-07-20 10:00:00,29.1,0.2,0.5,22.7,45.3,486,5,4,Normal Operations
2026-07-20 11:00:00,29.8,0.1,0.498,23.4,43.3,438,6,4,Normal Operations
2026-07-20 12:00:00,27.9,1.1,0.506,27.7,41.9,877,10,0,Normal Operations
2026-07-20 13:00:00,27.5,1.3,0.513,30.6,41.4,447,8,1,Normal Operations
2026-07-20 14:00:00,28.0,0.7,0.512,17.3,41.4,128,8,0,Normal Operations
2026-07-20 15:00:00,28.3,0.4,0.51,18.0,41.6,134,15,3,Normal Operations
2026-07-20 16:00:00,26.3,5.0,0.508,22.7,46.6,617,5,0,Pause Operations & Maintain Equipment
2026-07-20 17:00:00,26.4,1.4,0.514,22.0,48.0,495,9,1,Normal Operations
2026-07-20 18:00:00,26.3,0.9,0.514,9.0,45.4,722,4,3,Normal Operations
2026-07-20 19:00:00,26.2,1.1,0.514,5.8,44.5,393,12,3,Normal Operations
2026-07-20 20:00:00,26.0,0.9,0.514,5.8,43.5,688,9,4,Normal Operations
2026-07-20 21:00:00,25.9,0.6,0.514,7.2,43.6,448,11,3,Normal Operations
2026-07-20 22:00:00,25.6,0.7,0.513,10.4,44.2,246,7,3,Normal Operations
2026-07-20 23:00:00,25.6,1.3,0.513,13.0,43.2,166,6,0,Normal Operations
2026-07-21 00:00:00,25.3,1.1,0.513,13.7,41.8,619,4,3,Normal Operations
2026-07-21 01:00:00,24.6,3.8,0.512,15.5,44.1,221,2,2,Pre-emptive Overtime Prior Shift
2026-07-21 02:00:00,24.3,2.7,0.512,17.6,46.1,439,8,4,Pause Operations & Maintain Equipment
2026-07-21 03:00:00,24.1,3.8,0.512,19.8,49.2,274,6,4,Pause Operations & Maintain Equipment
2026-07-21 04:00:00,24.3,2.8,0.512,14.4,51.4,999,12,3,Pause Operations & Maintain Equipment
2026-07-21 05:00:00,24.5,2.3,0.512,11.2,53.4,790,15,0,Pause Operations & Maintain Equipment
2026-07-21 06:00:00,24.8,1.8,0.511,11.9,54.2,696,3,4,Pre-emptive Overtime Prior Shift
2026-07-21 07:00:00,25.0,1.0,0.511,16.9,54.4,550,7,4,Pause Operations & Maintain Equipment
2026-07-21 08:00:00,25.1,0.9,0.511,18.7,54.2,656,10,2,Pause Operations & Maintain Equipment
2026-07-21 09:00:00,25.0,0.5,0.511,18.7,53.9,235,7,3,Pause Operations & Maintain Equipment
2026-07-21 10:00:00,25.6,0.6,0.511,20.2,53.8,954,6,4,Pause Operations & Maintain Equipment
2026-07-21 11:00:00,26.0,0.7,0.51,17.3,53.6,115,2,4,Pre-emptive Overtime Prior Shift
2026-07-21 12:00:00,26.2,1.8,0.51,18.7,55.3,432,8,4,Pause Operations & Maintain Equipment
2026-07-21 13:00:00,25.8,4.9,0.51,22.7,60.0,294,1,4,Pre-emptive Overtime Prior Shift
2026-07-21 14:00:00,25.8,2.2,0.51,19.8,62.1,595,13,0,Pause Operations & Maintain Equipment
2026-07-21 15:00:00,25.8,1.2,0.51,15.8,62.8,108,1,1,Pre-emptive Overtime Prior Shift
2026-07-21 16:00:00,25.8,1.1,0.51,18.4,62.6,927,6,2,Pause Operations & Maintain Equipment
2026-07-21 17:00:00,25.6,2.0,0.505,17.6,64.3,433,5,0,Pause Operations & Maintain Equipment
2026-07-21 18:00:00,25.3,1.8,0.51,19.8,66.0,432,9,2,Pause Operations & Maintain Equipment
2026-07-21 19:00:00,25.0,1.6,0.509,16.9,67.60000000000001,426,13,4,Pause Operations & Maintain Equipment
2026-07-21 20:00:00,24.5,2.4,0.509,15.8,70.0,114,12,2,Pause Operations & Maintain Equipment
2026-07-21 21:00:00,24.1,1.6,0.509,20.9,71.60000000000001,938,7,3,Pause Operations & Maintain Equipment
2026-07-21 22:00:00,24.1,1.8,0.509,20.9,73.4,713,2,3,Pre-emptive Overtime Prior Shift
2026-07-21 23:00:00,24.2,2.0,0.508,23.4,75.4,325,13,1,Pause Operations & Maintain Equipment
2026-07-22 00:00:00,24.2,1.5,0.509,26.3,76.9,524,12,1,Pause Operations & Maintain Equipment
2026-07-22 01:00:00,24.1,1.7,0.509,25.9,78.60000000000001,889,7,2,Pause Operations & Maintain Equipment
2026-07-22 02:00:00,23.9,2.3,0.509,25.9,80.4,507,15,0,Pause Operations & Maintain Equipment
2026-07-22 03:00:00,24.0,2.3,0.509,26.3,80.39999999999999,212,3,0,Pause Operations & Maintain Equipment
2026-07-22 04:00:00,23.8,1.9,0.509,20.9,82.0,527,1,4,Pre-emptive Overtime Prior Shift
2026-07-22 05:00:00,23.9,0.8,0.508,19.4,82.6,100,11,0,Pause Operations & Maintain Equipment
2026-07-22 06:00:00,23.9,0.9,0.508,24.1,83.5,365,8,1,Pause Operations & Maintain Equipment
2026-07-22 07:00:00,24.2,0.4,0.507,26.3,83.89999999999999,590,14,0,Pause Operations & Maintain Equipment
2026-07-22 08:00:00,25.0,0.2,0.506,28.4,84.0,307,12,4,Pause Operations & Maintain Equipment
2026-07-22 09:00:00,25.5,0.1,0.505,32.8,84.0,721,3,3,Pre-emptive Overtime Prior Shift
2026-07-22 10:00:00,25.9,0.0,0.503,33.5,83.89999999999999,811,11,0,Pause Operations & Maintain Equipment
2026-07-22 11:00:00,24.9,0.0,0.512,38.2,83.8,468,8,0,Pause Operations & Maintain Equipment
2026-07-22 12:00:00,26.0,0.2,0.509,27.0,84.0,405,7,1,Pause Operations & Maintain Equipment
2026-07-22 13:00:00,26.5,0.2,0.507,33.1,84.2,111,12,2,Pause Operations & Maintain Equipment
2026-07-22 14:00:00,24.9,1.6,0.51,30.2,83.6,444,15,3,Pause Operations & Maintain Equipment
2026-07-22 15:00:00,25.3,0.5,0.509,31.3,83.6,564,2,2,Pre-emptive Overtime Prior Shift
2026-07-22 16:00:00,25.7,0.3,0.507,32.4,82.10000000000001,799,13,4,Pause Operations & Maintain Equipment
2026-07-22 17:00:00,26.2,0.1,0.507,31.7,80.7,765,14,4,Pause Operations & Maintain Equipment
2026-07-22 18:00:00,24.9,0.9,0.509,28.1,78.4,593,14,2,Pause Operations & Maintain Equipment
2026-07-22 19:00:00,24.7,0.3,0.508,27.7,78.4,467,1,1,Pre-emptive Overtime Prior Shift
2026-07-22 20:00:00,24.7,0.1,0.506,27.4,78.39999999999999,945,7,1,Pause Operations & Maintain Equipment
2026-07-22 21:00:00,24.6,0.1,0.505,27.7,78.5,519,13,1,Pause Operations & Maintain Equipment
2026-07-22 22:00:00,24.5,0.1,0.504,27.4,78.6,988,1,3,Pre-emptive Overtime Prior Shift
2026-07-22 23:00:00,24.4,0.2,0.503,26.3,78.8,890,6,4,Pause Operations & Maintain Equipment
2026-07-23 00:00:00,24.0,2.5,0.509,28.1,81.3,270,13,4,Pause Operations & Maintain Equipment
2026-07-23 01:00:00,23.5,1.4,0.508,29.9,82.69999999999999,233,11,4,Pause Operations & Maintain Equipment
2026-07-23 02:00:00,23.6,0.6,0.508,29.2,83.3,526,10,3,Pause Operations & Maintain Equipment
2026-07-23 03:00:00,23.6,0.4,0.508,31.0,83.69999999999999,124,11,4,Pause Operations & Maintain Equipment
2026-07-23 04:00:00,23.6,0.4,0.507,29.9,84.1,629,10,2,Pause Operations & Maintain Equipment
2026-07-23 05:00:00,23.5,0.6,0.509,30.6,84.69999999999999,289,8,0,Pause Operations & Maintain Equipment
2026-07-23 06:00:00,23.5,0.3,0.507,31.7,85.0,240,7,3,Pause Operations & Maintain Equipment
2026-07-23 07:00:00,23.7,0.1,0.506,31.3,85.1,654,4,0,Pause Operations & Maintain Equipment
2026-07-23 08:00:00,23.8,0.2,0.505,33.8,85.3,945,1,2,Pre-emptive Overtime Prior Shift
2026-07-23 09:00:00,24.3,0.2,0.504,38.5,85.5,895,1,1,Pre-emptive Overtime Prior Shift
2026-07-23 10:00:00,24.8,0.2,0.504,41.0,85.5,757,4,1,Pre-emptive Overtime Prior Shift
2026-07-23 11:00:00,24.9,1.4,0.533,37.8,86.8,414,5,1,Pause Operations & Maintain Equipment
2026-07-23 12:00:00,24.8,0.5,0.496,39.6,86.2,543,12,3,Pause Operations & Maintain Equipment
2026-07-23 13:00:00,24.8,0.3,0.497,34.9,85.2,418,7,1,Pause Operations & Maintain Equipment
2026-07-23 14:00:00,25.9,0.2,0.497,28.1,84.7,540,14,3,Pause Operations & Maintain Equipment
2026-07-23 15:00:00,26.8,0.1,0.496,32.4,84.39999999999999,191,4,3,Pre-emptive Overtime Prior Shift
2026-07-23 16:00:00,27.4,0.0,0.494,35.6,79.39999999999999,278,10,0,Pause Operations & Maintain Equipment
2026-07-23 17:00:00,25.1,0.1,0.497,29.9,78.10000000000001,155,14,1,Pause Operations & Maintain Equipment
2026-07-23 18:00:00,24.9,0.1,0.497,16.9,77.3,254,12,4,Pause Operations & Maintain Equipment
2026-07-23 19:00:00,24.8,0.0,0.496,15.8,76.2,771,1,1,Pre-emptive Overtime Prior Shift
2026-07-23 20:00:00,24.8,0.7,0.503,18.0,76.0,210,11,1,Pause Operations & Maintain Equipment
2026-07-23 21:00:00,24.5,0.3,0.504,21.2,75.7,236,10,1,Pause Operations & Maintain Equipment
2026-07-23 22:00:00,24.1,0.1,0.503,16.9,75.10000000000001,331,7,4,Pause Operations & Maintain Equipment
2026-07-23 23:00:00,24.4,0.0,0.502,16.9,73.80000000000001,567,2,4,Pre-emptive Overtime Prior Shift
2026-07-24 00:00:00,24.1,0.0,0.501,15.5,72.7,831,13,3,Pause Operations & Maintain Equipment
2026-07-24 01:00:00,24.2,0.3,0.502,14.4,69.2,580,11,4,Pause Operations & Maintain Equipment
2026-07-24 02:00:00,24.1,0.2,0.503,14.8,66.7,167,2,3,Pre-emptive Overtime Prior Shift
2026-07-24 03:00:00,24.1,0.5,0.507,14.8,63.4,913,8,0,Pause Operations & Maintain Equipment
2026-07-24 04:00:00,23.9,0.4,0.509,13.3,61.0,348,12,3,Pause Operations & Maintain Equipment
2026-07-24 05:00:00,24.3,0.1,0.505,11.2,58.8,422,10,1,Pause Operations & Maintain Equipment
2026-07-24 06:00:00,24.5,0.1,0.503,17.6,57.1,617,10,2,Pause Operations & Maintain Equipment
2026-07-24 07:00:00,25.8,0.0,0.5,22.3,56.1,891,10,2,Pause Operations & Maintain Equipment
2026-07-24 08:00:00,26.9,0.2,0.5,31.0,55.4,531,5,1,Pause Operations & Maintain Equipment
2026-07-24 09:00:00,27.5,0.4,0.5,32.8,55.3,586,10,3,Pause Operations & Maintain Equipment
2026-07-24 10:00:00,28.4,0.4,0.5,33.1,55.1,705,2,1,Pre-emptive Overtime Prior Shift
2026-07-24 11:00:00,28.6,0.5,0.514,34.6,54.9,528,5,4,Pause Operations & Maintain Equipment
2026-07-24 12:00:00,29.9,0.2,0.507,32.4,53.3,368,8,3,Pause Operations & Maintain Equipment
2026-07-24 13:00:00,30.5,0.0,0.501,31.0,48.4,808,6,1,Normal Operations
2026-07-24 14:00:00,30.3,0.0,0.496,30.6,46.2,636,3,4,Normal Operations
2026-07-24 15:00:00,30.2,0.0,0.493,31.3,44.99999999999999,247,8,4,Normal Operations
2026-07-24 16:00:00,29.8,0.1,0.491,31.0,44.0,217,15,3,Normal Operations
2026-07-24 17:00:00,29.1,0.2,0.489,31.7,42.2,949,14,0,Normal Operations
2026-07-24 18:00:00,27.7,0.0,0.487,23.0,40.4,466,9,0,Normal Operations
2026-07-24 19:00:00,26.5,0.0,0.487,19.8,38.8,949,5,4,Normal Operations
2026-07-24 20:00:00,26.0,0.0,0.486,13.3,36.4,165,13,0,Normal Operations
2026-07-24 21:00:00,25.7,0.0,0.486,10.4,34.8,912,2,4,Normal Operations
2026-07-24 22:00:00,25.7,0.1,0.486,12.2,33.1,469,2,0,Normal Operations
2026-07-24 23:00:00,25.2,0.1,0.486,11.5,31.2,274,7,4,Normal Operations
2026-07-25 00:00:00,25.2,0.0,0.485,9.7,29.7,930,1,4,Normal Operations
2026-07-25 01:00:00,24.9,0.1,0.486,6.8,28.1,687,10,4,Normal Operations
2026-07-25 02:00:00,24.8,0.0,0.486,5.8,25.8,594,12,4,Normal Operations
2026-07-25 03:00:00,24.6,0.0,0.485,5.0,23.5,213,2,2,Normal Operations
2026-07-25 04:00:00,24.7,0.0,0.485,5.4,21.6,210,10,0,Normal Operations
2026-07-25 05:00:00,24.2,0.0,0.479,5.0,20.8,860,4,4,Normal Operations
2026-07-25 06:00:00,25.2,0.0,0.479,9.4,19.9,538,1,1,Normal Operations
2026-07-25 07:00:00,26.3,0.0,0.479,13.3,19.5,814,4,3,Normal Operations
2026-07-25 08:00:00,27.2,0.0,0.478,17.3,19.3,246,13,1,Normal Operations
2026-07-25 09:00:00,28.4,0.2,0.478,21.2,19.4,134,12,1,Normal Operations
2026-07-25 10:00:00,29.5,0.1,0.477,20.9,19.5,408,11,2,Normal Operations
2026-07-25 11:00:00,30.1,0.2,0.476,22.7,19.700000000000003,637,13,0,Normal Operations
2026-07-25 12:00:00,30.9,0.4,0.476,28.4,19.9,849,10,2,Normal Operations
2026-07-25 13:00:00,31.2,0.1,0.473,27.7,19.8,113,15,0,Normal Operations
2026-07-25 14:00:00,31.7,0.0,0.47,24.1,18.200000000000003,473,5,4,Normal Operations
2026-07-25 15:00:00,31.7,0.0,0.468,23.0,17.700000000000003,656,9,2,Normal Operations
2026-07-25 16:00:00,31.6,0.1,0.467,21.2,17.5,527,1,3,Normal Operations
2026-07-25 17:00:00,30.9,0.1,0.465,19.1,17.5,827,12,0,Normal Operations
2026-07-25 18:00:00,29.3,0.0,0.465,17.6,16.6,332,5,2,Normal Operations
2026-07-25 19:00:00,28.4,0.0,0.465,16.9,16.3,804,2,3,Normal Operations
2026-07-25 20:00:00,28.2,0.0,0.465,13.7,16.2,662,9,1,Normal Operations
2026-07-25 21:00:00,28.1,0.0,0.465,12.6,16.1,986,6,4,Normal Operations
2026-07-25 22:00:00,27.4,0.0,0.465,14.0,16.0,825,2,4,Normal Operations
2026-07-25 23:00:00,27.3,0.0,0.464,9.7,15.8,762,14,1,Normal Operations
2026-07-26 00:00:00,26.7,0.0,0.464,10.1,13.3,539,3,2,Normal Operations
2026-07-26 01:00:00,26.4,0.0,0.464,8.3,11.9,601,14,1,Normal Operations
2026-07-26 02:00:00,26.3,0.0,0.464,5.8,11.3,374,8,3,Normal Operations
2026-07-26 03:00:00,25.7,0.0,0.465,6.5,10.9,949,1,0,Normal Operations
2026-07-26 04:00:00,25.4,0.0,0.465,8.3,10.5,175,12,2,Normal Operations
2026-07-26 05:00:00,24.9,0.0,0.46,8.6,9.9,538,3,0,Normal Operations
2026-07-26 06:00:00,25.4,0.1,0.462,9.0,9.7,831,13,1,Normal Operations
2026-07-26 07:00:00,26.0,0.1,0.463,11.9,9.7,959,10,4,Normal Operations
2026-07-26 08:00:00,27.0,0.2,0.464,17.3,9.7,798,1,0,Normal Operations
2026-07-26 09:00:00,28.4,0.2,0.465,22.7,9.7,388,11,0,Normal Operations
2026-07-26 10:00:00,29.9,0.1,0.463,24.8,9.6,639,11,4,Normal Operations
2026-07-26 11:00:00,30.8,0.0,0.472,24.1,8.2,990,8,0,Normal Operations
2026-07-26 12:00:00,31.5,0.0,0.469,22.0,7.7,791,1,0,Normal Operations
2026-07-26 13:00:00,31.8,0.1,0.466,20.2,7.5,352,13,4,Normal Operations
2026-07-26 14:00:00,31.7,0.1,0.464,23.0,7.4,225,5,4,Normal Operations
2026-07-26 15:00:00,31.5,0.1,0.462,22.7,7.4,276,4,1,Normal Operations
2026-07-26 16:00:00,30.9,0.1,0.461,15.8,7.500000000000001,136,7,1,Normal Operations
2026-07-26 17:00:00,29.4,2.1,0.509,15.1,9.5,509,14,0,Pause Operations & Maintain Equipment
2026-07-26 18:00:00,28.3,0.0,0.504,7.9,9.4,710,5,2,Normal Operations
2026-07-26 19:00:00,27.3,0.0,0.5,6.5,9.4,709,8,1,Normal Operations
2026-07-26 20:00:00,26.9,0.0,0.497,8.6,8.7,226,12,1,Normal Operations
2026-07-26 21:00:00,26.7,0.0,0.495,10.4,8.4,582,14,2,Normal Operations
2026-07-26 22:00:00,26.6,0.0,0.493,7.9,8.3,267,11,2,Normal Operations
2026-07-26 23:00:00,26.1,0.9,0.497,5.4,9.2,691,1,4,Normal Operations
2026-07-27 00:00:00,25.8,3.2,0.513,7.2,12.4,393,5,1,Pause Operations & Maintain Equipment
2026-07-27 01:00:00,25.4,0.9,0.513,13.3,13.0,944,4,3,Normal Operations
2026-07-27 02:00:00,24.5,2.7,0.506,9.0,15.5,737,3,3,Pre-emptive Overtime Prior Shift
2026-07-27 03:00:00,24.4,0.7,0.512,13.7,15.7,442,5,0,Normal Operations
2026-07-27 04:00:00,24.3,0.3,0.511,9.0,15.6,409,10,1,Normal Operations
2026-07-27 05:00:00,25.0,0.1,0.49,8.6,15.6,761,15,3,Normal Operations
2026-07-27 06:00:00,25.2,1.0,0.501,6.5,16.5,627,3,1,Normal Operations
2026-07-27 07:00:00,25.8,0.0,0.5,9.0,16.5,639,8,1,Normal Operations
2026-07-27 08:00:00,27.4,0.0,0.499,10.8,16.3,518,13,3,Normal Operations
2026-07-27 09:00:00,28.8,0.1,0.497,17.6,16.0,543,3,1,Normal Operations
2026-07-27 10:00:00,30.0,0.1,0.494,20.9,15.7,784,1,2,Normal Operations
2026-07-27 11:00:00,31.0,0.1,0.501,21.6,15.3,657,9,0,Normal Operations
2026-07-27 12:00:00,32.1,0.1,0.497,23.0,15.2,939,15,4,Normal Operations
2026-07-27 13:00:00,32.0,0.2,0.493,24.1,15.4,335,9,3,Normal Operations
2026-07-27 14:00:00,30.0,0.3,0.493,21.6,15.7,538,6,4,Normal Operations
2026-07-27 15:00:00,26.6,5.7,0.517,33.5,21.4,313,10,0,Pause Operations & Maintain Equipment
2026-07-27 16:00:00,26.3,1.2,0.517,13.7,22.5,184,1,2,Normal Operations
2026-07-27 17:00:00,26.4,0.2,0.507,13.3,22.5,893,8,2,Normal Operations
2026-07-27 18:00:00,26.7,0.0,0.504,15.8,22.5,843,2,2,Normal Operations
2026-07-27 19:00:00,25.9,0.0,0.503,16.2,22.5,184,9,2,Normal Operations
2026-07-27 20:00:00,25.7,0.0,0.501,14.4,22.5,588,14,3,Normal Operations
2026-07-27 21:00:00,24.6,2.2,0.52,20.9,24.7,164,8,3,Pause Operations & Maintain Equipment
2026-07-27 22:00:00,24.6,0.3,0.505,22.0,24.9,745,3,1,Normal Operations
2026-07-27 23:00:00,25.3,0.8,0.517,14.4,25.6,762,13,1,Normal Operations
2026-07-28 00:00:00,24.5,0.6,0.517,11.9,26.2,726,5,0,Normal Operations
2026-07-28 01:00:00,24.2,1.3,0.514,16.6,27.4,163,9,1,Normal Operations
2026-07-28 02:00:00,24.3,1.4,0.512,12.2,28.8,442,13,0,Normal Operations
2026-07-28 03:00:00,24.3,1.0,0.512,4.7,29.8,974,1,0,Normal Operations
2026-07-28 04:00:00,24.4,0.4,0.511,2.9,30.2,451,9,0,Normal Operations
2026-07-28 05:00:00,25.0,0.1,0.505,4.0,30.3,257,15,2,Normal Operations
2026-07-28 06:00:00,25.0,0.0,0.503,7.2,30.3,688,4,4,Normal Operations
2026-07-28 07:00:00,25.4,0.0,0.501,7.2,30.3,590,4,4,Normal Operations
2026-07-28 08:00:00,26.3,0.1,0.5,8.6,30.4,757,15,3,Normal Operations
2026-07-28 09:00:00,28.1,0.2,0.499,18.7,30.4,954,4,0,Normal Operations
2026-07-28 10:00:00,29.3,0.1,0.497,21.2,30.4,562,10,2,Normal Operations
2026-07-28 11:00:00,29.6,0.1,0.497,22.7,30.3,324,12,1,Normal Operations
2026-07-28 12:00:00,30.6,0.2,0.495,24.5,30.1,412,9,1,Normal Operations
2026-07-28 13:00:00,30.7,0.1,0.492,30.2,30.1,714,14,3,Normal Operations
2026-07-28 14:00:00,29.9,0.1,0.49,31.0,30.2,958,6,3,Normal Operations
2026-07-28 15:00:00,27.2,1.7,0.506,25.9,31.9,912,11,0,Normal Operations
2026-07-28 16:00:00,27.2,1.0,0.512,10.8,32.800000000000004,565,8,0,Normal Operations
2026-07-28 17:00:00,26.7,4.4,0.505,13.0,37.1,187,12,1,Pause Operations & Maintain Equipment
2026-07-28 18:00:00,26.8,0.3,0.505,9.4,37.4,982,14,1,Normal Operations
2026-07-28 19:00:00,26.6,0.6,0.507,5.8,38.0,402,4,1,Normal Operations
2026-07-28 20:00:00,26.4,0.1,0.505,9.0,38.1,779,3,1,Normal Operations
2026-07-28 21:00:00,26.5,0.0,0.503,6.5,38.1,534,14,4,Normal Operations
2026-07-28 22:00:00,26.2,0.0,0.502,5.0,38.1,781,1,0,Normal Operations
2026-07-28 23:00:00,25.8,2.3,0.51,15.1,40.4,234,10,0,Pause Operations & Maintain Equipment
2026-07-29 00:00:00,25.6,3.5,0.51,17.6,43.9,149,15,1,Pause Operations & Maintain Equipment
2026-07-29 01:00:00,25.7,1.5,0.509,17.6,45.4,531,15,2,Normal Operations
2026-07-29 02:00:00,25.0,1.5,0.509,24.5,46.9,439,7,1,Normal Operations
2026-07-29 03:00:00,25.1,0.5,0.509,24.1,47.4,446,4,3,Normal Operations
2026-07-29 04:00:00,25.2,0.1,0.507,24.1,47.5,745,14,2,Normal Operations
2026-07-29 05:00:00,24.5,0.3,0.509,23.0,47.8,446,8,3,Normal Operations
2026-07-29 06:00:00,25.0,0.1,0.507,29.5,47.8,748,14,2,Normal Operations
2026-07-29 07:00:00,25.6,0.4,0.508,28.8,48.1,344,3,3,Normal Operations
2026-07-29 08:00:00,26.9,0.1,0.506,33.5,48.0,208,1,1,Normal Operations
2026-07-29 09:00:00,28.4,0.2,0.504,38.9,48.0,924,5,1,Normal Operations
2026-07-29 10:00:00,28.2,1.7,0.512,43.9,49.6,898,14,2,Normal Operations
2026-07-29 11:00:00,30.3,0.8,0.508,40.7,50.400000000000006,632,2,3,Pre-emptive Overtime Prior Shift
2026-07-29 12:00:00,29.2,0.7,0.507,45.4,51.1,189,3,4,Pre-emptive Overtime Prior Shift
2026-07-29 13:00:00,28.4,1.8,0.514,47.2,52.8,395,14,2,Pause Operations & Maintain Equipment
2026-07-29 14:00:00,30.5,2.2,0.51,40.7,54.9,211,6,2,Pause Operations & Maintain Equipment
2026-07-29 15:00:00,28.3,5.0,0.513,37.8,59.8,912,3,0,Pause Operations & Maintain Equipment
2026-07-29 16:00:00,26.2,6.3,0.511,49.0,66.0,688,3,2,Pre-emptive Overtime Prior Shift
2026-07-29 17:00:00,26.7,2.3,0.509,31.3,66.2,276,12,4,Pause Operations & Maintain Equipment
2026-07-29 18:00:00,26.5,0.5,0.509,24.1,66.7,442,6,1,Pause Operations & Maintain Equipment
2026-07-29 19:00:00,25.8,3.9,0.509,29.9,70.60000000000001,759,5,3,Pause Operations & Maintain Equipment
2026-07-29 20:00:00,25.0,4.7,0.508,38.2,75.30000000000001,200,10,0,Pause Operations & Maintain Equipment
2026-07-29 21:00:00,24.8,3.1,0.508,37.4,78.4,857,9,3,Pause Operations & Maintain Equipment
2026-07-29 22:00:00,25.1,0.0,0.507,32.0,78.4,728,1,1,Pre-emptive Overtime Prior Shift
2026-07-29 23:00:00,25.3,0.0,0.505,29.5,77.5,703,13,2,Pause Operations & Maintain Equipment
2026-07-30 00:00:00,25.3,0.0,0.503,31.7,74.3,500,3,4,Pre-emptive Overtime Prior Shift
2026-07-30 01:00:00,25.1,0.0,0.501,27.4,73.4,127,3,0,Pause Operations & Maintain Equipment
2026-07-30 02:00:00,25.0,0.0,0.5,25.2,70.7,636,11,4,Pause Operations & Maintain Equipment
2026-07-30 03:00:00,24.9,0.0,0.499,25.9,70.0,157,6,4,Pause Operations & Maintain Equipment
2026-07-30 04:00:00,24.9,0.0,0.498,27.0,69.7,597,8,4,Pause Operations & Maintain Equipment
2026-07-30 05:00:00,25.1,0.0,0.498,25.6,69.60000000000001,396,3,4,Pre-emptive Overtime Prior Shift
2026-07-30 06:00:00,25.5,0.0,0.497,22.7,68.60000000000001,233,3,1,Pre-emptive Overtime Prior Shift
2026-07-30 07:00:00,26.8,0.1,0.496,26.3,68.7,430,6,4,Pause Operations & Maintain Equipment
2026-07-30 08:00:00,28.0,0.5,0.499,29.9,69.2,348,8,4,Pause Operations & Maintain Equipment
2026-07-30 09:00:00,29.9,0.0,0.496,35.3,69.1,649,6,1,Pause Operations & Maintain Equipment
2026-07-30 10:00:00,30.9,0.0,0.493,40.7,69.0,174,13,3,Pause Operations & Maintain Equipment
2026-07-30 11:00:00,30.2,0.2,0.531,40.0,69.1,753,12,1,Pause Operations & Maintain Equipment
2026-07-30 12:00:00,29.5,0.4,0.507,34.9,69.4,933,14,2,Pause Operations & Maintain Equipment
2026-07-30 13:00:00,27.7,1.6,0.51,32.0,70.8,267,10,1,Pause Operations & Maintain Equipment
2026-07-30 14:00:00,29.5,0.2,0.507,36.7,70.7,870,3,3,Pre-emptive Overtime Prior Shift
2026-07-30 15:00:00,30.1,0.1,0.504,39.6,65.1,602,4,2,Pre-emptive Overtime Prior Shift
2026-07-30 16:00:00,30.3,0.0,0.5,35.6,63.900000000000006,984,1,2,Pre-emptive Overtime Prior Shift
2026-07-30 17:00:00,28.1,0.3,0.493,32.0,64.0,454,13,0,Pause Operations & Maintain Equipment
2026-07-30 18:00:00,27.1,0.4,0.495,21.2,64.4,324,8,4,Pause Operations & Maintain Equipment
2026-07-30 19:00:00,26.4,0.1,0.495,31.7,64.5,763,4,2,Pre-emptive Overtime Prior Shift
2026-07-30 20:00:00,26.2,0.0,0.494,29.9,64.5,630,6,2,Pause Operations & Maintain Equipment
2026-07-30 21:00:00,25.9,0.0,0.493,24.8,62.3,245,11,3,Pause Operations & Maintain Equipment
2026-07-30 22:00:00,25.3,0.0,0.492,20.5,62.0,340,3,2,Pre-emptive Overtime Prior Shift
2026-07-30 23:00:00,25.6,0.0,0.491,21.6,61.2,983,11,3,Pause Operations & Maintain Equipment
2026-07-31 00:00:00,25.3,0.3,0.493,27.0,60.9,992,12,4,Pause Operations & Maintain Equipment
2026-07-31 01:00:00,25.1,0.1,0.493,29.9,59.7,443,11,0,Pause Operations & Maintain Equipment
2026-07-31 02:00:00,24.7,0.1,0.492,32.4,58.4,848,6,0,Pause Operations & Maintain Equipment
2026-07-31 03:00:00,24.6,0.3,0.494,33.8,57.7,134,12,4,Pause Operations & Maintain Equipment
2026-07-31 04:00:00,24.7,0.1,0.493,37.1,57.4,801,11,4,Pause Operations & Maintain Equipment
2026-07-31 05:00:00,24.9,0.1,0.508,37.8,57.4,100,9,1,Pause Operations & Maintain Equipment
2026-07-31 06:00:00,24.7,0.1,0.506,44.6,57.5,252,9,2,Pause Operations & Maintain Equipment
2026-07-31 07:00:00,25.1,0.0,0.504,46.1,57.5,528,10,2,Pause Operations & Maintain Equipment
2026-07-31 08:00:00,25.7,0.1,0.503,46.4,57.5,607,3,2,Pre-emptive Overtime Prior Shift
2026-07-31 09:00:00,26.1,0.0,0.501,49.3,57.3,225,3,3,Pre-emptive Overtime Prior Shift
2026-07-31 10:00:00,27.6,0.2,0.499,58.7,57.4,590,4,1,Pre-emptive Overtime Prior Shift
2026-07-31 11:00:00,25.8,0.1,0.521,58.0,57.4,581,12,2,Pause Operations & Maintain Equipment
2026-07-31 12:00:00,27.0,0.1,0.501,51.5,57.3,444,7,3,Pause Operations & Maintain Equipment
2026-07-31 13:00:00,26.7,0.1,0.499,49.7,57.3,837,3,3,Pre-emptive Overtime Prior Shift
2026-07-31 14:00:00,29.2,0.2,0.497,45.4,57.4,320,10,0,Pause Operations & Maintain Equipment
2026-07-31 15:00:00,27.8,0.8,0.5,46.8,56.5,822,8,3,Pause Operations & Maintain Equipment
2026-07-31 16:00:00,27.9,0.1,0.499,47.2,55.6,124,11,4,Pause Operations & Maintain Equipment
2026-07-31 17:00:00,27.2,0.0,0.501,33.5,51.2,627,8,3,Pause Operations & Maintain Equipment
2026-07-31 18:00:00,27.0,0.1,0.5,28.4,51.0,281,6,4,Pause Operations & Maintain Equipment
2026-07-31 19:00:00,26.4,0.0,0.499,25.6,50.4,598,4,4,Pre-emptive Overtime Prior Shift
2026-07-31 20:00:00,26.3,0.1,0.498,26.3,50.4,940,11,0,Pause Operations & Maintain Equipment
2026-07-31 21:00:00,26.2,0.1,0.497,27.4,50.5,740,12,0,Pause Operations & Maintain Equipment
2026-07-31 22:00:00,26.0,0.0,0.496,24.8,50.5,141,11,3,Pause Operations & Maintain Equipment
2026-07-31 23:00:00,26.0,0.0,0.495,23.0,48.2,580,5,0,Normal Operations
2026-08-01 00:00:00,25.7,0.1,0.495,22.7,44.8,947,12,0,Normal Operations
2026-08-01 01:00:00,25.6,0.1,0.495,21.2,43.4,847,2,2,Normal Operations
2026-08-01 02:00:00,25.1,0.1,0.494,21.6,42.0,971,13,3,Normal Operations
2026-08-01 03:00:00,24.8,0.1,0.494,21.6,41.6,538,6,3,Normal Operations
2026-08-01 04:00:00,24.7,0.0,0.493,18.4,41.5,501,3,3,Normal Operations
2026-08-01 05:00:00,24.9,0.0,0.492,18.4,41.2,645,15,0,Normal Operations
2026-08-01 06:00:00,24.9,0.3,0.494,25.9,41.4,444,6,0,Normal Operations
2026-08-01 07:00:00,25.6,0.2,0.495,27.4,41.2,992,12,4,Normal Operations
2026-08-01 08:00:00,26.6,0.4,0.497,32.4,41.5,144,5,1,Normal Operations
2026-08-01 09:00:00,27.7,0.4,0.498,33.5,41.7,745,14,1,Normal Operations
2026-08-01 10:00:00,29.2,0.1,0.495,33.1,40.1,120,2,1,Normal Operations
2026-08-01 11:00:00,29.2,0.1,0.507,32.4,39.4,733,15,2,Normal Operations
2026-08-01 12:00:00,30.0,0.4,0.504,34.9,39.1,169,12,0,Normal Operations
2026-08-01 13:00:00,30.1,0.4,0.501,32.8,37.7,963,13,4,Normal Operations
2026-08-01 14:00:00,30.4,0.2,0.498,35.6,35.7,972,14,4,Normal Operations
2026-08-01 15:00:00,30.3,0.0,0.494,35.3,30.7,147,5,1,Normal Operations
2026-08-01 16:00:00,30.2,0.0,0.491,29.9,24.4,590,5,2,Normal Operations
2026-08-01 17:00:00,29.3,0.0,0.494,27.4,22.1,650,14,2,Normal Operations
2026-08-01 18:00:00,28.4,0.1,0.493,16.9,21.700000000000003,386,9,1,Normal Operations
2026-08-01 19:00:00,27.9,0.0,0.492,13.0,17.8,109,11,1,Normal Operations
2026-08-01 20:00:00,27.5,0.0,0.491,11.5,13.1,641,8,0,Normal Operations
2026-08-01 21:00:00,26.9,0.0,0.49,11.9,10.0,855,12,2,Normal Operations
2026-08-01 22:00:00,26.6,0.0,0.489,13.3,10.0,373,12,4,Normal Operations
2026-08-01 23:00:00,26.7,0.0,0.489,13.3,10.0,699,7,1,Normal Operations
2026-08-02 00:00:00,26.4,0.0,0.488,12.2,10.0,855,15,0,Normal Operations
2026-08-02 01:00:00,26.2,0.0,0.487,12.2,10.0,480,15,4,Normal Operations
2026-08-02 02:00:00,25.8,0.2,0.488,12.2,10.2,428,12,2,Normal Operations
2026-08-02 03:00:00,25.7,0.0,0.488,13.3,10.2,578,13,1,Normal Operations
2026-08-02 04:00:00,25.7,0.0,0.487,12.6,10.2,114,15,1,Normal Operations
2026-08-02 05:00:00,25.5,0.0,0.487,11.5,10.2,615,14,0,Normal Operations
2026-08-02 06:00:00,25.9,0.0,0.486,14.8,10.2,290,3,0,Normal Operations
2026-08-02 07:00:00,26.6,0.0,0.486,17.3,10.1,267,10,2,Normal Operations
2026-08-02 08:00:00,27.9,0.1,0.485,24.5,9.7,620,4,1,Normal Operations
2026-08-02 09:00:00,29.0,0.0,0.483,26.3,9.7,720,6,0,Normal Operations
2026-08-02 10:00:00,30.4,0.1,0.48,26.6,9.8,236,3,1,Normal Operations
2026-08-02 11:00:00,30.5,0.2,0.492,26.6,9.8,253,11,2,Normal Operations
2026-08-02 12:00:00,30.8,0.0,0.489,26.3,9.4,487,9,1,Normal Operations
2026-08-02 13:00:00,31.7,0.2,0.486,28.1,8.0,308,8,4,Normal Operations
2026-08-02 14:00:00,32.0,0.2,0.483,28.8,8.0,371,6,1,Normal Operations
2026-08-02 15:00:00,31.6,0.3,0.482,27.7,8.200000000000001,242,4,3,Normal Operations
2026-08-02 16:00:00,30.9,0.3,0.482,26.6,8.5,710,7,3,Normal Operations
2026-08-02 17:00:00,30.4,0.1,0.477,23.8,8.299999999999999,988,13,2,Normal Operations
2026-08-02 18:00:00,29.4,0.0,0.476,17.3,7.9,919,15,2,Normal Operations
2026-08-02 19:00:00,28.6,0.0,0.475,14.4,7.800000000000001,168,11,2,Normal Operations
2026-08-02 20:00:00,28.1,0.0,0.475,16.6,7.800000000000001,346,3,4,Normal Operations
2026-08-02 21:00:00,27.5,0.0,0.474,16.6,7.800000000000001,360,10,4,Normal Operations
2026-08-02 22:00:00,27.1,0.0,0.474,14.4,7.800000000000001,887,15,1,Normal Operations
2026-08-02 23:00:00,26.7,0.0,0.478,10.1,7.800000000000001,178,8,0,Normal Operations
2026-08-03 00:00:00,26.4,0.0,0.478,7.6,7.500000000000001,757,1,3,Normal Operations
2026-08-03 01:00:00,26.2,0.0,0.477,7.6,7.4,722,3,3,Normal Operations
2026-08-03 02:00:00,26.1,0.0,0.477,6.5,7.300000000000001,869,11,3,Normal Operations
2026-08-03 03:00:00,25.9,0.0,0.477,4.0,7.000000000000001,704,5,1,Normal Operations
2026-08-03 04:00:00,26.0,0.0,0.476,4.3,6.9,624,5,1,Normal Operations
2026-08-03 05:00:00,26.2,0.0,0.471,4.7,6.800000000000001,871,10,2,Normal Operations
2026-08-03 06:00:00,26.6,0.0,0.471,5.8,6.7,720,14,0,Normal Operations
2026-08-03 07:00:00,27.3,0.0,0.47,10.4,6.7,429,2,2,Normal Operations
2026-08-03 08:00:00,28.2,0.0,0.469,15.1,6.6000000000000005,288,10,1,Normal Operations
2026-08-03 09:00:00,29.5,0.0,0.468,19.4,6.6000000000000005,194,8,4,Normal Operations
2026-08-03 10:00:00,30.3,0.1,0.466,22.3,6.5,716,5,2,Normal Operations
2026-08-03 11:00:00,31.1,0.0,0.475,22.3,6.4,107,7,1,Normal Operations
2026-08-03 12:00:00,31.5,0.1,0.472,25.9,6.4,166,15,1,Normal Operations
2026-08-03 13:00:00,31.6,0.1,0.469,26.6,6.4,595,7,4,Normal Operations
2026-08-03 14:00:00,31.9,0.1,0.466,26.3,6.3,290,14,4,Normal Operations
2026-08-03 15:00:00,31.9,0.1,0.464,24.5,5.6000000000000005,465,5,4,Normal Operations
2026-08-03 16:00:00,31.1,0.2,0.463,24.1,5.7,867,8,0,Normal Operations
2026-08-03 17:00:00,31.1,0.2,0.466,20.9,5.9,620,9,1,Normal Operations
2026-08-03 18:00:00,29.9,0.0,0.465,8.6,5.8,216,4,4,Normal Operations
2026-08-03 19:00:00,29.1,0.0,0.465,8.3,5.8,366,4,0,Normal Operations
2026-08-03 20:00:00,28.6,0.0,0.465,8.3,5.7,710,8,3,Normal Operations
2026-08-03 21:00:00,28.3,0.0,0.465,8.3,5.6,584,1,3,Normal Operations
2026-08-03 22:00:00,28.0,0.0,0.465,8.3,5.6,608,15,3,Normal Operations
2026-08-03 23:00:00,27.8,0.0,0.462,7.9,5.6,397,4,1,Normal Operations
2026-08-04 00:00:00,27.4,0.0,0.462,5.8,5.5,263,6,0,Normal Operations
2026-08-04 01:00:00,27.1,0.0,0.462,5.8,5.4,475,13,0,Normal Operations
2026-08-04 02:00:00,26.7,0.0,0.462,4.3,5.3,752,4,3,Normal Operations
2026-08-04 03:00:00,26.2,0.0,0.462,4.0,5.2,367,6,2,Normal Operations
2026-08-04 04:00:00,24.8,1.6,0.48,10.8,6.800000000000001,648,5,3,Normal Operations
2026-08-04 05:00:00,25.6,1.0,0.505,10.8,7.800000000000001,173,14,1,Normal Operations
2026-08-04 06:00:00,25.3,0.3,0.503,16.2,7.8,607,9,3,Normal Operations
2026-08-04 07:00:00,25.9,0.3,0.501,13.0,7.9,172,10,3,Normal Operations
2026-08-04 08:00:00,26.9,0.1,0.499,11.5,7.6,407,9,0,Normal Operations
2026-08-04 09:00:00,28.1,0.0,0.496,12.6,7.2,298,4,3,Normal Operations
2026-08-04 10:00:00,28.5,0.0,0.493,16.2,7.1000000000000005,229,13,4,Normal Operations
2026-08-04 11:00:00,29.6,0.0,0.504,16.9,7.000000000000001,857,14,4,Normal Operations
2026-08-04 12:00:00,30.2,0.1,0.499,22.7,6.7,923,4,2,Normal Operations
2026-08-04 13:00:00,30.9,0.0,0.494,21.6,6.3,671,12,1,Normal Operations
2026-08-04 14:00:00,28.7,0.8,0.497,20.5,6.9,890,8,1,Normal Operations
2026-08-04 15:00:00,27.6,2.9,0.515,27.4,9.8,714,10,0,Pause Operations & Maintain Equipment
2026-08-04 16:00:00,29.0,0.4,0.509,11.5,10.2,907,15,1,Normal Operations
2026-08-04 17:00:00,28.7,1.2,0.505,16.2,11.4,931,4,2,Normal Operations
2026-08-04 18:00:00,28.2,0.2,0.502,6.5,11.5,586,2,4,Normal Operations
2026-08-04 19:00:00,27.0,0.4,0.502,6.5,11.9,952,13,0,Normal Operations
2026-08-04 20:00:00,26.6,0.0,0.5,9.0,11.9,250,13,4,Normal Operations
2026-08-04 21:00:00,26.2,0.0,0.498,9.7,11.9,768,14,2,Normal Operations
2026-08-04 22:00:00,26.0,0.0,0.496,12.6,11.9,305,15,0,Normal Operations
2026-08-04 23:00:00,26.3,0.0,0.494,14.8,11.9,278,2,3,Normal Operations
2026-08-05 00:00:00,25.8,0.3,0.496,13.3,12.2,296,1,1,Normal Operations
2026-08-05 01:00:00,25.6,0.3,0.497,11.5,12.5,834,5,2,Normal Operations
2026-08-05 02:00:00,24.8,0.4,0.5,15.5,12.7,188,15,0,Normal Operations
2026-08-05 03:00:00,24.2,1.0,0.509,15.5,13.7,898,6,4,Normal Operations
2026-08-05 04:00:00,23.8,1.8,0.517,16.9,15.500000000000002,533,9,0,Normal Operations
2026-08-05 05:00:00,24.7,0.2,0.505,15.1,15.7,887,5,3,Normal Operations
2026-08-05 06:00:00,24.9,0.9,0.513,10.4,16.6,847,13,2,Normal Operations
2026-08-05 07:00:00,25.6,0.1,0.509,8.6,16.700000000000003,282,6,0,Normal Operations
2026-08-05 08:00:00,26.8,0.0,0.506,13.0,16.6,308,6,2,Normal Operations
2026-08-05 09:00:00,28.4,0.0,0.503,16.6,16.6,592,3,2,Normal Operations
2026-08-05 10:00:00,29.8,0.1,0.5,22.0,16.6,229,12,4,Normal Operations
2026-08-05 11:00:00,30.5,0.1,0.497,23.8,16.5,764,4,1,Normal Operations
2026-08-05 12:00:00,30.6,0.1,0.494,24.8,16.599999999999998,112,1,3,Normal Operations
2026-08-05 13:00:00,30.8,0.3,0.494,26.3,16.7,733,4,0,Normal Operations
2026-08-05 14:00:00,29.2,0.2,0.493,25.2,16.7,970,1,1,Normal Operations
2026-08-05 15:00:00,27.5,2.5,0.517,29.5,18.9,831,15,4,Pause Operations & Maintain Equipment
2026-08-05 16:00:00,27.3,0.6,0.514,16.6,19.2,205,5,1,Normal Operations
2026-08-05 17:00:00,27.3,1.8,0.513,11.5,20.9,474,11,2,Normal Operations
2026-08-05 18:00:00,26.8,0.2,0.51,16.9,21.1,681,11,2,Normal Operations
2026-08-05 19:00:00,26.7,0.0,0.507,16.9,21.1,806,8,3,Normal Operations
2026-08-05 20:00:00,26.8,0.0,0.505,15.1,21.1,797,8,0,Normal Operations
2026-08-05 21:00:00,26.6,0.0,0.503,15.5,21.1,198,5,0,Normal Operations
2026-08-05 22:00:00,26.3,0.0,0.501,14.4,21.1,693,14,4,Normal Operations
2026-08-05 23:00:00,26.3,0.0,0.5,11.5,21.1,686,10,3,Normal Operations
2026-08-06 00:00:00,26.1,0.0,0.499,9.7,21.1,985,2,0,Normal Operations
2026-08-06 01:00:00,25.7,0.0,0.498,7.2,21.1,951,12,2,Normal Operations
2026-08-06 02:00:00,25.4,0.0,0.497,5.8,21.1,291,6,3,Normal Operations
2026-08-06 03:00:00,25.3,0.0,0.496,4.0,21.1,424,1,1,Normal Operations
2026-08-06 04:00:00,25.3,0.1,0.495,3.2,21.200000000000003,825,7,3,Normal Operations
2026-08-06 05:00:00,25.6,0.0,0.487,4.7,21.200000000000003,926,11,3,Normal Operations
2026-08-06 06:00:00,25.9,0.0,0.487,6.5,21.200000000000003,566,4,0,Normal Operations
2026-08-06 07:00:00,26.4,0.1,0.488,10.4,21.3,993,5,4,Normal Operations
2026-08-06 08:00:00,27.4,0.1,0.488,12.2,21.4,466,6,4,Normal Operations
2026-08-06 09:00:00,28.6,0.0,0.486,19.8,21.4,417,11,0,Normal Operations
2026-08-06 10:00:00,29.9,0.1,0.484,23.4,21.4,243,1,0,Normal Operations
2026-08-06 11:00:00,29.9,0.1,0.497,23.8,21.5,483,9,0,Normal Operations
2026-08-06 12:00:00,30.6,0.2,0.495,25.2,21.6,315,10,4,Normal Operations
2026-08-06 13:00:00,28.9,1.4,0.505,28.4,22.9,460,4,0,Normal Operations
2026-08-06 14:00:00,29.1,0.4,0.504,25.9,23.2,423,8,1,Normal Operations
2026-08-06 15:00:00,30.3,0.0,0.5,18.0,23.1,114,5,1,Normal Operations
2026-08-06 16:00:00,30.0,0.1,0.498,18.4,23.000000000000004,316,11,2,Normal Operations
2026-08-06 17:00:00,27.4,0.2,0.479,17.6,23.0,591,8,1,Normal Operations
2026-08-06 18:00:00,24.9,1.0,0.49,25.9,24.0,646,15,3,Normal Operations
2026-08-06 19:00:00,25.2,0.0,0.49,19.1,24.0,282,1,2,Normal Operations
2026-08-06 20:00:00,25.7,0.0,0.489,7.9,24.0,369,8,1,Normal Operations
2026-08-06 21:00:00,25.8,0.0,0.489,9.4,24.0,566,11,3,Normal Operations
2026-08-06 22:00:00,23.7,3.8,0.52,33.8,27.8,969,13,1,Pause Operations & Maintain Equipment
2026-08-06 23:00:00,24.1,2.6,0.515,32.4,30.4,711,11,3,Pause Operations & Maintain Equipment
2026-08-07 00:00:00,24.0,0.6,0.514,10.4,31.0,618,4,0,Normal Operations
2026-08-07 01:00:00,24.1,0.2,0.511,10.1,31.2,641,2,3,Normal Operations
2026-08-07 02:00:00,24.1,0.0,0.508,3.2,31.2,566,11,0,Normal Operations
2026-08-07 03:00:00,24.2,0.0,0.506,2.5,31.2,404,6,3,Normal Operations
2026-08-07 04:00:00,24.1,0.4,0.508,2.9,30.0,243,2,3,Normal Operations
2026-08-07 05:00:00,24.4,0.0,0.492,2.2,29.0,210,5,1,Normal Operations
2026-08-07 06:00:00,24.8,0.4,0.496,4.7,29.1,331,2,3,Normal Operations
2026-08-07 07:00:00,25.1,0.1,0.496,5.8,28.9,790,3,1,Normal Operations
2026-08-07 08:00:00,25.8,0.8,0.502,10.8,29.6,683,11,3,Normal Operations
2026-08-07 09:00:00,27.1,0.1,0.5,18.7,29.700000000000003,821,6,4,Normal Operations
2026-08-07 10:00:00,27.8,0.0,0.498,19.8,29.700000000000003,831,1,2,Normal Operations
2026-08-07 11:00:00,28.0,0.0,0.5,22.3,29.700000000000003,691,6,1,Normal Operations
2026-08-07 12:00:00,25.1,3.4,0.513,30.2,33.0,599,3,1,Pre-emptive Overtime Prior Shift
2026-08-07 13:00:00,26.8,0.3,0.51,18.4,33.3,694,7,0,Normal Operations
2026-08-07 14:00:00,26.8,0.6,0.51,22.0,33.1,653,2,4,Normal Operations
2026-08-07 15:00:00,27.6,0.2,0.507,20.9,30.4,372,14,0,Normal Operations
2026-08-07 16:00:00,27.8,0.0,0.504,16.6,30.0,802,6,4,Normal Operations
2026-08-07 17:00:00,26.7,0.5,0.499,29.2,29.3,272,8,4,Normal Operations
2026-08-07 18:00:00,25.1,2.0,0.517,19.4,31.1,106,15,3,Normal Operations
2026-08-07 19:00:00,24.6,2.2,0.519,17.6,32.900000000000006,254,15,0,Pause Operations & Maintain Equipment
2026-08-07 20:00:00,24.5,1.0,0.517,16.6,33.900000000000006,621,15,2,Normal Operations
2026-08-07 21:00:00,24.3,0.6,0.516,15.5,34.5,645,1,4,Normal Operations
2026-08-07 22:00:00,24.2,0.1,0.512,13.0,34.6,647,11,4,Normal Operations
2026-08-07 23:00:00,24.8,0.0,0.507,7.9,34.6,617,11,1,Normal Operations
2026-08-08 00:00:00,24.7,0.7,0.513,10.1,35.0,314,13,3,Normal Operations
2026-08-08 01:00:00,24.7,0.4,0.513,11.5,35.1,233,9,2,Normal Operations
2026-08-08 02:00:00,24.8,0.2,0.511,11.5,34.9,384,5,4,Normal Operations
2026-08-08 03:00:00,24.8,0.1,0.509,9.4,34.0,225,5,1,Normal Operations
2026-08-08 04:00:00,24.7,0.0,0.507,6.1,32.2,538,13,0,Normal Operations
2026-08-08 05:00:00,25.0,0.2,0.513,4.0,32.2,948,12,4,Normal Operations
2026-08-08 06:00:00,24.3,2.8,0.506,10.1,34.1,785,5,1,Pause Operations & Maintain Equipment
2026-08-08 07:00:00,25.5,1.3,0.508,9.7,35.3,251,6,0,Normal Operations
2026-08-08 08:00:00,26.0,0.5,0.509,18.7,35.8,430,2,3,Normal Operations
2026-08-08 09:00:00,27.0,0.3,0.507,22.7,36.1,637,6,0,Normal Operations
2026-08-08 10:00:00,28.3,0.2,0.504,24.8,36.2,482,14,4,Normal Operations
2026-08-08 11:00:00,30.3,0.2,0.504,28.8,36.3,214,11,2,Normal Operations
2026-08-08 12:00:00,28.2,0.7,0.505,28.4,36.9,993,4,0,Normal Operations
2026-08-08 13:00:00,27.3,2.3,0.514,28.1,38.9,581,8,2,Pause Operations & Maintain Equipment
2026-08-08 14:00:00,28.6,0.3,0.511,23.4,39.0,383,13,2,Normal Operations
2026-08-08 15:00:00,26.3,6.4,0.514,32.0,42.9,998,11,0,Pause Operations & Maintain Equipment
2026-08-08 16:00:00,26.1,3.1,0.512,32.0,45.4,174,9,3,Pause Operations & Maintain Equipment
2026-08-08 17:00:00,26.8,0.4,0.511,8.6,44.0,265,9,0,Normal Operations
2026-08-08 18:00:00,26.0,0.1,0.509,15.1,43.9,288,8,1,Normal Operations
2026-08-08 19:00:00,25.5,0.0,0.506,9.4,43.9,177,3,2,Normal Operations
2026-08-08 20:00:00,25.7,0.1,0.505,6.1,44.0,701,10,4,Normal Operations
2026-08-08 21:00:00,25.7,0.1,0.504,2.5,44.1,787,11,2,Normal Operations
2026-08-08 22:00:00,25.7,0.0,0.502,3.6,44.1,120,11,4,Normal Operations
2026-08-08 23:00:00,24.2,0.6,0.505,4.7,44.7,665,4,1,Normal Operations
2026-08-09 00:00:00,24.0,1.5,0.512,16.2,46.2,283,1,1,Normal Operations
2026-08-09 01:00:00,24.0,2.8,0.511,14.4,49.0,970,9,1,Pause Operations & Maintain Equipment
2026-08-09 02:00:00,24.0,2.3,0.51,16.9,51.3,321,5,0,Pause Operations & Maintain Equipment
2026-08-09 03:00:00,23.9,1.6,0.51,17.6,52.9,926,6,2,Pause Operations & Maintain Equipment
2026-08-09 04:00:00,23.7,1.5,0.509,12.6,54.3,427,3,4,Pre-emptive Overtime Prior Shift
2026-08-09 05:00:00,24.0,1.7,0.506,11.9,56.0,278,11,1,Pause Operations & Maintain Equipment
2026-08-09 06:00:00,24.1,2.3,0.509,18.0,58.3,887,10,1,Pause Operations & Maintain Equipment
2026-08-09 07:00:00,24.3,3.1,0.509,20.5,61.3,211,8,4,Pause Operations & Maintain Equipment
2026-08-09 08:00:00,24.7,2.3,0.509,19.4,63.5,835,15,2,Pause Operations & Maintain Equipment
2026-08-09 09:00:00,24.1,4.6,0.509,23.4,68.1,825,7,2,Pause Operations & Maintain Equipment
2026-08-09 10:00:00,24.5,3.5,0.508,25.6,71.5,158,1,4,Pre-emptive Overtime Prior Shift
2026-08-09 11:00:00,25.1,1.6,0.516,22.7,73.0,426,10,3,Pause Operations & Maintain Equipment
2026-08-09 12:00:00,25.2,1.3,0.508,15.8,74.1,720,12,2,Pause Operations & Maintain Equipment
2026-08-09 13:00:00,25.7,1.0,0.508,20.2,73.7,996,5,4,Pause Operations & Maintain Equipment
2026-08-09 14:00:00,26.9,0.6,0.508,20.2,73.9,768,10,4,Pause Operations & Maintain Equipment
2026-08-09 15:00:00,27.3,0.4,0.508,21.6,74.3,290,9,1,Pause Operations & Maintain Equipment
2026-08-09 16:00:00,27.5,0.2,0.506,23.4,74.4,299,12,4,Pause Operations & Maintain Equipment
2026-08-09 17:00:00,25.8,0.3,0.508,22.3,74.5,411,11,0,Pause Operations & Maintain Equipment
2026-08-09 18:00:00,25.4,0.9,0.508,22.7,74.4,807,12,1,Pause Operations & Maintain Equipment
2026-08-09 19:00:00,24.5,3.4,0.508,22.3,77.8,134,6,1,Pause Operations & Maintain Equipment
2026-08-09 20:00:00,24.5,0.9,0.508,18.7,78.7,478,8,2,Pause Operations & Maintain Equipment
2026-08-09 21:00:00,24.6,0.1,0.507,11.9,78.8,486,10,3,Pause Operations & Maintain Equipment
2026-08-09 22:00:00,24.6,0.1,0.506,13.0,75.10000000000001,857,1,2,Pre-emptive Overtime Prior Shift
2026-08-09 23:00:00,24.7,0.0,0.505,13.0,72.5,336,10,0,Pause Operations & Maintain Equipment
2026-08-10 00:00:00,24.5,0.0,0.503,14.8,71.9,715,11,1,Pause Operations & Maintain Equipment
2026-08-10 01:00:00,24.5,0.0,0.502,14.4,71.7,618,7,1,Pause Operations & Maintain Equipment
2026-08-10 02:00:00,24.4,0.1,0.501,13.0,71.8,382,3,4,Pre-emptive Overtime Prior Shift
2026-08-10 03:00:00,24.3,0.2,0.501,18.4,72.0,100,9,3,Pause Operations & Maintain Equipment
2026-08-10 04:00:00,24.1,0.9,0.51,16.6,72.5,830,6,3,Pause Operations & Maintain Equipment
2026-08-10 05:00:00,24.0,0.8,0.497,17.6,73.3,563,5,4,Pause Operations & Maintain Equipment
2026-08-10 06:00:00,24.3,0.0,0.496,15.5,72.9,329,8,0,Pause Operations & Maintain Equipment
2026-08-10 07:00:00,25.5,0.0,0.495,22.3,72.8,271,8,3,Pause Operations & Maintain Equipment
2026-08-10 08:00:00,26.8,0.0,0.494,23.4,72.0,186,12,1,Pause Operations & Maintain Equipment
2026-08-10 09:00:00,28.2,0.0,0.492,34.6,71.9,652,12,0,Pause Operations & Maintain Equipment
2026-08-10 10:00:00,28.3,0.0,0.49,34.6,71.9,222,3,2,Pre-emptive Overtime Prior Shift
2026-08-10 11:00:00,29.5,0.0,0.495,31.3,71.9,942,2,2,Pre-emptive Overtime Prior Shift
2026-08-10 12:00:00,30.0,0.2,0.493,32.4,68.7,397,15,0,Pause Operations & Maintain Equipment
2026-08-10 13:00:00,30.3,0.1,0.49,32.8,68.5,984,2,1,Pre-emptive Overtime Prior Shift
2026-08-10 14:00:00,30.4,0.1,0.487,32.0,68.0,789,14,2,Pause Operations & Maintain Equipment
2026-08-10 15:00:00,30.8,0.0,0.484,31.3,67.8,674,5,1,Pause Operations & Maintain Equipment
2026-08-10 16:00:00,26.8,5.2,0.517,31.7,73.0,583,10,4,Pause Operations & Maintain Equipment
2026-08-10 17:00:00,26.0,0.8,0.511,20.5,73.3,264,12,3,Pause Operations & Maintain Equipment
2026-08-10 18:00:00,26.2,1.4,0.51,14.0,72.7,798,7,0,Pause Operations & Maintain Equipment
2026-08-10 19:00:00,25.5,0.3,0.508,13.7,70.8,482,8,3,Pause Operations & Maintain Equipment
2026-08-10 20:00:00,25.2,0.0,0.506,10.8,69.8,308,10,4,Pause Operations & Maintain Equipment
2026-08-10 21:00:00,25.0,0.0,0.504,8.3,69.2,838,15,2,Pause Operations & Maintain Equipment
2026-08-10 22:00:00,24.8,0.1,0.504,9.0,69.2,531,8,1,Pause Operations & Maintain Equipment
2026-08-10 23:00:00,24.7,0.1,0.501,8.6,69.3,488,13,1,Pause Operations & Maintain Equipment
2026-08-11 00:00:00,24.2,0.0,0.5,13.3,68.6,659,12,4,Pause Operations & Maintain Equipment
2026-08-11 01:00:00,23.9,0.0,0.499,16.9,68.2,323,8,0,Pause Operations & Maintain Equipment
2026-08-11 02:00:00,23.8,0.0,0.498,12.2,68.0,102,15,3,Pause Operations & Maintain Equipment
2026-08-11 03:00:00,23.6,0.0,0.497,10.8,67.9,471,10,2,Pause Operations & Maintain Equipment
2026-08-11 04:00:00,23.8,0.0,0.496,10.4,67.9,786,12,0,Pause Operations & Maintain Equipment
2026-08-11 05:00:00,23.9,0.0,0.505,8.3,67.7,545,11,4,Pause Operations & Maintain Equipment
2026-08-11 06:00:00,24.2,0.5,0.509,7.9,65.4,710,3,4,Pre-emptive Overtime Prior Shift
2026-08-11 07:00:00,24.4,0.5,0.511,9.0,64.6,215,14,1,Pause Operations & Maintain Equipment
2026-08-11 08:00:00,25.0,0.3,0.509,16.9,64.39999999999999,369,11,2,Pause Operations & Maintain Equipment
2026-08-11 09:00:00,26.5,0.1,0.507,19.1,64.2,546,2,0,Pause Operations & Maintain Equipment
2026-08-11 10:00:00,27.6,0.2,0.505,20.5,64.19999999999999,467,13,1,Pause Operations & Maintain Equipment
2026-08-11 11:00:00,27.5,0.3,0.517,24.1,64.3,352,4,2,Pre-emptive Overtime Prior Shift
2026-08-11 12:00:00,28.5,0.0,0.507,25.6,63.6,416,15,3,Pause Operations & Maintain Equipment
2026-08-11 13:00:00,28.3,0.1,0.504,25.9,61.4,514,1,3,Pre-emptive Overtime Prior Shift
2026-08-11 14:00:00,28.4,0.3,0.503,24.8,61.4,194,3,1,Pre-emptive Overtime Prior Shift
2026-08-11 15:00:00,28.7,0.4,0.503,24.1,55.4,884,11,0,Pause Operations & Maintain Equipment
2026-08-11 16:00:00,29.0,0.3,0.502,20.9,52.6,991,9,2,Pause Operations & Maintain Equipment
2026-08-11 17:00:00,28.2,0.1,0.497,19.1,52.3,123,7,3,Pause Operations & Maintain Equipment
2026-08-11 18:00:00,27.5,0.1,0.497,17.6,52.3,727,7,3,Pause Operations & Maintain Equipment
2026-08-11 19:00:00,26.7,0.1,0.497,9.4,52.4,762,1,0,Pause Operations & Maintain Equipment
2026-08-11 20:00:00,26.5,0.1,0.496,7.2,52.4,949,7,1,Pause Operations & Maintain Equipment
2026-08-11 21:00:00,26.0,0.1,0.495,7.6,52.4,149,10,4,Pause Operations & Maintain Equipment
2026-08-11 22:00:00,25.6,0.0,0.495,9.7,52.4,601,7,2,Pause Operations & Maintain Equipment
2026-08-11 23:00:00,25.6,0.0,0.494,10.4,51.8,817,4,3,Pre-emptive Overtime Prior Shift
2026-08-12 00:00:00,25.2,0.5,0.499,11.5,50.8,597,7,4,Pause Operations & Maintain Equipment
2026-08-12 01:00:00,25.0,0.3,0.5,9.0,48.3,434,8,0,Normal Operations
2026-08-12 02:00:00,24.9,0.3,0.503,10.4,46.3,178,3,1,Normal Operations
2026-08-12 03:00:00,24.9,0.4,0.505,12.6,45.1,681,13,2,Normal Operations
2026-08-12 04:00:00,24.5,0.4,0.507,14.4,44.0,126,10,0,Normal Operations
2026-08-12 05:00:00,24.1,0.3,0.498,14.0,42.6,370,2,1,Normal Operations
2026-08-12 06:00:00,24.1,0.3,0.5,23.8,40.6,661,7,0,Normal Operations
2026-08-12 07:00:00,24.8,0.5,0.503,21.6,38.0,903,5,3,Normal Operations
2026-08-12 08:00:00,25.6,0.2,0.503,22.7,35.9,346,5,3,Normal Operations
2026-08-12 09:00:00,26.5,0.1,0.502,22.3,31.4,875,14,4,Normal Operations
2026-08-12 10:00:00,28.6,0.1,0.5,27.4,28.0,690,5,0,Normal Operations
2026-08-12 11:00:00,28.0,0.3,0.515,28.1,26.7,486,15,3,Normal Operations
2026-08-12 12:00:00,28.9,0.1,0.508,30.6,25.500000000000004,801,7,1,Normal Operations
2026-08-12 13:00:00,29.6,0.1,0.504,28.4,24.6,658,9,4,Normal Operations
2026-08-12 14:00:00,28.8,0.5,0.504,29.2,24.5,460,11,2,Normal Operations
2026-08-12 15:00:00,29.4,0.1,0.502,26.3,24.200000000000003,965,8,0,Normal Operations
2026-08-12 16:00:00,28.3,0.8,0.507,24.5,24.8,587,6,3,Normal Operations
2026-08-12 17:00:00,27.9,2.3,0.508,23.4,26.8,451,7,1,Pause Operations & Maintain Equipment
2026-08-12 18:00:00,26.6,0.2,0.507,15.5,26.1,800,9,0,Normal Operations
2026-08-12 19:00:00,26.3,0.0,0.505,10.8,22.7,355,14,1,Normal Operations
2026-08-12 20:00:00,26.2,0.0,0.503,6.1,21.8,321,11,4,Normal Operations
2026-08-12 21:00:00,26.1,0.0,0.501,5.4,21.7,983,6,3,Normal Operations
2026-08-12 22:00:00,25.9,0.0,0.5,5.0,21.6,852,1,3,Normal Operations
2026-08-12 23:00:00,25.9,0.0,0.499,3.6,21.6,880,4,4,Normal Operations
2026-08-13 00:00:00,25.6,0.6,0.502,8.6,22.2,100,8,1,Normal Operations
2026-08-13 01:00:00,25.4,0.2,0.503,7.6,22.4,645,7,0,Normal Operations
2026-08-13 02:00:00,25.0,0.1,0.502,10.8,22.4,545,3,1,Normal Operations
2026-08-13 03:00:00,24.7,0.0,0.501,11.2,22.2,178,10,0,Normal Operations
2026-08-13 04:00:00,24.5,0.0,0.5,11.2,21.3,335,3,4,Normal Operations
2026-08-13 05:00:00,24.4,0.2,0.505,11.2,20.7,433,11,2,Normal Operations
2026-08-13 06:00:00,24.8,0.2,0.506,7.6,20.9,988,3,0,Normal Operations
2026-08-13 07:00:00,25.3,0.1,0.505,11.2,21.0,448,12,3,Normal Operations
2026-08-13 08:00:00,26.1,0.1,0.503,13.3,21.1,197,15,3,Normal Operations
2026-08-13 09:00:00,26.7,0.2,0.502,17.6,21.3,181,1,3,Normal Operations
2026-08-13 10:00:00,27.5,0.1,0.501,20.5,21.4,601,15,1,Normal Operations
2026-08-13 11:00:00,29.2,0.2,0.512,22.7,21.6,576,10,1,Normal Operations
2026-08-13 12:00:00,29.1,0.5,0.509,24.1,21.9,803,1,1,Normal Operations
2026-08-13 13:00:00,29.4,0.4,0.507,22.3,22.2,864,6,3,Normal Operations
2026-08-13 14:00:00,29.8,0.4,0.506,24.1,22.5,649,14,0,Normal Operations
2026-08-13 15:00:00,28.0,0.7,0.508,27.0,23.200000000000003,113,14,3,Normal Operations
2026-08-13 16:00:00,28.2,0.1,0.506,22.3,18.1,491,1,0,Normal Operations
2026-08-13 17:00:00,29.0,0.0,0.497,10.8,17.3,446,5,1,Normal Operations
2026-08-13 18:00:00,27.8,0.0,0.496,14.0,15.9,409,4,2,Normal Operations
2026-08-13 19:00:00,27.5,0.1,0.496,5.4,15.7,485,5,1,Normal Operations
2026-08-13 20:00:00,27.1,0.0,0.495,7.2,15.7,308,7,4,Normal Operations
2026-08-13 21:00:00,26.9,0.0,0.494,6.8,15.7,456,6,0,Normal Operations
2026-08-13 22:00:00,26.7,0.0,0.493,8.3,15.6,700,12,2,Normal Operations
2026-08-13 23:00:00,26.3,0.0,0.498,11.9,15.5,667,9,1,Normal Operations
2026-08-14 00:00:00,26.0,0.2,0.499,6.1,15.7,193,6,2,Normal Operations
2026-08-14 01:00:00,25.7,0.4,0.502,8.6,16.1,192,9,3,Normal Operations
2026-08-14 02:00:00,25.4,0.5,0.506,10.8,16.6,439,4,0,Normal Operations
2026-08-14 03:00:00,25.1,0.2,0.506,11.2,16.8,696,1,4,Normal Operations
2026-08-14 04:00:00,24.8,0.2,0.506,11.2,17.0,544,1,3,Normal Operations
2026-08-14 05:00:00,24.7,0.2,0.499,10.4,17.2,856,10,2,Normal Operations
2026-08-14 06:00:00,24.9,0.1,0.499,8.3,16.8,121,7,1,Normal Operations
2026-08-14 07:00:00,25.2,0.0,0.498,10.8,16.3,390,13,0,Normal Operations
2026-08-14 08:00:00,25.7,0.1,0.498,14.4,16.1,584,13,4,Normal Operations
2026-08-14 09:00:00,26.3,0.1,0.497,15.1,16.099999999999998,883,13,1,Normal Operations
2026-08-14 10:00:00,27.3,0.1,0.496,18.4,16.0,405,3,4,Normal Operations
2026-08-14 11:00:00,27.1,0.1,0.504,23.0,15.8,733,2,0,Normal Operations
2026-08-14 12:00:00,27.9,0.1,0.502,21.2,15.9,227,14,2,Normal Operations
2026-08-14 13:00:00,29.4,0.2,0.5,25.9,16.0,724,6,4,Normal Operations
2026-08-14 14:00:00,29.6,0.2,0.497,26.3,15.9,372,6,0,Normal Operations
2026-08-14 15:00:00,29.5,0.1,0.495,25.9,15.6,947,13,4,Normal Operations
2026-08-14 16:00:00,29.1,0.3,0.494,23.0,15.6,541,7,1,Normal Operations
2026-08-14 17:00:00,28.5,0.0,0.498,18.4,15.5,602,5,4,Normal Operations
2026-08-14 18:00:00,27.7,0.0,0.497,15.1,15.4,229,8,1,Normal Operations
2026-08-14 19:00:00,27.2,0.2,0.497,5.4,15.5,231,7,1,Normal Operations
2026-08-14 20:00:00,26.6,0.0,0.496,10.4,15.4,696,2,0,Normal Operations
2026-08-14 21:00:00,25.3,0.8,0.503,22.0,16.1,581,15,3,Normal Operations
2026-08-14 22:00:00,24.9,0.3,0.504,22.0,16.400000000000002,961,1,4,Normal Operations
2026-08-14 23:00:00,25.9,0.0,0.504,9.0,16.400000000000002,489,13,2,Normal Operations
2026-08-15 00:00:00,25.2,1.2,0.514,15.8,17.1,692,14,1,Normal Operations
2026-08-15 01:00:00,24.9,1.8,0.514,16.2,18.6,424,9,3,Normal Operations
2026-08-15 02:00:00,24.8,0.9,0.511,12.6,19.2,168,5,1,Normal Operations
2026-08-15 03:00:00,24.6,0.4,0.51,9.7,19.200000000000003,759,12,3,Normal Operations
2026-08-15 04:00:00,24.6,0.2,0.509,10.4,19.0,547,11,3,Normal Operations
2026-08-15 05:00:00,24.0,0.4,0.506,11.5,19.1,627,5,2,Normal Operations
2026-08-15 06:00:00,24.2,0.5,0.509,9.4,19.3,918,12,3,Normal Operations
2026-08-15 07:00:00,24.7,0.1,0.507,10.8,18.9,716,10,2,Normal Operations
2026-08-15 08:00:00,25.6,0.1,0.506,16.9,18.8,264,4,0,Normal Operations
2026-08-15 09:00:00,26.7,0.2,0.505,18.7,18.9,587,2,1,Normal Operations
2026-08-15 10:00:00,28.3,0.3,0.505,28.8,19.1,812,5,2,Normal Operations
2026-08-15 11:00:00,29.1,1.0,0.521,29.9,19.8,808,2,1,Normal Operations
2026-08-15 12:00:00,27.2,2.3,0.499,23.4,22.0,525,12,4,Pause Operations & Maintain Equipment
2026-08-15 13:00:00,27.6,1.9,0.5,21.6,23.8,796,7,0,Normal Operations
2026-08-15 14:00:00,27.1,1.7,0.502,27.0,25.0,933,11,4,Normal Operations
2026-08-15 15:00:00,27.0,1.4,0.503,27.0,26.3,364,9,4,Normal Operations
2026-08-15 16:00:00,26.1,6.7,0.504,25.6,32.2,974,9,3,Pause Operations & Maintain Equipment
2026-08-15 17:00:00,26.8,2.6,0.508,16.9,32.5,711,11,3,Pause Operations & Maintain Equipment
2026-08-15 18:00:00,26.7,0.1,0.506,14.8,32.400000000000006,441,6,4,Normal Operations
2026-08-15 19:00:00,25.9,2.5,0.508,14.8,34.900000000000006,931,1,3,Pre-emptive Overtime Prior Shift
2026-08-15 20:00:00,25.7,0.5,0.507,12.6,35.400000000000006,825,13,1,Normal Operations
2026-08-15 21:00:00,25.7,0.1,0.506,10.4,35.50000000000001,377,6,3,Normal Operations
2026-08-15 22:00:00,25.4,0.4,0.508,13.0,35.900000000000006,773,5,4,Normal Operations
2026-08-15 23:00:00,25.1,0.9,0.508,17.6,36.8,538,4,3,Normal Operations
2026-08-16 00:00:00,25.1,0.8,0.507,20.5,37.0,256,12,3,Normal Operations
2026-08-16 01:00:00,24.9,0.2,0.507,18.4,37.0,521,6,2,Normal Operations
2026-08-16 02:00:00,24.7,0.1,0.506,15.8,37.0,350,6,2,Normal Operations
2026-08-16 03:00:00,24.7,0.0,0.504,15.1,37.0,977,14,4,Normal Operations
2026-08-16 04:00:00,24.6,0.0,0.502,14.0,37.0,708,6,1,Normal Operations
2026-08-16 05:00:00,24.6,0.1,0.499,14.8,36.900000000000006,629,2,0,Normal Operations
2026-08-16 06:00:00,24.9,0.8,0.507,10.8,37.5,426,15,0,Normal Operations
2026-08-16 07:00:00,25.4,0.7,0.509,13.0,38.1,994,14,4,Normal Operations
2026-08-16 08:00:00,25.8,0.7,0.508,24.1,38.7,196,7,1,Normal Operations
2026-08-16 09:00:00,26.5,0.6,0.507,24.1,39.1,612,14,1,Normal Operations
2026-08-16 10:00:00,26.7,0.5,0.507,22.7,39.5,315,4,1,Normal Operations
2026-08-16 11:00:00,27.8,0.7,0.524,22.7,40.00000000000001,231,13,2,Normal Operations
2026-08-16 12:00:00,28.6,0.1,0.49,27.0,39.6,359,15,4,Normal Operations
2026-08-16 13:00:00,27.9,0.6,0.494,30.6,39.8,224,12,0,Normal Operations
2026-08-16 14:00:00,27.4,1.8,0.5,26.3,41.2,181,9,1,Normal Operations
2026-08-16 15:00:00,28.6,0.8,0.5,25.2,41.3,382,10,4,Normal Operations
2026-08-16 16:00:00,28.2,0.3,0.5,29.2,41.5,782,2,0,Normal Operations
2026-08-16 17:00:00,26.8,0.1,0.508,23.0,41.6,158,5,2,Normal Operations
2026-08-16 18:00:00,26.1,0.4,0.507,19.8,42.0,643,14,3,Normal Operations
2026-08-16 19:00:00,25.8,0.1,0.506,13.3,42.0,260,4,0,Normal Operations
2026-08-16 20:00:00,25.3,0.1,0.504,10.8,42.1,383,9,0,Normal Operations
2026-08-16 21:00:00,25.0,0.0,0.503,11.2,42.1,205,4,0,Normal Operations
2026-08-16 22:00:00,24.8,0.0,0.501,10.1,42.1,204,8,3,Normal Operations
2026-08-16 23:00:00,25.1,0.0,0.5,6.8,42.1,538,8,1,Normal Operations
2026-08-17 00:00:00,25.0,0.0,0.499,7.9,41.9,327,6,3,Normal Operations
2026-08-17 01:00:00,24.8,0.0,0.498,10.8,41.5,799,6,0,Normal Operations
2026-08-17 02:00:00,24.6,0.4,0.501,15.8,41.4,681,11,2,Normal Operations
2026-08-17 03:00:00,24.3,3.2,0.51,16.2,44.4,417,8,0,Pause Operations & Maintain Equipment
2026-08-17 04:00:00,24.0,1.3,0.508,15.8,45.5,563,12,2,Normal Operations
2026-08-17 05:00:00,24.5,0.2,0.498,10.8,45.5,901,13,4,Normal Operations
2026-08-17 06:00:00,24.5,0.4,0.501,11.5,45.8,698,12,2,Normal Operations
2026-08-17 07:00:00,25.3,0.1,0.501,14.4,45.9,981,10,0,Normal Operations
2026-08-17 08:00:00,25.9,0.1,0.5,18.4,45.900000000000006,973,9,3,Normal Operations
2026-08-17 09:00:00,26.9,0.0,0.499,20.5,45.8,571,15,0,Normal Operations
2026-08-17 10:00:00,28.3,0.1,0.496,22.7,45.8,155,5,0,Normal Operations
2026-08-17 11:00:00,27.4,0.2,0.51,27.7,45.9,724,11,4,Normal Operations
2026-08-17 12:00:00,27.6,0.3,0.507,22.7,46.1,112,1,1,Normal Operations
2026-08-17 13:00:00,27.7,0.2,0.504,24.1,46.1,539,1,0,Normal Operations
2026-08-17 14:00:00,28.2,0.1,0.502,20.9,46.0,117,15,4,Normal Operations
2026-08-17 15:00:00,28.3,0.2,0.5,21.2,46.1,793,2,3,Normal Operations
2026-08-17 16:00:00,27.6,0.2,0.5,14.0,46.0,212,10,4,Normal Operations
2026-08-17 17:00:00,26.4,0.2,0.488,7.6,46.2,328,10,4,Normal Operations
2026-08-17 18:00:00,25.5,2.6,0.518,14.4,48.8,270,5,2,Pause Operations & Maintain Equipment
2026-08-17 19:00:00,25.3,2.8,0.503,10.4,51.4,394,4,1,Pre-emptive Overtime Prior Shift
2026-08-17 20:00:00,25.2,0.8,0.503,9.0,52.2,288,1,1,Pre-emptive Overtime Prior Shift
2026-08-17 21:00:00,25.0,0.4,0.504,12.2,51.8,525,4,3,Pre-emptive Overtime Prior Shift
2026-08-17 22:00:00,24.8,1.0,0.504,15.1,52.5,178,4,4,Pre-emptive Overtime Prior Shift
2026-08-17 23:00:00,24.9,1.3,0.506,13.7,53.8,757,10,3,Pause Operations & Maintain Equipment
2026-08-18 00:00:00,24.7,0.9,0.505,15.8,53.5,281,4,3,Pre-emptive Overtime Prior Shift
2026-08-18 01:00:00,24.6,0.7,0.505,11.9,52.400000000000006,598,1,1,Pre-emptive Overtime Prior Shift
2026-08-18 02:00:00,24.5,0.7,0.505,10.8,52.2,897,9,1,Pause Operations & Maintain Equipment
2026-08-18 03:00:00,24.4,0.7,0.505,11.9,52.5,861,14,1,Pause Operations & Maintain Equipment
2026-08-18 04:00:00,24.3,0.6,0.506,13.7,52.900000000000006,965,3,0,Pause Operations & Maintain Equipment
2026-08-18 05:00:00,24.2,0.4,0.501,11.9,52.9,925,13,4,Pause Operations & Maintain Equipment
2026-08-18 06:00:00,24.4,0.2,0.501,11.5,52.6,807,4,3,Pre-emptive Overtime Prior Shift
2026-08-18 07:00:00,24.7,0.1,0.5,16.6,52.6,934,5,4,Pause Operations & Maintain Equipment
2026-08-18 08:00:00,25.3,0.1,0.499,20.5,52.6,170,13,3,Pause Operations & Maintain Equipment
2026-08-18 09:00:00,26.1,0.1,0.499,21.6,52.5,347,13,3,Pause Operations & Maintain Equipment
2026-08-18 10:00:00,26.5,0.2,0.498,21.6,52.4,245,7,3,Pause Operations & Maintain Equipment
2026-08-18 11:00:00,26.6,0.2,0.498,18.7,51.6,717,6,3,Pause Operations & Maintain Equipment
2026-08-18 12:00:00,26.4,0.4,0.499,19.8,49.7,874,5,2,Normal Operations
2026-08-18 13:00:00,26.5,0.2,0.499,21.2,48.0,395,8,2,Normal Operations
2026-08-18 14:00:00,26.4,0.1,0.498,20.9,46.400000000000006,681,14,0,Normal Operations
2026-08-18 15:00:00,27.0,0.0,0.496,20.5,45.00000000000001,569,1,1,Normal Operations
2026-08-18 16:00:00,27.2,0.0,0.495,19.4,38.3,605,7,3,Normal Operations
2026-08-18 17:00:00,26.2,0.0,0.508,14.0,35.7,292,12,4,Normal Operations
2026-08-18 18:00:00,25.1,4.7,0.511,20.2,40.3,167,6,2,Pause Operations & Maintain Equipment
2026-08-18 19:00:00,25.0,0.1,0.508,10.1,37.9,593,11,1,Normal Operations
2026-08-18 20:00:00,25.0,0.0,0.506,4.7,37.4,916,5,0,Normal Operations
2026-08-18 21:00:00,25.0,0.0,0.504,2.9,37.3,151,7,1,Normal Operations
2026-08-18 22:00:00,25.0,0.0,0.502,3.6,36.9,981,3,3,Normal Operations
2026-08-18 23:00:00,25.3,0.0,0.501,2.2,36.0,462,1,1,Normal Operations
2026-08-19 00:00:00,25.0,0.5,0.507,9.0,35.7,896,9,3,Normal Operations
2026-08-19 01:00:00,24.6,1.2,0.509,9.7,36.7,573,2,2,Normal Operations
2026-08-19 02:00:00,24.4,0.8,0.508,9.7,37.4,945,13,2,Normal Operations
2026-08-19 03:00:00,24.2,0.6,0.507,11.2,38.0,620,10,3,Normal Operations
2026-08-19 04:00:00,24.2,0.8,0.507,11.2,38.8,862,15,4,Normal Operations
2026-08-19 05:00:00,24.2,0.5,0.499,9.0,39.2,530,3,2,Normal Operations
2026-08-19 06:00:00,24.3,0.7,0.504,7.6,39.1,943,8,4,Normal Operations
2026-08-19 07:00:00,24.8,0.3,0.504,8.3,38.7,397,12,3,Normal Operations
2026-08-19 08:00:00,25.9,0.2,0.503,18.4,38.2,534,10,3,Normal Operations
2026-08-19 09:00:00,26.4,0.3,0.504,21.6,37.9,795,9,2,Normal Operations
2026-08-19 10:00:00,26.7,0.5,0.505,27.7,37.9,790,13,4,Normal Operations
2026-08-19 11:00:00,25.1,1.4,0.505,28.4,38.6,297,3,3,Normal Operations
2026-08-19 12:00:00,25.2,3.3,0.505,23.0,41.8,227,6,2,Pause Operations & Maintain Equipment
2026-08-19 13:00:00,25.5,1.8,0.505,18.0,43.0,631,7,3,Normal Operations
2026-08-19 14:00:00,25.7,2.5,0.505,17.6,43.7,510,15,1,Pause Operations & Maintain Equipment
2026-08-19 15:00:00,25.6,2.7,0.505,18.4,45.6,939,1,1,Pre-emptive Overtime Prior Shift
2026-08-19 16:00:00,25.8,2.3,0.505,19.8,47.6,164,14,2,Pause Operations & Maintain Equipment
2026-08-19 17:00:00,26.1,1.0,0.505,21.6,48.5,793,7,3,Normal Operations
2026-08-19 18:00:00,25.7,0.7,0.505,15.8,48.8,340,4,2,Normal Operations
2026-08-19 19:00:00,25.2,0.7,0.505,14.0,49.4,468,5,0,Normal Operations
2026-08-19 20:00:00,25.2,0.4,0.505,14.8,49.7,635,8,2,Normal Operations
2026-08-19 21:00:00,25.0,0.5,0.505,13.0,50.2,483,4,2,Pre-emptive Overtime Prior Shift
2026-08-19 22:00:00,24.8,0.3,0.505,13.7,50.5,530,15,1,Pause Operations & Maintain Equipment
2026-08-19 23:00:00,24.9,0.2,0.505,13.7,50.7,182,4,1,Pre-emptive Overtime Prior Shift
2026-08-20 00:00:00,24.9,0.0,0.503,9.0,50.7,930,8,3,Pause Operations & Maintain Equipment
2026-08-20 01:00:00,24.7,0.0,0.501,11.2,50.7,796,15,2,Pause Operations & Maintain Equipment
2026-08-20 02:00:00,24.5,0.0,0.5,11.2,50.3,927,5,2,Pause Operations & Maintain Equipment
2026-08-20 03:00:00,24.4,0.1,0.5,8.3,47.2,710,13,3,Normal Operations
2026-08-20 04:00:00,24.3,0.2,0.5,6.8,46.1,673,6,4,Normal Operations
2026-08-20 05:00:00,24.4,0.0,0.509,8.6,45.9,385,12,3,Normal Operations
2026-08-20 06:00:00,24.6,0.2,0.504,9.4,45.7,633,11,1,Normal Operations
2026-08-20 07:00:00,25.4,0.2,0.504,13.3,45.8,558,14,1,Normal Operations
2026-08-20 08:00:00,26.4,0.2,0.504,21.6,45.9,311,5,2,Normal Operations
2026-08-20 09:00:00,27.3,0.4,0.504,30.6,46.3,225,1,1,Normal Operations
2026-08-20 10:00:00,28.4,0.1,0.501,31.3,46.3,512,7,3,Normal Operations
2026-08-20 11:00:00,28.4,0.0,0.521,32.4,46.1,598,6,2,Normal Operations
2026-08-20 12:00:00,29.1,0.4,0.495,31.0,46.2,524,2,3,Normal Operations
2026-08-20 13:00:00,29.9,0.0,0.492,29.2,46.0,653,11,3,Normal Operations
2026-08-20 14:00:00,28.3,1.0,0.5,29.5,46.9,709,7,2,Normal Operations
2026-08-20 15:00:00,27.0,4.3,0.507,32.8,51.0,642,6,4,Pause Operations & Maintain Equipment
2026-08-20 16:00:00,27.8,0.7,0.506,11.9,51.5,257,5,1,Pause Operations & Maintain Equipment
2026-08-20 17:00:00,29.2,2.9,0.49,21.6,54.2,211,8,0,Pause Operations & Maintain Equipment
2026-08-20 18:00:00,27.7,0.3,0.491,14.8,51.9,501,5,0,Pause Operations & Maintain Equipment
2026-08-20 19:00:00,26.0,0.2,0.492,20.2,49.3,858,11,0,Normal Operations
2026-08-20 20:00:00,24.5,2.4,0.517,27.4,50.9,221,2,1,Pre-emptive Overtime Prior Shift
2026-08-20 21:00:00,25.0,0.3,0.511,12.6,50.8,372,6,4,Pause Operations & Maintain Equipment
2026-08-20 22:00:00,25.2,0.0,0.507,6.1,49.8,393,14,3,Normal Operations
2026-08-20 23:00:00,24.4,0.0,0.505,2.9,48.5,497,12,2,Normal Operations
2026-08-21 00:00:00,24.3,3.2,0.512,15.8,50.8,570,1,4,Pre-emptive Overtime Prior Shift
2026-08-21 01:00:00,24.7,0.2,0.51,7.6,50.3,306,5,0,Pause Operations & Maintain Equipment
2026-08-21 02:00:00,25.0,0.4,0.508,4.3,50.0,209,14,1,Normal Operations
2026-08-21 03:00:00,24.9,0.4,0.507,5.0,49.7,539,6,1,Normal Operations
2026-08-21 04:00:00,24.8,0.3,0.507,8.3,49.4,377,15,2,Normal Operations
2026-08-21 05:00:00,24.2,0.2,0.505,9.0,49.2,667,7,3,Normal Operations
2026-08-21 06:00:00,24.4,0.1,0.504,14.8,49.1,986,14,4,Normal Operations
2026-08-21 07:00:00,25.1,0.4,0.505,14.8,49.4,668,2,4,Normal Operations
2026-08-21 08:00:00,26.1,0.3,0.506,22.7,49.6,581,1,4,Normal Operations
2026-08-21 09:00:00,26.8,0.2,0.505,22.0,49.7,902,6,3,Normal Operations
2026-08-21 10:00:00,26.9,0.2,0.504,20.9,49.7,213,3,3,Normal Operations
2026-08-21 11:00:00,26.6,0.4,0.518,29.5,49.9,992,5,3,Normal Operations
2026-08-21 12:00:00,27.8,0.2,0.507,24.1,49.7,996,12,2,Normal Operations
2026-08-21 13:00:00,28.0,0.4,0.507,25.9,49.9,919,15,1,Normal Operations
2026-08-21 14:00:00,28.5,0.2,0.505,24.8,49.99999999999999,952,11,0,Normal Operations
2026-08-21 15:00:00,28.4,0.1,0.503,24.1,50.1,576,13,3,Pause Operations & Maintain Equipment
2026-08-21 16:00:00,28.3,0.7,0.506,25.2,50.8,809,15,1,Pause Operations & Maintain Equipment
2026-08-21 17:00:00,27.3,1.4,0.507,23.4,52.2,420,2,3,Pre-emptive Overtime Prior Shift
2026-08-21 18:00:00,26.2,0.5,0.507,19.4,48.0,278,15,0,Normal Operations
2026-08-21 19:00:00,26.0,0.3,0.506,14.0,48.2,996,1,3,Normal Operations
2026-08-21 20:00:00,25.7,0.5,0.506,13.3,48.7,318,1,1,Normal Operations
2026-08-21 21:00:00,25.2,0.7,0.506,15.5,49.4,888,13,2,Normal Operations
2026-08-21 22:00:00,25.0,2.0,0.506,16.9,51.4,627,11,0,Pause Operations & Maintain Equipment
2026-08-21 23:00:00,25.0,0.5,0.506,15.5,51.9,591,4,1,Pre-emptive Overtime Prior Shift
2026-08-22 00:00:00,24.9,0.8,0.506,6.5,52.2,990,10,4,Pause Operations & Maintain Equipment
2026-08-22 01:00:00,24.6,0.8,0.506,10.1,51.8,160,13,4,Pause Operations & Maintain Equipment
2026-08-22 02:00:00,24.4,0.2,0.505,11.5,51.2,153,2,4,Pre-emptive Overtime Prior Shift
2026-08-22 03:00:00,24.1,4.9,0.506,15.5,55.5,779,1,2,Pre-emptive Overtime Prior Shift
2026-08-22 04:00:00,24.0,3.9,0.506,13.3,58.6,637,6,3,Pause Operations & Maintain Equipment
2026-08-22 05:00:00,24.5,6.0,0.506,14.4,64.1,947,14,3,Pause Operations & Maintain Equipment
2026-08-22 06:00:00,24.8,0.4,0.506,12.6,63.8,164,4,3,Pre-emptive Overtime Prior Shift
2026-08-22 07:00:00,25.3,0.3,0.505,17.3,63.8,711,10,2,Pause Operations & Maintain Equipment
2026-08-22 08:00:00,25.4,0.2,0.505,19.1,63.8,685,13,4,Pause Operations & Maintain Equipment
2026-08-22 09:00:00,25.8,0.7,0.506,18.7,64.2,803,12,3,Pause Operations & Maintain Equipment
2026-08-22 10:00:00,26.3,0.7,0.506,19.1,64.4,270,15,2,Pause Operations & Maintain Equipment
2026-08-22 11:00:00,26.3,0.6,0.506,29.5,63.6,372,7,2,Pause Operations & Maintain Equipment
2026-08-22 12:00:00,27.2,0.8,0.506,36.0,61.1,988,11,1,Pause Operations & Maintain Equipment
2026-08-22 13:00:00,27.7,0.7,0.506,37.8,60.0,798,6,3,Pause Operations & Maintain Equipment
2026-08-22 14:00:00,27.0,1.4,0.507,37.1,58.9,634,5,4,Pause Operations & Maintain Equipment
2026-08-22 15:00:00,26.4,1.9,0.507,29.2,58.1,490,10,0,Pause Operations & Maintain Equipment
2026-08-22 16:00:00,26.9,1.1,0.506,27.7,56.9,792,12,2,Pause Operations & Maintain Equipment
2026-08-22 17:00:00,26.5,1.4,0.507,26.6,57.3,426,13,1,Pause Operations & Maintain Equipment
2026-08-22 18:00:00,25.9,0.5,0.506,20.2,57.1,207,12,0,Pause Operations & Maintain Equipment
2026-08-22 19:00:00,25.6,0.2,0.506,16.9,56.6,946,12,2,Pause Operations & Maintain Equipment
2026-08-22 20:00:00,25.4,0.2,0.506,16.2,56.4,261,12,1,Pause Operations & Maintain Equipment
2026-08-22 21:00:00,25.3,0.0,0.504,15.8,55.9,913,2,3,Pre-emptive Overtime Prior Shift
2026-08-22 22:00:00,25.1,0.0,0.503,14.8,55.6,551,5,1,Pause Operations & Maintain Equipment
2026-08-22 23:00:00,25.1,0.0,0.501,13.7,55.4,305,9,2,Pause Operations & Maintain Equipment
2026-08-23 00:00:00,25.0,0.0,0.5,13.0,55.4,689,9,3,Pause Operations & Maintain Equipment
2026-08-23 01:00:00,25.0,0.0,0.499,18.7,55.4,115,2,4,Pre-emptive Overtime Prior Shift
2026-08-23 02:00:00,24.8,0.1,0.498,18.7,55.49999999999999,426,7,1,Pause Operations & Maintain Equipment
2026-08-23 03:00:00,24.7,0.1,0.497,19.1,55.5,707,10,0,Pause Operations & Maintain Equipment
2026-08-23 04:00:00,24.5,0.0,0.497,19.4,55.3,758,14,3,Pause Operations & Maintain Equipment
2026-08-23 05:00:00,23.9,0.0,0.492,19.1,55.3,101,4,3,Pre-emptive Overtime Prior Shift
2026-08-23 06:00:00,24.1,0.1,0.493,14.0,55.2,109,13,4,Pause Operations & Maintain Equipment
2026-08-23 07:00:00,25.0,0.1,0.492,20.5,55.1,533,13,1,Pause Operations & Maintain Equipment
2026-08-23 08:00:00,26.3,0.1,0.493,23.0,55.0,224,3,0,Pause Operations & Maintain Equipment
2026-08-23 09:00:00,27.3,0.2,0.493,23.4,54.8,180,11,4,Pause Operations & Maintain Equipment
2026-08-23 10:00:00,28.2,0.3,0.493,29.9,55.0,584,1,1,Pre-emptive Overtime Prior Shift
2026-08-23 11:00:00,28.8,0.8,0.521,33.1,55.8,751,3,0,Pause Operations & Maintain Equipment
2026-08-23 12:00:00,29.0,0.9,0.498,31.7,56.3,937,11,0,Pause Operations & Maintain Equipment
2026-08-23 13:00:00,29.5,0.7,0.5,31.0,57.0,249,9,2,Pause Operations & Maintain Equipment
2026-08-23 14:00:00,27.5,2.1,0.503,37.1,58.1,899,14,0,Pause Operations & Maintain Equipment
2026-08-23 15:00:00,28.0,0.5,0.504,32.0,54.3,972,15,1,Pause Operations & Maintain Equipment
2026-08-23 16:00:00,27.7,0.5,0.505,25.9,54.1,439,9,4,Pause Operations & Maintain Equipment
2026-08-23 17:00:00,27.4,0.5,0.509,21.6,51.7,228,7,4,Pause Operations & Maintain Equipment
2026-08-23 18:00:00,26.4,0.0,0.506,13.0,51.400000000000006,537,3,2,Pre-emptive Overtime Prior Shift
2026-08-23 19:00:00,25.9,0.0,0.504,10.1,51.2,850,13,1,Pause Operations & Maintain Equipment
2026-08-23 20:00:00,25.7,0.0,0.502,10.1,48.8,600,3,0,Normal Operations
2026-08-23 21:00:00,25.7,0.0,0.501,10.1,48.5,157,4,2,Normal Operations
2026-08-23 22:00:00,25.6,0.0,0.5,12.2,48.5,297,7,3,Normal Operations
2026-08-23 23:00:00,25.5,0.0,0.498,15.5,48.5,310,7,1,Normal Operations
2026-08-24 00:00:00,25.2,0.0,0.497,12.6,45.3,144,12,2,Normal Operations
2026-08-24 01:00:00,24.9,0.0,0.496,13.3,45.1,196,12,4,Normal Operations
2026-08-24 02:00:00,24.8,0.0,0.495,12.6,44.7,378,14,2,Normal Operations
2026-08-24 03:00:00,24.7,0.0,0.495,16.6,44.3,634,2,3,Normal Operations
2026-08-24 04:00:00,24.5,0.2,0.496,16.2,44.2,509,12,1,Normal Operations
2026-08-24 05:00:00,24.3,0.3,0.505,18.0,44.3,560,15,2,Normal Operations
2026-08-24 06:00:00,24.5,0.5,0.506,22.0,44.7,490,5,0,Normal Operations
2026-08-24 07:00:00,25.5,0.4,0.506,17.6,44.7,946,7,1,Normal Operations
2026-08-24 08:00:00,26.3,0.2,0.505,23.8,44.6,143,7,2,Normal Operations
2026-08-24 09:00:00,26.7,0.5,0.506,22.3,44.9,126,6,2,Normal Operations
2026-08-24 10:00:00,25.8,4.3,0.506,23.0,49.0,893,10,1,Pause Operations & Maintain Equipment
2026-08-24 11:00:00,26.9,3.2,0.507,26.6,51.8,196,10,4,Pause Operations & Maintain Equipment
2026-08-24 12:00:00,27.2,0.6,0.506,23.8,52.2,647,12,0,Pause Operations & Maintain Equipment
2026-08-24 13:00:00,27.2,0.6,0.506,19.1,52.4,720,8,1,Pause Operations & Maintain Equipment
2026-08-24 14:00:00,28.1,0.1,0.504,16.9,52.3,666,3,0,Pause Operations & Maintain Equipment
2026-08-24 15:00:00,27.8,0.1,0.503,20.5,52.3,803,15,0,Pause Operations & Maintain Equipment
2026-08-24 16:00:00,26.0,0.8,0.507,22.3,52.4,318,1,1,Pre-emptive Overtime Prior Shift
2026-08-24 17:00:00,26.5,0.2,0.506,15.5,51.2,284,3,2,Pre-emptive Overtime Prior Shift
2026-08-24 18:00:00,26.0,0.8,0.506,11.5,51.5,168,11,4,Pause Operations & Maintain Equipment
2026-08-24 19:00:00,25.8,1.1,0.506,7.6,52.3,928,2,0,Pause Operations & Maintain Equipment
2026-08-24 20:00:00,25.5,0.3,0.506,9.0,52.1,229,2,0,Pause Operations & Maintain Equipment
2026-08-24 21:00:00,25.1,1.3,0.506,11.2,52.7,666,14,2,Pause Operations & Maintain Equipment
2026-08-24 22:00:00,25.0,1.5,0.506,10.4,52.2,989,14,1,Pause Operations & Maintain Equipment
2026-08-24 23:00:00,24.7,1.6,0.506,9.7,53.3,708,2,4,Pre-emptive Overtime Prior Shift
2026-08-25 00:00:00,24.9,1.7,0.505,9.4,54.2,947,5,0,Pause Operations & Maintain Equipment
2026-08-25 01:00:00,24.3,1.7,0.505,11.9,55.1,698,13,0,Pause Operations & Maintain Equipment
2026-08-25 02:00:00,24.0,1.5,0.505,14.0,56.400000000000006,905,1,1,Pre-emptive Overtime Prior Shift
2026-08-25 03:00:00,24.0,1.4,0.505,10.8,52.9,730,10,2,Pause Operations & Maintain Equipment
2026-08-25 04:00:00,24.0,1.4,0.505,7.6,50.4,819,4,3,Pre-emptive Overtime Prior Shift
2026-08-25 05:00:00,24.2,0.6,0.505,6.5,45.0,433,14,2,Normal Operations
2026-08-25 06:00:00,23.9,3.5,0.505,10.8,48.1,253,10,0,Pause Operations & Maintain Equipment
2026-08-25 07:00:00,24.3,2.3,0.505,8.6,50.1,646,5,0,Pause Operations & Maintain Equipment
2026-08-25 08:00:00,25.2,0.5,0.505,9.4,50.4,178,2,4,Pre-emptive Overtime Prior Shift
2026-08-25 09:00:00,26.5,0.2,0.505,17.6,49.9,678,5,2,Normal Operations
2026-08-25 10:00:00,28.2,0.1,0.503,25.9,49.3,954,10,3,Normal Operations
2026-08-25 11:00:00,29.0,0.1,0.5,26.6,48.8,512,15,4,Normal Operations
2026-08-25 12:00:00,28.9,0.1,0.497,27.0,48.1,645,4,3,Normal Operations
2026-08-25 13:00:00,29.2,0.3,0.496,27.0,47.7,708,8,4,Normal Operations
2026-08-25 14:00:00,29.3,0.3,0.495,26.3,46.6,268,1,2,Normal Operations
2026-08-25 15:00:00,29.6,0.1,0.493,27.0,44.8,780,15,0,Normal Operations
2026-08-25 16:00:00,29.5,0.1,0.491,29.9,43.8,762,12,3,Normal Operations
2026-08-25 17:00:00,27.0,1.8,0.499,21.2,44.2,682,5,2,Normal Operations
2026-08-25 18:00:00,26.5,0.3,0.5,12.6,44.0,614,14,3,Normal Operations
2026-08-25 19:00:00,25.6,1.5,0.517,17.6,45.3,413,14,2,Normal Operations
2026-08-25 20:00:00,25.5,3.1,0.512,10.1,48.2,131,11,4,Pause Operations & Maintain Equipment
2026-08-25 21:00:00,24.6,3.4,0.509,7.2,51.6,386,12,2,Pause Operations & Maintain Equipment
2026-08-25 22:00:00,24.4,1.0,0.508,13.3,52.6,693,10,4,Pause Operations & Maintain Equipment
2026-08-25 23:00:00,24.5,0.2,0.507,10.8,52.8,142,1,0,Pause Operations & Maintain Equipment
2026-08-26 00:00:00,24.5,0.5,0.506,11.2,53.3,716,10,4,Pause Operations & Maintain Equipment
2026-08-26 01:00:00,24.9,0.0,0.505,3.6,53.3,100,10,1,Pause Operations & Maintain Equipment
2026-08-26 02:00:00,24.7,0.0,0.503,2.9,53.2,672,4,0,Pause Operations & Maintain Equipment
2026-08-26 03:00:00,24.3,0.0,0.501,9.7,53.1,369,8,2,Pause Operations & Maintain Equipment
2026-08-26 04:00:00,24.2,0.0,0.5,11.2,53.1,279,1,2,Pre-emptive Overtime Prior Shift
2026-08-26 05:00:00,24.4,0.0,0.498,11.5,53.1,835,11,1,Pause Operations & Maintain Equipment
2026-08-26 06:00:00,24.4,0.0,0.497,14.4,53.0,617,15,2,Pause Operations & Maintain Equipment
2026-08-26 07:00:00,25.0,0.2,0.498,17.3,53.1,202,2,0,Pause Operations & Maintain Equipment
2026-08-26 08:00:00,25.7,0.2,0.498,19.8,53.2,109,1,0,Pause Operations & Maintain Equipment
2026-08-26 09:00:00,26.9,0.0,0.496,20.2,53.0,682,11,4,Pause Operations & Maintain Equipment
2026-08-26 10:00:00,28.6,0.0,0.494,21.2,52.7,189,7,3,Pause Operations & Maintain Equipment
2026-08-26 11:00:00,29.6,0.1,0.492,27.0,52.0,325,2,2,Pre-emptive Overtime Prior Shift
2026-08-26 12:00:00,30.1,0.2,0.49,28.1,51.3,769,1,1,Pre-emptive Overtime Prior Shift
2026-08-26 13:00:00,29.9,0.4,0.49,25.6,51.0,839,15,0,Pause Operations & Maintain Equipment
2026-08-26 14:00:00,30.6,0.2,0.489,23.0,49.1,225,12,0,Normal Operations
2026-08-26 15:00:00,28.6,0.8,0.493,24.5,49.4,308,6,0,Normal Operations
2026-08-26 16:00:00,27.9,1.1,0.501,25.6,50.00000000000001,196,6,3,Pause Operations & Maintain Equipment
2026-08-26 17:00:00,27.0,3.1,0.508,22.7,52.6,173,10,3,Pause Operations & Maintain Equipment
2026-08-26 18:00:00,26.1,0.7,0.507,17.6,53.3,726,2,2,Pre-emptive Overtime Prior Shift
2026-08-26 19:00:00,25.6,0.1,0.506,13.0,53.4,290,15,1,Pause Operations & Maintain Equipment
2026-08-26 20:00:00,25.3,0.2,0.506,8.3,53.6,781,1,3,Pre-emptive Overtime Prior Shift
2026-08-26 21:00:00,25.4,0.2,0.507,8.6,53.8,918,14,4,Pause Operations & Maintain Equipment
2026-08-26 22:00:00,25.5,0.2,0.507,2.5,54.0,815,10,3,Pause Operations & Maintain Equipment
2026-08-26 23:00:00,25.7,0.0,0.505,4.3,54.0,155,3,0,Pause Operations & Maintain Equipment
2026-08-27 00:00:00,24.9,5.6,0.507,5.4,59.6,819,10,1,Pause Operations & Maintain Equipment
2026-08-27 01:00:00,24.7,1.6,0.506,12.2,61.2,652,14,2,Pause Operations & Maintain Equipment
2026-08-27 02:00:00,24.6,0.4,0.506,11.2,61.6,131,5,3,Pause Operations & Maintain Equipment
2026-08-27 03:00:00,24.7,0.4,0.506,5.0,62.0,626,6,0,Pause Operations & Maintain Equipment
2026-08-27 04:00:00,24.3,1.0,0.506,11.2,62.8,673,3,4,Pre-emptive Overtime Prior Shift
2026-08-27 05:00:00,24.3,0.1,0.502,11.2,62.6,766,9,4,Pause Operations & Maintain Equipment
2026-08-27 06:00:00,24.5,0.3,0.504,9.7,62.4,383,11,2,Pause Operations & Maintain Equipment
2026-08-27 07:00:00,25.1,0.4,0.507,13.0,62.4,820,5,2,Pause Operations & Maintain Equipment
2026-08-27 08:00:00,25.7,0.2,0.505,20.9,62.400000000000006,931,13,3,Pause Operations & Maintain Equipment
2026-08-27 09:00:00,26.7,0.1,0.504,25.2,62.0,593,2,2,Pre-emptive Overtime Prior Shift
2026-08-27 10:00:00,28.3,0.4,0.504,32.4,58.1,286,10,0,Pause Operations & Maintain Equipment
2026-08-27 11:00:00,29.3,0.9,0.526,32.0,55.8,597,6,0,Pause Operations & Maintain Equipment
2026-08-27 12:00:00,29.6,0.3,0.496,33.1,55.5,541,12,0,Pause Operations & Maintain Equipment
2026-08-27 13:00:00,25.8,5.1,0.502,35.6,60.0,229,8,3,Pause Operations & Maintain Equipment
2026-08-27 14:00:00,26.6,3.0,0.503,31.7,62.9,738,11,3,Pause Operations & Maintain Equipment
2026-08-27 15:00:00,26.2,3.7,0.503,28.1,66.5,391,6,2,Pause Operations & Maintain Equipment
2026-08-27 16:00:00,25.9,3.2,0.504,29.9,68.9,213,4,3,Pre-emptive Overtime Prior Shift
2026-08-27 17:00:00,26.9,0.6,0.503,8.6,69.3,298,6,0,Pause Operations & Maintain Equipment
2026-08-27 18:00:00,24.9,4.0,0.507,24.8,72.5,112,8,1,Pause Operations & Maintain Equipment
2026-08-27 19:00:00,25.2,0.6,0.506,12.2,72.0,370,8,0,Pause Operations & Maintain Equipment
2026-08-27 20:00:00,25.5,0.2,0.506,4.3,71.89999999999999,700,13,1,Pause Operations & Maintain Equipment
2026-08-27 21:00:00,25.4,0.0,0.504,2.5,70.6,314,10,2,Pause Operations & Maintain Equipment
2026-08-27 22:00:00,25.0,0.0,0.502,6.5,69.1,543,2,4,Pre-emptive Overtime Prior Shift
2026-08-27 23:00:00,24.8,0.0,0.504,7.6,67.5,889,8,3,Pause Operations & Maintain Equipment
2026-08-28 00:00:00,24.5,0.0,0.502,7.6,65.8,611,6,3,Pause Operations & Maintain Equipment
2026-08-28 01:00:00,24.4,0.0,0.5,4.7,64.1,546,2,0,Pause Operations & Maintain Equipment
2026-08-28 02:00:00,24.0,0.0,0.499,6.1,62.6,814,1,0,Pause Operations & Maintain Equipment
2026-08-28 03:00:00,23.7,0.0,0.498,7.2,61.2,173,6,1,Pause Operations & Maintain Equipment
2026-08-28 04:00:00,23.6,0.0,0.497,6.8,59.8,636,13,3,Pause Operations & Maintain Equipment
2026-08-28 05:00:00,23.5,0.0,0.5,5.0,59.2,200,7,2,Pause Operations & Maintain Equipment
2026-08-28 06:00:00,23.9,0.0,0.499,10.8,55.7,275,14,0,Pause Operations & Maintain Equipment
2026-08-28 07:00:00,24.6,0.0,0.498,11.2,53.4,526,14,3,Pause Operations & Maintain Equipment
2026-08-28 08:00:00,26.0,0.0,0.496,18.4,52.9,216,10,4,Pause Operations & Maintain Equipment
2026-08-28 09:00:00,27.8,0.0,0.494,24.8,52.7,265,5,1,Pause Operations & Maintain Equipment
2026-08-28 10:00:00,28.8,0.1,0.492,29.2,52.7,140,14,0,Pause Operations & Maintain Equipment
2026-08-28 11:00:00,29.2,0.1,0.508,31.0,52.7,528,10,0,Pause Operations & Maintain Equipment
2026-08-28 12:00:00,29.4,0.2,0.503,31.0,52.8,443,8,2,Pause Operations & Maintain Equipment
2026-08-28 13:00:00,30.0,0.1,0.5,29.2,52.6,523,11,0,Pause Operations & Maintain Equipment
2026-08-28 14:00:00,30.3,0.4,0.498,28.8,52.7,465,13,3,Pause Operations & Maintain Equipment
2026-08-28 15:00:00,28.3,0.6,0.5,29.9,53.2,219,12,3,Pause Operations & Maintain Equipment
2026-08-28 16:00:00,28.3,0.1,0.499,30.2,53.2,708,9,3,Pause Operations & Maintain Equipment
2026-08-28 17:00:00,26.5,0.0,0.511,18.7,51.4,756,4,4,Pre-emptive Overtime Prior Shift
2026-08-28 18:00:00,25.9,0.3,0.51,13.7,51.400000000000006,827,7,4,Pause Operations & Maintain Equipment
2026-08-28 19:00:00,24.3,2.1,0.508,22.7,52.0,328,8,0,Pause Operations & Maintain Equipment
2026-08-28 20:00:00,24.0,1.1,0.508,22.7,50.0,924,13,4,Normal Operations
2026-08-28 21:00:00,24.2,0.2,0.506,6.8,46.8,229,6,4,Normal Operations
2026-08-28 22:00:00,24.1,0.0,0.505,2.9,45.8,451,2,2,Normal Operations
2026-08-28 23:00:00,24.7,0.1,0.504,2.9,45.7,988,7,4,Normal Operations
2026-08-29 00:00:00,24.7,0.0,0.502,2.2,45.2,417,13,1,Normal Operations
2026-08-29 01:00:00,24.8,0.1,0.501,2.9,45.3,748,9,1,Normal Operations
2026-08-29 02:00:00,24.8,0.2,0.502,4.0,45.5,935,5,1,Normal Operations
2026-08-29 03:00:00,24.9,0.3,0.504,6.8,45.8,436,15,0,Normal Operations
2026-08-29 04:00:00,24.8,1.0,0.509,11.2,46.8,372,2,3,Normal Operations
2026-08-29 05:00:00,24.9,4.7,0.506,8.6,51.5,216,4,2,Pre-emptive Overtime Prior Shift
2026-08-29 06:00:00,24.8,8.0,0.506,11.2,59.5,917,3,0,Pause Operations & Maintain Equipment
2026-08-29 07:00:00,24.8,4.3,0.506,18.4,63.6,467,4,3,Pre-emptive Overtime Prior Shift
2026-08-29 08:00:00,24.8,4.0,0.506,21.6,67.4,193,10,2,Pause Operations & Maintain Equipment
2026-08-29 09:00:00,25.2,1.6,0.506,22.7,69.0,267,7,2,Pause Operations & Maintain Equipment
2026-08-29 10:00:00,25.2,0.9,0.506,22.0,69.9,814,10,2,Pause Operations & Maintain Equipment
2026-08-29 11:00:00,25.0,0.4,0.506,22.0,70.2,440,8,1,Pause Operations & Maintain Equipment
2026-08-29 12:00:00,25.8,1.2,0.506,19.1,71.2,760,1,1,Pre-emptive Overtime Prior Shift
2026-08-29 13:00:00,27.2,0.2,0.504,23.8,71.0,794,13,1,Pause Operations & Maintain Equipment
2026-08-29 14:00:00,27.3,0.3,0.503,28.8,71.1,251,8,2,Pause Operations & Maintain Equipment
2026-08-29 15:00:00,26.1,10.4,0.508,29.2,80.7,685,5,2,Pause Operations & Maintain Equipment
2026-08-29 16:00:00,26.4,3.0,0.507,25.2,82.60000000000001,976,12,1,Pause Operations & Maintain Equipment
2026-08-29 17:00:00,25.4,1.4,0.507,14.4,80.89999999999999,373,7,2,Pause Operations & Maintain Equipment
2026-08-29 18:00:00,25.2,3.0,0.507,15.1,83.2,653,11,1,Pause Operations & Maintain Equipment
2026-08-29 19:00:00,25.0,2.5,0.506,15.8,85.6,595,11,1,Pause Operations & Maintain Equipment
2026-08-29 20:00:00,24.7,2.8,0.506,16.2,88.2,823,1,1,Pre-emptive Overtime Prior Shift
2026-08-29 21:00:00,24.5,1.8,0.506,11.9,89.80000000000001,200,2,3,Pre-emptive Overtime Prior Shift
2026-08-29 22:00:00,24.4,0.5,0.506,7.9,90.1,656,1,2,Pre-emptive Overtime Prior Shift
2026-08-29 23:00:00,24.9,0.2,0.505,5.8,90.3,181,5,0,Pause Operations & Maintain Equipment
2026-08-30 00:00:00,24.8,0.1,0.504,5.0,84.8,628,14,1,Pause Operations & Maintain Equipment
2026-08-30 01:00:00,24.7,0.0,0.503,6.5,83.2,172,14,0,Pause Operations & Maintain Equipment
2026-08-30 02:00:00,24.5,0.0,0.501,9.0,82.8,113,6,3,Pause Operations & Maintain Equipment
2026-08-30 03:00:00,24.3,0.0,0.5,8.6,82.4,532,10,2,Pause Operations & Maintain Equipment
2026-08-30 04:00:00,24.1,0.0,0.499,6.5,81.4,256,9,1,Pause Operations & Maintain Equipment
2026-08-30 05:00:00,24.2,0.0,0.507,6.1,81.3,834,8,1,Pause Operations & Maintain Equipment
2026-08-30 06:00:00,24.4,0.0,0.504,9.7,81.0,231,7,1,Pause Operations & Maintain Equipment
2026-08-30 07:00:00,24.8,0.0,0.502,13.3,80.6,437,12,0,Pause Operations & Maintain Equipment
2026-08-30 08:00:00,26.0,0.0,0.5,19.1,80.4,503,5,3,Pause Operations & Maintain Equipment
2026-08-30 09:00:00,27.1,0.0,0.498,23.0,80.3,475,14,2,Pause Operations & Maintain Equipment
2026-08-30 10:00:00,27.6,0.1,0.496,33.8,80.0,987,15,3,Pause Operations & Maintain Equipment
2026-08-30 11:00:00,28.1,0.1,0.503,38.2,79.2,658,3,1,Pre-emptive Overtime Prior Shift
2026-08-30 12:00:00,28.2,0.0,0.5,27.4,78.9,206,9,3,Pause Operations & Maintain Equipment
2026-08-30 13:00:00,28.3,0.0,0.498,24.5,73.80000000000001,719,13,0,Pause Operations & Maintain Equipment
2026-08-30 14:00:00,27.4,0.4,0.499,24.1,71.2,364,5,4,Pause Operations & Maintain Equipment
2026-08-30 15:00:00,28.0,0.0,0.497,19.4,67.5,304,3,4,Pre-emptive Overtime Prior Shift
2026-08-30 16:00:00,28.1,0.0,0.496,19.4,64.3,178,3,2,Pre-emptive Overtime Prior Shift
2026-08-30 17:00:00,26.8,0.0,0.495,22.3,63.7,254,3,2,Pre-emptive Overtime Prior Shift
2026-08-30 18:00:00,26.5,0.0,0.494,22.7,59.7,882,14,3,Pause Operations & Maintain Equipment
2026-08-30 19:00:00,26.0,0.0,0.493,18.7,59.1,346,6,2,Pause Operations & Maintain Equipment
2026-08-30 20:00:00,25.6,0.0,0.492,16.9,58.900000000000006,630,1,0,Pause Operations & Maintain Equipment
2026-08-30 21:00:00,25.3,0.0,0.492,14.8,58.900000000000006,957,11,1,Pause Operations & Maintain Equipment
2026-08-30 22:00:00,25.0,0.1,0.492,11.2,59.0,637,4,1,Pre-emptive Overtime Prior Shift
2026-08-30 23:00:00,25.1,0.9,0.493,9.4,59.900000000000006,828,13,3,Pause Operations & Maintain Equipment
2026-08-31 00:00:00,24.6,0.2,0.494,11.5,60.1,253,8,1,Pause Operations & Maintain Equipment
2026-08-31 01:00:00,24.2,0.0,0.493,9.0,60.1,253,3,3,Pre-emptive Overtime Prior Shift
2026-08-31 02:00:00,24.0,0.0,0.492,8.3,60.1,785,5,2,Pause Operations & Maintain Equipment
2026-08-31 03:00:00,23.9,0.0,0.492,10.8,60.1,191,2,2,Pre-emptive Overtime Prior Shift
2026-08-31 04:00:00,23.7,0.0,0.491,9.4,60.1,532,15,0,Pause Operations & Maintain Equipment
2026-08-31 05:00:00,23.9,0.0,0.514,10.1,60.1,437,2,1,Pre-emptive Overtime Prior Shift
2026-08-31 06:00:00,23.9,0.1,0.509,14.8,60.2,579,11,0,Pause Operations & Maintain Equipment
2026-08-31 07:00:00,25.0,0.1,0.507,16.2,60.3,792,13,4,Pause Operations & Maintain Equipment
2026-08-31 08:00:00,26.1,0.0,0.504,22.7,60.3,230,7,0,Pause Operations & Maintain Equipment
2026-08-31 09:00:00,27.3,0.0,0.5,37.4,60.3,549,10,3,Pause Operations & Maintain Equipment
2026-08-31 10:00:00,27.3,0.1,0.498,39.2,60.3,909,3,3,Pre-emptive Overtime Prior Shift
2026-08-31 11:00:00,27.5,0.6,0.502,39.6,60.8,886,5,0,Pause Operations & Maintain Equipment
2026-08-31 12:00:00,26.7,0.3,0.501,36.7,60.9,372,3,2,Pre-emptive Overtime Prior Shift
2026-08-31 13:00:00,26.3,0.2,0.501,27.7,61.0,687,6,4,Pause Operations & Maintain Equipment
2026-08-31 14:00:00,25.9,1.3,0.511,19.4,61.9,276,13,0,Pause Operations & Maintain Equipment
2026-08-31 15:00:00,26.0,1.3,0.514,15.5,62.6,795,10,2,Pause Operations & Maintain Equipment
2026-08-31 16:00:00,26.0,0.7,0.51,13.0,63.2,930,3,0,Pause Operations & Maintain Equipment
2026-08-31 17:00:00,28.0,0.2,0.489,13.3,63.4,742,8,1,Pause Operations & Maintain Equipment
2026-08-31 18:00:00,26.7,0.3,0.49,11.5,63.4,974,2,3,Pre-emptive Overtime Prior Shift
2026-08-31 19:00:00,26.3,0.5,0.493,7.9,61.8,148,3,1,Pre-emptive Overtime Prior Shift
2026-08-31 20:00:00,25.8,0.0,0.492,8.6,60.7,666,8,1,Pause Operations & Maintain Equipment
2026-08-31 21:00:00,25.6,0.0,0.492,6.5,60.5,765,8,4,Pause Operations & Maintain Equipment
2026-08-31 22:00:00,25.4,0.0,0.491,8.3,60.5,454,1,2,Pre-emptive Overtime Prior Shift
2026-08-31 23:00:00,25.1,0.0,0.49,10.4,60.4,811,8,3,Pause Operations & Maintain Equipment
2026-09-01 00:00:00,24.5,0.0,0.49,13.0,60.4,407,10,1,Pause Operations & Maintain Equipment
2026-09-01 01:00:00,24.2,0.0,0.489,12.2,60.3,967,2,3,Pre-emptive Overtime Prior Shift
2026-09-01 02:00:00,23.9,0.0,0.488,7.9,60.1,984,12,2,Pause Operations & Maintain Equipment
2026-09-01 03:00:00,23.6,0.0,0.488,5.8,59.8,729,7,0,Pause Operations & Maintain Equipment
2026-09-01 04:00:00,23.4,0.0,0.487,6.5,58.8,874,6,1,Pause Operations & Maintain Equipment
2026-09-01 05:00:00,23.5,0.0,0.497,6.5,54.1,145,2,2,Pre-emptive Overtime Prior Shift
2026-09-01 06:00:00,23.8,0.0,0.496,11.2,46.1,401,5,3,Normal Operations
2026-09-01 07:00:00,25.5,0.0,0.494,14.8,41.8,967,7,2,Normal Operations
2026-09-01 08:00:00,26.5,0.0,0.492,19.4,37.8,507,8,0,Normal Operations
2026-09-01 09:00:00,27.4,0.0,0.49,24.1,36.2,288,3,2,Normal Operations
2026-09-01 10:00:00,27.9,0.4,0.491,32.4,35.7,921,1,3,Normal Operations
2026-09-01 11:00:00,28.2,0.5,0.497,31.0,35.8,929,13,1,Normal Operations
2026-09-01 12:00:00,28.2,0.2,0.495,24.1,34.800000000000004,228,7,1,Normal Operations
2026-09-01 13:00:00,28.4,0.1,0.493,23.4,34.7,660,13,4,Normal Operations
2026-09-01 14:00:00,29.2,0.0,0.49,22.3,34.4,636,5,3,Normal Operations
2026-09-01 15:00:00,29.1,0.0,0.488,23.4,24.0,365,5,4,Normal Operations
2026-09-01 16:00:00,28.6,0.0,0.486,23.0,21.0,217,7,4,Normal Operations
2026-09-01 17:00:00,27.4,0.0,0.473,17.6,19.6,563,1,0,Normal Operations
2026-09-01 18:00:00,26.5,0.0,0.473,15.1,16.6,243,8,3,Normal Operations
2026-09-01 19:00:00,26.2,0.0,0.473,11.5,14.1,541,12,1,Normal Operations
2026-09-01 20:00:00,25.9,0.0,0.473,11.5,11.3,299,14,3,Normal Operations
2026-09-01 21:00:00,25.4,0.0,0.473,10.8,9.5,256,10,0,Normal Operations
2026-09-01 22:00:00,24.9,0.5,0.477,11.5,9.5,586,15,3,Normal Operations
2026-09-01 23:00:00,24.9,0.5,0.488,11.5,9.8,959,5,3,Normal Operations
2026-09-02 00:00:00,24.6,0.2,0.489,9.0,9.9,233,8,4,Normal Operations
2026-09-02 01:00:00,24.3,0.2,0.49,8.6,10.1,247,10,3,Normal Operations
2026-09-02 02:00:00,24.0,0.0,0.489,9.0,10.1,435,15,4,Normal Operations
2026-09-02 03:00:00,23.8,0.0,0.488,7.6,10.1,170,10,4,Normal Operations
2026-09-02 04:00:00,23.6,0.0,0.487,11.9,10.1,332,5,2,Normal Operations
2026-09-02 05:00:00,23.5,0.0,0.5,13.3,10.1,433,12,0,Normal Operations
2026-09-02 06:00:00,23.3,0.1,0.499,13.3,10.2,910,7,4,Normal Operations
2026-09-02 07:00:00,23.7,0.1,0.498,13.7,10.3,765,10,3,Normal Operations
2026-09-02 08:00:00,24.1,0.7,0.504,11.9,11.0,189,3,4,Normal Operations
2026-09-02 09:00:00,24.7,1.7,0.517,16.9,12.7,433,2,4,Normal Operations
2026-09-02 10:00:00,25.8,1.3,0.516,23.0,13.9,298,6,4,Normal Operations
2026-09-02 11:00:00,24.9,1.4,0.519,23.8,15.2,260,5,1,Normal Operations
2026-09-02 12:00:00,25.6,2.0,0.516,24.1,17.2,637,9,1,Normal Operations
2026-09-02 13:00:00,25.7,1.4,0.516,20.5,18.6,220,10,1,Normal Operations
2026-09-02 14:00:00,25.7,1.2,0.514,22.3,19.4,400,4,1,Normal Operations
2026-09-02 15:00:00,25.6,1.2,0.513,20.2,20.6,823,11,2,Normal Operations
2026-09-02 16:00:00,25.6,0.5,0.513,20.9,21.1,674,3,4,Normal Operations
2026-09-02 17:00:00,25.1,0.2,0.516,23.0,21.3,535,9,2,Normal Operations
2026-09-02 18:00:00,24.8,0.1,0.51,16.6,21.4,167,8,3,Normal Operations
2026-09-02 19:00:00,24.6,0.0,0.507,13.7,21.4,864,6,0,Normal Operations
2026-09-02 20:00:00,24.4,0.0,0.505,14.0,21.4,558,1,2,Normal Operations
2026-09-02 21:00:00,24.3,0.1,0.503,15.5,21.5,613,14,1,Normal Operations
2026-09-02 22:00:00,24.1,0.1,0.502,17.3,21.5,497,10,1,Normal Operations
2026-09-02 23:00:00,24.0,0.1,0.503,17.3,20.7,719,13,3,Normal Operations
2026-09-03 00:00:00,23.5,0.3,0.504,19.1,20.8,385,12,4,Normal Operations
2026-09-03 01:00:00,23.2,1.2,0.516,22.3,22.0,660,11,0,Normal Operations
2026-09-03 02:00:00,23.0,3.0,0.513,17.6,25.0,239,1,2,Pre-emptive Overtime Prior Shift
2026-09-03 03:00:00,23.0,3.3,0.512,22.0,28.3,829,12,4,Pause Operations & Maintain Equipment
2026-09-03 04:00:00,22.9,0.9,0.511,24.1,29.2,655,6,4,Normal Operations
2026-09-03 05:00:00,22.6,1.7,0.499,18.4,30.9,880,13,2,Normal Operations
2026-09-03 06:00:00,22.6,1.9,0.508,20.5,32.7,689,3,2,Normal Operations
2026-09-03 07:00:00,23.0,1.3,0.508,20.9,33.9,827,3,2,Normal Operations
2026-09-03 08:00:00,23.5,1.6,0.508,23.4,35.5,993,6,2,Normal Operations
2026-09-03 09:00:00,24.2,2.7,0.507,22.0,38.2,709,13,1,Pause Operations & Maintain Equipment
2026-09-03 10:00:00,24.6,1.6,0.507,23.0,39.7,847,3,4,Normal Operations
2026-09-03 11:00:00,24.9,2.0,0.507,24.8,41.1,381,13,4,Normal Operations
2026-09-03 12:00:00,25.4,2.1,0.507,28.8,42.9,760,11,1,Pause Operations & Maintain Equipment
2026-09-03 13:00:00,25.8,0.8,0.507,28.8,43.50000000000001,915,10,4,Normal Operations
2026-09-03 14:00:00,26.4,0.3,0.507,27.4,42.5,677,6,2,Normal Operations
2026-09-03 15:00:00,26.5,0.3,0.506,28.4,41.5,845,5,0,Normal Operations
2026-09-03 16:00:00,25.9,0.5,0.507,29.2,41.3,556,4,4,Normal Operations
2026-09-03 17:00:00,26.1,0.4,0.497,23.0,41.50000000000001,186,8,0,Normal Operations
2026-09-03 18:00:00,25.6,0.0,0.496,22.0,41.2,178,2,0,Normal Operations
2026-09-03 19:00:00,25.4,0.0,0.495,14.0,40.7,304,15,1,Normal Operations
2026-09-03 20:00:00,25.0,0.0,0.494,16.2,40.7,890,12,3,Normal Operations
2026-09-03 21:00:00,24.5,0.3,0.495,19.1,41.0,436,14,4,Normal Operations
2026-09-03 22:00:00,24.2,0.0,0.495,13.3,41.0,353,11,1,Normal Operations
2026-09-03 23:00:00,24.6,0.0,0.495,13.0,41.0,403,7,1,Normal Operations
2026-09-04 00:00:00,24.2,0.0,0.494,16.6,41.0,479,4,0,Normal Operations
2026-09-04 01:00:00,24.0,0.0,0.493,12.6,41.0,229,2,4,Normal Operations
2026-09-04 02:00:00,24.0,0.0,0.493,13.0,41.0,695,15,1,Normal Operations
2026-09-04 03:00:00,23.8,0.0,0.492,10.1,41.0,375,7,2,Normal Operations
2026-09-04 04:00:00,23.4,0.0,0.491,8.6,41.0,798,13,1,Normal Operations
2026-09-04 05:00:00,23.6,0.0,0.499,7.2,41.0,657,1,2,Normal Operations
2026-09-04 06:00:00,23.6,0.0,0.498,15.8,41.0,998,4,3,Normal Operations
2026-09-04 07:00:00,24.3,0.0,0.497,20.9,41.0,282,9,2,Normal Operations
2026-09-04 08:00:00,25.3,0.1,0.496,22.3,41.1,367,14,2,Normal Operations
2026-09-04 09:00:00,26.6,0.1,0.495,26.6,41.2,907,4,0,Normal Operations
2026-09-04 10:00:00,28.2,0.3,0.494,30.2,41.1,421,12,1,Normal Operations
2026-09-04 11:00:00,28.6,0.0,0.501,34.2,40.6,611,13,3,Normal Operations
2026-09-04 12:00:00,28.9,0.2,0.498,33.1,40.6,711,3,1,Normal Operations
2026-09-04 13:00:00,29.0,0.2,0.495,34.2,40.7,177,10,2,Normal Operations
2026-09-04 14:00:00,29.0,0.2,0.492,38.2,40.900000000000006,883,10,2,Normal Operations
2026-09-04 15:00:00,26.8,0.8,0.496,38.5,41.7,438,2,1,Normal Operations
2026-09-04 16:00:00,27.2,0.1,0.495,31.0,41.8,773,14,3,Normal Operations
2026-09-04 17:00:00,26.2,0.0,0.497,29.5,41.8,655,15,3,Normal Operations
2026-09-04 18:00:00,25.7,0.0,0.496,23.0,41.8,608,3,0,Normal Operations
2026-09-04 19:00:00,25.3,0.0,0.495,18.0,41.8,337,1,2,Normal Operations
2026-09-04 20:00:00,24.8,0.0,0.494,12.2,41.8,233,10,2,Normal Operations
2026-09-04 21:00:00,24.3,0.0,0.493,12.6,41.8,291,8,0,Normal Operations
2026-09-04 22:00:00,23.9,0.0,0.492,11.5,41.3,455,1,1,Normal Operations
2026-09-04 23:00:00,24.1,0.0,0.497,12.6,40.8,377,3,2,Normal Operations
2026-09-05 00:00:00,23.5,0.0,0.496,15.1,40.6,117,14,1,Normal Operations
2026-09-05 01:00:00,23.2,0.0,0.495,13.0,40.4,623,3,3,Normal Operations
2026-09-05 02:00:00,23.0,0.0,0.494,11.9,40.4,279,13,4,Normal Operations
2026-09-05 03:00:00,23.0,0.0,0.493,10.8,40.4,222,15,0,Normal Operations
2026-09-05 04:00:00,23.0,0.0,0.492,10.8,40.4,345,2,2,Normal Operations
2026-09-05 05:00:00,23.5,0.2,0.495,10.4,40.6,833,14,0,Normal Operations
2026-09-05 06:00:00,23.4,0.0,0.494,16.9,40.50000000000001,472,5,3,Normal Operations
2026-09-05 07:00:00,23.7,0.0,0.493,15.5,40.400000000000006,150,10,3,Normal Operations
2026-09-05 08:00:00,24.4,0.1,0.492,16.2,39.8,170,3,3,Normal Operations
2026-09-05 09:00:00,25.3,0.3,0.493,22.7,38.400000000000006,579,3,3,Normal Operations
2026-09-05 10:00:00,26.2,0.8,0.497,24.8,37.9,659,8,4,Normal Operations
2026-09-05 11:00:00,26.4,0.0,0.513,29.2,36.5,118,4,1,Normal Operations
2026-09-05 12:00:00,27.0,0.1,0.506,30.2,34.6,873,4,1,Normal Operations
2026-09-05 13:00:00,27.5,0.0,0.502,31.0,33.2,183,3,4,Normal Operations
2026-09-05 14:00:00,28.4,0.0,0.498,29.9,32.0,254,11,1,Normal Operations
2026-09-05 15:00:00,26.1,6.0,0.513,25.2,36.8,664,1,3,Pre-emptive Overtime Prior Shift
2026-09-05 16:00:00,26.2,4.0,0.51,22.3,40.3,718,8,1,Pause Operations & Maintain Equipment
2026-09-05 17:00:00,26.9,0.8,0.505,22.3,40.9,456,15,0,Normal Operations
2026-09-05 18:00:00,25.6,0.0,0.502,14.0,40.8,915,1,1,Normal Operations
2026-09-05 19:00:00,24.6,2.6,0.508,16.6,43.400000000000006,746,7,0,Pause Operations & Maintain Equipment
2026-09-05 20:00:00,24.7,0.1,0.506,7.6,43.50000000000001,542,5,2,Normal Operations
2026-09-05 21:00:00,24.7,0.0,0.504,6.1,43.400000000000006,168,4,0,Normal Operations
2026-09-05 22:00:00,24.5,0.0,0.502,6.8,43.3,622,4,0,Normal Operations
2026-09-05 23:00:00,24.5,0.0,0.5,4.7,43.2,242,8,3,Normal Operations
2026-09-06 00:00:00,24.3,0.0,0.499,4.3,42.900000000000006,291,11,3,Normal Operations
2026-09-06 01:00:00,23.9,0.0,0.498,7.2,41.7,486,11,3,Normal Operations
2026-09-06 02:00:00,23.6,0.0,0.497,7.9,38.7,477,13,0,Normal Operations
2026-09-06 03:00:00,23.6,0.0,0.496,7.2,35.400000000000006,680,14,4,Normal Operations
2026-09-06 04:00:00,23.5,0.0,0.495,7.2,34.50000000000001,634,6,3,Normal Operations
2026-09-06 05:00:00,23.4,0.0,0.494,6.8,32.800000000000004,792,14,3,Normal Operations
2026-09-06 06:00:00,23.6,0.0,0.493,6.1,30.9,392,12,0,Normal Operations
2026-09-06 07:00:00,24.1,0.0,0.493,13.3,29.6,108,1,2,Normal Operations
2026-09-06 08:00:00,24.9,0.1,0.493,19.1,28.1,370,14,2,Normal Operations
2026-09-06 09:00:00,26.3,0.5,0.495,22.7,25.9,486,10,1,Normal Operations
2026-09-06 10:00:00,27.7,0.5,0.496,25.2,24.8,192,8,2,Normal Operations
2026-09-06 11:00:00,28.8,0.1,0.493,27.4,22.9,628,13,3,Normal Operations
2026-09-06 12:00:00,29.7,0.1,0.49,28.1,20.9,253,14,4,Normal Operations
2026-09-06 13:00:00,30.2,0.1,0.487,28.1,20.200000000000003,504,2,1,Normal Operations
2026-09-06 14:00:00,30.5,0.1,0.484,28.4,20.0,939,6,4,Normal Operations
2026-09-06 15:00:00,30.4,0.1,0.482,28.4,19.8,248,9,4,Normal Operations
2026-09-06 16:00:00,29.6,0.2,0.481,27.4,19.5,988,1,3,Normal Operations
2026-09-06 17:00:00,29.0,0.0,0.48,20.2,19.1,366,6,0,Normal Operations
2026-09-06 18:00:00,27.3,0.0,0.48,14.8,19.1,521,8,0,Normal Operations
2026-09-06 19:00:00,27.1,0.1,0.481,6.5,19.200000000000003,939,10,0,Normal Operations
2026-09-06 20:00:00,26.7,0.2,0.482,4.3,19.4,717,13,2,Normal Operations
2026-09-06 21:00:00,26.1,0.0,0.482,5.8,19.1,571,2,0,Normal Operations
2026-09-06 22:00:00,25.7,0.0,0.482,5.8,19.1,992,5,3,Normal Operations
2026-09-06 23:00:00,25.0,0.0,0.482,2.9,19.1,646,6,2,Normal Operations
