Date,Temp_Max,Temp_Min,Rainfall_mm,Soil_Moisture,Mine_Location
2023-09-02,33.9,25.3,5.9,0.385,Nagpur_MOIL
2023-09-03,32.8,25.3,3.6,0.431,Nagpur_MOIL
2023-09-04,34.3,24.9,1.7,0.413,Nagpur_MOIL
2023-09-05,32.8,24.8,19.0,0.424,Nagpur_MOIL
2023-09-06,30.0,24.1,7.2,0.472,Nagpur_MOIL
2023-09-07,30.0,24.2,18.0,0.485,Nagpur_MOIL
2023-09-08,29.7,24.0,13.3,0.506,Nagpur_MOIL
2023-09-09,30.2,24.0,9.9,0.502,Nagpur_MOIL
2023-09-10,29.5,24.1,11.2,0.497,Nagpur_MOIL
2023-09-11,31.9,24.9,0.8,0.481,Nagpur_MOIL
2023-09-12,31.5,24.8,1.5,0.478,Nagpur_MOIL
2023-09-13,30.5,24.8,21.8,0.494,Nagpur_MOIL
2023-09-14,30.4,23.9,40.5,0.507,Nagpur_MOIL
2023-09-15,25.9,24.2,50.5,0.512,Nagpur_MOIL
2023-09-16,30.3,24.1,0.5,0.491,Nagpur_MOIL
2023-09-17,30.8,23.3,0.5,0.472,Nagpur_MOIL
2023-09-18,31.6,22.8,0.0,0.445,Nagpur_MOIL
2023-09-19,32.0,22.7,0.0,0.425,Nagpur_MOIL
2023-09-20,31.6,24.6,5.2,0.428,Nagpur_MOIL
2023-09-21,30.1,23.7,18.0,0.491,Nagpur_MOIL
2023-09-22,29.3,24.2,16.6,0.507,Nagpur_MOIL
2023-09-23,28.3,23.4,39.5,0.508,Nagpur_MOIL
2023-09-24,31.0,23.3,6.9,0.48,Nagpur_MOIL
2023-09-25,31.9,23.4,0.5,0.461,Nagpur_MOIL
2023-09-26,30.8,24.3,2.0,0.456,Nagpur_MOIL
2023-09-27,30.3,23.1,0.5,0.44,Nagpur_MOIL
2023-09-28,32.0,23.7,0.0,0.433,Nagpur_MOIL
2023-09-29,29.6,24.0,17.6,0.467,Nagpur_MOIL
2023-09-30,31.1,23.5,6.5,0.475,Nagpur_MOIL
2023-10-01,32.6,24.1,0.2,0.467,Nagpur_MOIL
2023-10-02,32.3,23.3,4.7,0.467,Nagpur_MOIL
2023-10-03,33.2,23.6,0.0,0.436,Nagpur_MOIL
2023-10-04,33.2,21.4,0.0,0.409,Nagpur_MOIL
2023-10-05,33.6,20.2,0.0,0.389,Nagpur_MOIL
2023-10-06,33.5,20.0,0.0,0.371,Nagpur_MOIL
2023-10-07,33.7,22.5,0.0,0.354,Nagpur_MOIL
2023-10-08,34.5,24.0,0.0,0.337,Nagpur_MOIL
2023-10-09,34.4,22.9,0.0,0.321,Nagpur_MOIL
2023-10-10,34.6,22.5,0.0,0.311,Nagpur_MOIL
2023-10-11,34.5,22.7,0.0,0.303,Nagpur_MOIL
2023-10-12,33.6,21.1,0.0,0.302,Nagpur_MOIL
2023-10-13,34.1,21.7,0.0,0.3,Nagpur_MOIL
2023-10-14,33.7,20.7,0.0,0.297,Nagpur_MOIL
2023-10-15,31.1,22.2,1.0,0.293,Nagpur_MOIL
2023-10-16,32.7,21.6,0.3,0.287,Nagpur_MOIL
2023-10-17,32.9,21.7,0.0,0.288,Nagpur_MOIL
2023-10-18,32.7,22.3,0.0,0.284,Nagpur_MOIL
2023-10-19,31.6,22.7,0.0,0.275,Nagpur_MOIL
2023-10-20,31.8,21.5,0.3,0.27,Nagpur_MOIL
2023-10-21,32.0,20.1,0.0,0.276,Nagpur_MOIL
2023-10-22,32.7,19.2,0.0,0.276,Nagpur_MOIL
2023-10-23,31.3,20.0,0.0,0.284,Nagpur_MOIL
2023-10-24,31.5,19.3,0.0,0.282,Nagpur_MOIL
2023-10-25,31.9,18.5,0.0,0.276,Nagpur_MOIL
2023-10-26,31.9,18.3,0.0,0.268,Nagpur_MOIL
2023-10-27,31.3,17.2,0.0,0.272,Nagpur_MOIL
2023-10-28,31.2,17.7,0.0,0.274,Nagpur_MOIL
2023-10-29,31.2,17.6,0.0,0.274,Nagpur_MOIL
2023-10-30,31.0,18.0,0.0,0.268,Nagpur_MOIL
2023-10-31,31.2,18.4,0.0,0.27,Nagpur_MOIL
2023-11-01,31.3,19.7,0.0,0.273,Nagpur_MOIL
2023-11-02,31.5,19.6,0.1,0.271,Nagpur_MOIL
2023-11-03,32.1,19.4,0.0,0.269,Nagpur_MOIL
2023-11-04,32.9,20.4,0.0,0.264,Nagpur_MOIL
2023-11-05,32.4,19.1,0.0,0.263,Nagpur_MOIL
2023-11-06,32.4,16.8,0.0,0.261,Nagpur_MOIL
2023-11-07,32.3,17.4,0.0,0.259,Nagpur_MOIL
2023-11-08,32.4,17.2,0.0,0.262,Nagpur_MOIL
2023-11-09,32.4,17.7,0.0,0.265,Nagpur_MOIL
2023-11-10,32.5,17.3,0.0,0.262,Nagpur_MOIL
2023-11-11,33.0,18.9,0.0,0.262,Nagpur_MOIL
2023-11-12,32.4,20.4,0.0,0.261,Nagpur_MOIL
2023-11-13,31.5,16.9,0.0,0.26,Nagpur_MOIL
2023-11-14,30.8,17.5,0.0,0.259,Nagpur_MOIL
2023-11-15,30.4,17.5,0.0,0.258,Nagpur_MOIL
2023-11-16,30.2,17.9,0.0,0.256,Nagpur_MOIL
2023-11-17,30.1,17.7,0.0,0.256,Nagpur_MOIL
2023-11-18,30.6,17.4,0.0,0.256,Nagpur_MOIL
2023-11-19,31.7,17.7,0.0,0.255,Nagpur_MOIL
2023-11-20,31.2,18.2,0.0,0.255,Nagpur_MOIL
2023-11-21,30.9,19.0,0.0,0.254,Nagpur_MOIL
2023-11-22,31.2,18.4,0.0,0.254,Nagpur_MOIL
2023-11-23,31.2,17.6,0.0,0.254,Nagpur_MOIL
2023-11-24,31.0,19.0,0.0,0.253,Nagpur_MOIL
2023-11-25,30.7,18.3,0.0,0.253,Nagpur_MOIL
2023-11-26,30.7,18.1,0.0,0.253,Nagpur_MOIL
2023-11-27,24.7,19.2,1.5,0.26,Nagpur_MOIL
2023-11-28,26.4,18.4,2.4,0.315,Nagpur_MOIL
2023-11-29,26.5,17.0,14.1,0.416,Nagpur_MOIL
2023-11-30,29.0,19.3,1.8,0.414,Nagpur_MOIL
2023-12-01,28.9,20.7,0.0,0.375,Nagpur_MOIL
2023-12-02,30.0,19.9,0.0,0.36,Nagpur_MOIL
2023-12-03,30.2,20.0,0.0,0.345,Nagpur_MOIL
2023-12-04,30.2,19.8,0.0,0.331,Nagpur_MOIL
2023-12-05,28.0,20.9,1.3,0.326,Nagpur_MOIL
2023-12-06,24.5,20.2,3.3,0.336,Nagpur_MOIL
2023-12-07,25.2,19.2,1.3,0.358,Nagpur_MOIL
2023-12-08,26.2,16.8,0.3,0.346,Nagpur_MOIL
2023-12-09,27.2,16.4,0.0,0.337,Nagpur_MOIL
2023-12-10,26.3,14.3,0.0,0.328,Nagpur_MOIL
2023-12-11,26.7,13.7,0.0,0.317,Nagpur_MOIL
2023-12-12,27.2,14.2,0.0,0.308,Nagpur_MOIL
2023-12-13,27.2,15.1,0.0,0.301,Nagpur_MOIL
2023-12-14,27.0,14.6,0.0,0.296,Nagpur_MOIL
2023-12-15,26.6,14.1,0.0,0.29,Nagpur_MOIL
2023-12-16,26.6,13.4,0.0,0.288,Nagpur_MOIL
2023-12-17,25.8,13.5,0.0,0.288,Nagpur_MOIL
2023-12-18,24.9,14.6,0.0,0.286,Nagpur_MOIL
2023-12-19,24.4,13.2,0.0,0.28,Nagpur_MOIL
2023-12-20,24.9,12.1,0.0,0.272,Nagpur_MOIL
2023-12-21,25.9,11.8,0.0,0.272,Nagpur_MOIL
2023-12-22,26.9,11.7,0.0,0.271,Nagpur_MOIL
2023-12-23,28.2,14.0,0.0,0.267,Nagpur_MOIL
2023-12-24,28.6,12.6,0.0,0.266,Nagpur_MOIL
2023-12-25,28.7,14.1,0.0,0.268,Nagpur_MOIL
2023-12-26,29.0,14.3,0.0,0.271,Nagpur_MOIL
2023-12-27,28.4,14.4,0.0,0.274,Nagpur_MOIL
2023-12-28,28.2,14.7,0.0,0.276,Nagpur_MOIL
2023-12-29,28.2,15.0,0.0,0.276,Nagpur_MOIL
2023-12-30,28.0,13.8,0.0,0.277,Nagpur_MOIL
2023-12-31,28.2,14.6,0.0,0.279,Nagpur_MOIL
2024-01-01,28.4,14.6,0.0,0.283,Nagpur_MOIL
2024-01-02,28.6,14.2,0.0,0.287,Nagpur_MOIL
2024-01-03,28.2,14.6,1.9,0.298,Nagpur_MOIL
2024-01-04,27.7,16.0,0.0,0.301,Nagpur_MOIL
2024-01-05,27.9,16.5,0.0,0.298,Nagpur_MOIL
2024-01-06,26.4,17.6,3.3,0.311,Nagpur_MOIL
2024-01-07,28.2,16.6,0.0,0.301,Nagpur_MOIL
2024-01-08,28.1,16.7,0.0,0.299,Nagpur_MOIL
2024-01-09,29.6,16.3,0.0,0.293,Nagpur_MOIL
2024-01-10,28.2,19.3,0.4,0.297,Nagpur_MOIL
2024-01-11,28.5,17.0,0.0,0.299,Nagpur_MOIL
2024-01-12,29.5,17.4,0.0,0.291,Nagpur_MOIL
2024-01-13,29.9,17.9,0.0,0.285,Nagpur_MOIL
2024-01-14,29.8,17.6,0.0,0.283,Nagpur_MOIL
2024-01-15,28.0,16.8,0.0,0.277,Nagpur_MOIL
2024-01-16,28.2,15.0,0.0,0.265,Nagpur_MOIL
2024-01-17,29.0,15.8,0.5,0.261,Nagpur_MOIL
2024-01-18,27.1,17.7,0.3,0.257,Nagpur_MOIL
2024-01-19,27.5,16.1,0.0,0.257,Nagpur_MOIL
2024-01-20,28.0,17.6,0.6,0.26,Nagpur_MOIL
2024-01-21,27.4,16.6,1.1,0.268,Nagpur_MOIL
2024-01-22,27.6,14.7,0.0,0.28,Nagpur_MOIL
2024-01-23,27.9,18.2,4.0,0.324,Nagpur_MOIL
2024-01-24,25.9,14.6,0.0,0.305,Nagpur_MOIL
2024-01-25,24.7,11.8,0.0,0.299,Nagpur_MOIL
2024-01-26,25.8,10.7,0.0,0.293,Nagpur_MOIL
2024-01-27,26.8,11.7,0.0,0.289,Nagpur_MOIL
2024-01-28,28.1,10.9,0.0,0.29,Nagpur_MOIL
2024-01-29,29.1,12.6,0.0,0.289,Nagpur_MOIL
2024-01-30,28.5,15.4,0.0,0.287,Nagpur_MOIL
2024-01-31,28.9,14.1,0.0,0.287,Nagpur_MOIL
2024-02-01,29.6,16.9,0.0,0.288,Nagpur_MOIL
2024-02-02,29.3,16.9,0.0,0.287,Nagpur_MOIL
2024-02-03,28.7,15.8,0.0,0.288,Nagpur_MOIL
2024-02-04,30.3,15.5,0.0,0.29,Nagpur_MOIL
2024-02-05,32.8,16.6,0.0,0.292,Nagpur_MOIL
2024-02-06,32.9,17.7,0.0,0.285,Nagpur_MOIL
2024-02-07,30.1,18.0,0.0,0.28,Nagpur_MOIL
2024-02-08,28.1,17.7,0.0,0.276,Nagpur_MOIL
2024-02-09,28.1,14.6,0.0,0.271,Nagpur_MOIL
2024-02-10,28.1,15.1,1.7,0.273,Nagpur_MOIL
2024-02-11,28.6,17.3,2.3,0.391,Nagpur_MOIL
2024-02-12,29.2,17.7,0.4,0.407,Nagpur_MOIL
2024-02-13,30.7,17.4,0.0,0.398,Nagpur_MOIL
2024-02-14,30.8,18.1,0.0,0.38,Nagpur_MOIL
2024-02-15,28.7,18.6,0.0,0.36,Nagpur_MOIL
2024-02-16,30.7,18.0,0.1,0.354,Nagpur_MOIL
2024-02-17,31.3,18.3,0.0,0.345,Nagpur_MOIL
2024-02-18,31.7,17.6,0.0,0.336,Nagpur_MOIL
2024-02-19,33.2,17.4,0.0,0.331,Nagpur_MOIL
2024-02-20,33.3,19.3,0.0,0.32,Nagpur_MOIL
2024-02-21,33.0,17.1,0.0,0.31,Nagpur_MOIL
2024-02-22,30.2,20.1,0.0,0.296,Nagpur_MOIL
2024-02-23,29.7,16.5,0.0,0.283,Nagpur_MOIL
2024-02-24,30.9,16.8,0.0,0.278,Nagpur_MOIL
2024-02-25,31.5,17.2,0.0,0.271,Nagpur_MOIL
2024-02-26,28.4,20.2,4.0,0.285,Nagpur_MOIL
2024-02-27,31.4,19.6,9.0,0.332,Nagpur_MOIL
2024-02-28,31.3,19.4,0.0,0.341,Nagpur_MOIL
2024-02-29,33.6,18.0,0.0,0.331,Nagpur_MOIL
2024-03-01,34.8,18.6,0.0,0.31,Nagpur_MOIL
2024-03-02,32.4,22.1,0.3,0.301,Nagpur_MOIL
2024-03-03,33.6,21.3,0.0,0.299,Nagpur_MOIL
2024-03-04,31.8,21.2,0.0,0.287,Nagpur_MOIL
2024-03-05,33.9,18.2,0.0,0.277,Nagpur_MOIL
2024-03-06,34.2,19.8,0.0,0.271,Nagpur_MOIL
2024-03-07,34.4,19.3,0.0,0.27,Nagpur_MOIL
2024-03-08,34.2,18.8,0.0,0.267,Nagpur_MOIL
2024-03-09,34.9,19.5,0.0,0.26,Nagpur_MOIL
2024-03-10,36.2,20.5,0.0,0.257,Nagpur_MOIL
2024-03-11,36.9,21.9,0.0,0.256,Nagpur_MOIL
2024-03-12,37.0,21.0,0.0,0.257,Nagpur_MOIL
2024-03-13,36.8,22.1,0.0,0.256,Nagpur_MOIL
2024-03-14,36.0,20.5,0.0,0.255,Nagpur_MOIL
2024-03-15,36.0,20.5,0.0,0.254,Nagpur_MOIL
2024-03-16,36.3,23.2,1.1,0.253,Nagpur_MOIL
2024-03-17,33.0,21.4,2.8,0.262,Nagpur_MOIL
2024-03-18,34.0,22.6,0.5,0.282,Nagpur_MOIL
2024-03-19,29.4,20.6,4.3,0.378,Nagpur_MOIL
2024-03-20,30.5,17.8,3.1,0.417,Nagpur_MOIL
2024-03-21,32.8,16.0,0.0,0.383,Nagpur_MOIL
2024-03-22,35.1,19.4,0.0,0.351,Nagpur_MOIL
2024-03-23,37.0,18.9,0.0,0.325,Nagpur_MOIL
2024-03-24,37.9,19.9,0.0,0.303,Nagpur_MOIL
2024-03-25,38.1,21.8,0.0,0.292,Nagpur_MOIL
2024-03-26,38.4,22.5,0.0,0.285,Nagpur_MOIL
2024-03-27,38.3,23.6,0.0,0.278,Nagpur_MOIL
2024-03-28,39.9,24.0,0.0,0.274,Nagpur_MOIL
2024-03-29,40.1,25.2,0.0,0.269,Nagpur_MOIL
2024-03-30,39.1,26.2,0.1,0.269,Nagpur_MOIL
2024-03-31,38.6,25.5,0.0,0.266,Nagpur_MOIL
2024-04-01,40.3,23.7,0.0,0.267,Nagpur_MOIL
2024-04-02,40.4,25.8,0.0,0.261,Nagpur_MOIL
2024-04-03,40.2,25.0,0.0,0.258,Nagpur_MOIL
2024-04-04,41.4,25.8,0.0,0.256,Nagpur_MOIL
2024-04-05,40.1,24.7,0.0,0.256,Nagpur_MOIL
2024-04-06,40.2,27.8,0.0,0.256,Nagpur_MOIL
2024-04-07,36.4,25.0,0.7,0.256,Nagpur_MOIL
2024-04-08,35.6,22.6,0.9,0.272,Nagpur_MOIL
2024-04-09,34.8,23.0,11.1,0.292,Nagpur_MOIL
2024-04-10,35.9,21.4,0.4,0.314,Nagpur_MOIL
2024-04-11,32.8,20.5,1.1,0.361,Nagpur_MOIL
2024-04-12,31.8,22.3,2.8,0.381,Nagpur_MOIL
2024-04-13,32.4,21.8,6.3,0.4,Nagpur_MOIL
2024-04-14,35.8,23.2,0.0,0.351,Nagpur_MOIL
2024-04-15,38.4,24.1,0.4,0.33,Nagpur_MOIL
2024-04-16,38.9,24.4,0.0,0.312,Nagpur_MOIL
2024-04-17,40.1,24.7,0.0,0.301,Nagpur_MOIL
2024-04-18,40.9,24.1,0.0,0.287,Nagpur_MOIL
2024-04-19,42.0,24.7,0.0,0.278,Nagpur_MOIL
2024-04-20,41.3,27.3,0.0,0.269,Nagpur_MOIL
2024-04-21,40.4,28.3,0.0,0.27,Nagpur_MOIL
2024-04-22,38.7,25.6,0.4,0.272,Nagpur_MOIL
2024-04-23,36.7,25.1,1.1,0.285,Nagpur_MOIL
2024-04-24,39.2,24.9,0.4,0.283,Nagpur_MOIL
2024-04-25,38.3,25.1,0.0,0.278,Nagpur_MOIL
2024-04-26,41.9,24.8,0.0,0.269,Nagpur_MOIL
2024-04-27,41.1,26.2,0.1,0.267,Nagpur_MOIL
2024-04-28,40.2,27.5,0.6,0.271,Nagpur_MOIL
2024-04-29,39.2,26.8,0.3,0.276,Nagpur_MOIL
2024-04-30,42.1,27.0,0.0,0.268,Nagpur_MOIL
2024-05-01,41.6,28.5,0.0,0.255,Nagpur_MOIL
2024-05-02,39.9,25.5,0.0,0.256,Nagpur_MOIL
2024-05-03,40.9,23.4,0.0,0.253,Nagpur_MOIL
2024-05-04,42.1,23.7,0.0,0.244,Nagpur_MOIL
2024-05-05,42.7,26.2,0.0,0.236,Nagpur_MOIL
2024-05-06,41.5,30.3,0.0,0.232,Nagpur_MOIL
2024-05-07,40.3,24.7,1.5,0.239,Nagpur_MOIL
2024-05-08,39.0,24.7,0.0,0.246,Nagpur_MOIL
2024-05-09,37.4,27.0,0.1,0.255,Nagpur_MOIL
2024-05-10,40.5,26.3,7.4,0.287,Nagpur_MOIL
2024-05-11,41.4,27.4,0.0,0.285,Nagpur_MOIL
2024-05-12,39.4,27.7,2.2,0.285,Nagpur_MOIL
2024-05-13,37.5,26.5,0.3,0.291,Nagpur_MOIL
2024-05-14,39.7,26.4,0.6,0.285,Nagpur_MOIL
2024-05-15,38.6,26.0,0.0,0.278,Nagpur_MOIL
2024-05-16,35.3,26.8,1.2,0.279,Nagpur_MOIL
2024-05-17,34.9,26.4,7.0,0.326,Nagpur_MOIL
2024-05-18,39.7,26.0,0.0,0.279,Nagpur_MOIL
2024-05-19,40.2,26.4,14.2,0.286,Nagpur_MOIL
2024-05-20,40.9,27.4,10.5,0.283,Nagpur_MOIL
2024-05-21,42.7,29.8,0.5,0.255,Nagpur_MOIL
2024-05-22,41.9,26.9,1.3,0.261,Nagpur_MOIL
2024-05-23,42.1,28.3,0.9,0.272,Nagpur_MOIL
2024-05-24,43.7,27.6,0.0,0.271,Nagpur_MOIL
2024-05-25,41.7,28.2,0.2,0.27,Nagpur_MOIL
2024-05-26,44.9,29.6,0.0,0.261,Nagpur_MOIL
2024-05-27,45.5,32.2,0.0,0.261,Nagpur_MOIL
2024-05-28,44.6,31.8,0.0,0.261,Nagpur_MOIL
2024-05-29,44.0,30.4,0.0,0.26,Nagpur_MOIL
2024-05-30,44.1,30.6,0.0,0.264,Nagpur_MOIL
2024-05-31,44.5,31.6,0.0,0.26,Nagpur_MOIL
2024-06-01,44.0,32.1,0.0,0.257,Nagpur_MOIL
2024-06-02,42.8,29.4,3.2,0.262,Nagpur_MOIL
2024-06-03,39.6,26.8,1.6,0.269,Nagpur_MOIL
2024-06-04,40.9,27.4,1.2,0.285,Nagpur_MOIL
2024-06-05,40.4,26.4,1.9,0.285,Nagpur_MOIL
2024-06-06,41.4,28.3,0.2,0.271,Nagpur_MOIL
2024-06-07,39.4,26.9,0.3,0.278,Nagpur_MOIL
2024-06-08,40.0,26.4,3.8,0.271,Nagpur_MOIL
2024-06-09,38.9,26.5,0.4,0.268,Nagpur_MOIL
2024-06-10,39.2,27.0,1.7,0.26,Nagpur_MOIL
2024-06-11,40.5,26.5,1.1,0.256,Nagpur_MOIL
2024-06-12,37.4,25.9,2.3,0.272,Nagpur_MOIL
2024-06-13,39.7,28.0,4.2,0.272,Nagpur_MOIL
2024-06-14,39.7,27.7,0.3,0.292,Nagpur_MOIL
2024-06-15,39.2,27.1,0.1,0.354,Nagpur_MOIL
2024-06-16,37.4,26.9,7.0,0.418,Nagpur_MOIL
2024-06-17,37.4,27.5,0.0,0.382,Nagpur_MOIL
2024-06-18,37.1,27.0,6.3,0.375,Nagpur_MOIL
2024-06-19,36.6,26.5,6.5,0.371,Nagpur_MOIL
2024-06-20,36.5,25.5,12.1,0.393,Nagpur_MOIL
2024-06-21,33.3,25.5,18.0,0.451,Nagpur_MOIL
2024-06-22,31.0,25.0,16.6,0.483,Nagpur_MOIL
2024-06-23,31.8,24.2,22.8,0.497,Nagpur_MOIL
2024-06-24,32.5,24.6,4.7,0.49,Nagpur_MOIL
2024-06-25,34.5,25.0,1.1,0.45,Nagpur_MOIL
2024-06-26,35.0,26.4,1.2,0.409,Nagpur_MOIL
2024-06-27,33.6,25.3,24.9,0.434,Nagpur_MOIL
2024-06-28,31.9,25.0,24.8,0.491,Nagpur_MOIL
2024-06-29,30.8,25.4,2.7,0.478,Nagpur_MOIL
2024-06-30,31.6,25.7,7.1,0.488,Nagpur_MOIL
2024-07-01,29.8,24.6,5.8,0.484,Nagpur_MOIL
2024-07-02,31.1,25.0,23.7,0.503,Nagpur_MOIL
2024-07-03,31.2,25.0,0.2,0.477,Nagpur_MOIL
2024-07-04,31.5,24.9,11.2,0.496,Nagpur_MOIL
2024-07-05,31.7,24.6,8.7,0.496,Nagpur_MOIL
2024-07-06,32.9,24.8,5.5,0.488,Nagpur_MOIL
2024-07-07,30.0,24.7,12.8,0.502,Nagpur_MOIL
2024-07-08,31.8,24.7,16.6,0.497,Nagpur_MOIL
2024-07-09,32.1,24.4,12.9,0.502,Nagpur_MOIL
2024-07-10,31.3,23.9,12.4,0.499,Nagpur_MOIL
2024-07-11,30.7,24.9,2.4,0.495,Nagpur_MOIL
2024-07-12,31.7,24.7,12.0,0.487,Nagpur_MOIL
2024-07-13,32.0,25.1,16.3,0.491,Nagpur_MOIL
2024-07-14,31.4,24.5,19.7,0.509,Nagpur_MOIL
2024-07-15,31.0,24.4,16.4,0.501,Nagpur_MOIL
2024-07-16,30.8,24.6,27.1,0.503,Nagpur_MOIL
2024-07-17,31.5,25.0,29.4,0.506,Nagpur_MOIL
2024-07-18,31.1,24.7,4.9,0.496,Nagpur_MOIL
2024-07-19,31.6,24.7,25.0,0.502,Nagpur_MOIL
2024-07-20,30.3,25.1,69.1,0.51,Nagpur_MOIL
2024-07-21,30.9,24.9,80.2,0.503,Nagpur_MOIL
2024-07-22,27.9,25.0,52.4,0.513,Nagpur_MOIL
2024-07-23,28.5,24.2,28.7,0.503,Nagpur_MOIL
2024-07-24,28.2,24.2,22.0,0.507,Nagpur_MOIL
2024-07-25,31.2,24.4,6.7,0.494,Nagpur_MOIL
2024-07-26,28.6,24.7,7.5,0.502,Nagpur_MOIL
2024-07-27,27.9,24.4,24.6,0.51,Nagpur_MOIL
2024-07-28,28.2,24.1,22.3,0.51,Nagpur_MOIL
2024-07-29,30.4,23.5,11.8,0.498,Nagpur_MOIL
2024-07-30,30.7,24.4,14.5,0.488,Nagpur_MOIL
2024-07-31,30.4,25.0,10.7,0.49,Nagpur_MOIL
2024-08-01,28.1,24.5,38.2,0.513,Nagpur_MOIL
2024-08-02,26.1,24.2,19.7,0.514,Nagpur_MOIL
2024-08-03,27.6,24.1,12.6,0.513,Nagpur_MOIL
2024-08-04,27.3,23.8,42.7,0.506,Nagpur_MOIL
2024-08-05,30.2,23.6,5.8,0.496,Nagpur_MOIL
2024-08-06,31.4,24.4,3.2,0.489,Nagpur_MOIL
2024-08-07,28.0,23.8,10.0,0.499,Nagpur_MOIL
2024-08-08,27.9,23.9,16.8,0.503,Nagpur_MOIL
2024-08-09,29.4,22.7,0.9,0.493,Nagpur_MOIL
2024-08-10,30.2,23.6,9.4,0.501,Nagpur_MOIL
2024-08-11,29.7,23.7,14.7,0.498,Nagpur_MOIL
2024-08-12,30.6,23.8,0.8,0.486,Nagpur_MOIL
2024-08-13,30.8,24.1,2.6,0.485,Nagpur_MOIL
2024-08-14,30.7,25.2,21.4,0.5,Nagpur_MOIL
2024-08-15,29.6,25.0,33.1,0.508,Nagpur_MOIL
2024-08-16,29.3,24.7,8.1,0.505,Nagpur_MOIL
2024-08-17,30.0,24.9,1.3,0.488,Nagpur_MOIL
2024-08-18,30.3,25.1,8.6,0.484,Nagpur_MOIL
2024-08-19,31.5,24.1,10.2,0.493,Nagpur_MOIL
2024-08-20,30.7,23.9,4.7,0.491,Nagpur_MOIL
2024-08-21,30.9,24.5,8.9,0.483,Nagpur_MOIL
2024-08-22,30.7,25.1,21.6,0.479,Nagpur_MOIL
2024-08-23,30.1,24.1,10.6,0.501,Nagpur_MOIL
2024-08-24,27.7,23.8,15.2,0.507,Nagpur_MOIL
2024-08-25,25.6,23.4,24.3,0.507,Nagpur_MOIL
2024-08-26,29.6,23.5,0.4,0.489,Nagpur_MOIL
2024-08-27,31.1,23.7,0.9,0.471,Nagpur_MOIL
2024-08-28,31.5,23.9,0.5,0.449,Nagpur_MOIL
2024-08-29,30.3,24.1,8.1,0.473,Nagpur_MOIL
2024-08-30,29.7,24.1,16.3,0.496,Nagpur_MOIL
2024-08-31,30.1,23.6,27.3,0.499,Nagpur_MOIL
2024-09-01,31.5,23.3,33.4,0.498,Nagpur_MOIL
2024-09-02,29.5,24.9,11.4,0.501,Nagpur_MOIL
2024-09-03,30.8,24.3,2.3,0.49,Nagpur_MOIL
2024-09-04,30.6,24.0,3.2,0.48,Nagpur_MOIL
2024-09-05,30.2,24.0,11.0,0.486,Nagpur_MOIL
2024-09-06,31.0,24.1,7.8,0.472,Nagpur_MOIL
2024-09-07,31.1,24.1,6.6,0.487,Nagpur_MOIL
2024-09-08,30.9,24.4,9.0,0.491,Nagpur_MOIL
2024-09-09,31.1,24.5,19.1,0.497,Nagpur_MOIL
2024-09-10,26.0,24.8,58.0,0.511,Nagpur_MOIL
2024-09-11,30.8,24.8,3.2,0.496,Nagpur_MOIL
2024-09-12,30.8,24.7,1.2,0.48,Nagpur_MOIL
2024-09-13,30.5,23.9,7.9,0.476,Nagpur_MOIL
2024-09-14,30.5,23.3,0.0,0.454,Nagpur_MOIL
2024-09-15,30.3,22.5,0.5,0.426,Nagpur_MOIL
2024-09-16,30.6,23.0,0.2,0.407,Nagpur_MOIL
2024-09-17,30.8,25.2,0.1,0.396,Nagpur_MOIL
2024-09-18,31.3,23.9,0.4,0.39,Nagpur_MOIL
2024-09-19,31.5,22.4,1.5,0.381,Nagpur_MOIL
2024-09-20,32.3,23.6,0.6,0.37,Nagpur_MOIL
2024-09-21,32.0,24.5,5.5,0.378,Nagpur_MOIL
2024-09-22,31.2,23.5,5.9,0.364,Nagpur_MOIL
2024-09-23,31.5,24.3,7.2,0.37,Nagpur_MOIL
2024-09-24,30.3,24.5,16.2,0.425,Nagpur_MOIL
2024-09-25,29.9,23.7,24.0,0.486,Nagpur_MOIL
2024-09-26,29.3,23.6,49.3,0.501,Nagpur_MOIL
2024-09-27,28.6,24.3,18.7,0.502,Nagpur_MOIL
2024-09-28,30.2,24.2,0.8,0.479,Nagpur_MOIL
2024-09-29,31.6,23.9,2.9,0.466,Nagpur_MOIL
2024-09-30,32.1,23.7,0.4,0.438,Nagpur_MOIL
2024-10-01,32.8,24.0,0.1,0.416,Nagpur_MOIL
2024-10-02,34.0,24.5,0.0,0.398,Nagpur_MOIL
2024-10-03,34.4,24.6,0.0,0.387,Nagpur_MOIL
2024-10-04,33.4,24.3,0.0,0.371,Nagpur_MOIL
2024-10-05,33.2,22.7,19.3,0.391,Nagpur_MOIL
2024-10-06,32.8,23.2,1.7,0.379,Nagpur_MOIL
2024-10-07,32.2,22.6,0.0,0.33,Nagpur_MOIL
2024-10-08,31.9,23.5,0.5,0.329,Nagpur_MOIL
2024-10-09,30.9,23.1,5.4,0.348,Nagpur_MOIL
2024-10-10,31.7,22.2,0.2,0.344,Nagpur_MOIL
2024-10-11,31.3,23.4,4.1,0.341,Nagpur_MOIL
2024-10-12,29.4,22.4,7.1,0.432,Nagpur_MOIL
2024-10-13,31.1,23.1,13.5,0.45,Nagpur_MOIL
2024-10-14,31.8,23.1,0.1,0.409,Nagpur_MOIL
2024-10-15,31.9,23.3,0.3,0.383,Nagpur_MOIL
2024-10-16,31.6,23.7,0.4,0.364,Nagpur_MOIL
2024-10-17,32.6,24.0,0.7,0.351,Nagpur_MOIL
2024-10-18,32.5,24.3,0.3,0.337,Nagpur_MOIL
2024-10-19,31.9,23.1,9.8,0.355,Nagpur_MOIL
2024-10-20,31.3,22.8,0.8,0.365,Nagpur_MOIL
2024-10-21,31.4,21.2,0.0,0.364,Nagpur_MOIL
2024-10-22,31.1,22.0,0.0,0.345,Nagpur_MOIL
2024-10-23,32.9,21.8,0.0,0.332,Nagpur_MOIL
2024-10-24,31.6,21.3,0.0,0.324,Nagpur_MOIL
2024-10-25,32.2,20.9,0.0,0.314,Nagpur_MOIL
2024-10-26,32.4,21.8,0.0,0.305,Nagpur_MOIL
2024-10-27,31.4,20.4,0.0,0.296,Nagpur_MOIL
2024-10-28,31.6,22.2,0.2,0.287,Nagpur_MOIL
2024-10-29,32.7,22.7,0.3,0.284,Nagpur_MOIL
2024-10-30,33.4,22.6,0.0,0.279,Nagpur_MOIL
2024-10-31,33.1,22.3,0.0,0.277,Nagpur_MOIL
2024-11-01,33.8,20.4,0.0,0.278,Nagpur_MOIL
2024-11-02,33.4,20.6,0.0,0.284,Nagpur_MOIL
2024-11-03,32.3,22.4,0.0,0.289,Nagpur_MOIL
2024-11-04,31.9,20.0,0.0,0.293,Nagpur_MOIL
2024-11-05,31.4,20.3,0.0,0.3,Nagpur_MOIL
2024-11-06,31.2,18.7,0.0,0.3,Nagpur_MOIL
2024-11-07,30.5,20.1,0.0,0.298,Nagpur_MOIL
2024-11-08,30.5,19.3,0.0,0.292,Nagpur_MOIL
2024-11-09,30.4,18.9,0.0,0.289,Nagpur_MOIL
2024-11-10,30.9,20.0,0.0,0.285,Nagpur_MOIL
2024-11-11,30.2,19.5,0.0,0.286,Nagpur_MOIL
2024-11-12,30.5,18.7,0.0,0.25,Nagpur_MOIL
2024-11-13,30.4,19.6,0.0,0.157,Nagpur_MOIL
2024-11-14,30.2,19.5,0.0,0.157,Nagpur_MOIL
2024-11-15,30.0,18.7,0.0,0.158,Nagpur_MOIL
2024-11-16,29.7,18.2,0.0,0.158,Nagpur_MOIL
2024-11-17,29.3,18.0,0.0,0.157,Nagpur_MOIL
2024-11-18,29.0,17.5,0.0,0.157,Nagpur_MOIL
2024-11-19,28.7,16.9,0.0,0.157,Nagpur_MOIL
2024-11-20,28.2,17.6,0.0,0.157,Nagpur_MOIL
2024-11-21,28.5,17.3,0.0,0.157,Nagpur_MOIL
2024-11-22,28.1,17.2,0.0,0.157,Nagpur_MOIL
2024-11-23,28.3,16.2,0.0,0.157,Nagpur_MOIL
2024-11-24,28.3,15.5,0.0,0.157,Nagpur_MOIL
2024-11-25,28.3,16.2,0.0,0.157,Nagpur_MOIL
2024-11-26,28.4,15.6,0.0,0.157,Nagpur_MOIL
2024-11-27,28.3,16.7,0.0,0.157,Nagpur_MOIL
2024-11-28,27.4,16.2,0.0,0.157,Nagpur_MOIL
2024-11-29,27.7,15.5,0.0,0.157,Nagpur_MOIL
2024-11-30,28.9,16.9,0.0,0.157,Nagpur_MOIL
2024-12-01,29.0,18.7,0.0,0.157,Nagpur_MOIL
2024-12-02,30.0,20.0,0.0,0.157,Nagpur_MOIL
2024-12-03,29.4,21.7,0.1,0.157,Nagpur_MOIL
2024-12-04,30.5,21.8,1.0,0.152,Nagpur_MOIL
2024-12-05,32.2,21.8,0.0,0.146,Nagpur_MOIL
2024-12-06,30.1,22.0,1.4,0.151,Nagpur_MOIL
2024-12-07,30.0,21.7,0.5,0.158,Nagpur_MOIL
2024-12-08,30.2,21.0,1.3,0.164,Nagpur_MOIL
2024-12-09,28.7,19.0,0.0,0.162,Nagpur_MOIL
2024-12-10,26.5,15.7,0.0,0.157,Nagpur_MOIL
2024-12-11,25.7,13.8,0.0,0.156,Nagpur_MOIL
2024-12-12,26.7,13.6,0.0,0.156,Nagpur_MOIL
2024-12-13,26.5,14.9,0.0,0.156,Nagpur_MOIL
2024-12-14,26.0,13.3,0.0,0.156,Nagpur_MOIL
2024-12-15,25.6,12.3,0.0,0.156,Nagpur_MOIL
2024-12-16,26.8,13.3,0.0,0.156,Nagpur_MOIL
2024-12-17,27.6,12.4,0.0,0.156,Nagpur_MOIL
2024-12-18,27.7,13.2,0.0,0.156,Nagpur_MOIL
2024-12-19,28.0,13.4,0.0,0.156,Nagpur_MOIL
2024-12-20,29.9,18.9,0.0,0.156,Nagpur_MOIL
2024-12-21,29.9,18.9,0.0,0.156,Nagpur_MOIL
2024-12-22,28.5,16.5,0.0,0.156,Nagpur_MOIL
2024-12-23,29.1,17.1,0.0,0.156,Nagpur_MOIL
2024-12-24,28.9,18.4,0.0,0.156,Nagpur_MOIL
2024-12-25,28.9,19.2,0.0,0.156,Nagpur_MOIL
2024-12-26,28.6,19.0,0.0,0.156,Nagpur_MOIL
2024-12-27,29.1,19.5,0.6,0.158,Nagpur_MOIL
2024-12-28,29.7,20.0,1.6,0.163,Nagpur_MOIL
2024-12-29,28.1,18.7,0.7,0.154,Nagpur_MOIL
2024-12-30,29.4,19.0,0.0,0.157,Nagpur_MOIL
2024-12-31,29.6,17.9,0.0,0.162,Nagpur_MOIL
2025-01-01,27.5,16.2,0.0,0.162,Nagpur_MOIL
2025-01-02,28.5,13.5,0.0,0.156,Nagpur_MOIL
2025-01-03,29.4,14.9,0.0,0.156,Nagpur_MOIL
2025-01-04,28.8,15.6,0.0,0.154,Nagpur_MOIL
2025-01-05,28.1,14.7,0.0,0.155,Nagpur_MOIL
2025-01-06,28.2,14.8,0.0,0.155,Nagpur_MOIL
2025-01-07,28.3,16.0,0.0,0.156,Nagpur_MOIL
2025-01-08,25.7,13.0,0.0,0.156,Nagpur_MOIL
2025-01-09,26.6,12.5,0.0,0.156,Nagpur_MOIL
2025-01-10,27.0,13.4,0.0,0.156,Nagpur_MOIL
2025-01-11,27.5,14.8,0.0,0.156,Nagpur_MOIL
2025-01-12,28.7,17.1,0.0,0.156,Nagpur_MOIL
2025-01-13,27.4,17.9,0.0,0.156,Nagpur_MOIL
2025-01-14,27.7,15.7,0.0,0.156,Nagpur_MOIL
2025-01-15,27.9,16.9,0.0,0.157,Nagpur_MOIL
2025-01-16,25.6,17.7,0.0,0.156,Nagpur_MOIL
2025-01-17,27.8,19.0,0.0,0.156,Nagpur_MOIL
2025-01-18,27.8,16.3,0.0,0.156,Nagpur_MOIL
2025-01-19,29.2,15.5,0.0,0.156,Nagpur_MOIL
2025-01-20,29.9,16.2,0.0,0.156,Nagpur_MOIL
2025-01-21,30.6,16.3,0.0,0.156,Nagpur_MOIL
2025-01-22,31.0,15.8,0.0,0.156,Nagpur_MOIL
2025-01-23,31.0,17.1,0.0,0.156,Nagpur_MOIL
2025-01-24,30.8,17.7,0.0,0.156,Nagpur_MOIL
2025-01-25,30.7,18.1,0.0,0.156,Nagpur_MOIL
2025-01-26,31.2,18.6,0.0,0.156,Nagpur_MOIL
2025-01-27,31.1,17.1,0.0,0.156,Nagpur_MOIL
2025-01-28,31.3,17.9,0.0,0.156,Nagpur_MOIL
2025-01-29,32.1,18.8,0.0,0.156,Nagpur_MOIL
2025-01-30,33.0,21.3,0.0,0.156,Nagpur_MOIL
2025-01-31,33.4,20.2,0.0,0.156,Nagpur_MOIL
2025-02-01,33.3,20.5,0.0,0.156,Nagpur_MOIL
2025-02-02,33.4,20.6,0.0,0.156,Nagpur_MOIL
2025-02-03,34.6,21.6,0.0,0.156,Nagpur_MOIL
2025-02-04,34.7,21.8,0.0,0.155,Nagpur_MOIL
2025-02-05,34.3,22.0,0.0,0.155,Nagpur_MOIL
2025-02-06,31.8,20.6,0.0,0.155,Nagpur_MOIL
2025-02-07,31.6,19.0,0.0,0.155,Nagpur_MOIL
2025-02-08,32.6,19.0,0.0,0.155,Nagpur_MOIL
2025-02-09,33.3,19.8,0.0,0.154,Nagpur_MOIL
2025-02-10,34.3,20.3,0.0,0.154,Nagpur_MOIL
2025-02-11,35.4,22.0,0.0,0.154,Nagpur_MOIL
2025-02-12,33.7,21.7,0.0,0.154,Nagpur_MOIL
2025-02-13,32.0,19.7,0.0,0.153,Nagpur_MOIL
2025-02-14,32.0,18.1,0.0,0.153,Nagpur_MOIL
2025-02-15,33.5,17.5,0.0,0.153,Nagpur_MOIL
2025-02-16,35.0,18.9,0.0,0.152,Nagpur_MOIL
2025-02-17,34.4,20.6,0.0,0.152,Nagpur_MOIL
2025-02-18,34.7,21.2,0.0,0.152,Nagpur_MOIL
2025-02-19,34.5,22.1,0.0,0.151,Nagpur_MOIL
2025-02-20,34.7,21.8,0.0,0.151,Nagpur_MOIL
2025-02-21,34.3,21.2,0.0,0.15,Nagpur_MOIL
2025-02-22,34.0,21.1,0.0,0.15,Nagpur_MOIL
2025-02-23,33.9,20.7,0.0,0.149,Nagpur_MOIL
2025-02-24,33.3,20.6,0.0,0.149,Nagpur_MOIL
2025-02-25,33.1,21.2,0.0,0.149,Nagpur_MOIL
2025-02-26,34.5,21.1,0.0,0.148,Nagpur_MOIL
2025-02-27,34.8,21.5,0.0,0.148,Nagpur_MOIL
2025-02-28,35.9,20.6,0.0,0.147,Nagpur_MOIL
2025-03-01,35.9,22.7,0.0,0.147,Nagpur_MOIL
2025-03-02,36.9,23.2,0.0,0.146,Nagpur_MOIL
2025-03-03,35.9,22.7,0.0,0.146,Nagpur_MOIL
2025-03-04,36.9,22.5,0.0,0.145,Nagpur_MOIL
2025-03-05,32.0,21.2,0.0,0.144,Nagpur_MOIL
2025-03-06,33.8,18.1,0.0,0.144,Nagpur_MOIL
2025-03-07,35.4,18.2,0.0,0.143,Nagpur_MOIL
2025-03-08,37.0,20.0,0.0,0.143,Nagpur_MOIL
2025-03-09,36.6,22.9,0.0,0.142,Nagpur_MOIL
2025-03-10,36.8,23.3,0.0,0.141,Nagpur_MOIL
2025-03-11,37.6,23.8,0.0,0.141,Nagpur_MOIL
2025-03-12,39.4,23.4,0.0,0.14,Nagpur_MOIL
2025-03-13,39.6,24.4,0.0,0.139,Nagpur_MOIL
2025-03-14,39.6,24.9,0.0,0.138,Nagpur_MOIL
2025-03-15,39.1,24.8,0.0,0.137,Nagpur_MOIL
2025-03-16,39.2,25.8,0.0,0.136,Nagpur_MOIL
2025-03-17,39.0,25.4,0.0,0.136,Nagpur_MOIL
2025-03-18,38.3,24.7,0.0,0.135,Nagpur_MOIL
2025-03-19,38.7,25.6,0.0,0.134,Nagpur_MOIL
2025-03-20,38.5,26.9,0.0,0.133,Nagpur_MOIL
2025-03-21,37.8,26.0,0.0,0.132,Nagpur_MOIL
2025-03-22,36.7,23.3,0.0,0.13,Nagpur_MOIL
2025-03-23,37.1,23.3,0.0,0.131,Nagpur_MOIL
2025-03-24,37.0,23.6,0.0,0.13,Nagpur_MOIL
2025-03-25,38.0,23.7,0.0,0.129,Nagpur_MOIL
2025-03-26,39.1,23.8,0.0,0.128,Nagpur_MOIL
2025-03-27,40.2,25.1,0.0,0.127,Nagpur_MOIL
2025-03-28,41.2,27.6,0.0,0.126,Nagpur_MOIL
2025-03-29,40.3,26.6,0.0,0.125,Nagpur_MOIL
2025-03-30,40.3,26.4,0.0,0.124,Nagpur_MOIL
2025-03-31,39.9,26.3,0.0,0.123,Nagpur_MOIL
2025-04-01,38.7,28.1,0.0,0.122,Nagpur_MOIL
2025-04-02,37.0,26.1,0.0,0.121,Nagpur_MOIL
2025-04-03,33.1,23.9,1.3,0.151,Nagpur_MOIL
2025-04-04,37.1,23.9,0.0,0.174,Nagpur_MOIL
2025-04-05,38.8,23.2,0.0,0.167,Nagpur_MOIL
2025-04-06,40.8,24.6,0.0,0.156,Nagpur_MOIL
2025-04-07,41.2,24.5,0.0,0.154,Nagpur_MOIL
2025-04-08,40.6,27.2,0.0,0.153,Nagpur_MOIL
2025-04-09,39.7,26.6,0.0,0.152,Nagpur_MOIL
2025-04-10,40.6,26.6,0.0,0.151,Nagpur_MOIL
2025-04-11,41.9,26.6,0.0,0.15,Nagpur_MOIL
2025-04-12,39.1,28.1,0.5,0.15,Nagpur_MOIL
2025-04-13,40.7,25.9,0.0,0.147,Nagpur_MOIL
2025-04-14,40.4,26.0,0.0,0.146,Nagpur_MOIL
2025-04-15,40.8,26.7,0.0,0.145,Nagpur_MOIL
2025-04-16,39.5,25.8,0.0,0.144,Nagpur_MOIL
2025-04-17,40.7,28.2,0.0,0.138,Nagpur_MOIL
2025-04-18,42.3,28.0,0.0,0.137,Nagpur_MOIL
2025-04-19,43.5,28.9,0.0,0.14,Nagpur_MOIL
2025-04-20,43.0,28.9,0.0,0.139,Nagpur_MOIL
2025-04-21,43.1,29.1,0.0,0.137,Nagpur_MOIL
2025-04-22,43.6,29.4,0.0,0.136,Nagpur_MOIL
2025-04-23,44.0,28.6,0.0,0.134,Nagpur_MOIL
2025-04-24,44.0,28.3,0.0,0.132,Nagpur_MOIL
2025-04-25,43.4,28.0,0.0,0.131,Nagpur_MOIL
2025-04-26,41.7,30.0,0.0,0.129,Nagpur_MOIL
2025-04-27,39.3,26.1,9.4,0.148,Nagpur_MOIL
2025-04-28,41.0,27.4,0.0,0.146,Nagpur_MOIL
2025-04-29,41.2,26.8,0.0,0.145,Nagpur_MOIL
2025-04-30,41.6,26.4,0.0,0.144,Nagpur_MOIL
2025-05-01,40.5,26.7,0.0,0.142,Nagpur_MOIL
2025-05-02,40.6,25.7,0.0,0.142,Nagpur_MOIL
2025-05-03,41.9,26.8,0.5,0.142,Nagpur_MOIL
2025-05-04,38.7,25.4,0.1,0.139,Nagpur_MOIL
2025-05-05,39.4,25.8,0.0,0.136,Nagpur_MOIL
2025-05-06,38.2,25.5,0.0,0.152,Nagpur_MOIL
2025-05-07,37.0,26.0,0.0,0.156,Nagpur_MOIL
2025-05-08,38.2,25.3,0.0,0.155,Nagpur_MOIL
2025-05-09,38.8,27.7,0.0,0.153,Nagpur_MOIL
2025-05-10,40.4,28.7,0.1,0.153,Nagpur_MOIL
2025-05-11,39.1,28.8,0.0,0.153,Nagpur_MOIL
2025-05-12,37.4,27.3,0.2,0.162,Nagpur_MOIL
2025-05-13,39.0,28.8,0.2,0.169,Nagpur_MOIL
2025-05-14,39.7,27.5,0.0,0.169,Nagpur_MOIL
2025-05-15,37.3,29.0,0.4,0.161,Nagpur_MOIL
2025-05-16,39.9,27.9,8.4,0.201,Nagpur_MOIL
2025-05-17,37.7,26.5,0.7,0.235,Nagpur_MOIL
2025-05-18,37.4,26.7,0.5,0.207,Nagpur_MOIL
2025-05-19,38.4,25.9,0.2,0.182,Nagpur_MOIL
2025-05-20,40.6,27.1,0.1,0.166,Nagpur_MOIL
2025-05-21,38.8,26.7,4.0,0.166,Nagpur_MOIL
2025-05-22,28.9,24.6,1.5,0.265,Nagpur_MOIL
2025-05-23,34.3,25.0,0.0,0.254,Nagpur_MOIL
2025-05-24,33.1,24.8,4.5,0.234,Nagpur_MOIL
2025-05-25,33.0,24.5,5.6,0.275,Nagpur_MOIL
2025-05-26,35.1,25.3,10.2,0.239,Nagpur_MOIL
2025-05-27,34.8,26.0,8.5,0.376,Nagpur_MOIL
2025-05-28,34.7,25.3,6.9,0.399,Nagpur_MOIL
2025-05-29,35.8,26.4,2.8,0.25,Nagpur_MOIL
2025-05-30,37.4,27.3,0.7,0.109,Nagpur_MOIL
2025-05-31,37.0,27.5,0.0,0.199,Nagpur_MOIL
2025-06-01,37.4,26.1,0.0,0.178,Nagpur_MOIL
2025-06-02,35.4,26.0,1.0,0.167,Nagpur_MOIL
2025-06-03,35.6,26.0,0.0,0.158,Nagpur_MOIL
2025-06-04,36.5,26.9,0.1,0.157,Nagpur_MOIL
2025-06-05,37.6,26.3,0.1,0.161,Nagpur_MOIL
2025-06-06,39.2,25.7,0.0,0.157,Nagpur_MOIL
2025-06-07,37.6,27.9,0.0,0.157,Nagpur_MOIL
2025-06-08,41.4,29.9,0.1,0.157,Nagpur_MOIL
2025-06-09,42.6,31.1,0.0,0.156,Nagpur_MOIL
2025-06-10,42.9,30.4,0.1,0.157,Nagpur_MOIL
2025-06-11,38.3,28.3,0.0,0.156,Nagpur_MOIL
2025-06-12,37.9,28.7,0.5,0.157,Nagpur_MOIL
2025-06-13,37.5,28.3,0.8,0.153,Nagpur_MOIL
2025-06-14,37.8,26.1,4.4,0.158,Nagpur_MOIL
2025-06-15,37.0,26.7,0.9,0.171,Nagpur_MOIL
2025-06-16,35.9,25.6,3.2,0.174,Nagpur_MOIL
2025-06-17,33.3,25.6,3.3,0.247,Nagpur_MOIL
2025-06-18,34.0,27.3,1.5,0.21,Nagpur_MOIL
2025-06-19,33.5,24.9,4.3,0.199,Nagpur_MOIL
2025-06-20,34.1,24.3,1.8,0.187,Nagpur_MOIL
2025-06-21,35.1,25.1,15.8,0.197,Nagpur_MOIL
2025-06-22,32.5,24.7,11.5,0.265,Nagpur_MOIL
2025-06-23,32.5,25.1,11.5,0.261,Nagpur_MOIL
2025-06-24,31.6,24.9,17.3,0.325,Nagpur_MOIL
2025-06-25,30.8,24.3,20.5,0.43,Nagpur_MOIL
2025-06-26,28.9,24.8,15.8,0.465,Nagpur_MOIL
2025-06-27,31.2,24.5,3.1,0.431,Nagpur_MOIL
2025-06-28,31.1,24.6,8.9,0.426,Nagpur_MOIL
2025-06-29,28.3,23.8,16.9,0.445,Nagpur_MOIL
2025-06-30,29.1,24.0,34.5,0.427,Nagpur_MOIL
2025-07-01,27.6,24.2,19.3,0.373,Nagpur_MOIL
2025-07-02,30.5,24.4,5.7,0.379,Nagpur_MOIL
2025-07-03,31.1,24.5,7.1,0.38,Nagpur_MOIL
2025-07-04,27.6,24.7,9.0,0.396,Nagpur_MOIL
2025-07-05,30.3,25.1,2.8,0.385,Nagpur_MOIL
2025-07-06,27.9,23.9,18.4,0.406,Nagpur_MOIL
2025-07-07,24.5,23.7,79.5,0.408,Nagpur_MOIL
2025-07-08,25.2,22.9,50.4,0.409,Nagpur_MOIL
2025-07-09,25.8,22.9,42.8,0.409,Nagpur_MOIL
2025-07-10,31.0,23.2,4.6,0.386,Nagpur_MOIL
2025-07-11,32.6,24.3,19.0,0.367,Nagpur_MOIL
2025-07-12,32.2,24.7,2.4,0.332,Nagpur_MOIL
2025-07-13,31.5,25.5,1.9,0.265,Nagpur_MOIL
2025-07-14,32.8,25.3,10.5,0.235,Nagpur_MOIL
2025-07-15,33.2,25.2,4.3,0.215,Nagpur_MOIL
2025-07-16,31.2,25.6,1.1,0.239,Nagpur_MOIL
2025-07-17,31.5,25.0,5.9,0.293,Nagpur_MOIL
2025-07-18,30.9,25.1,1.1,0.396,Nagpur_MOIL
2025-07-19,31.9,24.1,0.3,0.367,Nagpur_MOIL
2025-07-20,29.9,25.3,0.7,0.317,Nagpur_MOIL
2025-07-21,32.5,24.2,5.4,0.313,Nagpur_MOIL
2025-07-22,31.3,24.3,35.1,0.467,Nagpur_MOIL
2025-07-23,30.9,25.2,19.2,0.465,Nagpur_MOIL
2025-07-24,27.8,24.6,21.8,0.459,Nagpur_MOIL
2025-07-25,27.7,24.0,17.9,0.449,Nagpur_MOIL
2025-07-26,26.3,24.2,47.8,0.435,Nagpur_MOIL
2025-07-27,30.5,24.3,0.1,0.407,Nagpur_MOIL
2025-07-28,28.6,24.3,4.6,0.389,Nagpur_MOIL
2025-07-29,26.7,24.3,31.7,0.426,Nagpur_MOIL
2025-07-30,29.6,23.7,3.6,0.413,Nagpur_MOIL
2025-07-31,31.5,23.4,0.8,0.387,Nagpur_MOIL
2025-08-01,31.7,24.3,0.4,0.335,Nagpur_MOIL
2025-08-02,32.4,25.2,0.5,0.284,Nagpur_MOIL
2025-08-03,32.0,24.6,0.4,0.24,Nagpur_MOIL
2025-08-04,33.7,24.4,0.2,0.196,Nagpur_MOIL
2025-08-05,34.5,24.7,0.3,0.162,Nagpur_MOIL
2025-08-06,34.5,25.4,0.8,0.142,Nagpur_MOIL
2025-08-07,34.3,25.9,5.6,0.167,Nagpur_MOIL
2025-08-08,30.1,23.9,0.6,0.182,Nagpur_MOIL
2025-08-09,32.3,24.4,0.4,0.175,Nagpur_MOIL
2025-08-10,33.1,24.0,0.9,0.166,Nagpur_MOIL
2025-08-11,33.5,25.3,4.1,0.18,Nagpur_MOIL
2025-08-12,32.8,25.4,3.1,0.221,Nagpur_MOIL
2025-08-13,28.7,25.0,20.0,0.364,Nagpur_MOIL
2025-08-14,30.6,23.3,8.9,0.44,Nagpur_MOIL
2025-08-15,29.9,24.1,14.8,0.441,Nagpur_MOIL
2025-08-16,29.4,23.6,43.7,0.465,Nagpur_MOIL
2025-08-17,30.8,23.9,11.8,0.437,Nagpur_MOIL
2025-08-18,30.9,24.1,23.8,0.43,Nagpur_MOIL
2025-08-19,30.4,23.6,25.3,0.425,Nagpur_MOIL
2025-08-20,28.8,24.1,22.0,0.424,Nagpur_MOIL
2025-08-21,30.0,23.9,20.2,0.411,Nagpur_MOIL
2025-08-22,29.1,24.2,6.9,0.398,Nagpur_MOIL
2025-08-23,28.2,24.1,9.2,0.394,Nagpur_MOIL
2025-08-24,28.9,23.3,3.5,0.375,Nagpur_MOIL
2025-08-25,28.7,23.5,2.8,0.387,Nagpur_MOIL
2025-08-26,30.0,23.7,11.4,0.385,Nagpur_MOIL
2025-08-27,30.6,24.1,18.7,0.372,Nagpur_MOIL
2025-08-28,29.4,23.8,19.3,0.419,Nagpur_MOIL
2025-08-29,30.5,23.5,5.6,0.421,Nagpur_MOIL
2025-08-30,30.6,24.0,1.8,0.393,Nagpur_MOIL
2025-08-31,30.1,24.4,10.9,0.392,Nagpur_MOIL
2025-09-01,29.8,24.1,26.8,0.421,Nagpur_MOIL
2025-09-02,29.0,23.7,15.8,0.419,Nagpur_MOIL
2025-09-03,28.9,23.3,12.4,0.415,Nagpur_MOIL
2025-09-04,29.0,23.6,1.9,0.391,Nagpur_MOIL
2025-09-05,30.1,23.4,0.2,0.355,Nagpur_MOIL
2025-09-06,28.7,23.8,12.2,0.337,Nagpur_MOIL
2025-09-07,30.2,23.5,6.7,0.28,Nagpur_MOIL
2025-09-08,31.3,23.8,6.6,0.257,Nagpur_MOIL
2025-09-09,32.0,23.9,3.6,0.239,Nagpur_MOIL
2025-09-10,32.7,24.2,6.9,0.204,Nagpur_MOIL
2025-09-11,32.2,24.5,15.4,0.229,Nagpur_MOIL
2025-09-12,31.2,24.4,10.0,0.343,Nagpur_MOIL
2025-09-13,30.6,23.9,10.7,0.436,Nagpur_MOIL
2025-09-14,30.5,23.7,7.7,0.43,Nagpur_MOIL
2025-09-15,30.6,24.1,9.8,0.405,Nagpur_MOIL
2025-09-16,29.7,24.1,15.4,0.44,Nagpur_MOIL
2025-09-17,30.7,23.5,13.5,0.416,Nagpur_MOIL
2025-09-18,30.4,24.0,3.1,0.393,Nagpur_MOIL
2025-09-19,31.5,23.6,1.2,0.336,Nagpur_MOIL
2025-09-20,32.1,24.3,2.7,0.253,Nagpur_MOIL
2025-09-21,32.4,24.1,8.9,0.207,Nagpur_MOIL
2025-09-22,34.2,23.7,5.6,0.198,Nagpur_MOIL
2025-09-23,33.3,24.5,0.7,0.169,Nagpur_MOIL
2025-09-24,33.0,25.1,0.7,0.163,Nagpur_MOIL
2025-09-25,29.9,24.6,12.7,0.251,Nagpur_MOIL
2025-09-26,31.8,24.5,1.3,0.287,Nagpur_MOIL
2025-09-27,26.9,24.7,23.3,0.406,Nagpur_MOIL
2025-09-28,29.2,23.6,10.1,0.434,Nagpur_MOIL
2025-09-29,30.0,23.0,1.1,0.404,Nagpur_MOIL
2025-09-30,30.7,23.5,7.8,0.37,Nagpur_MOIL
2025-10-01,31.7,23.3,0.3,0.306,Nagpur_MOIL
2025-10-02,31.4,24.2,0.9,0.221,Nagpur_MOIL
2025-10-03,31.9,23.9,9.7,0.208,Nagpur_MOIL
2025-10-04,32.2,24.7,3.5,0.206,Nagpur_MOIL
2025-10-05,31.8,24.3,13.7,0.228,Nagpur_MOIL
2025-10-06,29.9,23.1,7.0,0.239,Nagpur_MOIL
2025-10-07,31.8,22.7,1.4,0.187,Nagpur_MOIL
2025-10-08,32.0,23.1,1.5,0.164,Nagpur_MOIL
2025-10-09,32.5,23.1,0.0,0.158,Nagpur_MOIL
2025-10-10,30.7,23.3,1.1,0.161,Nagpur_MOIL
2025-10-11,31.3,22.7,0.1,0.159,Nagpur_MOIL
2025-10-12,32.1,22.3,0.0,0.152,Nagpur_MOIL
2025-10-13,32.1,22.0,0.0,0.145,Nagpur_MOIL
2025-10-14,32.0,23.1,1.0,0.139,Nagpur_MOIL
2025-10-15,32.7,24.0,0.6,0.135,Nagpur_MOIL
2025-10-16,32.8,24.2,0.0,0.129,Nagpur_MOIL
2025-10-17,32.3,24.2,0.0,0.134,Nagpur_MOIL
2025-10-18,32.2,24.0,0.6,0.142,Nagpur_MOIL
2025-10-19,32.1,22.8,0.0,0.146,Nagpur_MOIL
2025-10-20,32.2,22.7,0.0,0.143,Nagpur_MOIL
2025-10-21,32.3,24.3,1.0,0.142,Nagpur_MOIL
2025-10-22,33.1,24.7,0.0,0.142,Nagpur_MOIL
2025-10-23,33.2,24.7,0.0,0.133,Nagpur_MOIL
2025-10-24,33.2,24.6,3.9,0.136,Nagpur_MOIL
2025-10-25,28.5,23.8,7.6,0.259,Nagpur_MOIL
2025-10-26,27.7,21.7,1.9,0.403,Nagpur_MOIL
2025-10-27,30.5,22.3,0.1,0.351,Nagpur_MOIL
2025-10-28,29.8,23.7,0.9,0.309,Nagpur_MOIL
2025-10-29,29.2,23.7,23.1,0.331,Nagpur_MOIL
2025-10-30,26.7,23.5,12.0,0.451,Nagpur_MOIL
2025-10-31,29.3,23.3,0.9,0.415,Nagpur_MOIL
2025-11-01,30.8,22.7,0.0,0.386,Nagpur_MOIL
2025-11-02,30.0,23.6,1.3,0.347,Nagpur_MOIL
2025-11-03,29.9,23.1,0.3,0.319,Nagpur_MOIL
2025-11-04,30.1,22.3,0.4,0.268,Nagpur_MOIL
2025-11-05,29.9,21.6,0.0,0.225,Nagpur_MOIL
2025-11-06,30.8,21.7,0.0,0.185,Nagpur_MOIL
2025-11-07,30.3,18.7,0.0,0.165,Nagpur_MOIL
2025-11-08,29.4,18.3,0.0,0.159,Nagpur_MOIL
2025-11-09,28.2,16.6,0.0,0.159,Nagpur_MOIL
2025-11-10,28.4,15.4,0.0,0.159,Nagpur_MOIL
2025-11-11,28.3,15.8,0.0,0.158,Nagpur_MOIL
2025-11-12,28.7,16.0,0.0,0.158,Nagpur_MOIL
2025-11-13,28.6,15.9,0.0,0.158,Nagpur_MOIL
2025-11-14,28.1,16.1,0.0,0.158,Nagpur_MOIL
2025-11-15,28.0,16.0,0.0,0.158,Nagpur_MOIL
2025-11-16,28.0,15.8,0.0,0.157,Nagpur_MOIL
2025-11-17,26.8,15.8,0.0,0.157,Nagpur_MOIL
2025-11-18,26.9,15.3,0.0,0.157,Nagpur_MOIL
2025-11-19,27.7,15.6,0.0,0.157,Nagpur_MOIL
2025-11-20,28.2,15.7,0.0,0.157,Nagpur_MOIL
2025-11-21,29.1,16.3,0.0,0.157,Nagpur_MOIL
2025-11-22,29.7,16.6,0.0,0.157,Nagpur_MOIL
2025-11-23,30.1,16.8,0.0,0.157,Nagpur_MOIL
2025-11-24,29.9,18.9,0.0,0.157,Nagpur_MOIL
2025-11-25,29.7,19.2,0.0,0.157,Nagpur_MOIL
2025-11-26,29.6,19.4,0.0,0.157,Nagpur_MOIL
2025-11-27,29.9,19.4,0.0,0.157,Nagpur_MOIL
2025-11-28,26.5,17.0,0.0,0.156,Nagpur_MOIL
2025-11-29,26.7,15.5,0.0,0.157,Nagpur_MOIL
2025-11-30,26.6,16.2,0.0,0.157,Nagpur_MOIL
2025-12-01,27.7,16.2,0.0,0.156,Nagpur_MOIL
2025-12-02,28.2,15.6,0.0,0.156,Nagpur_MOIL
2025-12-03,27.5,15.4,0.0,0.156,Nagpur_MOIL
2025-12-04,27.3,16.1,0.0,0.156,Nagpur_MOIL
2025-12-05,27.0,15.8,0.0,0.156,Nagpur_MOIL
2025-12-06,26.8,14.7,0.0,0.156,Nagpur_MOIL
2025-12-07,27.9,14.4,0.0,0.156,Nagpur_MOIL
2025-12-08,28.7,14.6,0.0,0.156,Nagpur_MOIL
2025-12-09,29.7,14.9,0.0,0.157,Nagpur_MOIL
2025-12-10,28.2,15.0,0.0,0.157,Nagpur_MOIL
2025-12-11,27.7,14.2,0.0,0.157,Nagpur_MOIL
2025-12-12,28.1,14.1,0.0,0.157,Nagpur_MOIL
2025-12-13,28.3,15.0,0.0,0.157,Nagpur_MOIL
2025-12-14,28.0,14.8,0.0,0.157,Nagpur_MOIL
2025-12-15,27.2,15.0,0.0,0.157,Nagpur_MOIL
2025-12-16,27.2,14.0,0.0,0.157,Nagpur_MOIL
2025-12-17,28.9,13.3,0.0,0.157,Nagpur_MOIL
2025-12-18,29.0,14.6,0.0,0.157,Nagpur_MOIL
2025-12-19,27.7,14.1,0.0,0.157,Nagpur_MOIL
2025-12-20,27.5,13.1,0.0,0.157,Nagpur_MOIL
2025-12-21,26.8,14.0,0.0,0.157,Nagpur_MOIL
2025-12-22,28.0,14.5,0.0,0.157,Nagpur_MOIL
2025-12-23,28.1,14.6,0.0,0.157,Nagpur_MOIL
2025-12-24,27.6,15.5,0.0,0.157,Nagpur_MOIL
2025-12-25,27.1,15.1,0.0,0.156,Nagpur_MOIL
2025-12-26,27.0,14.7,0.0,0.156,Nagpur_MOIL
2025-12-27,27.2,14.4,0.0,0.156,Nagpur_MOIL
2025-12-28,27.3,14.3,0.0,0.156,Nagpur_MOIL
2025-12-29,27.6,14.2,0.0,0.156,Nagpur_MOIL
2025-12-30,27.6,12.7,0.0,0.156,Nagpur_MOIL
2025-12-31,27.9,13.0,0.0,0.156,Nagpur_MOIL
2026-01-01,28.5,14.4,0.0,0.156,Nagpur_MOIL
2026-01-02,28.6,16.3,0.0,0.156,Nagpur_MOIL
2026-01-03,28.7,17.1,0.0,0.156,Nagpur_MOIL
2026-01-04,28.1,16.7,0.0,0.156,Nagpur_MOIL
2026-01-05,26.6,15.3,0.0,0.156,Nagpur_MOIL
2026-01-06,26.3,12.8,0.0,0.156,Nagpur_MOIL
2026-01-07,27.2,13.0,0.0,0.156,Nagpur_MOIL
2026-01-08,27.1,15.1,0.0,0.156,Nagpur_MOIL
2026-01-09,26.5,14.6,0.0,0.156,Nagpur_MOIL
2026-01-10,26.7,14.6,0.0,0.156,Nagpur_MOIL
2026-01-11,26.9,14.2,0.0,0.156,Nagpur_MOIL
2026-01-12,27.3,15.2,0.0,0.156,Nagpur_MOIL
2026-01-13,28.1,15.7,0.0,0.156,Nagpur_MOIL
2026-01-14,29.8,16.4,0.0,0.156,Nagpur_MOIL
2026-01-15,29.0,16.6,0.0,0.156,Nagpur_MOIL
2026-01-16,29.0,15.0,0.0,0.156,Nagpur_MOIL
2026-01-17,30.1,14.4,0.0,0.156,Nagpur_MOIL
2026-01-18,30.2,14.8,0.0,0.156,Nagpur_MOIL
2026-01-19,29.9,16.9,0.0,0.156,Nagpur_MOIL
2026-01-20,29.9,19.1,0.0,0.156,Nagpur_MOIL
2026-01-21,29.2,17.9,0.0,0.156,Nagpur_MOIL
2026-01-22,29.1,18.4,0.0,0.156,Nagpur_MOIL
2026-01-23,28.9,17.3,0.0,0.156,Nagpur_MOIL
2026-01-24,29.4,17.5,0.0,0.156,Nagpur_MOIL
2026-01-25,29.6,16.8,0.0,0.156,Nagpur_MOIL
2026-01-26,29.6,16.5,0.0,0.156,Nagpur_MOIL
2026-01-27,30.1,16.9,0.0,0.156,Nagpur_MOIL
2026-01-28,28.9,19.3,0.3,0.157,Nagpur_MOIL
2026-01-29,28.7,18.1,0.0,0.158,Nagpur_MOIL
2026-01-30,29.6,17.4,0.0,0.156,Nagpur_MOIL
2026-01-31,30.0,18.0,0.0,0.156,Nagpur_MOIL
2026-02-01,30.1,18.0,0.0,0.156,Nagpur_MOIL
2026-02-02,30.2,18.7,0.0,0.156,Nagpur_MOIL
2026-02-03,30.4,17.8,0.0,0.156,Nagpur_MOIL
2026-02-04,29.9,18.0,0.0,0.156,Nagpur_MOIL
2026-02-05,30.1,18.3,0.0,0.156,Nagpur_MOIL
2026-02-06,30.7,18.6,0.0,0.156,Nagpur_MOIL
2026-02-07,30.5,18.0,0.0,0.156,Nagpur_MOIL
2026-02-08,29.6,17.4,0.0,0.156,Nagpur_MOIL
2026-02-09,30.4,18.0,0.0,0.156,Nagpur_MOIL
2026-02-10,31.4,18.1,0.0,0.156,Nagpur_MOIL
2026-02-11,31.5,18.6,0.0,0.156,Nagpur_MOIL
2026-02-12,31.5,19.0,0.0,0.155,Nagpur_MOIL
2026-02-13,31.9,20.2,0.0,0.155,Nagpur_MOIL
2026-02-14,32.7,21.0,0.0,0.155,Nagpur_MOIL
2026-02-15,32.4,21.2,0.0,0.155,Nagpur_MOIL
2026-02-16,32.0,20.1,0.0,0.154,Nagpur_MOIL
2026-02-17,31.8,18.0,0.0,0.154,Nagpur_MOIL
2026-02-18,32.1,18.5,0.0,0.154,Nagpur_MOIL
2026-02-19,31.7,19.4,0.0,0.154,Nagpur_MOIL
2026-02-20,32.6,20.2,0.0,0.153,Nagpur_MOIL
2026-02-21,30.4,20.6,0.0,0.153,Nagpur_MOIL
2026-02-22,33.6,20.8,0.0,0.153,Nagpur_MOIL
2026-02-23,32.5,22.1,0.3,0.154,Nagpur_MOIL
2026-02-24,30.9,20.5,0.0,0.152,Nagpur_MOIL
2026-02-25,31.5,20.6,0.0,0.152,Nagpur_MOIL
2026-02-26,32.4,20.9,0.0,0.151,Nagpur_MOIL
2026-02-27,32.8,20.8,0.0,0.151,Nagpur_MOIL
2026-02-28,33.7,24.3,0.0,0.151,Nagpur_MOIL
2026-03-01,35.0,24.5,0.0,0.15,Nagpur_MOIL
2026-03-02,34.8,22.5,0.0,0.15,Nagpur_MOIL
2026-03-03,36.1,22.4,0.0,0.149,Nagpur_MOIL
2026-03-04,36.5,22.7,0.0,0.148,Nagpur_MOIL
2026-03-05,37.2,21.7,0.0,0.148,Nagpur_MOIL
2026-03-06,38.2,23.3,0.0,0.15,Nagpur_MOIL
2026-03-07,37.8,23.1,0.0,0.158,Nagpur_MOIL
2026-03-08,37.7,24.1,0.0,0.155,Nagpur_MOIL
2026-03-09,37.8,24.0,0.0,0.154,Nagpur_MOIL
2026-03-10,37.2,24.7,0.0,0.153,Nagpur_MOIL
2026-03-11,37.4,24.1,0.0,0.152,Nagpur_MOIL
2026-03-12,38.0,23.9,0.0,0.152,Nagpur_MOIL
2026-03-13,38.4,23.3,0.0,0.151,Nagpur_MOIL
2026-03-14,38.2,23.6,0.0,0.149,Nagpur_MOIL
2026-03-15,38.0,25.1,0.0,0.149,Nagpur_MOIL
2026-03-16,37.3,24.9,0.0,0.148,Nagpur_MOIL
2026-03-17,36.7,24.6,0.0,0.147,Nagpur_MOIL
2026-03-18,34.3,23.8,0.0,0.146,Nagpur_MOIL
2026-03-19,35.2,21.5,0.0,0.146,Nagpur_MOIL
2026-03-20,31.1,22.7,0.4,0.155,Nagpur_MOIL
2026-03-21,32.9,22.2,0.0,0.145,Nagpur_MOIL
2026-03-22,33.2,21.5,0.0,0.144,Nagpur_MOIL
2026-03-23,35.9,22.4,0.0,0.143,Nagpur_MOIL
2026-03-24,37.2,24.2,0.0,0.142,Nagpur_MOIL
2026-03-25,38.3,24.7,0.0,0.141,Nagpur_MOIL
2026-03-26,38.3,25.5,0.0,0.14,Nagpur_MOIL
2026-03-27,38.9,26.5,0.0,0.139,Nagpur_MOIL
2026-03-28,38.7,26.4,0.0,0.138,Nagpur_MOIL
2026-03-29,39.7,27.2,0.0,0.137,Nagpur_MOIL
2026-03-30,38.8,26.7,0.0,0.136,Nagpur_MOIL
2026-03-31,35.3,22.3,5.7,0.169,Nagpur_MOIL
2026-04-01,36.6,24.7,0.0,0.175,Nagpur_MOIL
2026-04-02,35.1,24.5,0.0,0.157,Nagpur_MOIL
2026-04-03,36.4,24.8,0.0,0.159,Nagpur_MOIL
2026-04-04,33.2,24.1,0.1,0.164,Nagpur_MOIL
2026-04-05,34.9,24.5,0.6,0.155,Nagpur_MOIL
2026-04-06,36.3,24.1,0.0,0.153,Nagpur_MOIL
2026-04-07,37.3,24.7,0.0,0.152,Nagpur_MOIL
2026-04-08,35.8,25.9,0.0,0.152,Nagpur_MOIL
2026-04-09,36.3,25.0,0.0,0.151,Nagpur_MOIL
2026-04-10,37.0,25.2,0.0,0.15,Nagpur_MOIL
2026-04-11,38.4,24.4,0.0,0.149,Nagpur_MOIL
2026-04-12,40.3,25.1,0.0,0.148,Nagpur_MOIL
2026-04-13,40.7,27.0,0.0,0.146,Nagpur_MOIL
2026-04-14,41.4,27.9,0.0,0.145,Nagpur_MOIL
2026-04-15,42.3,27.5,0.0,0.144,Nagpur_MOIL
2026-04-16,43.4,28.1,0.0,0.142,Nagpur_MOIL
2026-04-17,42.4,28.7,0.0,0.14,Nagpur_MOIL
2026-04-18,43.4,30.5,0.0,0.139,Nagpur_MOIL
2026-04-19,43.3,28.6,0.0,0.137,Nagpur_MOIL
2026-04-20,41.7,31.2,0.0,0.136,Nagpur_MOIL
2026-04-21,40.9,29.5,0.0,0.134,Nagpur_MOIL
2026-04-22,42.8,30.0,0.0,0.133,Nagpur_MOIL
2026-04-23,42.0,29.4,0.0,0.131,Nagpur_MOIL
2026-04-24,42.8,29.0,0.0,0.13,Nagpur_MOIL
2026-04-25,43.5,29.3,0.0,0.128,Nagpur_MOIL
2026-04-26,44.8,30.2,0.0,0.136,Nagpur_MOIL
2026-04-27,43.7,30.2,0.0,0.125,Nagpur_MOIL
2026-04-28,43.6,30.7,0.0,0.123,Nagpur_MOIL
2026-04-29,42.5,29.4,0.0,0.122,Nagpur_MOIL
2026-04-30,41.2,30.2,0.0,0.12,Nagpur_MOIL
2026-05-01,40.7,27.8,0.0,0.119,Nagpur_MOIL
2026-05-02,42.0,28.4,0.0,0.118,Nagpur_MOIL
2026-05-03,40.5,27.2,0.0,0.116,Nagpur_MOIL
2026-05-04,41.9,28.4,0.0,0.115,Nagpur_MOIL
2026-05-05,39.5,28.8,0.0,0.114,Nagpur_MOIL
2026-05-06,37.6,25.0,0.0,0.113,Nagpur_MOIL
2026-05-07,38.7,27.9,0.0,0.112,Nagpur_MOIL
2026-05-08,38.5,25.3,0.0,0.111,Nagpur_MOIL
2026-05-09,39.1,24.8,0.0,0.11,Nagpur_MOIL
2026-05-10,39.7,25.9,0.0,0.11,Nagpur_MOIL
2026-05-11,40.5,28.7,0.0,0.109,Nagpur_MOIL
2026-05-12,41.8,29.7,0.0,0.125,Nagpur_MOIL
2026-05-13,41.6,30.5,0.1,0.138,Nagpur_MOIL
2026-05-14,43.4,30.5,0.0,0.138,Nagpur_MOIL
2026-05-15,42.5,31.7,0.0,0.136,Nagpur_MOIL
2026-05-16,42.8,30.7,0.0,0.135,Nagpur_MOIL
2026-05-17,43.0,29.5,0.0,0.134,Nagpur_MOIL
2026-05-18,43.8,31.8,0.0,0.132,Nagpur_MOIL
2026-05-19,44.6,32.5,0.0,0.131,Nagpur_MOIL
2026-05-20,44.8,31.9,0.0,0.129,Nagpur_MOIL
2026-05-21,44.1,34.0,0.0,0.127,Nagpur_MOIL
2026-05-22,44.3,33.6,0.0,0.126,Nagpur_MOIL
2026-05-23,43.5,34.5,0.0,0.124,Nagpur_MOIL
2026-05-24,43.4,33.2,0.0,0.123,Nagpur_MOIL
2026-05-25,44.2,33.5,0.0,0.121,Nagpur_MOIL
2026-05-26,43.5,33.7,0.1,0.125,Nagpur_MOIL
2026-05-27,43.0,33.5,0.0,0.124,Nagpur_MOIL
2026-05-28,43.3,33.0,0.5,0.118,Nagpur_MOIL
2026-05-29,42.6,33.3,0.3,0.119,Nagpur_MOIL
2026-05-30,40.6,30.9,0.6,0.123,Nagpur_MOIL
2026-05-31,39.7,27.2,0.0,0.124,Nagpur_MOIL
2026-06-01,39.8,28.5,0.0,0.126,Nagpur_MOIL
2026-06-02,38.3,28.7,0.4,0.128,Nagpur_MOIL
2026-06-03,39.2,30.3,0.4,0.124,Nagpur_MOIL
2026-06-04,40.9,31.2,0.0,0.125,Nagpur_MOIL
2026-06-05,39.3,30.5,1.4,0.139,Nagpur_MOIL
2026-06-06,39.4,30.7,0.5,0.139,Nagpur_MOIL
2026-06-07,40.7,30.4,0.0,0.142,Nagpur_MOIL
2026-06-08,41.1,31.5,0.0,0.143,Nagpur_MOIL
2026-06-09,41.9,30.7,0.7,0.144,Nagpur_MOIL
2026-06-10,41.8,32.3,0.4,0.149,Nagpur_MOIL
2026-06-11,42.1,28.2,0.0,0.149,Nagpur_MOIL
2026-06-12,40.2,29.4,1.9,0.149,Nagpur_MOIL
2026-06-13,36.5,27.4,5.8,0.196,Nagpur_MOIL
2026-06-14,37.6,27.1,1.5,0.185,Nagpur_MOIL
2026-06-15,38.4,28.3,0.3,0.162,Nagpur_MOIL
2026-06-16,38.6,29.4,2.1,0.161,Nagpur_MOIL
2026-06-17,37.7,28.7,0.9,0.164,Nagpur_MOIL
2026-06-18,36.4,28.8,2.4,0.171,Nagpur_MOIL
2026-06-19,38.4,29.2,0.0,0.161,Nagpur_MOIL
2026-06-20,39.4,30.8,0.0,0.153,Nagpur_MOIL
2026-06-21,38.5,29.7,1.2,0.157,Nagpur_MOIL
2026-06-22,38.0,27.1,5.1,0.18,Nagpur_MOIL
2026-06-23,33.5,24.6,6.5,0.319,Nagpur_MOIL
2026-06-24,32.0,24.6,9.5,0.408,Nagpur_MOIL
2026-06-25,32.1,25.3,9.8,0.433,Nagpur_MOIL
2026-06-26,33.2,26.4,5.0,0.414,Nagpur_MOIL
2026-06-27,34.4,26.1,5.1,0.428,Nagpur_MOIL
2026-06-28,33.9,25.6,1.0,0.392,Nagpur_MOIL
2026-06-29,33.0,25.4,21.3,0.428,Nagpur_MOIL
2026-06-30,28.2,25.1,19.5,0.47,Nagpur_MOIL
2026-07-01,28.2,24.8,30.0,0.468,Nagpur_MOIL
2026-07-02,29.4,24.3,24.5,0.456,Nagpur_MOIL
2026-07-03,28.3,24.2,42.0,0.446,Nagpur_MOIL
2026-07-04,30.2,24.0,16.6,0.447,Nagpur_MOIL
2026-07-05,31.3,24.3,12.3,0.446,Nagpur_MOIL
2026-07-06,31.7,25.3,2.4,0.429,Nagpur_MOIL
2026-07-07,31.3,25.9,3.2,0.406,Nagpur_MOIL
2026-07-08,31.6,26.0,2.2,0.449,Nagpur_MOIL
2026-07-09,32.2,26.0,0.5,0.435,Nagpur_MOIL
2026-07-10,32.3,26.4,1.5,0.398,Nagpur_MOIL
2026-07-11,32.1,26.2,0.0,0.32,Nagpur_MOIL
2026-07-12,32.5,26.1,0.0,0.246,Nagpur_MOIL
2026-07-13,34.1,26.3,0.0,0.189,Nagpur_MOIL
2026-07-14,34.1,26.6,0.0,0.168,Nagpur_MOIL
2026-07-15,34.6,26.9,1.5,0.168,Nagpur_MOIL
2026-07-16,34.2,27.7,0.4,0.168,Nagpur_MOIL
2026-07-17,29.4,25.6,10.5,0.215,Nagpur_MOIL
2026-07-18,28.1,25.2,13.4,0.331,Nagpur_MOIL
2026-07-19,32.0,25.1,5.4,0.341,Nagpur_MOIL
2026-07-20,31.1,24.7,9.9,0.445,Nagpur_MOIL
2026-07-21,27.0,24.4,31.1,0.467,Nagpur_MOIL
2026-07-22,26.3,23.8,21.4,0.459,Nagpur_MOIL
2026-07-23,29.3,23.6,4.2,0.447,Nagpur_MOIL
2026-07-24,29.8,24.7,3.4,0.44,Nagpur_MOIL
2026-07-25,32.0,24.9,2.2,0.408,Nagpur_MOIL
2026-07-26,31.4,25.3,1.1,0.333,Nagpur_MOIL
2026-07-27,30.8,25.0,16.3,0.301,Nagpur_MOIL
2026-07-28,29.4,24.5,21.7,0.454,Nagpur_MOIL
2026-07-29,29.3,24.9,40.9,0.455,Nagpur_MOIL
2026-07-30,30.4,24.4,36.1,0.442,Nagpur_MOIL
2026-07-31,28.9,24.2,4.5,0.438,Nagpur_MOIL
2026-08-01,31.4,24.5,2.7,0.42,Nagpur_MOIL
2026-08-02,31.5,25.7,0.8,0.387,Nagpur_MOIL
2026-08-03,32.3,25.7,0.2,0.327,Nagpur_MOIL
2026-08-04,32.2,25.7,0.6,0.308,Nagpur_MOIL
2026-08-05,32.3,25.9,0.2,0.269,Nagpur_MOIL
2026-08-06,32.4,25.5,1.3,0.205,Nagpur_MOIL
2026-08-07,29.3,26.0,13.2,0.197,Nagpur_MOIL
2026-08-08,30.8,24.4,16.1,0.211,Nagpur_MOIL
2026-08-09,31.4,24.6,18.7,0.261,Nagpur_MOIL
2026-08-10,30.5,24.6,3.0,0.325,Nagpur_MOIL
2026-08-11,30.5,24.4,6.7,0.346,Nagpur_MOIL
2026-08-12,30.8,24.2,1.1,0.354,Nagpur_MOIL
2026-08-13,31.2,24.5,2.3,0.339,Nagpur_MOIL
2026-08-14,28.7,24.7,2.2,0.314,Nagpur_MOIL
2026-08-15,29.6,24.7,4.5,0.343,Nagpur_MOIL
2026-08-16,30.1,24.3,5.2,0.386,Nagpur_MOIL
2026-08-17,29.3,24.1,5.3,0.436,Nagpur_MOIL
2026-08-18,27.4,24.7,3.0,0.451,Nagpur_MOIL
2026-08-19,27.9,24.6,4.8,0.462,Nagpur_MOIL
2026-08-20,31.3,25.4,1.0,0.423,Nagpur_MOIL
2026-08-21,30.5,24.9,7.3,0.383,Nagpur_MOIL
2026-08-22,29.2,24.5,7.5,0.421,Nagpur_MOIL
2026-08-23,29.2,24.5,5.7,0.428,Nagpur_MOIL
2026-08-24,29.7,25.2,6.7,0.421,Nagpur_MOIL
2026-08-25,28.7,24.7,4.9,0.425,Nagpur_MOIL
2026-08-26,29.8,25.0,2.7,0.409,Nagpur_MOIL
2026-08-27,29.1,24.3,2.7,0.429,Nagpur_MOIL
2026-08-28,30.9,24.3,1.1,0.406,Nagpur_MOIL
2026-08-29,26.0,24.5,16.8,0.425,Nagpur_MOIL
2026-08-30,28.4,24.3,0.1,0.417,Nagpur_MOIL
2026-08-31,29.3,24.8,0.7,0.37,Nagpur_MOIL
2026-09-01,29.8,24.8,1.4,0.328,Nagpur_MOIL
2023-09-02,33.2,24.6,1.0,0.36,Balaghat_MOIL
2023-09-03,33.3,24.6,2.5,0.359,Balaghat_MOIL
2023-09-04,34.5,23.4,0.8,0.379,Balaghat_MOIL
2023-09-05,31.7,23.9,9.2,0.4,Balaghat_MOIL
2023-09-06,30.2,24.4,9.9,0.473,Balaghat_MOIL
2023-09-07,28.4,23.9,17.8,0.493,Balaghat_MOIL
2023-09-08,28.8,24.3,28.5,0.502,Balaghat_MOIL
2023-09-09,29.3,24.3,8.4,0.497,Balaghat_MOIL
2023-09-10,29.1,24.3,32.3,0.5,Balaghat_MOIL
2023-09-11,30.6,24.1,11.1,0.498,Balaghat_MOIL
2023-09-12,29.0,23.5,22.4,0.5,Balaghat_MOIL
2023-09-13,31.1,23.3,23.1,0.502,Balaghat_MOIL
2023-09-14,30.0,23.4,27.6,0.506,Balaghat_MOIL
2023-09-15,25.9,23.9,47.6,0.509,Balaghat_MOIL
2023-09-16,29.8,23.7,6.3,0.496,Balaghat_MOIL
2023-09-17,30.9,23.0,0.8,0.478,Balaghat_MOIL
2023-09-18,31.2,22.4,0.2,0.454,Balaghat_MOIL
2023-09-19,32.5,23.5,14.6,0.454,Balaghat_MOIL
2023-09-20,32.1,23.9,6.0,0.476,Balaghat_MOIL
2023-09-21,30.1,23.7,14.7,0.505,Balaghat_MOIL
2023-09-22,30.7,23.7,5.1,0.504,Balaghat_MOIL
2023-09-23,28.3,23.0,16.1,0.504,Balaghat_MOIL
2023-09-24,31.1,23.5,6.0,0.494,Balaghat_MOIL
2023-09-25,32.5,23.1,0.2,0.475,Balaghat_MOIL
2023-09-26,31.9,23.3,1.3,0.462,Balaghat_MOIL
2023-09-27,30.4,23.3,4.0,0.459,Balaghat_MOIL
2023-09-28,31.5,23.8,2.1,0.446,Balaghat_MOIL
2023-09-29,31.1,23.7,10.9,0.467,Balaghat_MOIL
2023-09-30,31.3,23.3,1.4,0.46,Balaghat_MOIL
2023-10-01,32.4,23.3,0.1,0.474,Balaghat_MOIL
2023-10-02,31.7,24.5,0.0,0.453,Balaghat_MOIL
2023-10-03,32.4,23.2,0.6,0.432,Balaghat_MOIL
2023-10-04,32.2,20.4,0.0,0.408,Balaghat_MOIL
2023-10-05,32.1,18.6,0.0,0.391,Balaghat_MOIL
2023-10-06,33.0,20.1,0.0,0.375,Balaghat_MOIL
2023-10-07,33.0,19.5,0.0,0.36,Balaghat_MOIL
2023-10-08,33.6,19.8,0.0,0.344,Balaghat_MOIL
2023-10-09,34.3,21.4,0.0,0.332,Balaghat_MOIL
2023-10-10,34.0,21.6,0.0,0.317,Balaghat_MOIL
2023-10-11,34.5,19.6,0.0,0.306,Balaghat_MOIL
2023-10-12,33.8,20.8,0.0,0.301,Balaghat_MOIL
2023-10-13,33.3,21.1,0.0,0.297,Balaghat_MOIL
2023-10-14,33.1,19.5,0.0,0.3,Balaghat_MOIL
2023-10-15,32.7,20.9,0.0,0.3,Balaghat_MOIL
2023-10-16,32.2,21.1,0.0,0.291,Balaghat_MOIL
2023-10-17,32.5,20.7,0.3,0.283,Balaghat_MOIL
2023-10-18,32.2,20.5,0.0,0.272,Balaghat_MOIL
2023-10-19,31.6,20.9,0.0,0.264,Balaghat_MOIL
2023-10-20,32.3,19.7,0.2,0.256,Balaghat_MOIL
2023-10-21,33.3,17.0,0.0,0.252,Balaghat_MOIL
2023-10-22,32.3,18.0,0.0,0.253,Balaghat_MOIL
2023-10-23,31.3,18.1,0.0,0.245,Balaghat_MOIL
2023-10-24,31.3,17.3,0.0,0.24,Balaghat_MOIL
2023-10-25,31.4,16.7,0.0,0.243,Balaghat_MOIL
2023-10-26,31.0,16.1,0.0,0.247,Balaghat_MOIL
2023-10-27,31.2,16.2,0.0,0.25,Balaghat_MOIL
2023-10-28,30.6,17.0,0.0,0.257,Balaghat_MOIL
2023-10-29,30.6,16.6,0.0,0.258,Balaghat_MOIL
2023-10-30,31.7,16.7,0.0,0.258,Balaghat_MOIL
2023-10-31,32.3,16.9,0.0,0.255,Balaghat_MOIL
2023-11-01,31.3,18.8,0.0,0.257,Balaghat_MOIL
2023-11-02,29.9,19.4,1.0,0.259,Balaghat_MOIL
2023-11-03,31.5,19.3,0.0,0.252,Balaghat_MOIL
2023-11-04,32.1,18.9,0.0,0.255,Balaghat_MOIL
2023-11-05,32.4,17.0,0.0,0.261,Balaghat_MOIL
2023-11-06,32.1,16.4,0.0,0.272,Balaghat_MOIL
2023-11-07,31.8,15.3,0.0,0.279,Balaghat_MOIL
2023-11-08,31.0,15.6,0.0,0.283,Balaghat_MOIL
2023-11-09,31.1,17.6,0.0,0.284,Balaghat_MOIL
2023-11-10,30.8,18.0,0.0,0.286,Balaghat_MOIL
2023-11-11,31.8,18.7,0.0,0.289,Balaghat_MOIL
2023-11-12,30.7,18.5,0.0,0.292,Balaghat_MOIL
2023-11-13,29.8,15.9,0.0,0.294,Balaghat_MOIL
2023-11-14,28.9,18.2,0.0,0.296,Balaghat_MOIL
2023-11-15,29.3,16.0,0.0,0.302,Balaghat_MOIL
2023-11-16,29.3,16.1,0.0,0.303,Balaghat_MOIL
2023-11-17,28.5,15.6,0.0,0.298,Balaghat_MOIL
2023-11-18,29.2,15.7,0.0,0.296,Balaghat_MOIL
2023-11-19,29.9,15.8,0.0,0.298,Balaghat_MOIL
2023-11-20,30.3,17.4,0.0,0.293,Balaghat_MOIL
2023-11-21,29.6,18.0,0.0,0.288,Balaghat_MOIL
2023-11-22,28.9,16.4,0.0,0.283,Balaghat_MOIL
2023-11-23,28.8,15.8,0.0,0.28,Balaghat_MOIL
2023-11-24,29.1,16.5,0.0,0.284,Balaghat_MOIL
2023-11-25,28.5,16.1,0.0,0.29,Balaghat_MOIL
2023-11-26,28.5,15.3,0.0,0.292,Balaghat_MOIL
2023-11-27,24.7,17.5,0.1,0.297,Balaghat_MOIL
2023-11-28,24.1,16.1,5.2,0.35,Balaghat_MOIL
2023-11-29,26.2,15.6,5.9,0.431,Balaghat_MOIL
2023-11-30,28.3,19.2,9.7,0.407,Balaghat_MOIL
2023-12-01,29.0,18.8,0.6,0.386,Balaghat_MOIL
2023-12-02,30.4,19.5,0.0,0.373,Balaghat_MOIL
2023-12-03,29.8,18.5,0.0,0.359,Balaghat_MOIL
2023-12-04,29.6,18.2,0.3,0.35,Balaghat_MOIL
2023-12-05,27.7,20.7,1.8,0.364,Balaghat_MOIL
2023-12-06,25.0,19.8,11.7,0.404,Balaghat_MOIL
2023-12-07,22.9,17.7,1.4,0.445,Balaghat_MOIL
2023-12-08,25.1,16.7,0.4,0.426,Balaghat_MOIL
2023-12-09,25.9,14.8,0.0,0.407,Balaghat_MOIL
2023-12-10,25.3,13.2,0.0,0.39,Balaghat_MOIL
2023-12-11,24.9,12.1,0.0,0.376,Balaghat_MOIL
2023-12-12,25.4,13.1,0.0,0.367,Balaghat_MOIL
2023-12-13,25.6,14.5,0.0,0.356,Balaghat_MOIL
2023-12-14,25.3,12.3,0.0,0.342,Balaghat_MOIL
2023-12-15,25.4,11.9,0.0,0.327,Balaghat_MOIL
2023-12-16,25.2,11.3,0.0,0.316,Balaghat_MOIL
2023-12-17,25.8,11.8,0.0,0.308,Balaghat_MOIL
2023-12-18,24.4,14.0,0.0,0.297,Balaghat_MOIL
2023-12-19,23.9,12.2,0.0,0.288,Balaghat_MOIL
2023-12-20,24.9,11.0,0.0,0.277,Balaghat_MOIL
2023-12-21,25.6,11.4,0.0,0.27,Balaghat_MOIL
2023-12-22,26.7,12.1,0.0,0.263,Balaghat_MOIL
2023-12-23,27.7,13.5,0.0,0.256,Balaghat_MOIL
2023-12-24,28.6,12.0,0.0,0.255,Balaghat_MOIL
2023-12-25,28.6,13.1,0.0,0.255,Balaghat_MOIL
2023-12-26,28.5,11.3,0.0,0.255,Balaghat_MOIL
2023-12-27,27.9,11.2,0.0,0.254,Balaghat_MOIL
2023-12-28,27.7,13.6,0.0,0.254,Balaghat_MOIL
2023-12-29,28.2,15.1,0.0,0.254,Balaghat_MOIL
2023-12-30,27.9,15.5,0.0,0.256,Balaghat_MOIL
2023-12-31,28.1,14.8,0.0,0.258,Balaghat_MOIL
2024-01-01,28.0,14.6,0.0,0.26,Balaghat_MOIL
2024-01-02,28.1,16.1,0.0,0.264,Balaghat_MOIL
2024-01-03,27.9,14.0,0.0,0.265,Balaghat_MOIL
2024-01-04,27.6,14.3,0.0,0.263,Balaghat_MOIL
2024-01-05,27.6,14.8,0.2,0.26,Balaghat_MOIL
2024-01-06,22.9,16.8,1.3,0.265,Balaghat_MOIL
2024-01-07,27.7,15.6,0.0,0.272,Balaghat_MOIL
2024-01-08,27.9,15.4,0.0,0.273,Balaghat_MOIL
2024-01-09,29.5,14.7,0.0,0.269,Balaghat_MOIL
2024-01-10,28.2,17.3,4.0,0.277,Balaghat_MOIL
2024-01-11,28.1,16.4,0.0,0.286,Balaghat_MOIL
2024-01-12,28.6,15.5,0.0,0.278,Balaghat_MOIL
2024-01-13,29.7,15.6,0.0,0.27,Balaghat_MOIL
2024-01-14,29.6,15.2,0.0,0.261,Balaghat_MOIL
2024-01-15,27.9,16.1,0.0,0.253,Balaghat_MOIL
2024-01-16,28.0,14.2,0.0,0.242,Balaghat_MOIL
2024-01-17,26.8,15.2,1.8,0.246,Balaghat_MOIL
2024-01-18,26.4,16.7,2.2,0.307,Balaghat_MOIL
2024-01-19,26.0,14.9,0.2,0.42,Balaghat_MOIL
2024-01-20,25.9,14.4,7.9,0.419,Balaghat_MOIL
2024-01-21,25.5,15.0,1.3,0.457,Balaghat_MOIL
2024-01-22,25.9,12.4,0.0,0.418,Balaghat_MOIL
2024-01-23,25.5,15.5,2.2,0.406,Balaghat_MOIL
2024-01-24,25.0,13.9,0.0,0.387,Balaghat_MOIL
2024-01-25,24.4,10.1,0.0,0.372,Balaghat_MOIL
2024-01-26,25.2,8.6,0.0,0.359,Balaghat_MOIL
2024-01-27,26.5,10.1,0.0,0.347,Balaghat_MOIL
2024-01-28,27.1,9.6,0.0,0.339,Balaghat_MOIL
2024-01-29,28.1,13.1,0.0,0.332,Balaghat_MOIL
2024-01-30,28.8,16.1,0.0,0.32,Balaghat_MOIL
2024-01-31,27.2,13.4,0.1,0.313,Balaghat_MOIL
2024-02-01,28.8,16.4,0.0,0.308,Balaghat_MOIL
2024-02-02,28.5,15.6,0.0,0.305,Balaghat_MOIL
2024-02-03,28.6,14.0,0.0,0.298,Balaghat_MOIL
2024-02-04,29.9,13.3,0.0,0.289,Balaghat_MOIL
2024-02-05,31.5,16.9,0.0,0.285,Balaghat_MOIL
2024-02-06,32.2,18.3,0.0,0.285,Balaghat_MOIL
2024-02-07,29.4,16.5,0.0,0.283,Balaghat_MOIL
2024-02-08,27.0,15.9,0.0,0.278,Balaghat_MOIL
2024-02-09,27.3,12.0,0.0,0.279,Balaghat_MOIL
2024-02-10,28.3,13.6,2.7,0.277,Balaghat_MOIL
2024-02-11,28.5,15.7,6.1,0.306,Balaghat_MOIL
2024-02-12,29.0,16.3,0.3,0.344,Balaghat_MOIL
2024-02-13,29.8,17.9,0.0,0.338,Balaghat_MOIL
2024-02-14,30.9,17.6,0.0,0.326,Balaghat_MOIL
2024-02-15,28.3,16.4,7.6,0.351,Balaghat_MOIL
2024-02-16,30.6,16.6,0.0,0.304,Balaghat_MOIL
2024-02-17,31.7,16.0,0.0,0.297,Balaghat_MOIL
2024-02-18,31.8,16.0,0.0,0.291,Balaghat_MOIL
2024-02-19,32.7,17.4,0.0,0.285,Balaghat_MOIL
2024-02-20,33.3,18.8,0.0,0.279,Balaghat_MOIL
2024-02-21,32.5,17.9,0.0,0.274,Balaghat_MOIL
2024-02-22,30.6,18.4,0.0,0.267,Balaghat_MOIL
2024-02-23,29.5,15.6,0.0,0.259,Balaghat_MOIL
2024-02-24,30.5,15.0,0.0,0.256,Balaghat_MOIL
2024-02-25,30.9,15.8,0.0,0.252,Balaghat_MOIL
2024-02-26,29.0,18.3,4.8,0.257,Balaghat_MOIL
2024-02-27,30.0,18.6,16.0,0.386,Balaghat_MOIL
2024-02-28,30.0,16.7,0.0,0.411,Balaghat_MOIL
2024-02-29,32.8,15.2,0.0,0.376,Balaghat_MOIL
2024-03-01,34.4,16.4,0.0,0.346,Balaghat_MOIL
2024-03-02,29.7,18.1,0.2,0.327,Balaghat_MOIL
2024-03-03,32.1,20.0,0.3,0.321,Balaghat_MOIL
2024-03-04,30.8,20.7,0.0,0.304,Balaghat_MOIL
2024-03-05,32.7,16.8,0.0,0.289,Balaghat_MOIL
2024-03-06,33.3,16.4,0.0,0.278,Balaghat_MOIL
2024-03-07,33.5,18.8,0.0,0.275,Balaghat_MOIL
2024-03-08,32.7,17.5,0.0,0.268,Balaghat_MOIL
2024-03-09,33.9,16.3,0.0,0.26,Balaghat_MOIL
2024-03-10,35.0,17.5,0.0,0.255,Balaghat_MOIL
2024-03-11,36.3,19.3,0.0,0.255,Balaghat_MOIL
2024-03-12,37.1,18.9,0.0,0.255,Balaghat_MOIL
2024-03-13,36.8,19.4,0.0,0.252,Balaghat_MOIL
2024-03-14,36.6,17.5,0.0,0.251,Balaghat_MOIL
2024-03-15,35.7,19.4,0.0,0.252,Balaghat_MOIL
2024-03-16,34.9,19.0,0.0,0.254,Balaghat_MOIL
2024-03-17,34.2,20.3,0.0,0.25,Balaghat_MOIL
2024-03-18,32.5,21.2,20.1,0.274,Balaghat_MOIL
2024-03-19,28.6,19.1,16.8,0.408,Balaghat_MOIL
2024-03-20,29.1,16.2,1.0,0.41,Balaghat_MOIL
2024-03-21,31.9,15.8,0.0,0.386,Balaghat_MOIL
2024-03-22,34.0,16.4,0.0,0.357,Balaghat_MOIL
2024-03-23,36.1,17.5,0.0,0.33,Balaghat_MOIL
2024-03-24,37.6,19.2,0.0,0.309,Balaghat_MOIL
2024-03-25,37.3,21.3,0.0,0.3,Balaghat_MOIL
2024-03-26,36.4,19.9,0.0,0.292,Balaghat_MOIL
2024-03-27,37.7,20.7,0.0,0.281,Balaghat_MOIL
2024-03-28,39.3,22.2,0.0,0.268,Balaghat_MOIL
2024-03-29,39.8,23.7,0.0,0.261,Balaghat_MOIL
2024-03-30,37.2,24.7,0.4,0.265,Balaghat_MOIL
2024-03-31,37.5,23.2,0.4,0.265,Balaghat_MOIL
2024-04-01,39.7,23.7,0.0,0.266,Balaghat_MOIL
2024-04-02,39.6,24.2,0.0,0.262,Balaghat_MOIL
2024-04-03,39.2,21.1,0.0,0.26,Balaghat_MOIL
2024-04-04,40.2,23.7,0.0,0.261,Balaghat_MOIL
2024-04-05,39.7,22.9,0.0,0.264,Balaghat_MOIL
2024-04-06,38.7,25.1,0.0,0.261,Balaghat_MOIL
2024-04-07,33.6,22.6,1.4,0.26,Balaghat_MOIL
2024-04-08,33.9,21.4,8.9,0.297,Balaghat_MOIL
2024-04-09,33.5,20.8,14.9,0.327,Balaghat_MOIL
2024-04-10,33.2,20.3,13.9,0.363,Balaghat_MOIL
2024-04-11,31.4,20.6,1.9,0.414,Balaghat_MOIL
2024-04-12,31.9,20.9,1.8,0.395,Balaghat_MOIL
2024-04-13,32.0,19.5,0.0,0.367,Balaghat_MOIL
2024-04-14,34.6,21.8,0.0,0.35,Balaghat_MOIL
2024-04-15,37.0,22.5,1.3,0.332,Balaghat_MOIL
2024-04-16,37.6,23.3,0.0,0.321,Balaghat_MOIL
2024-04-17,38.5,23.2,0.0,0.312,Balaghat_MOIL
2024-04-18,39.1,22.0,0.0,0.294,Balaghat_MOIL
2024-04-19,40.0,21.2,0.0,0.282,Balaghat_MOIL
2024-04-20,39.5,25.9,0.0,0.274,Balaghat_MOIL
2024-04-21,39.5,24.3,0.0,0.269,Balaghat_MOIL
2024-04-22,36.1,25.5,0.0,0.266,Balaghat_MOIL
2024-04-23,35.9,23.1,2.6,0.28,Balaghat_MOIL
2024-04-24,37.7,21.7,0.0,0.295,Balaghat_MOIL
2024-04-25,38.9,23.7,0.0,0.282,Balaghat_MOIL
2024-04-26,39.5,24.6,0.2,0.271,Balaghat_MOIL
2024-04-27,39.1,25.5,0.0,0.265,Balaghat_MOIL
2024-04-28,37.6,25.2,2.6,0.282,Balaghat_MOIL
2024-04-29,37.4,25.5,0.3,0.278,Balaghat_MOIL
2024-04-30,40.9,24.7,0.0,0.277,Balaghat_MOIL
2024-05-01,40.3,26.1,0.0,0.278,Balaghat_MOIL
2024-05-02,38.2,24.1,0.0,0.265,Balaghat_MOIL
2024-05-03,39.1,19.2,0.0,0.253,Balaghat_MOIL
2024-05-04,39.9,20.8,0.0,0.248,Balaghat_MOIL
2024-05-05,40.3,23.7,0.0,0.249,Balaghat_MOIL
2024-05-06,39.5,27.3,0.0,0.248,Balaghat_MOIL
2024-05-07,37.8,25.7,0.1,0.257,Balaghat_MOIL
2024-05-08,37.2,23.1,4.9,0.27,Balaghat_MOIL
2024-05-09,35.7,24.6,10.3,0.296,Balaghat_MOIL
2024-05-10,38.4,25.3,1.6,0.286,Balaghat_MOIL
2024-05-11,37.3,25.9,0.5,0.278,Balaghat_MOIL
2024-05-12,38.0,25.3,0.1,0.267,Balaghat_MOIL
2024-05-13,36.1,26.3,0.0,0.259,Balaghat_MOIL
2024-05-14,38.0,24.3,0.0,0.253,Balaghat_MOIL
2024-05-15,37.8,23.6,0.0,0.254,Balaghat_MOIL
2024-05-16,36.4,23.6,12.2,0.276,Balaghat_MOIL
2024-05-17,32.8,26.2,0.3,0.256,Balaghat_MOIL
2024-05-18,37.3,24.1,0.0,0.255,Balaghat_MOIL
2024-05-19,37.1,25.2,7.7,0.269,Balaghat_MOIL
2024-05-20,38.6,25.6,0.1,0.248,Balaghat_MOIL
2024-05-21,38.9,25.1,8.2,0.295,Balaghat_MOIL
2024-05-22,40.1,27.7,0.0,0.254,Balaghat_MOIL
2024-05-23,39.5,27.7,0.1,0.259,Balaghat_MOIL
2024-05-24,40.5,24.7,0.0,0.258,Balaghat_MOIL
2024-05-25,38.7,27.9,0.2,0.253,Balaghat_MOIL
2024-05-26,43.6,27.9,0.0,0.248,Balaghat_MOIL
2024-05-27,43.7,26.4,0.0,0.246,Balaghat_MOIL
2024-05-28,44.2,28.3,0.0,0.245,Balaghat_MOIL
2024-05-29,42.3,29.0,0.0,0.244,Balaghat_MOIL
2024-05-30,42.5,28.0,0.0,0.242,Balaghat_MOIL
2024-05-31,42.6,28.5,0.0,0.245,Balaghat_MOIL
2024-06-01,42.7,30.0,0.0,0.245,Balaghat_MOIL
2024-06-02,41.7,29.2,0.1,0.244,Balaghat_MOIL
2024-06-03,37.4,28.1,0.8,0.241,Balaghat_MOIL
2024-06-04,39.8,28.9,0.4,0.245,Balaghat_MOIL
2024-06-05,39.7,27.9,0.1,0.248,Balaghat_MOIL
2024-06-06,40.1,28.5,0.0,0.259,Balaghat_MOIL
2024-06-07,39.6,28.7,0.0,0.254,Balaghat_MOIL
2024-06-08,38.1,26.7,8.8,0.269,Balaghat_MOIL
2024-06-09,36.5,25.9,2.9,0.293,Balaghat_MOIL
2024-06-10,38.3,24.7,14.9,0.285,Balaghat_MOIL
2024-06-11,40.3,26.9,0.4,0.253,Balaghat_MOIL
2024-06-12,39.9,27.0,0.0,0.269,Balaghat_MOIL
2024-06-13,37.5,27.1,5.6,0.346,Balaghat_MOIL
2024-06-14,38.5,26.7,0.1,0.331,Balaghat_MOIL
2024-06-15,39.1,27.0,0.0,0.305,Balaghat_MOIL
2024-06-16,36.3,25.7,4.7,0.407,Balaghat_MOIL
2024-06-17,36.8,27.7,0.1,0.413,Balaghat_MOIL
2024-06-18,37.4,27.0,14.7,0.447,Balaghat_MOIL
2024-06-19,32.8,25.8,34.4,0.463,Balaghat_MOIL
2024-06-20,33.3,24.8,16.9,0.481,Balaghat_MOIL
2024-06-21,31.4,24.8,14.4,0.481,Balaghat_MOIL
2024-06-22,30.7,24.4,22.7,0.505,Balaghat_MOIL
2024-06-23,31.1,23.6,18.4,0.496,Balaghat_MOIL
2024-06-24,31.4,24.6,8.2,0.492,Balaghat_MOIL
2024-06-25,34.1,24.4,3.0,0.463,Balaghat_MOIL
2024-06-26,33.7,26.4,0.0,0.42,Balaghat_MOIL
2024-06-27,31.1,25.0,21.3,0.484,Balaghat_MOIL
2024-06-28,32.0,25.2,7.0,0.484,Balaghat_MOIL
2024-06-29,30.7,25.2,12.4,0.497,Balaghat_MOIL
2024-06-30,28.4,24.5,13.4,0.507,Balaghat_MOIL
2024-07-01,29.5,24.4,24.3,0.503,Balaghat_MOIL
2024-07-02,27.7,24.4,12.6,0.505,Balaghat_MOIL
2024-07-03,31.1,24.6,3.2,0.497,Balaghat_MOIL
2024-07-04,29.3,24.4,15.0,0.507,Balaghat_MOIL
2024-07-05,30.2,24.3,5.2,0.503,Balaghat_MOIL
2024-07-06,31.8,24.4,3.4,0.491,Balaghat_MOIL
2024-07-07,30.1,24.8,5.2,0.495,Balaghat_MOIL
2024-07-08,31.1,24.5,13.3,0.499,Balaghat_MOIL
2024-07-09,31.5,24.3,10.4,0.496,Balaghat_MOIL
2024-07-10,30.6,24.6,6.7,0.489,Balaghat_MOIL
2024-07-11,30.7,24.3,10.7,0.494,Balaghat_MOIL
2024-07-12,31.0,24.2,7.1,0.503,Balaghat_MOIL
2024-07-13,29.6,23.7,38.5,0.511,Balaghat_MOIL
2024-07-14,30.4,24.6,32.9,0.507,Balaghat_MOIL
2024-07-15,32.0,24.3,12.6,0.501,Balaghat_MOIL
2024-07-16,30.5,25.5,14.9,0.508,Balaghat_MOIL
2024-07-17,31.3,24.6,10.2,0.5,Balaghat_MOIL
2024-07-18,32.0,24.7,12.2,0.502,Balaghat_MOIL
2024-07-19,31.3,24.2,22.1,0.497,Balaghat_MOIL
2024-07-20,31.4,24.6,45.3,0.504,Balaghat_MOIL
2024-07-21,31.0,25.0,31.8,0.503,Balaghat_MOIL
2024-07-22,30.4,25.0,61.6,0.509,Balaghat_MOIL
2024-07-23,28.5,24.9,44.1,0.513,Balaghat_MOIL
2024-07-24,26.9,24.5,30.4,0.506,Balaghat_MOIL
2024-07-25,29.2,23.9,40.3,0.509,Balaghat_MOIL
2024-07-26,29.9,24.2,28.9,0.506,Balaghat_MOIL
2024-07-27,30.2,24.4,50.3,0.508,Balaghat_MOIL
2024-07-28,29.9,24.7,26.6,0.503,Balaghat_MOIL
2024-07-29,29.0,23.4,7.2,0.503,Balaghat_MOIL
2024-07-30,32.1,23.8,11.3,0.5,Balaghat_MOIL
2024-07-31,29.3,24.7,35.8,0.504,Balaghat_MOIL
2024-08-01,27.6,24.2,33.7,0.509,Balaghat_MOIL
2024-08-02,25.7,24.1,35.5,0.51,Balaghat_MOIL
2024-08-03,26.4,24.1,27.1,0.505,Balaghat_MOIL
2024-08-04,26.8,23.8,15.7,0.506,Balaghat_MOIL
2024-08-05,30.9,23.7,6.1,0.498,Balaghat_MOIL
2024-08-06,30.5,24.3,7.0,0.499,Balaghat_MOIL
2024-08-07,27.4,24.0,19.1,0.511,Balaghat_MOIL
2024-08-08,28.9,23.9,22.0,0.506,Balaghat_MOIL
2024-08-09,28.7,23.9,3.2,0.499,Balaghat_MOIL
2024-08-10,30.7,22.9,5.9,0.486,Balaghat_MOIL
2024-08-11,30.1,23.6,8.9,0.495,Balaghat_MOIL
2024-08-12,31.1,23.8,0.5,0.492,Balaghat_MOIL
2024-08-13,31.8,23.5,0.2,0.485,Balaghat_MOIL
2024-08-14,28.9,24.9,30.4,0.504,Balaghat_MOIL
2024-08-15,29.3,24.6,23.4,0.508,Balaghat_MOIL
2024-08-16,27.5,24.3,19.4,0.504,Balaghat_MOIL
2024-08-17,30.5,23.1,4.1,0.491,Balaghat_MOIL
2024-08-18,30.4,23.5,3.5,0.483,Balaghat_MOIL
2024-08-19,29.5,23.3,13.5,0.49,Balaghat_MOIL
2024-08-20,29.7,23.9,5.3,0.492,Balaghat_MOIL
2024-08-21,29.7,24.4,5.0,0.491,Balaghat_MOIL
2024-08-22,30.0,23.9,35.7,0.508,Balaghat_MOIL
2024-08-23,29.4,23.5,23.9,0.505,Balaghat_MOIL
2024-08-24,26.7,23.7,40.1,0.512,Balaghat_MOIL
2024-08-25,25.0,23.3,35.1,0.511,Balaghat_MOIL
2024-08-26,29.0,23.1,4.3,0.499,Balaghat_MOIL
2024-08-27,30.4,23.8,0.8,0.48,Balaghat_MOIL
2024-08-28,31.1,23.2,1.8,0.465,Balaghat_MOIL
2024-08-29,28.7,23.5,3.8,0.469,Balaghat_MOIL
2024-08-30,29.9,23.1,26.5,0.498,Balaghat_MOIL
2024-08-31,32.1,24.1,23.8,0.498,Balaghat_MOIL
2024-09-01,33.0,24.1,9.5,0.493,Balaghat_MOIL
2024-09-02,31.3,25.4,2.8,0.477,Balaghat_MOIL
2024-09-03,31.8,24.8,0.8,0.458,Balaghat_MOIL
2024-09-04,30.8,23.8,13.9,0.464,Balaghat_MOIL
2024-09-05,28.8,23.8,14.8,0.494,Balaghat_MOIL
2024-09-06,29.6,24.1,13.6,0.489,Balaghat_MOIL
2024-09-07,31.5,23.4,2.2,0.486,Balaghat_MOIL
2024-09-08,30.0,23.7,5.4,0.487,Balaghat_MOIL
2024-09-09,31.1,24.5,18.9,0.49,Balaghat_MOIL
2024-09-10,25.4,24.1,140.1,0.514,Balaghat_MOIL
2024-09-11,29.7,24.4,6.6,0.502,Balaghat_MOIL
2024-09-12,30.5,23.7,4.6,0.488,Balaghat_MOIL
2024-09-13,30.8,23.2,4.3,0.475,Balaghat_MOIL
2024-09-14,30.0,22.8,0.1,0.477,Balaghat_MOIL
2024-09-15,30.0,22.2,0.1,0.462,Balaghat_MOIL
2024-09-16,27.8,22.8,5.5,0.458,Balaghat_MOIL
2024-09-17,29.7,24.0,4.5,0.464,Balaghat_MOIL
2024-09-18,29.9,23.1,1.9,0.476,Balaghat_MOIL
2024-09-19,31.5,21.7,0.3,0.462,Balaghat_MOIL
2024-09-20,31.9,23.3,5.0,0.465,Balaghat_MOIL
2024-09-21,31.7,23.9,4.1,0.476,Balaghat_MOIL
2024-09-22,32.4,23.8,8.5,0.474,Balaghat_MOIL
2024-09-23,29.6,23.9,10.9,0.481,Balaghat_MOIL
2024-09-24,28.5,24.3,4.0,0.483,Balaghat_MOIL
2024-09-25,29.0,24.1,13.6,0.495,Balaghat_MOIL
2024-09-26,28.8,23.8,21.3,0.507,Balaghat_MOIL
2024-09-27,27.5,24.0,36.9,0.51,Balaghat_MOIL
2024-09-28,30.2,23.5,0.7,0.487,Balaghat_MOIL
2024-09-29,31.1,23.8,2.0,0.469,Balaghat_MOIL
2024-09-30,31.2,23.2,1.0,0.449,Balaghat_MOIL
2024-10-01,31.8,23.4,0.3,0.438,Balaghat_MOIL
2024-10-02,33.4,23.5,0.0,0.424,Balaghat_MOIL
2024-10-03,33.6,23.9,0.0,0.409,Balaghat_MOIL
2024-10-04,33.4,22.9,0.0,0.395,Balaghat_MOIL
2024-10-05,33.1,21.4,0.0,0.379,Balaghat_MOIL
2024-10-06,33.7,21.6,0.0,0.368,Balaghat_MOIL
2024-10-07,32.0,21.5,0.0,0.36,Balaghat_MOIL
2024-10-08,31.1,22.6,1.3,0.354,Balaghat_MOIL
2024-10-09,30.5,22.7,5.1,0.357,Balaghat_MOIL
2024-10-10,31.0,21.8,0.1,0.348,Balaghat_MOIL
2024-10-11,30.8,22.2,1.0,0.341,Balaghat_MOIL
2024-10-12,28.4,22.6,1.3,0.338,Balaghat_MOIL
2024-10-13,31.6,22.8,4.5,0.329,Balaghat_MOIL
2024-10-14,31.8,22.3,0.2,0.329,Balaghat_MOIL
2024-10-15,31.9,22.2,0.0,0.318,Balaghat_MOIL
2024-10-16,31.2,22.6,0.5,0.311,Balaghat_MOIL
2024-10-17,31.5,22.8,3.0,0.317,Balaghat_MOIL
2024-10-18,31.3,22.8,2.7,0.315,Balaghat_MOIL
2024-10-19,31.0,22.5,9.7,0.381,Balaghat_MOIL
2024-10-20,31.0,22.7,3.4,0.326,Balaghat_MOIL
2024-10-21,30.8,22.3,3.1,0.332,Balaghat_MOIL
2024-10-22,32.5,20.0,0.0,0.309,Balaghat_MOIL
2024-10-23,32.4,20.5,0.0,0.303,Balaghat_MOIL
2024-10-24,31.0,18.5,0.0,0.299,Balaghat_MOIL
2024-10-25,32.1,21.6,0.0,0.293,Balaghat_MOIL
2024-10-26,32.9,19.9,0.0,0.286,Balaghat_MOIL
2024-10-27,31.0,20.2,0.0,0.282,Balaghat_MOIL
2024-10-28,30.8,21.6,1.3,0.277,Balaghat_MOIL
2024-10-29,31.3,21.8,0.0,0.271,Balaghat_MOIL
2024-10-30,32.6,21.6,0.0,0.268,Balaghat_MOIL
2024-10-31,34.0,20.9,0.0,0.265,Balaghat_MOIL
2024-11-01,32.7,20.6,0.0,0.262,Balaghat_MOIL
2024-11-02,32.2,18.6,0.0,0.264,Balaghat_MOIL
2024-11-03,31.1,20.7,0.0,0.271,Balaghat_MOIL
2024-11-04,30.4,17.7,0.0,0.275,Balaghat_MOIL
2024-11-05,30.5,17.8,0.0,0.277,Balaghat_MOIL
2024-11-06,30.3,17.5,0.0,0.277,Balaghat_MOIL
2024-11-07,29.3,17.8,0.0,0.278,Balaghat_MOIL
2024-11-08,29.0,17.8,0.0,0.278,Balaghat_MOIL
2024-11-09,29.3,18.5,0.0,0.278,Balaghat_MOIL
2024-11-10,30.0,19.6,0.0,0.276,Balaghat_MOIL
2024-11-11,30.2,17.7,0.0,0.272,Balaghat_MOIL
2024-11-12,30.1,17.1,0.0,0.269,Balaghat_MOIL
2024-11-13,30.5,17.1,0.0,0.255,Balaghat_MOIL
2024-11-14,30.3,16.2,0.0,0.243,Balaghat_MOIL
2024-11-15,29.1,16.2,0.0,0.215,Balaghat_MOIL
2024-11-16,29.1,14.5,0.0,0.209,Balaghat_MOIL
2024-11-17,29.6,14.9,0.0,0.209,Balaghat_MOIL
2024-11-18,29.3,15.2,0.0,0.209,Balaghat_MOIL
2024-11-19,28.2,15.4,0.0,0.21,Balaghat_MOIL
2024-11-20,27.2,14.6,0.0,0.211,Balaghat_MOIL
2024-11-21,27.4,14.8,0.0,0.212,Balaghat_MOIL
2024-11-22,26.9,13.2,0.0,0.212,Balaghat_MOIL
2024-11-23,27.1,12.9,0.0,0.213,Balaghat_MOIL
2024-11-24,27.2,13.2,0.0,0.214,Balaghat_MOIL
2024-11-25,28.4,13.2,0.0,0.214,Balaghat_MOIL
2024-11-26,28.5,13.1,0.0,0.217,Balaghat_MOIL
2024-11-27,27.5,12.8,0.0,0.217,Balaghat_MOIL
2024-11-28,27.2,13.8,0.0,0.215,Balaghat_MOIL
2024-11-29,27.8,12.7,0.0,0.217,Balaghat_MOIL
2024-11-30,28.6,13.8,0.0,0.213,Balaghat_MOIL
2024-12-01,29.4,16.6,0.0,0.203,Balaghat_MOIL
2024-12-02,28.5,17.9,0.3,0.204,Balaghat_MOIL
2024-12-03,28.9,19.7,1.6,0.21,Balaghat_MOIL
2024-12-04,29.7,19.4,0.2,0.223,Balaghat_MOIL
2024-12-05,30.0,18.0,0.0,0.226,Balaghat_MOIL
2024-12-06,29.5,17.9,0.0,0.229,Balaghat_MOIL
2024-12-07,29.2,17.3,0.0,0.229,Balaghat_MOIL
2024-12-08,29.1,18.3,0.3,0.229,Balaghat_MOIL
2024-12-09,27.5,18.0,0.1,0.231,Balaghat_MOIL
2024-12-10,25.0,14.3,0.0,0.251,Balaghat_MOIL
2024-12-11,24.4,10.5,0.0,0.259,Balaghat_MOIL
2024-12-12,25.2,10.2,0.0,0.255,Balaghat_MOIL
2024-12-13,25.0,11.8,0.0,0.25,Balaghat_MOIL
2024-12-14,24.8,11.9,0.0,0.25,Balaghat_MOIL
2024-12-15,25.8,8.2,0.0,0.245,Balaghat_MOIL
2024-12-16,25.3,8.4,0.0,0.242,Balaghat_MOIL
2024-12-17,26.1,9.9,0.0,0.241,Balaghat_MOIL
2024-12-18,26.1,9.5,0.0,0.24,Balaghat_MOIL
2024-12-19,27.6,10.4,0.0,0.239,Balaghat_MOIL
2024-12-20,28.1,16.4,0.1,0.239,Balaghat_MOIL
2024-12-21,28.5,17.1,1.3,0.239,Balaghat_MOIL
2024-12-22,26.8,13.4,0.0,0.249,Balaghat_MOIL
2024-12-23,28.3,14.2,0.0,0.258,Balaghat_MOIL
2024-12-24,27.6,14.9,0.0,0.269,Balaghat_MOIL
2024-12-25,26.9,17.0,0.0,0.284,Balaghat_MOIL
2024-12-26,27.9,15.1,0.0,0.283,Balaghat_MOIL
2024-12-27,28.2,16.6,0.0,0.283,Balaghat_MOIL
2024-12-28,27.9,17.9,0.7,0.29,Balaghat_MOIL
2024-12-29,26.1,16.6,0.1,0.327,Balaghat_MOIL
2024-12-30,26.6,16.2,0.0,0.32,Balaghat_MOIL
2024-12-31,26.3,14.2,0.0,0.312,Balaghat_MOIL
2025-01-01,25.2,11.9,0.0,0.304,Balaghat_MOIL
2025-01-02,26.4,10.7,0.0,0.296,Balaghat_MOIL
2025-01-03,27.3,10.3,0.0,0.281,Balaghat_MOIL
2025-01-04,27.6,11.8,0.0,0.266,Balaghat_MOIL
2025-01-05,25.9,8.8,0.0,0.249,Balaghat_MOIL
2025-01-06,26.2,13.4,0.0,0.242,Balaghat_MOIL
2025-01-07,25.6,13.8,0.0,0.242,Balaghat_MOIL
2025-01-08,23.5,9.1,0.0,0.23,Balaghat_MOIL
2025-01-09,25.4,8.4,0.0,0.219,Balaghat_MOIL
2025-01-10,26.2,10.4,0.0,0.228,Balaghat_MOIL
2025-01-11,26.9,10.8,0.0,0.242,Balaghat_MOIL
2025-01-12,26.7,13.8,0.0,0.256,Balaghat_MOIL
2025-01-13,25.6,15.9,0.5,0.258,Balaghat_MOIL
2025-01-14,26.7,12.6,0.0,0.259,Balaghat_MOIL
2025-01-15,27.4,12.9,0.0,0.267,Balaghat_MOIL
2025-01-16,24.6,15.3,0.0,0.28,Balaghat_MOIL
2025-01-17,26.3,15.3,0.0,0.279,Balaghat_MOIL
2025-01-18,27.4,12.0,0.0,0.277,Balaghat_MOIL
2025-01-19,27.6,11.5,0.0,0.268,Balaghat_MOIL
2025-01-20,28.6,11.4,0.0,0.261,Balaghat_MOIL
2025-01-21,29.1,12.8,0.0,0.255,Balaghat_MOIL
2025-01-22,29.3,11.7,0.0,0.25,Balaghat_MOIL
2025-01-23,29.4,13.6,0.0,0.247,Balaghat_MOIL
2025-01-24,29.3,16.2,0.0,0.241,Balaghat_MOIL
2025-01-25,28.9,15.3,0.0,0.242,Balaghat_MOIL
2025-01-26,28.5,14.2,0.0,0.24,Balaghat_MOIL
2025-01-27,28.1,13.3,0.0,0.239,Balaghat_MOIL
2025-01-28,29.4,12.5,0.0,0.239,Balaghat_MOIL
2025-01-29,30.3,14.2,0.0,0.238,Balaghat_MOIL
2025-01-30,31.6,18.5,0.0,0.238,Balaghat_MOIL
2025-01-31,30.8,17.1,0.0,0.238,Balaghat_MOIL
2025-02-01,32.0,18.5,0.0,0.238,Balaghat_MOIL
2025-02-02,31.7,18.6,0.0,0.238,Balaghat_MOIL
2025-02-03,32.9,17.7,0.0,0.238,Balaghat_MOIL
2025-02-04,33.2,17.8,0.0,0.238,Balaghat_MOIL
2025-02-05,32.6,19.9,0.0,0.237,Balaghat_MOIL
2025-02-06,30.2,19.2,0.0,0.237,Balaghat_MOIL
2025-02-07,29.4,16.9,0.0,0.237,Balaghat_MOIL
2025-02-08,30.8,16.6,0.0,0.237,Balaghat_MOIL
2025-02-09,31.5,13.8,0.0,0.237,Balaghat_MOIL
2025-02-10,33.3,15.9,0.0,0.237,Balaghat_MOIL
2025-02-11,33.3,18.8,0.0,0.237,Balaghat_MOIL
2025-02-12,32.7,17.8,0.0,0.237,Balaghat_MOIL
2025-02-13,29.9,18.1,0.0,0.237,Balaghat_MOIL
2025-02-14,30.6,14.8,0.0,0.237,Balaghat_MOIL
2025-02-15,32.1,13.8,0.0,0.237,Balaghat_MOIL
2025-02-16,34.0,18.1,0.0,0.237,Balaghat_MOIL
2025-02-17,33.2,16.6,0.0,0.237,Balaghat_MOIL
2025-02-18,33.2,18.0,0.0,0.237,Balaghat_MOIL
2025-02-19,32.9,18.5,0.0,0.237,Balaghat_MOIL
2025-02-20,33.2,18.2,0.0,0.237,Balaghat_MOIL
2025-02-21,32.9,17.4,0.0,0.237,Balaghat_MOIL
2025-02-22,32.2,18.3,0.0,0.237,Balaghat_MOIL
2025-02-23,31.5,17.2,0.0,0.237,Balaghat_MOIL
2025-02-24,31.8,16.9,0.0,0.237,Balaghat_MOIL
2025-02-25,32.3,17.7,0.0,0.237,Balaghat_MOIL
2025-02-26,33.8,17.7,0.0,0.237,Balaghat_MOIL
2025-02-27,33.7,17.9,0.0,0.237,Balaghat_MOIL
2025-02-28,34.8,19.6,0.0,0.237,Balaghat_MOIL
2025-03-01,35.0,19.7,0.0,0.237,Balaghat_MOIL
2025-03-02,35.7,20.2,0.0,0.237,Balaghat_MOIL
2025-03-03,34.7,20.7,0.0,0.25,Balaghat_MOIL
2025-03-04,36.4,18.4,0.0,0.237,Balaghat_MOIL
2025-03-05,30.9,19.6,0.0,0.236,Balaghat_MOIL
2025-03-06,32.1,15.4,0.0,0.236,Balaghat_MOIL
2025-03-07,33.6,15.2,0.0,0.236,Balaghat_MOIL
2025-03-08,35.8,15.6,0.0,0.236,Balaghat_MOIL
2025-03-09,35.4,18.9,0.0,0.236,Balaghat_MOIL
2025-03-10,35.8,19.6,0.0,0.236,Balaghat_MOIL
2025-03-11,36.8,19.6,0.0,0.236,Balaghat_MOIL
2025-03-12,38.7,19.1,0.0,0.236,Balaghat_MOIL
2025-03-13,40.2,21.8,0.0,0.236,Balaghat_MOIL
2025-03-14,39.7,21.9,0.0,0.235,Balaghat_MOIL
2025-03-15,38.3,21.9,0.0,0.235,Balaghat_MOIL
2025-03-16,37.9,23.8,0.0,0.235,Balaghat_MOIL
2025-03-17,37.8,23.5,0.0,0.235,Balaghat_MOIL
2025-03-18,36.9,22.7,0.0,0.235,Balaghat_MOIL
2025-03-19,38.1,21.9,0.0,0.234,Balaghat_MOIL
2025-03-20,37.7,24.9,0.0,0.234,Balaghat_MOIL
2025-03-21,36.9,24.4,0.1,0.234,Balaghat_MOIL
2025-03-22,34.0,21.6,0.0,0.236,Balaghat_MOIL
2025-03-23,35.5,21.1,0.0,0.262,Balaghat_MOIL
2025-03-24,35.8,18.5,0.0,0.263,Balaghat_MOIL
2025-03-25,36.7,18.3,0.0,0.27,Balaghat_MOIL
2025-03-26,38.0,18.3,0.0,0.258,Balaghat_MOIL
2025-03-27,40.2,22.1,0.0,0.24,Balaghat_MOIL
2025-03-28,40.1,23.0,0.0,0.231,Balaghat_MOIL
2025-03-29,39.1,23.8,0.0,0.229,Balaghat_MOIL
2025-03-30,39.9,24.2,0.0,0.229,Balaghat_MOIL
2025-03-31,39.1,24.5,0.0,0.228,Balaghat_MOIL
2025-04-01,38.2,22.6,0.0,0.228,Balaghat_MOIL
2025-04-02,36.2,24.9,0.0,0.228,Balaghat_MOIL
2025-04-03,32.3,23.8,2.2,0.246,Balaghat_MOIL
2025-04-04,36.8,23.1,0.0,0.263,Balaghat_MOIL
2025-04-05,38.3,22.2,0.0,0.274,Balaghat_MOIL
2025-04-06,39.9,20.8,0.0,0.27,Balaghat_MOIL
2025-04-07,40.1,20.3,0.0,0.266,Balaghat_MOIL
2025-04-08,39.3,22.9,0.0,0.257,Balaghat_MOIL
2025-04-09,38.5,25.4,0.0,0.226,Balaghat_MOIL
2025-04-10,39.0,25.9,0.1,0.228,Balaghat_MOIL
2025-04-11,40.3,24.2,0.0,0.226,Balaghat_MOIL
2025-04-12,38.8,24.4,0.0,0.227,Balaghat_MOIL
2025-04-13,39.4,22.7,0.0,0.227,Balaghat_MOIL
2025-04-14,37.5,23.2,0.0,0.227,Balaghat_MOIL
2025-04-15,39.1,24.5,0.0,0.227,Balaghat_MOIL
2025-04-16,37.9,25.7,0.0,0.227,Balaghat_MOIL
2025-04-17,39.2,25.3,0.0,0.201,Balaghat_MOIL
2025-04-18,41.1,26.4,0.0,0.207,Balaghat_MOIL
2025-04-19,40.8,27.6,0.0,0.203,Balaghat_MOIL
2025-04-20,42.4,25.6,0.0,0.203,Balaghat_MOIL
2025-04-21,42.2,26.3,0.0,0.207,Balaghat_MOIL
2025-04-22,43.3,26.4,0.0,0.207,Balaghat_MOIL
2025-04-23,41.7,24.8,0.0,0.206,Balaghat_MOIL
2025-04-24,41.5,23.8,0.0,0.206,Balaghat_MOIL
2025-04-25,41.5,24.4,0.0,0.206,Balaghat_MOIL
2025-04-26,41.6,27.1,0.0,0.206,Balaghat_MOIL
2025-04-27,37.7,26.4,0.0,0.212,Balaghat_MOIL
2025-04-28,38.9,25.0,0.0,0.234,Balaghat_MOIL
2025-04-29,38.1,24.8,0.2,0.267,Balaghat_MOIL
2025-04-30,39.0,25.2,0.0,0.307,Balaghat_MOIL
2025-05-01,38.3,25.5,0.5,0.306,Balaghat_MOIL
2025-05-02,37.9,23.0,0.0,0.269,Balaghat_MOIL
2025-05-03,37.2,23.5,4.1,0.277,Balaghat_MOIL
2025-05-04,37.4,22.5,0.7,0.295,Balaghat_MOIL
2025-05-05,36.9,22.2,2.6,0.304,Balaghat_MOIL
2025-05-06,37.0,22.3,0.0,0.294,Balaghat_MOIL
2025-05-07,36.8,24.2,0.0,0.296,Balaghat_MOIL
2025-05-08,37.7,23.6,0.0,0.269,Balaghat_MOIL
2025-05-09,38.1,24.7,0.0,0.252,Balaghat_MOIL
2025-05-10,40.0,25.9,0.5,0.246,Balaghat_MOIL
2025-05-11,39.8,27.3,0.1,0.245,Balaghat_MOIL
2025-05-12,38.5,26.3,0.3,0.252,Balaghat_MOIL
2025-05-13,39.4,28.1,0.2,0.258,Balaghat_MOIL
2025-05-14,38.9,27.7,0.1,0.261,Balaghat_MOIL
2025-05-15,39.2,27.5,0.0,0.243,Balaghat_MOIL
2025-05-16,39.8,27.5,0.0,0.24,Balaghat_MOIL
2025-05-17,40.1,27.2,0.1,0.235,Balaghat_MOIL
2025-05-18,39.1,27.5,0.0,0.244,Balaghat_MOIL
2025-05-19,40.0,26.7,2.4,0.252,Balaghat_MOIL
2025-05-20,39.9,26.8,0.0,0.251,Balaghat_MOIL
2025-05-21,39.4,26.3,0.3,0.253,Balaghat_MOIL
2025-05-22,31.1,24.7,0.0,0.269,Balaghat_MOIL
2025-05-23,35.4,25.5,0.1,0.268,Balaghat_MOIL
2025-05-24,31.9,26.0,2.9,0.281,Balaghat_MOIL
2025-05-25,33.9,24.9,4.5,0.406,Balaghat_MOIL
2025-05-26,34.2,24.8,1.4,0.428,Balaghat_MOIL
2025-05-27,35.9,25.3,9.6,0.414,Balaghat_MOIL
2025-05-28,36.9,25.8,0.1,0.426,Balaghat_MOIL
2025-05-29,37.1,26.0,0.2,0.418,Balaghat_MOIL
2025-05-30,36.6,26.9,1.5,0.41,Balaghat_MOIL
2025-05-31,37.2,26.6,0.0,0.397,Balaghat_MOIL
2025-06-01,37.4,24.1,0.0,0.393,Balaghat_MOIL
2025-06-02,36.2,23.8,0.7,0.369,Balaghat_MOIL
2025-06-03,35.6,25.0,0.0,0.342,Balaghat_MOIL
2025-06-04,32.3,24.7,4.1,0.321,Balaghat_MOIL
2025-06-05,35.9,24.0,0.0,0.307,Balaghat_MOIL
2025-06-06,38.5,24.6,0.0,0.29,Balaghat_MOIL
2025-06-07,37.5,23.6,0.0,0.27,Balaghat_MOIL
2025-06-08,40.4,26.3,0.0,0.27,Balaghat_MOIL
2025-06-09,41.5,26.0,0.0,0.265,Balaghat_MOIL
2025-06-10,42.0,27.0,0.1,0.263,Balaghat_MOIL
2025-06-11,38.7,27.2,0.0,0.258,Balaghat_MOIL
2025-06-12,38.6,27.2,0.2,0.246,Balaghat_MOIL
2025-06-13,37.5,27.9,0.2,0.231,Balaghat_MOIL
2025-06-14,38.1,26.9,0.0,0.218,Balaghat_MOIL
2025-06-15,37.2,27.5,0.0,0.236,Balaghat_MOIL
2025-06-16,34.5,26.3,3.9,0.293,Balaghat_MOIL
2025-06-17,30.9,25.6,12.5,0.394,Balaghat_MOIL
2025-06-18,34.6,27.2,0.0,0.407,Balaghat_MOIL
2025-06-19,30.8,25.1,27.8,0.454,Balaghat_MOIL
2025-06-20,28.9,23.6,18.6,0.489,Balaghat_MOIL
2025-06-21,33.0,25.5,1.1,0.463,Balaghat_MOIL
2025-06-22,30.6,24.7,9.1,0.473,Balaghat_MOIL
2025-06-23,33.2,24.8,10.8,0.482,Balaghat_MOIL
2025-06-24,30.2,24.4,47.0,0.51,Balaghat_MOIL
2025-06-25,31.5,24.1,6.3,0.496,Balaghat_MOIL
2025-06-26,29.6,24.7,11.5,0.508,Balaghat_MOIL
2025-06-27,30.4,24.0,20.0,0.503,Balaghat_MOIL
2025-06-28,30.0,24.6,17.3,0.502,Balaghat_MOIL
2025-06-29,28.6,23.8,20.4,0.503,Balaghat_MOIL
2025-06-30,28.0,23.4,37.2,0.511,Balaghat_MOIL
2025-07-01,28.4,23.2,55.2,0.507,Balaghat_MOIL
2025-07-02,29.2,23.3,17.1,0.503,Balaghat_MOIL
2025-07-03,29.6,23.9,40.2,0.506,Balaghat_MOIL
2025-07-04,26.8,23.9,47.4,0.508,Balaghat_MOIL
2025-07-05,28.2,24.1,12.0,0.505,Balaghat_MOIL
2025-07-06,26.2,24.1,53.1,0.508,Balaghat_MOIL
2025-07-07,28.4,23.6,91.9,0.507,Balaghat_MOIL
2025-07-08,29.1,23.6,35.2,0.506,Balaghat_MOIL
2025-07-09,29.7,23.4,28.2,0.505,Balaghat_MOIL
2025-07-10,31.4,23.6,6.4,0.491,Balaghat_MOIL
2025-07-11,31.0,23.4,18.1,0.5,Balaghat_MOIL
2025-07-12,32.0,23.5,12.7,0.498,Balaghat_MOIL
2025-07-13,30.8,24.6,5.7,0.494,Balaghat_MOIL
2025-07-14,30.9,24.3,1.0,0.487,Balaghat_MOIL
2025-07-15,30.5,25.0,5.1,0.492,Balaghat_MOIL
2025-07-16,29.2,24.7,7.6,0.502,Balaghat_MOIL
2025-07-17,29.0,24.5,10.6,0.501,Balaghat_MOIL
2025-07-18,31.4,24.4,1.3,0.49,Balaghat_MOIL
2025-07-19,33.1,23.8,0.0,0.467,Balaghat_MOIL
2025-07-20,31.9,24.0,4.8,0.459,Balaghat_MOIL
2025-07-21,32.1,24.6,17.3,0.492,Balaghat_MOIL
2025-07-22,30.7,25.0,11.2,0.492,Balaghat_MOIL
2025-07-23,31.5,24.4,49.5,0.505,Balaghat_MOIL
2025-07-24,27.1,24.7,17.6,0.507,Balaghat_MOIL
2025-07-25,27.2,23.7,40.3,0.506,Balaghat_MOIL
2025-07-26,27.8,24.1,48.2,0.506,Balaghat_MOIL
2025-07-27,30.7,23.7,5.2,0.5,Balaghat_MOIL
2025-07-28,28.8,24.5,10.6,0.501,Balaghat_MOIL
2025-07-29,26.6,23.8,35.8,0.506,Balaghat_MOIL
2025-07-30,30.3,23.4,2.5,0.493,Balaghat_MOIL
2025-07-31,31.1,22.8,3.0,0.484,Balaghat_MOIL
2025-08-01,32.4,23.2,0.5,0.466,Balaghat_MOIL
2025-08-02,31.4,24.7,0.2,0.479,Balaghat_MOIL
2025-08-03,31.2,24.0,1.6,0.47,Balaghat_MOIL
2025-08-04,32.9,24.0,0.4,0.445,Balaghat_MOIL
2025-08-05,32.2,24.5,2.7,0.429,Balaghat_MOIL
2025-08-06,32.4,24.4,5.6,0.39,Balaghat_MOIL
2025-08-07,32.1,24.8,1.8,0.396,Balaghat_MOIL
2025-08-08,29.5,23.6,6.8,0.447,Balaghat_MOIL
2025-08-09,30.5,23.5,2.5,0.463,Balaghat_MOIL
2025-08-10,31.2,23.5,2.8,0.446,Balaghat_MOIL
2025-08-11,31.2,23.8,3.8,0.439,Balaghat_MOIL
2025-08-12,30.7,24.0,6.3,0.42,Balaghat_MOIL
2025-08-13,29.6,24.2,49.0,0.502,Balaghat_MOIL
2025-08-14,31.5,23.9,8.3,0.487,Balaghat_MOIL
2025-08-15,28.7,24.1,16.4,0.496,Balaghat_MOIL
2025-08-16,31.1,23.7,28.9,0.496,Balaghat_MOIL
2025-08-17,31.4,24.7,0.5,0.48,Balaghat_MOIL
2025-08-18,30.9,24.8,24.8,0.49,Balaghat_MOIL
2025-08-19,30.7,24.0,28.2,0.506,Balaghat_MOIL
2025-08-20,27.8,23.9,13.8,0.507,Balaghat_MOIL
2025-08-21,29.5,23.5,21.7,0.503,Balaghat_MOIL
2025-08-22,26.4,23.8,23.2,0.503,Balaghat_MOIL
2025-08-23,27.0,23.6,20.7,0.506,Balaghat_MOIL
2025-08-24,28.2,23.1,23.6,0.504,Balaghat_MOIL
2025-08-25,29.4,23.2,14.9,0.503,Balaghat_MOIL
2025-08-26,29.4,23.2,11.5,0.496,Balaghat_MOIL
2025-08-27,29.9,23.6,6.8,0.499,Balaghat_MOIL
2025-08-28,29.2,23.5,9.2,0.495,Balaghat_MOIL
2025-08-29,30.9,23.9,1.9,0.477,Balaghat_MOIL
2025-08-30,30.0,24.3,3.1,0.48,Balaghat_MOIL
2025-08-31,30.1,24.3,13.9,0.496,Balaghat_MOIL
2025-09-01,30.0,24.2,42.5,0.506,Balaghat_MOIL
2025-09-02,30.2,23.3,26.8,0.504,Balaghat_MOIL
2025-09-03,28.2,23.1,28.8,0.504,Balaghat_MOIL
2025-09-04,28.3,23.9,13.3,0.497,Balaghat_MOIL
2025-09-05,30.1,23.2,1.0,0.486,Balaghat_MOIL
2025-09-06,30.2,23.8,3.4,0.456,Balaghat_MOIL
2025-09-07,29.5,23.1,12.2,0.44,Balaghat_MOIL
2025-09-08,29.9,23.0,2.6,0.449,Balaghat_MOIL
2025-09-09,31.0,23.5,5.2,0.449,Balaghat_MOIL
2025-09-10,31.8,24.2,3.6,0.451,Balaghat_MOIL
2025-09-11,30.0,24.8,9.4,0.475,Balaghat_MOIL
2025-09-12,31.4,24.0,11.7,0.494,Balaghat_MOIL
2025-09-13,30.3,23.8,40.1,0.502,Balaghat_MOIL
2025-09-14,30.2,23.7,5.2,0.49,Balaghat_MOIL
2025-09-15,29.4,24.0,20.1,0.492,Balaghat_MOIL
2025-09-16,30.0,24.4,7.3,0.498,Balaghat_MOIL
2025-09-17,28.7,24.4,2.0,0.487,Balaghat_MOIL
2025-09-18,29.7,23.5,5.1,0.488,Balaghat_MOIL
2025-09-19,31.1,23.1,0.3,0.466,Balaghat_MOIL
2025-09-20,31.3,23.6,2.9,0.441,Balaghat_MOIL
2025-09-21,32.0,24.3,0.2,0.423,Balaghat_MOIL
2025-09-22,32.8,23.6,0.0,0.393,Balaghat_MOIL
2025-09-23,31.8,22.6,0.1,0.378,Balaghat_MOIL
2025-09-24,31.7,24.1,7.4,0.38,Balaghat_MOIL
2025-09-25,29.0,23.2,10.6,0.48,Balaghat_MOIL
2025-09-26,31.9,24.5,10.8,0.48,Balaghat_MOIL
2025-09-27,29.8,24.2,17.5,0.499,Balaghat_MOIL
2025-09-28,30.0,23.8,2.4,0.485,Balaghat_MOIL
2025-09-29,30.1,23.2,0.8,0.468,Balaghat_MOIL
2025-09-30,31.1,23.0,3.1,0.452,Balaghat_MOIL
2025-10-01,31.1,22.8,6.8,0.469,Balaghat_MOIL
2025-10-02,30.5,23.4,8.5,0.473,Balaghat_MOIL
2025-10-03,28.1,23.9,1.9,0.476,Balaghat_MOIL
2025-10-04,31.0,24.2,1.4,0.474,Balaghat_MOIL
2025-10-05,29.9,23.2,15.3,0.494,Balaghat_MOIL
2025-10-06,29.0,23.3,7.2,0.497,Balaghat_MOIL
2025-10-07,30.3,21.4,7.0,0.482,Balaghat_MOIL
2025-10-08,30.5,22.3,0.0,0.439,Balaghat_MOIL
2025-10-09,30.4,22.6,0.4,0.403,Balaghat_MOIL
2025-10-10,28.8,21.7,1.6,0.391,Balaghat_MOIL
2025-10-11,29.0,21.5,0.3,0.382,Balaghat_MOIL
2025-10-12,29.2,19.8,0.2,0.36,Balaghat_MOIL
2025-10-13,29.2,20.7,0.7,0.353,Balaghat_MOIL
2025-10-14,30.5,21.0,0.1,0.34,Balaghat_MOIL
2025-10-15,30.9,21.7,0.1,0.321,Balaghat_MOIL
2025-10-16,30.3,20.9,0.1,0.294,Balaghat_MOIL
2025-10-17,30.6,20.7,0.0,0.294,Balaghat_MOIL
2025-10-18,31.2,20.7,0.1,0.291,Balaghat_MOIL
2025-10-19,31.3,18.4,0.0,0.286,Balaghat_MOIL
2025-10-20,30.4,18.0,0.8,0.311,Balaghat_MOIL
2025-10-21,31.5,22.4,0.2,0.364,Balaghat_MOIL
2025-10-22,31.7,22.1,0.0,0.351,Balaghat_MOIL
2025-10-23,32.1,20.8,0.1,0.332,Balaghat_MOIL
2025-10-24,31.9,21.6,0.0,0.308,Balaghat_MOIL
2025-10-25,27.3,22.8,3.8,0.31,Balaghat_MOIL
2025-10-26,27.8,21.9,9.9,0.381,Balaghat_MOIL
2025-10-27,30.7,21.4,0.0,0.444,Balaghat_MOIL
2025-10-28,29.0,23.5,1.2,0.44,Balaghat_MOIL
2025-10-29,29.7,24.3,3.5,0.447,Balaghat_MOIL
2025-10-30,25.8,22.9,14.9,0.485,Balaghat_MOIL
2025-10-31,29.0,22.4,13.1,0.497,Balaghat_MOIL
2025-11-01,30.0,22.0,0.2,0.486,Balaghat_MOIL
2025-11-02,29.5,22.0,1.0,0.465,Balaghat_MOIL
2025-11-03,30.3,21.4,0.2,0.448,Balaghat_MOIL
2025-11-04,29.8,19.4,0.0,0.427,Balaghat_MOIL
2025-11-05,29.1,20.6,0.0,0.41,Balaghat_MOIL
2025-11-06,29.7,20.6,0.0,0.397,Balaghat_MOIL
2025-11-07,29.0,18.0,0.0,0.385,Balaghat_MOIL
2025-11-08,27.6,15.5,0.0,0.372,Balaghat_MOIL
2025-11-09,26.6,13.3,0.0,0.354,Balaghat_MOIL
2025-11-10,27.1,11.4,0.0,0.336,Balaghat_MOIL
2025-11-11,27.1,11.9,0.0,0.32,Balaghat_MOIL
2025-11-12,27.7,11.7,0.0,0.311,Balaghat_MOIL
2025-11-13,28.0,12.9,0.0,0.302,Balaghat_MOIL
2025-11-14,27.9,11.5,0.0,0.294,Balaghat_MOIL
2025-11-15,27.4,12.2,0.0,0.289,Balaghat_MOIL
2025-11-16,26.7,12.4,0.0,0.288,Balaghat_MOIL
2025-11-17,25.9,12.3,0.0,0.279,Balaghat_MOIL
2025-11-18,25.8,11.9,0.0,0.261,Balaghat_MOIL
2025-11-19,26.5,11.6,0.0,0.254,Balaghat_MOIL
2025-11-20,27.4,12.9,0.0,0.249,Balaghat_MOIL
2025-11-21,28.2,14.2,0.0,0.248,Balaghat_MOIL
2025-11-22,28.4,14.0,0.0,0.25,Balaghat_MOIL
2025-11-23,28.6,15.2,0.0,0.258,Balaghat_MOIL
2025-11-24,28.7,16.4,0.0,0.261,Balaghat_MOIL
2025-11-25,28.1,16.1,0.0,0.27,Balaghat_MOIL
2025-11-26,28.1,17.0,0.0,0.282,Balaghat_MOIL
2025-11-27,28.4,15.9,0.0,0.28,Balaghat_MOIL
2025-11-28,25.9,11.8,0.0,0.272,Balaghat_MOIL
2025-11-29,26.3,11.4,0.0,0.259,Balaghat_MOIL
2025-11-30,26.3,12.0,0.0,0.253,Balaghat_MOIL
2025-12-01,26.9,13.8,0.0,0.254,Balaghat_MOIL
2025-12-02,27.5,13.9,0.0,0.254,Balaghat_MOIL
2025-12-03,27.1,12.8,0.0,0.249,Balaghat_MOIL
2025-12-04,27.1,12.4,0.0,0.246,Balaghat_MOIL
2025-12-05,26.6,12.2,0.0,0.244,Balaghat_MOIL
2025-12-06,25.7,11.3,0.0,0.242,Balaghat_MOIL
2025-12-07,28.0,10.2,0.0,0.241,Balaghat_MOIL
2025-12-08,28.6,10.9,0.0,0.24,Balaghat_MOIL
2025-12-09,28.3,11.0,0.0,0.244,Balaghat_MOIL
2025-12-10,27.3,11.4,0.0,0.247,Balaghat_MOIL
2025-12-11,27.0,10.0,0.0,0.242,Balaghat_MOIL
2025-12-12,27.0,10.5,0.0,0.238,Balaghat_MOIL
2025-12-13,26.8,10.5,0.0,0.238,Balaghat_MOIL
2025-12-14,25.9,10.8,0.0,0.238,Balaghat_MOIL
2025-12-15,25.6,11.2,0.0,0.238,Balaghat_MOIL
2025-12-16,25.9,11.1,0.0,0.238,Balaghat_MOIL
2025-12-17,28.0,10.1,0.0,0.238,Balaghat_MOIL
2025-12-18,27.1,11.0,0.0,0.238,Balaghat_MOIL
2025-12-19,25.3,10.3,0.0,0.238,Balaghat_MOIL
2025-12-20,26.4,10.2,0.0,0.238,Balaghat_MOIL
2025-12-21,26.3,9.4,0.0,0.238,Balaghat_MOIL
2025-12-22,26.7,10.9,0.0,0.238,Balaghat_MOIL
2025-12-23,27.4,11.1,0.0,0.238,Balaghat_MOIL
2025-12-24,27.0,11.2,0.0,0.238,Balaghat_MOIL
2025-12-25,26.2,11.8,0.0,0.238,Balaghat_MOIL
2025-12-26,25.9,10.8,0.0,0.238,Balaghat_MOIL
2025-12-27,25.6,10.1,0.0,0.238,Balaghat_MOIL
2025-12-28,26.0,8.9,0.0,0.238,Balaghat_MOIL
2025-12-29,26.4,9.5,0.0,0.238,Balaghat_MOIL
2025-12-30,26.7,9.1,0.0,0.238,Balaghat_MOIL
2025-12-31,26.7,12.2,0.0,0.238,Balaghat_MOIL
2026-01-01,26.7,11.3,0.0,0.238,Balaghat_MOIL
2026-01-02,27.2,12.4,0.0,0.236,Balaghat_MOIL
2026-01-03,26.9,13.7,0.0,0.236,Balaghat_MOIL
2026-01-04,26.3,14.1,0.0,0.237,Balaghat_MOIL
2026-01-05,24.7,12.1,0.0,0.238,Balaghat_MOIL
2026-01-06,25.5,8.5,0.0,0.237,Balaghat_MOIL
2026-01-07,26.6,9.6,0.0,0.237,Balaghat_MOIL
2026-01-08,26.2,11.3,0.0,0.237,Balaghat_MOIL
2026-01-09,26.7,11.4,0.0,0.237,Balaghat_MOIL
2026-01-10,26.9,9.5,0.0,0.237,Balaghat_MOIL
2026-01-11,26.8,10.4,0.0,0.237,Balaghat_MOIL
2026-01-12,26.9,12.2,0.0,0.237,Balaghat_MOIL
2026-01-13,27.1,12.2,0.0,0.237,Balaghat_MOIL
2026-01-14,27.2,11.4,0.0,0.237,Balaghat_MOIL
2026-01-15,27.0,12.6,0.0,0.237,Balaghat_MOIL
2026-01-16,27.5,10.2,0.0,0.237,Balaghat_MOIL
2026-01-17,29.0,10.8,0.0,0.237,Balaghat_MOIL
2026-01-18,29.0,13.1,0.0,0.237,Balaghat_MOIL
2026-01-19,29.0,15.0,0.0,0.237,Balaghat_MOIL
2026-01-20,29.2,15.8,0.0,0.237,Balaghat_MOIL
2026-01-21,27.9,14.3,0.0,0.237,Balaghat_MOIL
2026-01-22,28.0,14.0,0.0,0.237,Balaghat_MOIL
2026-01-23,28.8,15.6,0.0,0.237,Balaghat_MOIL
2026-01-24,28.1,15.7,0.0,0.237,Balaghat_MOIL
2026-01-25,28.4,13.1,0.0,0.237,Balaghat_MOIL
2026-01-26,28.8,13.9,0.0,0.237,Balaghat_MOIL
2026-01-27,29.4,15.7,0.0,0.237,Balaghat_MOIL
2026-01-28,27.8,16.4,0.0,0.237,Balaghat_MOIL
2026-01-29,27.8,16.6,0.0,0.237,Balaghat_MOIL
2026-01-30,28.6,14.4,0.0,0.237,Balaghat_MOIL
2026-01-31,30.6,14.1,0.0,0.237,Balaghat_MOIL
2026-02-01,29.9,15.2,0.0,0.237,Balaghat_MOIL
2026-02-02,29.9,15.7,0.0,0.237,Balaghat_MOIL
2026-02-03,29.9,15.4,0.0,0.237,Balaghat_MOIL
2026-02-04,29.3,16.5,0.0,0.237,Balaghat_MOIL
2026-02-05,29.4,15.6,0.0,0.237,Balaghat_MOIL
2026-02-06,29.7,15.7,0.0,0.237,Balaghat_MOIL
2026-02-07,29.0,15.2,0.0,0.237,Balaghat_MOIL
2026-02-08,29.0,13.6,0.0,0.237,Balaghat_MOIL
2026-02-09,29.2,13.4,0.0,0.237,Balaghat_MOIL
2026-02-10,30.7,13.4,0.0,0.237,Balaghat_MOIL
2026-02-11,31.8,15.8,0.0,0.237,Balaghat_MOIL
2026-02-12,31.0,16.7,0.0,0.237,Balaghat_MOIL
2026-02-13,30.8,15.2,0.0,0.237,Balaghat_MOIL
2026-02-14,31.9,16.5,0.0,0.237,Balaghat_MOIL
2026-02-15,31.6,16.9,0.0,0.237,Balaghat_MOIL
2026-02-16,31.7,16.2,0.0,0.237,Balaghat_MOIL
2026-02-17,32.3,15.2,0.0,0.237,Balaghat_MOIL
2026-02-18,31.3,16.8,0.0,0.237,Balaghat_MOIL
2026-02-19,31.6,15.4,0.0,0.237,Balaghat_MOIL
2026-02-20,32.6,16.6,0.0,0.237,Balaghat_MOIL
2026-02-21,32.7,17.0,0.0,0.237,Balaghat_MOIL
2026-02-22,33.3,16.9,0.0,0.253,Balaghat_MOIL
2026-02-23,30.6,18.1,0.0,0.25,Balaghat_MOIL
2026-02-24,31.5,17.6,0.0,0.243,Balaghat_MOIL
2026-02-25,31.6,16.9,0.0,0.24,Balaghat_MOIL
2026-02-26,33.8,16.0,0.0,0.238,Balaghat_MOIL
2026-02-27,33.3,17.2,0.0,0.237,Balaghat_MOIL
2026-02-28,33.4,19.7,0.0,0.237,Balaghat_MOIL
2026-03-01,35.1,21.6,0.0,0.237,Balaghat_MOIL
2026-03-02,34.2,19.8,0.0,0.237,Balaghat_MOIL
2026-03-03,34.5,17.3,0.0,0.237,Balaghat_MOIL
2026-03-04,36.1,18.9,0.0,0.237,Balaghat_MOIL
2026-03-05,36.4,19.9,0.0,0.237,Balaghat_MOIL
2026-03-06,36.8,22.2,0.0,0.236,Balaghat_MOIL
2026-03-07,36.3,19.5,0.0,0.235,Balaghat_MOIL
2026-03-08,37.5,20.2,0.0,0.236,Balaghat_MOIL
2026-03-09,38.3,20.4,0.0,0.236,Balaghat_MOIL
2026-03-10,38.2,21.9,0.0,0.236,Balaghat_MOIL
2026-03-11,37.5,20.8,0.0,0.236,Balaghat_MOIL
2026-03-12,37.8,20.5,0.0,0.235,Balaghat_MOIL
2026-03-13,37.8,21.0,0.0,0.235,Balaghat_MOIL
2026-03-14,38.1,22.0,0.0,0.235,Balaghat_MOIL
2026-03-15,37.4,23.3,0.0,0.235,Balaghat_MOIL
2026-03-16,36.4,22.7,0.0,0.235,Balaghat_MOIL
2026-03-17,36.0,23.8,0.0,0.238,Balaghat_MOIL
2026-03-18,33.4,22.8,0.0,0.245,Balaghat_MOIL
2026-03-19,34.2,20.5,0.0,0.243,Balaghat_MOIL
2026-03-20,32.0,20.4,0.4,0.246,Balaghat_MOIL
2026-03-21,31.9,19.3,0.0,0.233,Balaghat_MOIL
2026-03-22,32.8,19.2,0.0,0.231,Balaghat_MOIL
2026-03-23,34.6,19.4,0.0,0.246,Balaghat_MOIL
2026-03-24,35.2,21.4,0.0,0.251,Balaghat_MOIL
2026-03-25,35.9,21.0,0.0,0.243,Balaghat_MOIL
2026-03-26,36.9,21.6,0.0,0.239,Balaghat_MOIL
2026-03-27,38.8,23.8,0.0,0.237,Balaghat_MOIL
2026-03-28,38.6,22.9,0.0,0.237,Balaghat_MOIL
2026-03-29,39.1,23.1,0.0,0.233,Balaghat_MOIL
2026-03-30,38.5,23.8,0.2,0.234,Balaghat_MOIL
2026-03-31,34.7,22.0,1.7,0.251,Balaghat_MOIL
2026-04-01,36.6,24.1,0.0,0.264,Balaghat_MOIL
2026-04-02,34.6,23.6,0.0,0.274,Balaghat_MOIL
2026-04-03,36.1,24.4,0.0,0.291,Balaghat_MOIL
2026-04-04,33.8,21.7,0.0,0.272,Balaghat_MOIL
2026-04-05,34.1,23.0,0.0,0.263,Balaghat_MOIL
2026-04-06,35.2,22.6,0.0,0.27,Balaghat_MOIL
2026-04-07,35.5,20.5,0.0,0.255,Balaghat_MOIL
2026-04-08,34.7,20.8,0.0,0.237,Balaghat_MOIL
2026-04-09,34.6,22.1,0.0,0.245,Balaghat_MOIL
2026-04-10,35.5,22.0,0.0,0.237,Balaghat_MOIL
2026-04-11,36.3,20.4,0.0,0.224,Balaghat_MOIL
2026-04-12,38.1,19.0,0.0,0.221,Balaghat_MOIL
2026-04-13,38.6,22.9,0.0,0.221,Balaghat_MOIL
2026-04-14,39.1,23.6,0.0,0.22,Balaghat_MOIL
2026-04-15,40.9,24.9,0.0,0.22,Balaghat_MOIL
2026-04-16,40.2,23.5,0.0,0.22,Balaghat_MOIL
2026-04-17,40.7,23.6,0.0,0.228,Balaghat_MOIL
2026-04-18,41.2,24.6,0.0,0.219,Balaghat_MOIL
2026-04-19,40.6,26.6,0.0,0.219,Balaghat_MOIL
2026-04-20,41.1,27.0,0.0,0.219,Balaghat_MOIL
2026-04-21,40.6,26.2,0.0,0.218,Balaghat_MOIL
2026-04-22,39.1,25.6,0.0,0.223,Balaghat_MOIL
2026-04-23,40.6,23.7,0.0,0.219,Balaghat_MOIL
2026-04-24,40.8,25.5,0.0,0.217,Balaghat_MOIL
2026-04-25,42.5,25.8,0.0,0.217,Balaghat_MOIL
2026-04-26,41.9,27.3,0.0,0.217,Balaghat_MOIL
2026-04-27,40.4,27.6,0.0,0.217,Balaghat_MOIL
2026-04-28,42.6,25.1,0.0,0.231,Balaghat_MOIL
2026-04-29,41.4,27.7,0.0,0.226,Balaghat_MOIL
2026-04-30,40.3,25.6,0.0,0.226,Balaghat_MOIL
2026-05-01,38.7,24.2,0.0,0.225,Balaghat_MOIL
2026-05-02,40.2,25.5,0.4,0.225,Balaghat_MOIL
2026-05-03,39.1,23.0,0.0,0.226,Balaghat_MOIL
2026-05-04,40.0,26.7,0.0,0.225,Balaghat_MOIL
2026-05-05,38.0,26.1,0.0,0.224,Balaghat_MOIL
2026-05-06,35.9,23.5,0.0,0.228,Balaghat_MOIL
2026-05-07,36.9,22.1,0.0,0.237,Balaghat_MOIL
2026-05-08,37.2,23.1,0.0,0.25,Balaghat_MOIL
2026-05-09,37.5,23.7,0.7,0.247,Balaghat_MOIL
2026-05-10,36.7,23.3,0.0,0.242,Balaghat_MOIL
2026-05-11,38.3,25.7,0.0,0.254,Balaghat_MOIL
2026-05-12,39.7,28.2,2.0,0.263,Balaghat_MOIL
2026-05-13,39.9,27.9,0.1,0.273,Balaghat_MOIL
2026-05-14,39.3,27.5,0.1,0.256,Balaghat_MOIL
2026-05-15,39.2,29.2,0.3,0.244,Balaghat_MOIL
2026-05-16,39.6,29.3,0.0,0.253,Balaghat_MOIL
2026-05-17,39.6,27.6,0.0,0.242,Balaghat_MOIL
2026-05-18,40.6,28.5,0.0,0.238,Balaghat_MOIL
2026-05-19,41.1,29.7,0.1,0.238,Balaghat_MOIL
2026-05-20,43.0,29.7,0.0,0.238,Balaghat_MOIL
2026-05-21,42.9,31.2,0.0,0.237,Balaghat_MOIL
2026-05-22,42.8,29.6,0.0,0.237,Balaghat_MOIL
2026-05-23,43.0,28.3,0.0,0.236,Balaghat_MOIL
2026-05-24,42.6,28.3,0.0,0.236,Balaghat_MOIL
2026-05-25,43.6,27.8,0.0,0.236,Balaghat_MOIL
2026-05-26,43.0,29.5,0.0,0.235,Balaghat_MOIL
2026-05-27,43.6,29.2,0.0,0.235,Balaghat_MOIL
2026-05-28,43.8,31.1,0.0,0.235,Balaghat_MOIL
2026-05-29,41.3,28.2,0.1,0.235,Balaghat_MOIL
2026-05-30,38.9,25.4,3.6,0.243,Balaghat_MOIL
2026-05-31,38.6,24.6,0.0,0.234,Balaghat_MOIL
2026-06-01,37.9,26.6,0.0,0.252,Balaghat_MOIL
2026-06-02,38.2,27.2,0.0,0.244,Balaghat_MOIL
2026-06-03,38.5,28.0,0.1,0.239,Balaghat_MOIL
2026-06-04,39.1,24.6,4.1,0.242,Balaghat_MOIL
2026-06-05,37.0,27.8,0.0,0.26,Balaghat_MOIL
2026-06-06,37.2,28.0,0.2,0.247,Balaghat_MOIL
2026-06-07,38.6,27.9,0.0,0.241,Balaghat_MOIL
2026-06-08,40.3,29.9,1.1,0.24,Balaghat_MOIL
2026-06-09,40.3,25.7,1.5,0.251,Balaghat_MOIL
2026-06-10,40.2,29.5,0.7,0.253,Balaghat_MOIL
2026-06-11,39.7,27.2,0.1,0.256,Balaghat_MOIL
2026-06-12,38.4,28.1,0.2,0.249,Balaghat_MOIL
2026-06-13,35.2,26.8,0.2,0.27,Balaghat_MOIL
2026-06-14,36.9,23.7,10.6,0.314,Balaghat_MOIL
2026-06-15,37.1,26.9,0.0,0.303,Balaghat_MOIL
2026-06-16,38.5,27.7,0.2,0.268,Balaghat_MOIL
2026-06-17,37.7,26.7,0.8,0.255,Balaghat_MOIL
2026-06-18,35.9,26.8,3.1,0.277,Balaghat_MOIL
2026-06-19,36.2,25.7,0.8,0.327,Balaghat_MOIL
2026-06-20,38.3,26.2,0.1,0.295,Balaghat_MOIL
2026-06-21,38.0,28.1,0.8,0.248,Balaghat_MOIL
2026-06-22,36.0,26.7,1.7,0.258,Balaghat_MOIL
2026-06-23,34.5,25.3,6.5,0.307,Balaghat_MOIL
2026-06-24,34.2,24.6,3.4,0.266,Balaghat_MOIL
2026-06-25,35.2,25.8,1.2,0.163,Balaghat_MOIL
2026-06-26,35.2,27.3,4.0,0.174,Balaghat_MOIL
2026-06-27,36.3,26.8,4.1,0.205,Balaghat_MOIL
2026-06-28,35.5,26.7,0.4,0.219,Balaghat_MOIL
2026-06-29,33.6,25.5,5.3,0.318,Balaghat_MOIL
2026-06-30,30.0,25.1,30.7,0.428,Balaghat_MOIL
2026-07-01,29.4,24.1,27.1,0.489,Balaghat_MOIL
2026-07-02,27.6,24.1,35.3,0.501,Balaghat_MOIL
2026-07-03,29.6,24.6,30.3,0.512,Balaghat_MOIL
2026-07-04,30.9,24.4,18.8,0.505,Balaghat_MOIL
2026-07-05,31.5,24.7,12.7,0.505,Balaghat_MOIL
2026-07-06,29.5,25.2,25.9,0.509,Balaghat_MOIL
2026-07-07,30.3,24.7,17.4,0.506,Balaghat_MOIL
2026-07-08,30.4,24.6,9.2,0.507,Balaghat_MOIL
2026-07-09,32.1,24.5,16.9,0.504,Balaghat_MOIL
2026-07-10,33.1,24.2,6.4,0.496,Balaghat_MOIL
2026-07-11,32.6,25.1,1.3,0.485,Balaghat_MOIL
2026-07-12,33.0,25.5,0.5,0.462,Balaghat_MOIL
2026-07-13,33.8,25.5,0.9,0.442,Balaghat_MOIL
2026-07-14,34.0,25.9,1.1,0.418,Balaghat_MOIL
2026-07-15,32.3,26.3,0.1,0.397,Balaghat_MOIL
2026-07-16,32.4,25.9,15.8,0.425,Balaghat_MOIL
2026-07-17,28.1,24.4,34.9,0.511,Balaghat_MOIL
2026-07-18,30.7,24.0,14.2,0.51,Balaghat_MOIL
2026-07-19,32.1,24.3,13.3,0.501,Balaghat_MOIL
2026-07-20,29.8,24.4,15.7,0.508,Balaghat_MOIL
2026-07-21,26.2,24.1,46.4,0.51,Balaghat_MOIL
2026-07-22,26.5,23.8,16.7,0.507,Balaghat_MOIL
2026-07-23,27.4,23.5,10.7,0.504,Balaghat_MOIL
2026-07-24,30.5,23.9,3.8,0.497,Balaghat_MOIL
2026-07-25,31.7,24.2,1.3,0.474,Balaghat_MOIL
2026-07-26,31.8,24.9,4.1,0.474,Balaghat_MOIL
2026-07-27,32.1,24.3,20.2,0.505,Balaghat_MOIL
2026-07-28,30.7,24.2,16.1,0.504,Balaghat_MOIL
2026-07-29,30.5,24.5,41.2,0.509,Balaghat_MOIL
2026-07-30,30.9,24.9,3.9,0.5,Balaghat_MOIL
2026-07-31,29.2,24.6,3.1,0.5,Balaghat_MOIL
2026-08-01,30.4,24.7,3.0,0.495,Balaghat_MOIL
2026-08-02,32.0,25.5,1.7,0.483,Balaghat_MOIL
2026-08-03,31.9,25.9,0.9,0.469,Balaghat_MOIL
2026-08-04,30.9,24.8,9.3,0.493,Balaghat_MOIL
2026-08-05,30.8,23.8,10.9,0.504,Balaghat_MOIL
2026-08-06,30.6,23.7,10.2,0.495,Balaghat_MOIL
2026-08-07,28.0,24.0,13.5,0.507,Balaghat_MOIL
2026-08-08,30.3,24.2,21.0,0.508,Balaghat_MOIL
2026-08-09,27.5,23.7,38.0,0.509,Balaghat_MOIL
2026-08-10,30.8,24.0,10.3,0.5,Balaghat_MOIL
2026-08-11,29.0,23.6,3.5,0.502,Balaghat_MOIL
2026-08-12,29.6,24.1,7.8,0.503,Balaghat_MOIL
2026-08-13,29.8,24.4,4.2,0.502,Balaghat_MOIL
2026-08-14,29.6,24.7,4.4,0.5,Balaghat_MOIL
2026-08-15,29.1,24.0,28.2,0.507,Balaghat_MOIL
2026-08-16,28.6,24.6,9.5,0.504,Balaghat_MOIL
2026-08-17,28.3,24.0,16.1,0.503,Balaghat_MOIL
2026-08-18,27.2,24.2,10.4,0.502,Balaghat_MOIL
2026-08-19,26.7,24.2,24.2,0.505,Balaghat_MOIL
2026-08-20,29.9,24.3,13.9,0.503,Balaghat_MOIL
2026-08-21,28.5,24.2,13.8,0.507,Balaghat_MOIL
2026-08-22,27.7,24.0,27.7,0.506,Balaghat_MOIL
2026-08-23,29.5,23.9,7.0,0.5,Balaghat_MOIL
2026-08-24,28.1,24.3,18.6,0.504,Balaghat_MOIL
2026-08-25,29.6,23.9,27.2,0.503,Balaghat_MOIL
2026-08-26,30.6,24.2,8.2,0.5,Balaghat_MOIL
2026-08-27,29.6,24.3,32.1,0.505,Balaghat_MOIL
2026-08-28,30.3,23.5,5.4,0.501,Balaghat_MOIL
2026-08-29,27.3,24.4,52.8,0.505,Balaghat_MOIL
2026-08-30,28.3,24.1,1.7,0.498,Balaghat_MOIL
2026-08-31,28.0,23.7,5.9,0.499,Balaghat_MOIL
2026-09-01,29.2,23.4,2.2,0.487,Balaghat_MOIL
2023-09-02,34.7,26.2,0.5,0.256,Dhanbad_Coal
2023-09-03,33.5,25.8,10.7,0.318,Dhanbad_Coal
2023-09-04,29.7,24.0,29.2,0.396,Dhanbad_Coal
2023-09-05,30.5,23.6,6.6,0.398,Dhanbad_Coal
2023-09-06,31.1,24.9,6.6,0.376,Dhanbad_Coal
2023-09-07,30.4,25.0,15.0,0.38,Dhanbad_Coal
2023-09-08,28.8,24.1,26.5,0.428,Dhanbad_Coal
2023-09-09,30.7,24.4,13.0,0.42,Dhanbad_Coal
2023-09-10,32.4,24.7,2.8,0.389,Dhanbad_Coal
2023-09-11,32.6,24.9,4.1,0.361,Dhanbad_Coal
2023-09-12,32.7,25.2,0.6,0.339,Dhanbad_Coal
2023-09-13,31.4,25.4,2.2,0.337,Dhanbad_Coal
2023-09-14,30.5,25.1,21.3,0.378,Dhanbad_Coal
2023-09-15,30.6,25.1,9.8,0.4,Dhanbad_Coal
2023-09-16,31.0,25.1,3.4,0.403,Dhanbad_Coal
2023-09-17,32.3,24.3,0.0,0.382,Dhanbad_Coal
2023-09-18,32.1,24.4,5.7,0.379,Dhanbad_Coal
2023-09-19,30.3,24.5,15.5,0.389,Dhanbad_Coal
2023-09-20,30.6,24.6,16.2,0.409,Dhanbad_Coal
2023-09-21,28.2,24.0,30.3,0.427,Dhanbad_Coal
2023-09-22,28.3,24.0,22.1,0.43,Dhanbad_Coal
2023-09-23,29.7,24.2,42.1,0.426,Dhanbad_Coal
2023-09-24,30.4,24.2,11.7,0.42,Dhanbad_Coal
2023-09-25,29.4,23.8,11.4,0.418,Dhanbad_Coal
2023-09-26,30.4,24.0,9.2,0.412,Dhanbad_Coal
2023-09-27,31.6,24.1,0.9,0.392,Dhanbad_Coal
2023-09-28,32.1,23.9,6.8,0.387,Dhanbad_Coal
2023-09-29,32.6,25.5,2.4,0.372,Dhanbad_Coal
2023-09-30,29.4,24.6,40.1,0.423,Dhanbad_Coal
2023-10-01,27.4,24.1,62.3,0.433,Dhanbad_Coal
2023-10-02,29.5,24.3,14.7,0.424,Dhanbad_Coal
2023-10-03,28.2,23.6,38.2,0.43,Dhanbad_Coal
2023-10-04,27.2,23.7,16.1,0.428,Dhanbad_Coal
2023-10-05,30.0,24.2,4.4,0.408,Dhanbad_Coal
2023-10-06,30.9,24.0,0.5,0.381,Dhanbad_Coal
2023-10-07,32.0,23.6,0.1,0.36,Dhanbad_Coal
2023-10-08,32.2,23.4,0.2,0.343,Dhanbad_Coal
2023-10-09,33.5,22.3,0.0,0.329,Dhanbad_Coal
2023-10-10,33.4,22.9,0.0,0.31,Dhanbad_Coal
2023-10-11,33.8,22.7,0.0,0.29,Dhanbad_Coal
2023-10-12,32.7,21.0,0.0,0.279,Dhanbad_Coal
2023-10-13,31.8,21.1,0.0,0.261,Dhanbad_Coal
2023-10-14,32.7,21.6,0.0,0.255,Dhanbad_Coal
2023-10-15,31.3,19.6,0.2,0.258,Dhanbad_Coal
2023-10-16,32.1,20.8,0.0,0.252,Dhanbad_Coal
2023-10-17,31.5,21.5,0.2,0.242,Dhanbad_Coal
2023-10-18,30.0,20.2,0.2,0.237,Dhanbad_Coal
2023-10-19,30.0,19.6,0.0,0.228,Dhanbad_Coal
2023-10-20,30.2,19.4,0.0,0.211,Dhanbad_Coal
2023-10-21,29.6,17.3,0.0,0.204,Dhanbad_Coal
2023-10-22,29.9,19.0,0.0,0.201,Dhanbad_Coal
2023-10-23,30.0,20.6,0.0,0.2,Dhanbad_Coal
2023-10-24,29.9,22.2,1.2,0.193,Dhanbad_Coal
2023-10-25,30.5,20.4,0.5,0.184,Dhanbad_Coal
2023-10-26,30.5,19.6,0.0,0.176,Dhanbad_Coal
2023-10-27,30.2,18.2,0.0,0.17,Dhanbad_Coal
2023-10-28,30.1,17.9,0.0,0.164,Dhanbad_Coal
2023-10-29,29.9,18.2,0.0,0.164,Dhanbad_Coal
2023-10-30,30.1,18.2,0.0,0.159,Dhanbad_Coal
2023-10-31,30.5,19.4,0.0,0.158,Dhanbad_Coal
2023-11-01,30.8,19.9,0.0,0.16,Dhanbad_Coal
2023-11-02,31.0,20.4,0.0,0.164,Dhanbad_Coal
2023-11-03,28.5,20.7,4.9,0.188,Dhanbad_Coal
2023-11-04,28.6,19.7,2.3,0.202,Dhanbad_Coal
2023-11-05,30.4,19.2,0.0,0.184,Dhanbad_Coal
2023-11-06,29.2,17.5,0.0,0.179,Dhanbad_Coal
2023-11-07,29.5,16.1,0.0,0.178,Dhanbad_Coal
2023-11-08,29.0,16.3,0.0,0.176,Dhanbad_Coal
2023-11-09,30.4,15.9,0.0,0.172,Dhanbad_Coal
2023-11-10,30.2,17.4,0.0,0.168,Dhanbad_Coal
2023-11-11,30.5,16.8,0.0,0.167,Dhanbad_Coal
2023-11-12,29.5,18.3,0.0,0.167,Dhanbad_Coal
2023-11-13,29.3,18.8,0.0,0.167,Dhanbad_Coal
2023-11-14,28.8,16.8,0.0,0.167,Dhanbad_Coal
2023-11-15,28.4,16.8,0.0,0.166,Dhanbad_Coal
2023-11-16,29.0,19.2,0.0,0.165,Dhanbad_Coal
2023-11-17,29.1,20.6,0.3,0.162,Dhanbad_Coal
2023-11-18,29.0,19.1,0.7,0.163,Dhanbad_Coal
2023-11-19,29.0,18.3,0.0,0.161,Dhanbad_Coal
2023-11-20,28.6,16.8,0.0,0.16,Dhanbad_Coal
2023-11-21,28.7,17.6,0.0,0.161,Dhanbad_Coal
2023-11-22,27.7,16.3,0.0,0.161,Dhanbad_Coal
2023-11-23,27.5,14.0,0.0,0.16,Dhanbad_Coal
2023-11-24,27.6,15.3,0.0,0.161,Dhanbad_Coal
2023-11-25,27.5,14.7,0.0,0.159,Dhanbad_Coal
2023-11-26,27.3,13.7,0.0,0.16,Dhanbad_Coal
2023-11-27,27.2,15.6,0.0,0.162,Dhanbad_Coal
2023-11-28,27.7,16.7,0.0,0.16,Dhanbad_Coal
2023-11-29,28.5,18.9,0.0,0.159,Dhanbad_Coal
2023-11-30,28.9,18.2,0.0,0.159,Dhanbad_Coal
2023-12-01,28.9,19.0,0.0,0.154,Dhanbad_Coal
2023-12-02,29.7,19.9,0.0,0.147,Dhanbad_Coal
2023-12-03,29.9,19.2,0.0,0.144,Dhanbad_Coal
2023-12-04,28.7,18.5,0.0,0.146,Dhanbad_Coal
2023-12-05,23.2,20.1,2.7,0.172,Dhanbad_Coal
2023-12-06,22.1,18.4,11.1,0.221,Dhanbad_Coal
2023-12-07,18.9,17.2,26.7,0.407,Dhanbad_Coal
2023-12-08,24.9,15.2,0.0,0.383,Dhanbad_Coal
2023-12-09,25.4,14.4,0.0,0.364,Dhanbad_Coal
2023-12-10,24.4,12.3,0.0,0.349,Dhanbad_Coal
2023-12-11,23.7,10.9,0.0,0.335,Dhanbad_Coal
2023-12-12,23.4,9.6,0.0,0.323,Dhanbad_Coal
2023-12-13,24.3,10.8,0.0,0.313,Dhanbad_Coal
2023-12-14,24.4,10.9,0.0,0.304,Dhanbad_Coal
2023-12-15,23.5,9.4,0.0,0.298,Dhanbad_Coal
2023-12-16,23.6,10.3,0.0,0.292,Dhanbad_Coal
2023-12-17,23.6,8.1,0.0,0.284,Dhanbad_Coal
2023-12-18,23.0,10.5,0.0,0.278,Dhanbad_Coal
2023-12-19,22.7,10.2,0.0,0.27,Dhanbad_Coal
2023-12-20,23.2,11.8,0.0,0.261,Dhanbad_Coal
2023-12-21,23.6,10.4,0.0,0.25,Dhanbad_Coal
2023-12-22,24.0,10.7,0.0,0.241,Dhanbad_Coal
2023-12-23,25.1,15.8,0.0,0.238,Dhanbad_Coal
2023-12-24,25.1,13.6,0.0,0.236,Dhanbad_Coal
2023-12-25,25.4,12.9,0.0,0.231,Dhanbad_Coal
2023-12-26,24.8,12.4,0.0,0.229,Dhanbad_Coal
2023-12-27,25.0,13.1,0.0,0.226,Dhanbad_Coal
2023-12-28,25.1,13.7,0.0,0.222,Dhanbad_Coal
2023-12-29,25.3,13.1,0.0,0.217,Dhanbad_Coal
2023-12-30,25.0,12.7,0.0,0.215,Dhanbad_Coal
2023-12-31,24.4,12.3,0.0,0.215,Dhanbad_Coal
2024-01-01,23.4,11.7,0.0,0.212,Dhanbad_Coal
2024-01-02,24.3,10.0,0.0,0.208,Dhanbad_Coal
2024-01-03,24.8,11.1,0.0,0.205,Dhanbad_Coal
2024-01-04,25.8,12.7,0.0,0.202,Dhanbad_Coal
2024-01-05,25.4,13.8,0.3,0.205,Dhanbad_Coal
2024-01-06,21.7,13.7,0.8,0.219,Dhanbad_Coal
2024-01-07,24.8,14.5,0.0,0.217,Dhanbad_Coal
2024-01-08,24.5,13.3,0.1,0.219,Dhanbad_Coal
2024-01-09,26.4,12.3,0.0,0.217,Dhanbad_Coal
2024-01-10,26.0,12.8,0.0,0.215,Dhanbad_Coal
2024-01-11,23.6,13.6,0.0,0.21,Dhanbad_Coal
2024-01-12,23.5,10.0,0.0,0.204,Dhanbad_Coal
2024-01-13,23.2,9.1,0.0,0.197,Dhanbad_Coal
2024-01-14,22.3,8.0,0.0,0.191,Dhanbad_Coal
2024-01-15,21.9,7.8,0.0,0.19,Dhanbad_Coal
2024-01-16,22.3,7.0,0.0,0.188,Dhanbad_Coal
2024-01-17,23.3,10.4,0.1,0.191,Dhanbad_Coal
2024-01-18,20.5,14.4,0.5,0.236,Dhanbad_Coal
2024-01-19,21.4,12.7,0.5,0.249,Dhanbad_Coal
2024-01-20,22.2,9.8,0.0,0.243,Dhanbad_Coal
2024-01-21,23.3,12.0,0.0,0.239,Dhanbad_Coal
2024-01-22,22.6,7.5,0.0,0.233,Dhanbad_Coal
2024-01-23,22.5,7.8,0.0,0.228,Dhanbad_Coal
2024-01-24,21.7,11.3,0.0,0.222,Dhanbad_Coal
2024-01-25,22.4,10.6,0.0,0.217,Dhanbad_Coal
2024-01-26,22.7,7.4,0.0,0.211,Dhanbad_Coal
2024-01-27,23.5,9.3,0.0,0.204,Dhanbad_Coal
2024-01-28,23.4,8.7,0.0,0.201,Dhanbad_Coal
2024-01-29,24.6,10.0,0.0,0.197,Dhanbad_Coal
2024-01-30,26.7,11.9,0.0,0.188,Dhanbad_Coal
2024-01-31,25.5,13.8,0.0,0.181,Dhanbad_Coal
2024-02-01,23.6,15.2,0.2,0.193,Dhanbad_Coal
2024-02-02,27.2,13.0,0.1,0.238,Dhanbad_Coal
2024-02-03,27.4,12.7,0.0,0.227,Dhanbad_Coal
2024-02-04,27.9,11.2,0.0,0.211,Dhanbad_Coal
2024-02-05,27.2,15.1,0.0,0.197,Dhanbad_Coal
2024-02-06,27.8,17.0,1.0,0.193,Dhanbad_Coal
2024-02-07,27.4,14.9,0.0,0.186,Dhanbad_Coal
2024-02-08,25.5,12.7,0.0,0.176,Dhanbad_Coal
2024-02-09,23.5,10.4,0.0,0.17,Dhanbad_Coal
2024-02-10,25.9,9.9,0.0,0.167,Dhanbad_Coal
2024-02-11,28.2,9.8,0.0,0.163,Dhanbad_Coal
2024-02-12,27.9,14.9,0.0,0.16,Dhanbad_Coal
2024-02-13,25.7,16.3,8.5,0.209,Dhanbad_Coal
2024-02-14,27.6,16.5,1.1,0.188,Dhanbad_Coal
2024-02-15,28.0,17.1,2.9,0.202,Dhanbad_Coal
2024-02-16,29.2,15.3,0.0,0.196,Dhanbad_Coal
2024-02-17,29.3,12.7,0.0,0.187,Dhanbad_Coal
2024-02-18,28.4,12.8,0.0,0.176,Dhanbad_Coal
2024-02-19,31.4,14.8,0.0,0.17,Dhanbad_Coal
2024-02-20,33.1,16.7,0.3,0.167,Dhanbad_Coal
2024-02-21,31.0,16.5,0.0,0.164,Dhanbad_Coal
2024-02-22,29.6,18.9,0.6,0.159,Dhanbad_Coal
2024-02-23,28.0,16.5,0.1,0.156,Dhanbad_Coal
2024-02-24,26.9,14.3,0.0,0.152,Dhanbad_Coal
2024-02-25,27.7,15.9,0.4,0.154,Dhanbad_Coal
2024-02-26,29.1,16.0,0.2,0.151,Dhanbad_Coal
2024-02-27,30.1,17.3,0.0,0.149,Dhanbad_Coal
2024-02-28,29.9,16.5,0.0,0.149,Dhanbad_Coal
2024-02-29,31.1,14.3,0.0,0.146,Dhanbad_Coal
2024-03-01,31.0,14.5,0.0,0.142,Dhanbad_Coal
2024-03-02,32.6,15.3,0.0,0.139,Dhanbad_Coal
2024-03-03,32.2,19.1,0.0,0.142,Dhanbad_Coal
2024-03-04,31.3,18.0,1.3,0.156,Dhanbad_Coal
2024-03-05,31.7,18.0,0.0,0.16,Dhanbad_Coal
2024-03-06,30.8,13.8,0.0,0.155,Dhanbad_Coal
2024-03-07,32.3,16.6,0.0,0.149,Dhanbad_Coal
2024-03-08,31.6,17.4,0.0,0.147,Dhanbad_Coal
2024-03-09,31.7,15.9,0.0,0.144,Dhanbad_Coal
2024-03-10,31.0,14.1,0.0,0.142,Dhanbad_Coal
2024-03-11,34.5,16.3,0.0,0.144,Dhanbad_Coal
2024-03-12,35.1,18.6,0.0,0.145,Dhanbad_Coal
2024-03-13,34.4,18.9,0.0,0.149,Dhanbad_Coal
2024-03-14,36.2,20.1,0.0,0.152,Dhanbad_Coal
2024-03-15,34.9,19.6,0.0,0.149,Dhanbad_Coal
2024-03-16,33.6,21.2,8.1,0.198,Dhanbad_Coal
2024-03-17,33.2,19.3,0.0,0.27,Dhanbad_Coal
2024-03-18,33.7,19.3,5.1,0.244,Dhanbad_Coal
2024-03-19,31.5,19.5,1.3,0.243,Dhanbad_Coal
2024-03-20,26.6,17.1,9.9,0.274,Dhanbad_Coal
2024-03-21,25.8,15.0,0.0,0.316,Dhanbad_Coal
2024-03-22,30.1,14.5,0.0,0.272,Dhanbad_Coal
2024-03-23,35.4,17.0,0.0,0.235,Dhanbad_Coal
2024-03-24,37.0,19.5,0.0,0.205,Dhanbad_Coal
2024-03-25,33.8,20.2,0.9,0.192,Dhanbad_Coal
2024-03-26,36.4,20.2,0.0,0.18,Dhanbad_Coal
2024-03-27,37.6,19.8,0.0,0.168,Dhanbad_Coal
2024-03-28,38.1,21.1,0.1,0.157,Dhanbad_Coal
2024-03-29,39.5,22.4,0.1,0.15,Dhanbad_Coal
2024-03-30,36.4,22.4,1.1,0.149,Dhanbad_Coal
2024-03-31,40.7,22.8,0.0,0.149,Dhanbad_Coal
2024-04-01,39.6,25.5,0.0,0.154,Dhanbad_Coal
2024-04-02,39.6,22.7,0.0,0.151,Dhanbad_Coal
2024-04-03,39.2,22.1,0.0,0.144,Dhanbad_Coal
2024-04-04,41.6,23.5,0.0,0.142,Dhanbad_Coal
2024-04-05,41.1,23.9,0.0,0.141,Dhanbad_Coal
2024-04-06,41.1,23.5,0.0,0.146,Dhanbad_Coal
2024-04-07,39.2,24.3,0.5,0.152,Dhanbad_Coal
2024-04-08,33.0,24.3,0.0,0.2,Dhanbad_Coal
2024-04-09,38.6,22.5,0.0,0.203,Dhanbad_Coal
2024-04-10,37.1,22.7,0.0,0.193,Dhanbad_Coal
2024-04-11,35.0,22.8,0.0,0.185,Dhanbad_Coal
2024-04-12,37.2,20.1,0.0,0.169,Dhanbad_Coal
2024-04-13,38.2,20.8,0.0,0.154,Dhanbad_Coal
2024-04-14,38.9,24.9,0.0,0.152,Dhanbad_Coal
2024-04-15,40.3,24.0,0.0,0.146,Dhanbad_Coal
2024-04-16,40.2,25.1,0.0,0.147,Dhanbad_Coal
2024-04-17,40.6,26.3,0.0,0.149,Dhanbad_Coal
2024-04-18,40.0,24.3,0.0,0.147,Dhanbad_Coal
2024-04-19,41.7,26.2,0.0,0.144,Dhanbad_Coal
2024-04-20,42.9,25.3,0.0,0.141,Dhanbad_Coal
2024-04-21,43.0,28.2,0.0,0.139,Dhanbad_Coal
2024-04-22,38.4,25.4,0.0,0.141,Dhanbad_Coal
2024-04-23,39.5,26.8,0.8,0.143,Dhanbad_Coal
2024-04-24,41.4,25.2,0.0,0.142,Dhanbad_Coal
2024-04-25,41.6,24.0,0.0,0.146,Dhanbad_Coal
2024-04-26,43.4,25.3,0.0,0.143,Dhanbad_Coal
2024-04-27,42.1,26.3,0.0,0.14,Dhanbad_Coal
2024-04-28,43.0,29.6,0.0,0.14,Dhanbad_Coal
2024-04-29,43.0,26.8,0.0,0.139,Dhanbad_Coal
2024-04-30,44.2,28.2,0.0,0.143,Dhanbad_Coal
2024-05-01,42.1,27.1,0.0,0.137,Dhanbad_Coal
2024-05-02,40.8,25.7,0.0,0.137,Dhanbad_Coal
2024-05-03,40.3,22.5,0.0,0.137,Dhanbad_Coal
2024-05-04,40.4,24.7,0.0,0.133,Dhanbad_Coal
2024-05-05,43.1,25.0,0.0,0.138,Dhanbad_Coal
2024-05-06,38.0,24.6,1.4,0.16,Dhanbad_Coal
2024-05-07,35.8,24.3,5.0,0.241,Dhanbad_Coal
2024-05-08,33.5,23.6,1.6,0.282,Dhanbad_Coal
2024-05-09,32.2,23.0,14.7,0.339,Dhanbad_Coal
2024-05-10,32.5,22.4,0.0,0.32,Dhanbad_Coal
2024-05-11,34.2,23.9,16.0,0.311,Dhanbad_Coal
2024-05-12,33.6,24.0,0.7,0.313,Dhanbad_Coal
2024-05-13,34.9,25.0,0.0,0.273,Dhanbad_Coal
2024-05-14,37.0,24.9,0.0,0.245,Dhanbad_Coal
2024-05-15,37.9,26.7,0.3,0.218,Dhanbad_Coal
2024-05-16,39.3,28.2,0.1,0.197,Dhanbad_Coal
2024-05-17,40.4,27.2,0.0,0.187,Dhanbad_Coal
2024-05-18,38.7,29.8,0.1,0.181,Dhanbad_Coal
2024-05-19,38.7,27.6,0.0,0.174,Dhanbad_Coal
2024-05-20,36.9,28.1,0.9,0.168,Dhanbad_Coal
2024-05-21,37.3,25.9,0.4,0.179,Dhanbad_Coal
2024-05-22,33.1,26.1,9.2,0.22,Dhanbad_Coal
2024-05-23,35.7,25.4,0.9,0.242,Dhanbad_Coal
2024-05-24,37.2,27.3,0.0,0.229,Dhanbad_Coal
2024-05-25,38.8,27.6,0.0,0.202,Dhanbad_Coal
2024-05-26,35.6,28.0,3.4,0.198,Dhanbad_Coal
2024-05-27,36.1,28.0,1.3,0.2,Dhanbad_Coal
2024-05-28,41.0,25.9,0.1,0.196,Dhanbad_Coal
2024-05-29,45.4,28.5,0.0,0.192,Dhanbad_Coal
2024-05-30,43.1,28.9,0.0,0.177,Dhanbad_Coal
2024-05-31,41.2,29.2,0.1,0.175,Dhanbad_Coal
2024-06-01,39.3,28.4,0.7,0.187,Dhanbad_Coal
2024-06-02,39.2,29.0,0.1,0.175,Dhanbad_Coal
2024-06-03,39.8,27.7,0.0,0.165,Dhanbad_Coal
2024-06-04,40.7,27.6,0.0,0.158,Dhanbad_Coal
2024-06-05,39.4,27.2,0.4,0.155,Dhanbad_Coal
2024-06-06,40.0,27.9,3.2,0.188,Dhanbad_Coal
2024-06-07,40.2,26.7,0.0,0.254,Dhanbad_Coal
2024-06-08,41.2,28.3,0.0,0.212,Dhanbad_Coal
2024-06-09,42.9,29.9,0.0,0.18,Dhanbad_Coal
2024-06-10,42.8,28.0,0.1,0.166,Dhanbad_Coal
2024-06-11,43.1,28.8,0.0,0.156,Dhanbad_Coal
2024-06-12,40.6,29.4,0.5,0.154,Dhanbad_Coal
2024-06-13,42.0,29.0,0.6,0.16,Dhanbad_Coal
2024-06-14,43.7,30.6,0.0,0.155,Dhanbad_Coal
2024-06-15,43.2,30.9,1.5,0.155,Dhanbad_Coal
2024-06-16,43.6,31.2,0.5,0.152,Dhanbad_Coal
2024-06-17,42.8,30.6,0.0,0.149,Dhanbad_Coal
2024-06-18,40.7,31.3,3.8,0.158,Dhanbad_Coal
2024-06-19,37.3,28.3,5.9,0.17,Dhanbad_Coal
2024-06-20,37.3,27.2,4.2,0.176,Dhanbad_Coal
2024-06-21,35.1,27.1,0.6,0.247,Dhanbad_Coal
2024-06-22,35.6,26.5,0.6,0.245,Dhanbad_Coal
2024-06-23,35.8,26.6,0.8,0.226,Dhanbad_Coal
2024-06-24,36.4,27.4,1.3,0.204,Dhanbad_Coal
2024-06-25,36.3,28.0,10.6,0.247,Dhanbad_Coal
2024-06-26,36.6,26.9,0.0,0.298,Dhanbad_Coal
2024-06-27,34.8,27.0,4.4,0.271,Dhanbad_Coal
2024-06-28,34.6,26.2,1.2,0.267,Dhanbad_Coal
2024-06-29,34.8,26.7,17.1,0.288,Dhanbad_Coal
2024-06-30,33.5,25.9,15.8,0.37,Dhanbad_Coal
2024-07-01,30.2,25.4,24.3,0.412,Dhanbad_Coal
2024-07-02,31.4,25.5,10.7,0.414,Dhanbad_Coal
2024-07-03,27.3,25.1,59.4,0.436,Dhanbad_Coal
2024-07-04,31.2,24.9,21.5,0.413,Dhanbad_Coal
2024-07-05,32.0,25.0,21.1,0.418,Dhanbad_Coal
2024-07-06,32.0,25.7,16.3,0.42,Dhanbad_Coal
2024-07-07,31.9,25.2,28.4,0.424,Dhanbad_Coal
2024-07-08,32.6,25.5,0.9,0.393,Dhanbad_Coal
2024-07-09,32.9,25.3,0.3,0.362,Dhanbad_Coal
2024-07-10,33.4,26.3,7.3,0.362,Dhanbad_Coal
2024-07-11,32.8,26.5,28.8,0.404,Dhanbad_Coal
2024-07-12,30.6,25.9,14.6,0.427,Dhanbad_Coal
2024-07-13,32.1,25.1,7.9,0.403,Dhanbad_Coal
2024-07-14,32.6,25.7,6.7,0.413,Dhanbad_Coal
2024-07-15,31.7,25.6,7.3,0.402,Dhanbad_Coal
2024-07-16,31.9,25.7,2.2,0.381,Dhanbad_Coal
2024-07-17,32.7,25.7,2.0,0.374,Dhanbad_Coal
2024-07-18,33.3,25.7,0.7,0.356,Dhanbad_Coal
2024-07-19,33.5,26.4,1.7,0.34,Dhanbad_Coal
2024-07-20,32.1,25.9,5.4,0.347,Dhanbad_Coal
2024-07-21,31.7,25.7,7.3,0.371,Dhanbad_Coal
2024-07-22,28.7,25.5,19.7,0.408,Dhanbad_Coal
2024-07-23,31.3,25.5,11.9,0.403,Dhanbad_Coal
2024-07-24,31.2,25.3,13.3,0.417,Dhanbad_Coal
2024-07-25,31.9,25.6,8.0,0.411,Dhanbad_Coal
2024-07-26,32.2,25.8,14.9,0.411,Dhanbad_Coal
2024-07-27,32.1,26.0,17.6,0.411,Dhanbad_Coal
2024-07-28,32.0,25.6,9.3,0.411,Dhanbad_Coal
2024-07-29,31.8,24.9,15.5,0.413,Dhanbad_Coal
2024-07-30,31.7,26.1,11.3,0.406,Dhanbad_Coal
2024-07-31,32.4,25.2,20.3,0.416,Dhanbad_Coal
2024-08-01,30.5,25.5,33.8,0.425,Dhanbad_Coal
2024-08-02,26.0,24.8,100.0,0.435,Dhanbad_Coal
2024-08-03,29.5,24.5,26.7,0.425,Dhanbad_Coal
2024-08-04,31.4,24.4,2.8,0.404,Dhanbad_Coal
2024-08-05,32.5,25.2,7.1,0.397,Dhanbad_Coal
2024-08-06,29.3,25.0,22.2,0.424,Dhanbad_Coal
2024-08-07,30.9,24.7,7.0,0.416,Dhanbad_Coal
2024-08-08,30.2,24.9,17.6,0.425,Dhanbad_Coal
2024-08-09,30.4,24.6,11.9,0.418,Dhanbad_Coal
2024-08-10,30.6,24.4,12.8,0.425,Dhanbad_Coal
2024-08-11,31.4,24.3,6.7,0.411,Dhanbad_Coal
2024-08-12,30.7,24.1,13.3,0.41,Dhanbad_Coal
2024-08-13,32.4,25.1,14.3,0.413,Dhanbad_Coal
2024-08-14,31.5,24.8,12.0,0.42,Dhanbad_Coal
2024-08-15,32.3,24.2,4.4,0.41,Dhanbad_Coal
2024-08-16,32.2,25.1,4.5,0.405,Dhanbad_Coal
2024-08-17,32.1,23.9,6.8,0.402,Dhanbad_Coal
2024-08-18,31.8,24.8,34.4,0.417,Dhanbad_Coal
2024-08-19,31.1,24.2,3.2,0.414,Dhanbad_Coal
2024-08-20,30.8,24.9,1.1,0.401,Dhanbad_Coal
2024-08-21,32.9,25.8,1.6,0.381,Dhanbad_Coal
2024-08-22,29.6,25.4,26.4,0.407,Dhanbad_Coal
2024-08-23,27.8,24.3,12.7,0.426,Dhanbad_Coal
2024-08-24,29.7,24.4,6.0,0.422,Dhanbad_Coal
2024-08-25,30.2,24.1,15.4,0.42,Dhanbad_Coal
2024-08-26,28.5,24.0,34.8,0.427,Dhanbad_Coal
2024-08-27,28.6,23.8,21.3,0.426,Dhanbad_Coal
2024-08-28,30.8,24.2,5.9,0.414,Dhanbad_Coal
2024-08-29,31.4,23.8,10.2,0.403,Dhanbad_Coal
2024-08-30,31.9,24.2,2.5,0.394,Dhanbad_Coal
2024-08-31,32.1,25.2,1.2,0.393,Dhanbad_Coal
2024-09-01,30.7,25.4,2.0,0.389,Dhanbad_Coal
2024-09-02,31.3,24.8,2.6,0.4,Dhanbad_Coal
2024-09-03,31.7,24.0,9.6,0.397,Dhanbad_Coal
2024-09-04,30.6,24.6,7.9,0.404,Dhanbad_Coal
2024-09-05,31.7,24.9,3.3,0.389,Dhanbad_Coal
2024-09-06,31.2,24.8,0.7,0.385,Dhanbad_Coal
2024-09-07,32.7,25.3,7.1,0.378,Dhanbad_Coal
2024-09-08,31.6,24.3,13.3,0.416,Dhanbad_Coal
2024-09-09,31.4,25.5,3.9,0.402,Dhanbad_Coal
2024-09-10,30.7,24.7,8.1,0.414,Dhanbad_Coal
2024-09-11,30.9,24.7,11.8,0.422,Dhanbad_Coal
2024-09-12,32.1,24.6,7.8,0.41,Dhanbad_Coal
2024-09-13,32.0,25.7,17.8,0.404,Dhanbad_Coal
2024-09-14,27.8,24.1,72.5,0.42,Dhanbad_Coal
2024-09-15,25.6,24.0,52.7,0.434,Dhanbad_Coal
2024-09-16,25.1,23.9,69.5,0.436,Dhanbad_Coal
2024-09-17,30.7,24.1,5.6,0.413,Dhanbad_Coal
2024-09-18,31.3,22.4,0.0,0.385,Dhanbad_Coal
2024-09-19,32.5,24.3,0.4,0.37,Dhanbad_Coal
2024-09-20,33.1,25.9,2.2,0.364,Dhanbad_Coal
2024-09-21,33.8,25.3,0.2,0.336,Dhanbad_Coal
2024-09-22,33.3,26.1,0.0,0.311,Dhanbad_Coal
2024-09-23,32.9,26.0,7.5,0.327,Dhanbad_Coal
2024-09-24,31.6,24.7,21.9,0.415,Dhanbad_Coal
2024-09-25,27.3,24.5,18.2,0.428,Dhanbad_Coal
2024-09-26,27.0,23.5,44.7,0.433,Dhanbad_Coal
2024-09-27,29.6,24.4,12.5,0.424,Dhanbad_Coal
2024-09-28,30.7,24.0,14.2,0.414,Dhanbad_Coal
2024-09-29,32.2,24.6,3.6,0.398,Dhanbad_Coal
2024-09-30,32.3,24.6,0.5,0.375,Dhanbad_Coal
2024-10-01,32.1,25.1,0.6,0.358,Dhanbad_Coal
2024-10-02,31.3,25.1,0.4,0.343,Dhanbad_Coal
2024-10-03,31.3,24.4,1.9,0.335,Dhanbad_Coal
2024-10-04,31.7,24.1,3.6,0.341,Dhanbad_Coal
2024-10-05,31.3,23.3,4.0,0.354,Dhanbad_Coal
2024-10-06,30.2,24.0,1.4,0.359,Dhanbad_Coal
2024-10-07,30.3,23.3,2.0,0.341,Dhanbad_Coal
2024-10-08,30.6,23.9,1.7,0.327,Dhanbad_Coal
2024-10-09,30.7,23.2,6.9,0.335,Dhanbad_Coal
2024-10-10,31.8,23.3,0.3,0.32,Dhanbad_Coal
2024-10-11,31.6,23.0,0.2,0.287,Dhanbad_Coal
2024-10-12,32.1,21.8,0.0,0.269,Dhanbad_Coal
2024-10-13,31.3,21.5,0.0,0.253,Dhanbad_Coal
2024-10-14,30.7,23.7,5.7,0.268,Dhanbad_Coal
2024-10-15,30.8,23.2,0.6,0.288,Dhanbad_Coal
2024-10-16,30.1,22.7,7.4,0.281,Dhanbad_Coal
2024-10-17,30.1,22.4,6.0,0.281,Dhanbad_Coal
2024-10-18,30.3,22.4,5.2,0.347,Dhanbad_Coal
2024-10-19,30.6,22.3,0.0,0.314,Dhanbad_Coal
2024-10-20,29.8,20.7,0.2,0.288,Dhanbad_Coal
2024-10-21,30.8,22.6,0.0,0.269,Dhanbad_Coal
2024-10-22,30.9,21.6,0.0,0.25,Dhanbad_Coal
2024-10-23,30.9,22.6,0.1,0.233,Dhanbad_Coal
2024-10-24,26.7,21.9,15.7,0.308,Dhanbad_Coal
2024-10-25,25.5,21.9,25.7,0.374,Dhanbad_Coal
2024-10-26,28.6,22.2,34.1,0.412,Dhanbad_Coal
2024-10-27,29.5,23.5,4.3,0.401,Dhanbad_Coal
2024-10-28,29.7,22.3,0.0,0.372,Dhanbad_Coal
2024-10-29,30.2,22.5,0.5,0.35,Dhanbad_Coal
2024-10-30,29.6,22.5,2.9,0.33,Dhanbad_Coal
2024-10-31,31.5,21.3,0.1,0.305,Dhanbad_Coal
2024-11-01,31.6,20.2,0.0,0.292,Dhanbad_Coal
2024-11-02,30.6,20.3,0.0,0.284,Dhanbad_Coal
2024-11-03,29.5,18.8,0.0,0.277,Dhanbad_Coal
2024-11-04,28.7,17.8,0.0,0.272,Dhanbad_Coal
2024-11-05,28.8,19.5,0.1,0.268,Dhanbad_Coal
2024-11-06,28.7,19.8,0.0,0.268,Dhanbad_Coal
2024-11-07,29.1,18.8,0.0,0.267,Dhanbad_Coal
2024-11-08,29.1,19.9,0.2,0.264,Dhanbad_Coal
2024-11-09,28.8,19.9,0.0,0.261,Dhanbad_Coal
2024-11-10,28.7,19.1,0.0,0.255,Dhanbad_Coal
2024-11-11,28.5,18.8,0.0,0.248,Dhanbad_Coal
2024-11-12,28.6,18.6,0.0,0.242,Dhanbad_Coal
2024-11-13,29.0,20.0,0.0,0.231,Dhanbad_Coal
2024-11-14,28.8,17.9,0.0,0.225,Dhanbad_Coal
2024-11-15,28.1,17.2,0.0,0.215,Dhanbad_Coal
2024-11-16,27.7,15.5,0.0,0.199,Dhanbad_Coal
2024-11-17,27.6,15.4,0.0,0.182,Dhanbad_Coal
2024-11-18,27.3,14.5,0.0,0.168,Dhanbad_Coal
2024-11-19,28.0,15.9,0.0,0.156,Dhanbad_Coal
2024-11-20,27.2,16.4,0.0,0.144,Dhanbad_Coal
2024-11-21,26.9,16.3,0.0,0.134,Dhanbad_Coal
2024-11-22,26.8,16.0,0.0,0.126,Dhanbad_Coal
2024-11-23,26.8,14.1,0.0,0.122,Dhanbad_Coal
2024-11-24,25.8,14.4,0.0,0.12,Dhanbad_Coal
2024-11-25,26.6,14.1,0.0,0.121,Dhanbad_Coal
2024-11-26,27.4,14.4,0.0,0.115,Dhanbad_Coal
2024-11-27,27.3,14.5,0.0,0.112,Dhanbad_Coal
2024-11-28,27.9,16.5,0.0,0.11,Dhanbad_Coal
2024-11-29,28.1,17.2,0.0,0.109,Dhanbad_Coal
2024-11-30,27.2,17.0,0.0,0.108,Dhanbad_Coal
2024-12-01,27.0,17.2,0.0,0.107,Dhanbad_Coal
2024-12-02,26.4,17.5,0.0,0.107,Dhanbad_Coal
2024-12-03,27.2,15.6,0.0,0.106,Dhanbad_Coal
2024-12-04,28.3,14.6,0.0,0.106,Dhanbad_Coal
2024-12-05,28.1,15.1,0.0,0.105,Dhanbad_Coal
2024-12-06,26.5,14.1,0.0,0.105,Dhanbad_Coal
2024-12-07,24.8,12.6,0.0,0.105,Dhanbad_Coal
2024-12-08,24.9,13.0,0.0,0.105,Dhanbad_Coal
2024-12-09,20.3,15.3,10.7,0.183,Dhanbad_Coal
2024-12-10,24.1,14.5,0.0,0.196,Dhanbad_Coal
2024-12-11,22.9,12.7,0.0,0.193,Dhanbad_Coal
2024-12-12,23.6,10.7,0.0,0.193,Dhanbad_Coal
2024-12-13,22.6,10.3,0.0,0.19,Dhanbad_Coal
2024-12-14,22.8,10.4,0.0,0.179,Dhanbad_Coal
2024-12-15,22.7,8.9,0.0,0.167,Dhanbad_Coal
2024-12-16,23.5,10.0,0.0,0.15,Dhanbad_Coal
2024-12-17,24.4,11.3,0.0,0.137,Dhanbad_Coal
2024-12-18,24.7,12.0,0.0,0.132,Dhanbad_Coal
2024-12-19,24.9,12.8,0.0,0.134,Dhanbad_Coal
2024-12-20,25.8,13.1,0.0,0.125,Dhanbad_Coal
2024-12-21,24.8,13.9,0.0,0.132,Dhanbad_Coal
2024-12-22,26.1,15.6,0.0,0.125,Dhanbad_Coal
2024-12-23,25.5,14.5,0.0,0.125,Dhanbad_Coal
2024-12-24,25.2,13.8,0.0,0.122,Dhanbad_Coal
2024-12-25,26.1,14.5,0.0,0.113,Dhanbad_Coal
2024-12-26,27.1,15.8,0.0,0.114,Dhanbad_Coal
2024-12-27,26.9,14.3,0.0,0.115,Dhanbad_Coal
2024-12-28,27.1,14.4,0.0,0.112,Dhanbad_Coal
2024-12-29,27.0,16.2,3.8,0.127,Dhanbad_Coal
2024-12-30,25.0,15.6,0.0,0.112,Dhanbad_Coal
2024-12-31,22.1,12.6,0.0,0.115,Dhanbad_Coal
2025-01-01,22.1,11.1,0.0,0.107,Dhanbad_Coal
2025-01-02,20.7,9.0,0.0,0.108,Dhanbad_Coal
2025-01-03,22.7,9.8,0.0,0.105,Dhanbad_Coal
2025-01-04,23.9,11.0,0.0,0.104,Dhanbad_Coal
2025-01-05,24.9,12.1,0.0,0.106,Dhanbad_Coal
2025-01-06,25.6,14.2,0.1,0.102,Dhanbad_Coal
2025-01-07,24.4,14.2,0.0,0.113,Dhanbad_Coal
2025-01-08,21.3,11.0,0.0,0.118,Dhanbad_Coal
2025-01-09,21.3,10.0,0.0,0.113,Dhanbad_Coal
2025-01-10,22.2,9.8,0.0,0.108,Dhanbad_Coal
2025-01-11,23.4,9.5,0.0,0.107,Dhanbad_Coal
2025-01-12,25.1,12.4,0.0,0.107,Dhanbad_Coal
2025-01-13,25.7,13.8,0.0,0.106,Dhanbad_Coal
2025-01-14,24.8,14.4,0.0,0.108,Dhanbad_Coal
2025-01-15,24.0,12.5,0.0,0.119,Dhanbad_Coal
2025-01-16,23.3,10.9,0.0,0.132,Dhanbad_Coal
2025-01-17,23.4,11.0,0.0,0.132,Dhanbad_Coal
2025-01-18,25.5,11.7,0.0,0.119,Dhanbad_Coal
2025-01-19,25.1,11.5,0.0,0.111,Dhanbad_Coal
2025-01-20,26.0,11.2,0.0,0.107,Dhanbad_Coal
2025-01-21,27.3,12.6,0.0,0.104,Dhanbad_Coal
2025-01-22,27.8,12.2,0.0,0.103,Dhanbad_Coal
2025-01-23,27.7,12.2,0.0,0.102,Dhanbad_Coal
2025-01-24,28.1,13.7,0.0,0.102,Dhanbad_Coal
2025-01-25,25.8,14.6,0.0,0.104,Dhanbad_Coal
2025-01-26,24.4,10.4,0.0,0.103,Dhanbad_Coal
2025-01-27,24.4,10.2,0.0,0.102,Dhanbad_Coal
2025-01-28,24.4,9.7,0.0,0.098,Dhanbad_Coal
2025-01-29,26.4,11.9,0.0,0.096,Dhanbad_Coal
2025-01-30,28.8,13.9,0.0,0.097,Dhanbad_Coal
2025-01-31,29.3,14.3,0.0,0.097,Dhanbad_Coal
2025-02-01,29.2,15.9,0.0,0.098,Dhanbad_Coal
2025-02-02,29.9,16.1,0.0,0.098,Dhanbad_Coal
2025-02-03,28.6,15.3,0.0,0.101,Dhanbad_Coal
2025-02-04,28.7,14.2,0.0,0.1,Dhanbad_Coal
2025-02-05,32.7,14.9,0.0,0.1,Dhanbad_Coal
2025-02-06,29.2,18.0,0.0,0.1,Dhanbad_Coal
2025-02-07,28.8,14.9,0.0,0.099,Dhanbad_Coal
2025-02-08,26.2,12.4,0.0,0.099,Dhanbad_Coal
2025-02-09,27.9,11.1,0.0,0.1,Dhanbad_Coal
2025-02-10,29.5,12.7,0.0,0.093,Dhanbad_Coal
2025-02-11,31.3,15.0,0.0,0.088,Dhanbad_Coal
2025-02-12,30.9,15.7,0.0,0.096,Dhanbad_Coal
2025-02-13,29.1,17.6,0.0,0.102,Dhanbad_Coal
2025-02-14,29.1,13.6,0.0,0.101,Dhanbad_Coal
2025-02-15,29.6,13.8,0.0,0.099,Dhanbad_Coal
2025-02-16,31.8,15.8,0.0,0.098,Dhanbad_Coal
2025-02-17,31.2,18.4,0.0,0.099,Dhanbad_Coal
2025-02-18,30.5,17.8,0.0,0.099,Dhanbad_Coal
2025-02-19,30.9,18.4,0.0,0.098,Dhanbad_Coal
2025-02-20,30.4,19.0,0.8,0.111,Dhanbad_Coal
2025-02-21,31.2,17.9,0.0,0.114,Dhanbad_Coal
2025-02-22,31.3,18.7,0.3,0.101,Dhanbad_Coal
2025-02-23,30.2,18.3,0.0,0.087,Dhanbad_Coal
2025-02-24,29.6,17.2,0.0,0.088,Dhanbad_Coal
2025-02-25,30.0,16.2,0.0,0.089,Dhanbad_Coal
2025-02-26,30.4,17.0,0.0,0.092,Dhanbad_Coal
2025-02-27,30.7,17.5,0.0,0.085,Dhanbad_Coal
2025-02-28,32.4,17.8,0.0,0.091,Dhanbad_Coal
2025-03-01,36.3,20.2,0.0,0.091,Dhanbad_Coal
2025-03-02,35.0,20.6,0.0,0.088,Dhanbad_Coal
2025-03-03,33.7,19.7,0.0,0.091,Dhanbad_Coal
2025-03-04,33.4,19.2,0.0,0.094,Dhanbad_Coal
2025-03-05,30.5,19.8,0.0,0.096,Dhanbad_Coal
2025-03-06,29.1,16.4,0.0,0.098,Dhanbad_Coal
2025-03-07,30.8,14.8,0.0,0.098,Dhanbad_Coal
2025-03-08,32.4,16.2,0.0,0.098,Dhanbad_Coal
2025-03-09,33.6,19.0,0.0,0.096,Dhanbad_Coal
2025-03-10,34.1,20.6,0.0,0.097,Dhanbad_Coal
2025-03-11,33.9,21.4,0.0,0.098,Dhanbad_Coal
2025-03-12,37.0,20.6,0.0,0.098,Dhanbad_Coal
2025-03-13,37.5,22.8,0.0,0.097,Dhanbad_Coal
2025-03-14,37.9,22.5,0.0,0.097,Dhanbad_Coal
2025-03-15,37.9,21.9,0.0,0.097,Dhanbad_Coal
2025-03-16,38.8,23.5,0.0,0.097,Dhanbad_Coal
2025-03-17,34.3,24.0,0.7,0.099,Dhanbad_Coal
2025-03-18,34.6,23.5,0.0,0.098,Dhanbad_Coal
2025-03-19,35.4,20.0,0.0,0.099,Dhanbad_Coal
2025-03-20,32.3,23.6,2.1,0.101,Dhanbad_Coal
2025-03-21,25.6,21.1,10.7,0.153,Dhanbad_Coal
2025-03-22,29.1,19.2,6.2,0.188,Dhanbad_Coal
2025-03-23,29.9,19.0,0.6,0.175,Dhanbad_Coal
2025-03-24,32.0,18.9,0.0,0.135,Dhanbad_Coal
2025-03-25,33.9,18.9,0.0,0.11,Dhanbad_Coal
2025-03-26,35.5,20.5,0.0,0.099,Dhanbad_Coal
2025-03-27,38.8,21.9,0.0,0.1,Dhanbad_Coal
2025-03-28,38.9,23.4,0.0,0.099,Dhanbad_Coal
2025-03-29,37.0,23.8,0.0,0.101,Dhanbad_Coal
2025-03-30,36.7,18.9,0.0,0.098,Dhanbad_Coal
2025-03-31,37.0,20.3,0.0,0.098,Dhanbad_Coal
2025-04-01,37.1,20.1,0.0,0.098,Dhanbad_Coal
2025-04-02,37.4,21.8,0.0,0.098,Dhanbad_Coal
2025-04-03,38.4,22.8,0.0,0.098,Dhanbad_Coal
2025-04-04,34.0,25.0,0.2,0.122,Dhanbad_Coal
2025-04-05,37.1,23.0,0.0,0.154,Dhanbad_Coal
2025-04-06,39.7,22.2,0.0,0.108,Dhanbad_Coal
2025-04-07,38.9,23.3,0.0,0.098,Dhanbad_Coal
2025-04-08,36.9,24.3,2.0,0.097,Dhanbad_Coal
2025-04-09,37.1,24.1,0.0,0.084,Dhanbad_Coal
2025-04-10,35.4,24.0,2.3,0.11,Dhanbad_Coal
2025-04-11,34.1,21.5,0.0,0.136,Dhanbad_Coal
2025-04-12,35.6,23.1,1.7,0.124,Dhanbad_Coal
2025-04-13,38.1,24.3,0.1,0.107,Dhanbad_Coal
2025-04-14,35.2,23.5,6.1,0.116,Dhanbad_Coal
2025-04-15,33.8,22.3,3.2,0.11,Dhanbad_Coal
2025-04-16,34.4,21.4,0.1,0.145,Dhanbad_Coal
2025-04-17,33.6,24.1,2.9,0.134,Dhanbad_Coal
2025-04-18,32.4,22.6,8.1,0.166,Dhanbad_Coal
2025-04-19,33.0,22.4,0.2,0.163,Dhanbad_Coal
2025-04-20,38.2,24.3,0.0,0.136,Dhanbad_Coal
2025-04-21,41.3,25.8,0.0,0.116,Dhanbad_Coal
2025-04-22,41.9,25.9,0.0,0.102,Dhanbad_Coal
2025-04-23,42.1,24.3,0.0,0.099,Dhanbad_Coal
2025-04-24,42.3,25.2,0.0,0.098,Dhanbad_Coal
2025-04-25,42.3,25.1,0.0,0.1,Dhanbad_Coal
2025-04-26,42.5,25.1,0.0,0.097,Dhanbad_Coal
2025-04-27,38.2,26.0,0.0,0.103,Dhanbad_Coal
2025-04-28,32.0,23.3,0.9,0.106,Dhanbad_Coal
2025-04-29,31.9,22.0,10.1,0.135,Dhanbad_Coal
2025-04-30,33.9,21.8,0.4,0.103,Dhanbad_Coal
2025-05-01,33.6,21.5,3.3,0.139,Dhanbad_Coal
2025-05-02,31.8,20.5,0.0,0.235,Dhanbad_Coal
2025-05-03,33.9,22.9,0.1,0.185,Dhanbad_Coal
2025-05-04,33.4,23.4,0.1,0.157,Dhanbad_Coal
2025-05-05,35.8,23.9,0.0,0.135,Dhanbad_Coal
2025-05-06,35.6,24.3,0.1,0.116,Dhanbad_Coal
2025-05-07,37.8,24.2,0.0,0.1,Dhanbad_Coal
2025-05-08,40.0,25.9,0.0,0.099,Dhanbad_Coal
2025-05-09,40.5,27.1,0.0,0.099,Dhanbad_Coal
2025-05-10,39.5,26.5,0.1,0.097,Dhanbad_Coal
2025-05-11,40.3,28.4,0.0,0.096,Dhanbad_Coal
2025-05-12,38.3,28.7,0.5,0.099,Dhanbad_Coal
2025-05-13,40.9,28.1,0.0,0.099,Dhanbad_Coal
2025-05-14,41.1,27.9,0.0,0.097,Dhanbad_Coal
2025-05-15,40.6,29.0,0.3,0.098,Dhanbad_Coal
2025-05-16,41.9,28.1,0.0,0.095,Dhanbad_Coal
2025-05-17,41.2,28.2,0.0,0.095,Dhanbad_Coal
2025-05-18,35.1,27.5,1.1,0.098,Dhanbad_Coal
2025-05-19,37.8,26.0,6.6,0.121,Dhanbad_Coal
2025-05-20,36.3,25.5,1.8,0.147,Dhanbad_Coal
2025-05-21,37.3,25.7,3.8,0.128,Dhanbad_Coal
2025-05-22,34.0,24.8,1.3,0.113,Dhanbad_Coal
2025-05-23,35.0,25.4,0.9,0.113,Dhanbad_Coal
2025-05-24,34.0,25.4,0.4,0.121,Dhanbad_Coal
2025-05-25,32.7,25.6,9.1,0.178,Dhanbad_Coal
2025-05-26,31.4,25.5,4.0,0.231,Dhanbad_Coal
2025-05-27,32.4,24.8,1.5,0.248,Dhanbad_Coal
2025-05-28,34.6,25.7,0.5,0.226,Dhanbad_Coal
2025-05-29,34.1,25.9,0.5,0.179,Dhanbad_Coal
2025-05-30,35.3,25.2,24.6,0.195,Dhanbad_Coal
2025-05-31,36.0,26.1,9.4,0.237,Dhanbad_Coal
2025-06-01,36.6,26.5,0.1,0.133,Dhanbad_Coal
2025-06-02,37.4,27.2,0.0,0.122,Dhanbad_Coal
2025-06-03,35.7,26.8,0.4,0.103,Dhanbad_Coal
2025-06-04,35.1,25.8,8.4,0.115,Dhanbad_Coal
2025-06-05,33.9,24.8,0.0,0.11,Dhanbad_Coal
2025-06-06,37.5,25.7,1.1,0.101,Dhanbad_Coal
2025-06-07,37.6,26.0,0.0,0.102,Dhanbad_Coal
2025-06-08,38.3,26.3,0.0,0.1,Dhanbad_Coal
2025-06-09,37.8,27.4,0.0,0.096,Dhanbad_Coal
2025-06-10,36.9,27.1,0.0,0.099,Dhanbad_Coal
2025-06-11,36.6,27.5,0.0,0.098,Dhanbad_Coal
2025-06-12,36.7,26.4,0.0,0.094,Dhanbad_Coal
2025-06-13,37.0,27.4,0.2,0.094,Dhanbad_Coal
2025-06-14,38.1,27.9,0.5,0.092,Dhanbad_Coal
2025-06-15,38.0,28.1,1.3,0.087,Dhanbad_Coal
2025-06-16,35.9,26.5,11.4,0.115,Dhanbad_Coal
2025-06-17,30.9,24.6,42.6,0.302,Dhanbad_Coal
2025-06-18,27.5,25.2,36.5,0.408,Dhanbad_Coal
2025-06-19,28.8,25.0,35.2,0.428,Dhanbad_Coal
2025-06-20,30.5,24.4,6.8,0.413,Dhanbad_Coal
2025-06-21,32.2,25.1,10.9,0.4,Dhanbad_Coal
2025-06-22,32.5,25.9,14.0,0.393,Dhanbad_Coal
2025-06-23,31.1,24.7,19.2,0.41,Dhanbad_Coal
2025-06-24,30.8,24.9,22.7,0.413,Dhanbad_Coal
2025-06-25,30.4,24.9,14.7,0.416,Dhanbad_Coal
2025-06-26,31.1,25.0,12.5,0.405,Dhanbad_Coal
2025-06-27,30.8,24.7,21.4,0.408,Dhanbad_Coal
2025-06-28,31.9,25.2,8.9,0.392,Dhanbad_Coal
2025-06-29,30.7,24.0,22.9,0.414,Dhanbad_Coal
2025-06-30,31.2,24.9,23.6,0.404,Dhanbad_Coal
2025-07-01,31.0,24.3,12.9,0.399,Dhanbad_Coal
2025-07-02,31.7,24.8,18.5,0.389,Dhanbad_Coal
2025-07-03,31.1,24.6,8.4,0.398,Dhanbad_Coal
2025-07-04,31.0,25.1,3.3,0.379,Dhanbad_Coal
2025-07-05,31.0,24.0,26.1,0.392,Dhanbad_Coal
2025-07-06,30.7,24.8,12.2,0.387,Dhanbad_Coal
2025-07-07,29.3,24.6,14.2,0.386,Dhanbad_Coal
2025-07-08,31.3,24.3,5.8,0.364,Dhanbad_Coal
2025-07-09,27.4,24.2,23.3,0.385,Dhanbad_Coal
2025-07-10,27.3,24.0,44.2,0.385,Dhanbad_Coal
2025-07-11,30.7,24.5,4.1,0.372,Dhanbad_Coal
2025-07-12,32.2,24.7,8.8,0.376,Dhanbad_Coal
2025-07-13,32.9,25.4,1.6,0.341,Dhanbad_Coal
2025-07-14,29.1,24.5,12.8,0.376,Dhanbad_Coal
2025-07-15,31.1,24.3,22.6,0.382,Dhanbad_Coal
2025-07-16,30.7,24.6,26.9,0.377,Dhanbad_Coal
2025-07-17,32.1,25.2,9.1,0.369,Dhanbad_Coal
2025-07-18,32.6,25.3,10.2,0.371,Dhanbad_Coal
2025-07-19,32.4,25.5,8.4,0.364,Dhanbad_Coal
2025-07-20,31.8,25.0,13.4,0.377,Dhanbad_Coal
2025-07-21,31.9,24.9,5.0,0.365,Dhanbad_Coal
2025-07-22,32.6,25.9,8.3,0.36,Dhanbad_Coal
2025-07-23,32.3,26.5,5.0,0.343,Dhanbad_Coal
2025-07-24,32.1,26.2,13.6,0.345,Dhanbad_Coal
2025-07-25,31.1,25.9,12.2,0.354,Dhanbad_Coal
2025-07-26,30.6,24.6,11.1,0.378,Dhanbad_Coal
2025-07-27,31.7,25.1,1.0,0.357,Dhanbad_Coal
2025-07-28,27.4,25.5,36.0,0.37,Dhanbad_Coal
2025-07-29,29.2,24.9,17.5,0.371,Dhanbad_Coal
2025-07-30,30.8,24.8,7.2,0.36,Dhanbad_Coal
2025-07-31,30.1,24.4,27.6,0.37,Dhanbad_Coal
2025-08-01,30.7,24.1,40.3,0.37,Dhanbad_Coal
2025-08-02,31.3,25.1,17.4,0.364,Dhanbad_Coal
2025-08-03,30.7,25.5,18.7,0.368,Dhanbad_Coal
2025-08-04,30.7,25.2,13.8,0.361,Dhanbad_Coal
2025-08-05,31.7,25.1,0.3,0.317,Dhanbad_Coal
2025-08-06,30.1,25.6,19.8,0.363,Dhanbad_Coal
2025-08-07,31.9,25.5,12.4,0.37,Dhanbad_Coal
2025-08-08,30.1,24.9,7.0,0.36,Dhanbad_Coal
2025-08-09,31.2,24.5,11.8,0.364,Dhanbad_Coal
2025-08-10,32.1,25.5,7.4,0.354,Dhanbad_Coal
2025-08-11,32.4,25.0,1.3,0.307,Dhanbad_Coal
2025-08-12,32.7,26.0,1.3,0.285,Dhanbad_Coal
2025-08-13,30.5,25.2,1.6,0.299,Dhanbad_Coal
2025-08-14,29.6,24.5,5.1,0.344,Dhanbad_Coal
2025-08-15,31.0,24.5,2.8,0.338,Dhanbad_Coal
2025-08-16,31.3,24.8,0.8,0.293,Dhanbad_Coal
2025-08-17,31.8,25.2,10.8,0.254,Dhanbad_Coal
2025-08-18,30.7,24.9,7.2,0.338,Dhanbad_Coal
2025-08-19,30.4,24.7,7.0,0.34,Dhanbad_Coal
2025-08-20,29.8,24.6,9.4,0.358,Dhanbad_Coal
2025-08-21,30.0,23.8,25.0,0.398,Dhanbad_Coal
2025-08-22,28.6,24.1,49.6,0.39,Dhanbad_Coal
2025-08-23,29.0,23.6,20.4,0.374,Dhanbad_Coal
2025-08-24,29.7,23.9,3.9,0.37,Dhanbad_Coal
2025-08-25,30.2,23.9,2.8,0.353,Dhanbad_Coal
2025-08-26,31.3,25.0,1.1,0.33,Dhanbad_Coal
2025-08-27,30.9,24.6,3.0,0.293,Dhanbad_Coal
2025-08-28,30.2,24.5,7.4,0.284,Dhanbad_Coal
2025-08-29,30.4,24.7,5.1,0.282,Dhanbad_Coal
2025-08-30,31.5,25.1,3.5,0.254,Dhanbad_Coal
2025-08-31,31.7,25.2,2.8,0.196,Dhanbad_Coal
2025-09-01,32.8,25.0,6.9,0.141,Dhanbad_Coal
2025-09-02,29.2,24.4,22.4,0.329,Dhanbad_Coal
2025-09-03,30.5,24.1,12.8,0.363,Dhanbad_Coal
2025-09-04,30.4,24.1,3.4,0.322,Dhanbad_Coal
2025-09-05,31.3,24.9,2.4,0.277,Dhanbad_Coal
2025-09-06,31.8,24.8,4.5,0.239,Dhanbad_Coal
2025-09-07,31.9,24.8,0.4,0.192,Dhanbad_Coal
2025-09-08,33.2,24.5,0.1,0.141,Dhanbad_Coal
2025-09-09,34.2,25.2,0.6,0.109,Dhanbad_Coal
2025-09-10,33.3,26.1,5.8,0.117,Dhanbad_Coal
2025-09-11,31.9,25.5,14.6,0.19,Dhanbad_Coal
2025-09-12,31.1,25.3,8.1,0.194,Dhanbad_Coal
2025-09-13,31.3,25.1,1.0,0.238,Dhanbad_Coal
2025-09-14,31.1,24.9,13.6,0.226,Dhanbad_Coal
2025-09-15,27.9,23.9,27.3,0.39,Dhanbad_Coal
2025-09-16,29.4,23.6,7.6,0.369,Dhanbad_Coal
2025-09-17,29.6,24.1,23.4,0.387,Dhanbad_Coal
2025-09-18,30.8,24.8,2.5,0.354,Dhanbad_Coal
2025-09-19,31.6,24.9,3.0,0.295,Dhanbad_Coal
2025-09-20,31.7,25.3,5.9,0.301,Dhanbad_Coal
2025-09-21,31.8,24.6,2.5,0.323,Dhanbad_Coal
2025-09-22,32.3,25.2,21.2,0.346,Dhanbad_Coal
2025-09-23,30.1,25.0,11.9,0.365,Dhanbad_Coal
2025-09-24,30.7,24.3,3.5,0.343,Dhanbad_Coal
2025-09-25,31.8,24.9,6.1,0.306,Dhanbad_Coal
2025-09-26,30.0,24.8,19.6,0.302,Dhanbad_Coal
2025-09-27,30.2,24.1,6.8,0.35,Dhanbad_Coal
2025-09-28,31.0,24.5,2.6,0.335,Dhanbad_Coal
2025-09-29,31.8,24.4,0.1,0.274,Dhanbad_Coal
2025-09-30,32.3,25.4,2.3,0.218,Dhanbad_Coal
2025-10-01,33.3,24.9,1.7,0.179,Dhanbad_Coal
2025-10-02,26.7,24.5,14.5,0.287,Dhanbad_Coal
2025-10-03,28.3,23.5,28.2,0.395,Dhanbad_Coal
2025-10-04,29.5,23.9,22.4,0.403,Dhanbad_Coal
2025-10-05,29.8,23.9,9.4,0.387,Dhanbad_Coal
2025-10-06,30.7,23.7,0.4,0.359,Dhanbad_Coal
2025-10-07,30.9,23.8,0.1,0.31,Dhanbad_Coal
2025-10-08,31.0,24.1,0.9,0.272,Dhanbad_Coal
2025-10-09,31.0,23.0,8.0,0.212,Dhanbad_Coal
2025-10-10,30.8,24.3,0.0,0.159,Dhanbad_Coal
2025-10-11,31.5,22.6,0.0,0.129,Dhanbad_Coal
2025-10-12,31.7,22.4,0.0,0.11,Dhanbad_Coal
2025-10-13,31.7,23.0,0.2,0.105,Dhanbad_Coal
2025-10-14,31.1,22.6,0.1,0.106,Dhanbad_Coal
2025-10-15,30.9,21.6,0.0,0.104,Dhanbad_Coal
2025-10-16,31.0,21.3,0.0,0.103,Dhanbad_Coal
2025-10-17,31.3,20.1,0.0,0.105,Dhanbad_Coal
2025-10-18,31.7,20.7,0.0,0.107,Dhanbad_Coal
2025-10-19,32.7,23.1,0.0,0.104,Dhanbad_Coal
2025-10-20,32.5,23.1,0.0,0.109,Dhanbad_Coal
2025-10-21,33.9,23.3,0.0,0.101,Dhanbad_Coal
2025-10-22,33.0,23.8,0.0,0.093,Dhanbad_Coal
2025-10-23,32.7,23.2,0.0,0.094,Dhanbad_Coal
2025-10-24,32.9,22.8,0.0,0.098,Dhanbad_Coal
2025-10-25,32.2,22.7,0.0,0.099,Dhanbad_Coal
2025-10-26,32.3,25.3,0.1,0.099,Dhanbad_Coal
2025-10-27,32.5,24.0,0.4,0.1,Dhanbad_Coal
2025-10-28,31.7,24.2,8.3,0.109,Dhanbad_Coal
2025-10-29,28.6,23.1,16.6,0.193,Dhanbad_Coal
2025-10-30,27.4,22.9,38.4,0.385,Dhanbad_Coal
2025-10-31,28.5,23.3,14.9,0.401,Dhanbad_Coal
2025-11-01,28.3,23.0,1.1,0.376,Dhanbad_Coal
2025-11-02,28.2,22.1,0.3,0.339,Dhanbad_Coal
2025-11-03,28.8,21.0,0.0,0.312,Dhanbad_Coal
2025-11-04,28.7,19.3,0.0,0.294,Dhanbad_Coal
2025-11-05,28.6,18.7,0.0,0.269,Dhanbad_Coal
2025-11-06,29.4,19.5,0.0,0.249,Dhanbad_Coal
2025-11-07,28.8,20.2,0.0,0.226,Dhanbad_Coal
2025-11-08,26.9,17.5,0.0,0.2,Dhanbad_Coal
2025-11-09,27.2,15.2,0.0,0.174,Dhanbad_Coal
2025-11-10,26.6,16.0,0.0,0.154,Dhanbad_Coal
2025-11-11,26.1,14.3,0.0,0.139,Dhanbad_Coal
2025-11-12,26.3,14.1,0.0,0.126,Dhanbad_Coal
2025-11-13,26.8,13.4,0.0,0.112,Dhanbad_Coal
2025-11-14,26.7,13.3,0.0,0.105,Dhanbad_Coal
2025-11-15,26.5,13.2,0.0,0.103,Dhanbad_Coal
2025-11-16,26.1,13.3,0.0,0.103,Dhanbad_Coal
2025-11-17,26.5,14.7,0.0,0.102,Dhanbad_Coal
2025-11-18,27.2,15.6,0.0,0.102,Dhanbad_Coal
2025-11-19,27.4,16.2,0.0,0.102,Dhanbad_Coal
2025-11-20,28.1,16.0,0.0,0.101,Dhanbad_Coal
2025-11-21,27.4,16.4,0.0,0.102,Dhanbad_Coal
2025-11-22,27.6,15.3,0.0,0.101,Dhanbad_Coal
2025-11-23,27.0,15.2,0.0,0.1,Dhanbad_Coal
2025-11-24,26.3,15.5,0.0,0.102,Dhanbad_Coal
2025-11-25,25.8,14.4,0.0,0.1,Dhanbad_Coal
2025-11-26,25.2,13.0,0.0,0.098,Dhanbad_Coal
2025-11-27,26.6,14.3,0.0,0.102,Dhanbad_Coal
2025-11-28,27.2,16.1,0.0,0.09,Dhanbad_Coal
2025-11-29,26.9,15.6,0.0,0.097,Dhanbad_Coal
2025-11-30,26.6,15.0,0.0,0.104,Dhanbad_Coal
2025-12-01,23.4,15.3,0.0,0.108,Dhanbad_Coal
2025-12-02,26.5,15.2,0.0,0.098,Dhanbad_Coal
2025-12-03,25.6,14.1,0.0,0.105,Dhanbad_Coal
2025-12-04,25.9,14.4,0.0,0.101,Dhanbad_Coal
2025-12-05,25.2,13.7,0.0,0.101,Dhanbad_Coal
2025-12-06,24.7,11.0,0.0,0.102,Dhanbad_Coal
2025-12-07,24.5,10.8,0.0,0.101,Dhanbad_Coal
2025-12-08,24.8,11.8,0.0,0.108,Dhanbad_Coal
2025-12-09,25.4,12.0,0.0,0.117,Dhanbad_Coal
2025-12-10,25.2,11.2,0.0,0.109,Dhanbad_Coal
2025-12-11,24.5,11.5,0.0,0.104,Dhanbad_Coal
2025-12-12,24.2,11.3,0.0,0.105,Dhanbad_Coal
2025-12-13,24.7,12.6,0.0,0.103,Dhanbad_Coal
2025-12-14,25.2,13.7,0.0,0.102,Dhanbad_Coal
2025-12-15,24.9,13.1,0.0,0.105,Dhanbad_Coal
2025-12-16,24.8,12.8,0.0,0.105,Dhanbad_Coal
2025-12-17,24.0,12.7,0.0,0.105,Dhanbad_Coal
2025-12-18,24.0,12.9,0.0,0.105,Dhanbad_Coal
2025-12-19,23.9,12.8,0.0,0.1,Dhanbad_Coal
2025-12-20,22.6,11.7,0.0,0.105,Dhanbad_Coal
2025-12-21,22.5,11.0,0.0,0.105,Dhanbad_Coal
2025-12-22,22.8,10.9,0.0,0.101,Dhanbad_Coal
2025-12-23,23.1,11.6,0.0,0.101,Dhanbad_Coal
2025-12-24,22.4,10.5,0.0,0.101,Dhanbad_Coal
2025-12-25,21.3,11.1,0.0,0.101,Dhanbad_Coal
2025-12-26,21.3,9.4,0.0,0.102,Dhanbad_Coal
2025-12-27,21.6,10.5,0.0,0.101,Dhanbad_Coal
2025-12-28,21.5,9.7,0.0,0.101,Dhanbad_Coal
2025-12-29,19.7,9.4,0.0,0.101,Dhanbad_Coal
2025-12-30,20.9,8.9,0.0,0.102,Dhanbad_Coal
2025-12-31,22.5,8.7,0.0,0.101,Dhanbad_Coal
2026-01-01,24.4,9.1,0.0,0.101,Dhanbad_Coal
2026-01-02,24.1,10.8,0.0,0.103,Dhanbad_Coal
2026-01-03,23.9,11.7,0.0,0.101,Dhanbad_Coal
2026-01-04,19.2,11.5,0.0,0.1,Dhanbad_Coal
2026-01-05,19.3,8.8,0.0,0.094,Dhanbad_Coal
2026-01-06,20.7,8.1,0.0,0.082,Dhanbad_Coal
2026-01-07,22.3,8.7,0.0,0.083,Dhanbad_Coal
2026-01-08,22.8,7.6,0.0,0.084,Dhanbad_Coal
2026-01-09,22.0,8.7,0.0,0.084,Dhanbad_Coal
2026-01-10,22.9,8.2,0.0,0.081,Dhanbad_Coal
2026-01-11,23.7,11.3,0.0,0.085,Dhanbad_Coal
2026-01-12,23.9,11.6,0.0,0.088,Dhanbad_Coal
2026-01-13,23.6,11.0,0.0,0.092,Dhanbad_Coal
2026-01-14,23.6,10.6,0.0,0.095,Dhanbad_Coal
2026-01-15,23.6,9.6,0.0,0.098,Dhanbad_Coal
2026-01-16,24.2,9.8,0.0,0.099,Dhanbad_Coal
2026-01-17,24.4,10.1,0.0,0.099,Dhanbad_Coal
2026-01-18,26.0,10.1,0.0,0.099,Dhanbad_Coal
2026-01-19,28.6,9.8,0.0,0.099,Dhanbad_Coal
2026-01-20,29.3,15.1,0.0,0.099,Dhanbad_Coal
2026-01-21,27.5,15.2,0.0,0.099,Dhanbad_Coal
2026-01-22,26.6,12.1,0.0,0.099,Dhanbad_Coal
2026-01-23,26.6,11.3,0.0,0.099,Dhanbad_Coal
2026-01-24,28.2,12.7,0.0,0.105,Dhanbad_Coal
2026-01-25,28.0,14.4,0.0,0.102,Dhanbad_Coal
2026-01-26,27.6,15.1,0.0,0.099,Dhanbad_Coal
2026-01-27,27.7,14.4,0.0,0.093,Dhanbad_Coal
2026-01-28,28.1,14.3,0.0,0.096,Dhanbad_Coal
2026-01-29,27.0,16.0,0.0,0.098,Dhanbad_Coal
2026-01-30,26.5,14.7,0.0,0.099,Dhanbad_Coal
2026-01-31,26.7,13.7,0.0,0.099,Dhanbad_Coal
2026-02-01,27.4,13.4,0.0,0.099,Dhanbad_Coal
2026-02-02,26.9,13.1,0.0,0.098,Dhanbad_Coal
2026-02-03,28.0,14.3,0.0,0.099,Dhanbad_Coal
2026-02-04,29.1,15.9,0.0,0.098,Dhanbad_Coal
2026-02-05,28.1,15.5,0.0,0.098,Dhanbad_Coal
2026-02-06,26.5,13.4,0.0,0.098,Dhanbad_Coal
2026-02-07,27.1,13.3,0.0,0.098,Dhanbad_Coal
2026-02-08,27.3,14.5,0.0,0.098,Dhanbad_Coal
2026-02-09,27.4,13.0,0.0,0.098,Dhanbad_Coal
2026-02-10,28.4,12.6,0.0,0.098,Dhanbad_Coal
2026-02-11,29.8,13.2,0.0,0.098,Dhanbad_Coal
2026-02-12,28.4,14.3,0.0,0.102,Dhanbad_Coal
2026-02-13,28.9,14.1,0.0,0.098,Dhanbad_Coal
2026-02-14,29.3,14.2,0.0,0.098,Dhanbad_Coal
2026-02-15,28.9,14.5,0.0,0.098,Dhanbad_Coal
2026-02-16,29.5,14.6,0.0,0.098,Dhanbad_Coal
2026-02-17,29.9,14.4,0.0,0.098,Dhanbad_Coal
2026-02-18,30.3,14.0,0.0,0.098,Dhanbad_Coal
2026-02-19,30.1,17.5,0.0,0.098,Dhanbad_Coal
2026-02-20,30.2,17.4,0.0,0.107,Dhanbad_Coal
2026-02-21,31.2,17.8,0.0,0.098,Dhanbad_Coal
2026-02-22,30.7,18.8,0.0,0.104,Dhanbad_Coal
2026-02-23,31.5,17.8,0.0,0.098,Dhanbad_Coal
2026-02-24,27.8,17.7,1.7,0.114,Dhanbad_Coal
2026-02-25,28.6,17.0,0.0,0.107,Dhanbad_Coal
2026-02-26,30.1,16.9,0.0,0.1,Dhanbad_Coal
2026-02-27,31.2,17.5,0.0,0.099,Dhanbad_Coal
2026-02-28,33.0,17.5,0.0,0.107,Dhanbad_Coal
2026-03-01,33.2,19.1,0.0,0.094,Dhanbad_Coal
2026-03-02,33.1,20.9,0.0,0.094,Dhanbad_Coal
2026-03-03,32.4,19.5,0.0,0.095,Dhanbad_Coal
2026-03-04,32.0,17.7,0.0,0.092,Dhanbad_Coal
2026-03-05,32.5,18.9,0.0,0.095,Dhanbad_Coal
2026-03-06,32.9,20.9,0.0,0.106,Dhanbad_Coal
2026-03-07,32.6,21.6,0.0,0.107,Dhanbad_Coal
2026-03-08,32.5,21.8,0.1,0.096,Dhanbad_Coal
2026-03-09,32.8,23.0,2.0,0.109,Dhanbad_Coal
2026-03-10,31.0,22.2,0.6,0.114,Dhanbad_Coal
2026-03-11,32.6,22.3,0.4,0.107,Dhanbad_Coal
2026-03-12,33.3,22.7,0.0,0.102,Dhanbad_Coal
2026-03-13,37.0,22.2,0.0,0.095,Dhanbad_Coal
2026-03-14,36.8,23.1,0.0,0.097,Dhanbad_Coal
2026-03-15,35.7,21.9,0.5,0.098,Dhanbad_Coal
2026-03-16,35.2,23.3,0.0,0.097,Dhanbad_Coal
2026-03-17,34.3,22.4,0.0,0.102,Dhanbad_Coal
2026-03-18,36.1,22.8,0.1,0.097,Dhanbad_Coal
2026-03-19,34.2,23.3,0.0,0.099,Dhanbad_Coal
2026-03-20,36.1,20.2,1.6,0.1,Dhanbad_Coal
2026-03-21,26.0,17.6,11.0,0.217,Dhanbad_Coal
2026-03-22,26.7,16.7,0.2,0.281,Dhanbad_Coal
2026-03-23,29.5,17.4,0.0,0.228,Dhanbad_Coal
2026-03-24,30.8,19.7,0.0,0.177,Dhanbad_Coal
2026-03-25,32.9,20.8,0.0,0.13,Dhanbad_Coal
2026-03-26,35.1,21.0,0.0,0.105,Dhanbad_Coal
2026-03-27,37.5,21.6,0.0,0.098,Dhanbad_Coal
2026-03-28,30.3,20.5,2.9,0.13,Dhanbad_Coal
2026-03-29,33.5,21.2,0.0,0.141,Dhanbad_Coal
2026-03-30,35.5,22.8,0.3,0.108,Dhanbad_Coal
2026-03-31,35.2,22.6,1.8,0.095,Dhanbad_Coal
2026-04-01,36.4,23.0,0.0,0.106,Dhanbad_Coal
2026-04-02,38.1,23.9,0.0,0.103,Dhanbad_Coal
2026-04-03,39.4,25.5,0.0,0.1,Dhanbad_Coal
2026-04-04,37.5,25.1,0.0,0.102,Dhanbad_Coal
2026-04-05,34.2,23.2,1.0,0.102,Dhanbad_Coal
2026-04-06,31.9,22.5,6.7,0.119,Dhanbad_Coal
2026-04-07,33.8,20.9,0.0,0.103,Dhanbad_Coal
2026-04-08,32.8,21.0,5.3,0.117,Dhanbad_Coal
2026-04-09,29.8,20.8,0.3,0.253,Dhanbad_Coal
2026-04-10,31.5,20.4,0.0,0.227,Dhanbad_Coal
2026-04-11,33.8,19.1,0.0,0.159,Dhanbad_Coal
2026-04-12,37.4,22.3,0.0,0.109,Dhanbad_Coal
2026-04-13,38.3,23.1,0.0,0.091,Dhanbad_Coal
2026-04-14,38.0,22.6,0.0,0.089,Dhanbad_Coal
2026-04-15,40.4,23.3,0.0,0.085,Dhanbad_Coal
2026-04-16,36.5,26.8,5.2,0.09,Dhanbad_Coal
2026-04-17,37.5,24.7,0.0,0.097,Dhanbad_Coal
2026-04-18,40.2,26.3,0.0,0.101,Dhanbad_Coal
2026-04-19,42.4,25.2,0.0,0.098,Dhanbad_Coal
2026-04-20,42.1,26.8,0.0,0.095,Dhanbad_Coal
2026-04-21,41.2,27.2,0.0,0.09,Dhanbad_Coal
2026-04-22,41.5,24.9,0.0,0.093,Dhanbad_Coal
2026-04-23,41.7,26.5,0.0,0.092,Dhanbad_Coal
2026-04-24,41.8,26.3,0.0,0.086,Dhanbad_Coal
2026-04-25,42.4,26.8,0.0,0.073,Dhanbad_Coal
2026-04-26,37.6,26.4,0.0,0.074,Dhanbad_Coal
2026-04-27,40.8,27.1,1.5,0.099,Dhanbad_Coal
2026-04-28,37.5,25.4,7.5,0.106,Dhanbad_Coal
2026-04-29,41.4,22.6,3.1,0.101,Dhanbad_Coal
2026-04-30,31.6,21.5,11.8,0.154,Dhanbad_Coal
2026-05-01,30.1,19.9,0.2,0.204,Dhanbad_Coal
2026-05-02,31.8,21.3,0.0,0.174,Dhanbad_Coal
2026-05-03,32.6,22.4,1.3,0.161,Dhanbad_Coal
2026-05-04,32.4,21.6,35.0,0.173,Dhanbad_Coal
2026-05-05,29.6,21.6,6.9,0.239,Dhanbad_Coal
2026-05-06,31.4,23.3,0.6,0.155,Dhanbad_Coal
2026-05-07,30.8,22.4,8.6,0.163,Dhanbad_Coal
2026-05-08,31.3,22.1,8.5,0.153,Dhanbad_Coal
2026-05-09,32.2,21.5,1.3,0.143,Dhanbad_Coal
2026-05-10,31.9,21.3,0.0,0.114,Dhanbad_Coal
2026-05-11,33.7,21.7,2.8,0.101,Dhanbad_Coal
2026-05-12,32.9,25.3,1.2,0.162,Dhanbad_Coal
2026-05-13,34.2,25.3,0.4,0.227,Dhanbad_Coal
2026-05-14,35.5,24.4,0.0,0.22,Dhanbad_Coal
2026-05-15,37.4,26.4,1.0,0.195,Dhanbad_Coal
2026-05-16,37.6,25.6,0.0,0.166,Dhanbad_Coal
2026-05-17,38.2,27.1,0.2,0.138,Dhanbad_Coal
2026-05-18,40.7,27.6,0.0,0.109,Dhanbad_Coal
2026-05-19,38.4,27.1,0.2,0.101,Dhanbad_Coal
2026-05-20,39.5,28.0,0.1,0.098,Dhanbad_Coal
2026-05-21,40.0,28.4,0.4,0.103,Dhanbad_Coal
2026-05-22,39.2,28.7,0.0,0.1,Dhanbad_Coal
2026-05-23,42.1,28.5,0.0,0.097,Dhanbad_Coal
2026-05-24,40.6,28.3,0.0,0.101,Dhanbad_Coal
2026-05-25,42.4,27.6,0.0,0.105,Dhanbad_Coal
2026-05-26,37.3,27.4,0.7,0.098,Dhanbad_Coal
2026-05-27,34.6,27.7,0.3,0.1,Dhanbad_Coal
2026-05-28,34.8,24.6,0.2,0.095,Dhanbad_Coal
2026-05-29,27.5,23.5,25.7,0.208,Dhanbad_Coal
2026-05-30,32.6,22.9,0.7,0.22,Dhanbad_Coal
2026-05-31,33.0,25.2,1.8,0.212,Dhanbad_Coal
2026-06-01,35.0,25.5,0.1,0.167,Dhanbad_Coal
2026-06-02,36.3,26.1,0.0,0.127,Dhanbad_Coal
2026-06-03,37.5,27.9,1.4,0.105,Dhanbad_Coal
2026-06-04,37.9,28.7,0.3,0.099,Dhanbad_Coal
2026-06-05,37.4,28.5,2.2,0.099,Dhanbad_Coal
2026-06-06,32.7,27.1,7.9,0.129,Dhanbad_Coal
2026-06-07,36.8,26.6,3.2,0.113,Dhanbad_Coal
2026-06-08,40.1,26.8,0.0,0.107,Dhanbad_Coal
2026-06-09,37.3,28.4,0.0,0.12,Dhanbad_Coal
2026-06-10,37.5,26.4,1.5,0.111,Dhanbad_Coal
2026-06-11,36.2,24.5,4.5,0.122,Dhanbad_Coal
2026-06-12,34.2,23.9,0.8,0.126,Dhanbad_Coal
2026-06-13,35.9,25.0,1.3,0.137,Dhanbad_Coal
2026-06-14,35.7,24.6,0.2,0.167,Dhanbad_Coal
2026-06-15,38.0,27.4,0.0,0.11,Dhanbad_Coal
2026-06-16,38.7,27.6,0.1,0.095,Dhanbad_Coal
2026-06-17,38.5,28.1,0.5,0.098,Dhanbad_Coal
2026-06-18,38.3,29.2,2.7,0.101,Dhanbad_Coal
2026-06-19,32.5,26.7,2.6,0.126,Dhanbad_Coal
2026-06-20,35.9,26.5,0.4,0.15,Dhanbad_Coal
2026-06-21,36.2,27.4,4.4,0.153,Dhanbad_Coal
2026-06-22,33.1,25.1,0.3,0.18,Dhanbad_Coal
2026-06-23,37.2,24.9,3.8,0.161,Dhanbad_Coal
2026-06-24,36.6,27.2,1.1,0.13,Dhanbad_Coal
2026-06-25,37.6,28.0,1.6,0.108,Dhanbad_Coal
2026-06-26,35.5,25.4,6.1,0.106,Dhanbad_Coal
2026-06-27,35.9,28.1,2.2,0.101,Dhanbad_Coal
2026-06-28,36.9,28.4,8.4,0.129,Dhanbad_Coal
2026-06-29,36.4,26.0,16.9,0.154,Dhanbad_Coal
2026-06-30,34.2,26.6,9.1,0.157,Dhanbad_Coal
2026-07-01,32.9,25.3,16.3,0.255,Dhanbad_Coal
2026-07-02,31.9,25.7,8.9,0.313,Dhanbad_Coal
2026-07-03,33.0,25.4,5.4,0.321,Dhanbad_Coal
2026-07-04,33.0,26.5,1.7,0.29,Dhanbad_Coal
2026-07-05,31.3,25.9,8.3,0.292,Dhanbad_Coal
2026-07-06,30.5,25.1,10.4,0.371,Dhanbad_Coal
2026-07-07,31.4,25.0,33.6,0.41,Dhanbad_Coal
2026-07-08,31.7,26.4,3.7,0.385,Dhanbad_Coal
2026-07-09,30.9,27.3,9.9,0.382,Dhanbad_Coal
2026-07-10,29.8,25.9,28.4,0.419,Dhanbad_Coal
2026-07-11,31.8,25.6,10.4,0.408,Dhanbad_Coal
2026-07-12,32.4,26.7,1.5,0.372,Dhanbad_Coal
2026-07-13,33.2,26.8,1.7,0.362,Dhanbad_Coal
2026-07-14,30.0,27.1,3.0,0.355,Dhanbad_Coal
2026-07-15,33.3,25.5,11.0,0.352,Dhanbad_Coal
2026-07-16,32.3,26.4,1.3,0.359,Dhanbad_Coal
2026-07-17,32.1,26.0,6.0,0.351,Dhanbad_Coal
2026-07-18,32.6,25.4,25.7,0.395,Dhanbad_Coal
2026-07-19,31.6,25.9,9.0,0.377,Dhanbad_Coal
2026-07-20,30.0,25.1,27.5,0.404,Dhanbad_Coal
2026-07-21,29.0,24.7,18.5,0.397,Dhanbad_Coal
2026-07-22,28.7,24.0,21.9,0.391,Dhanbad_Coal
2026-07-23,30.0,24.7,12.9,0.39,Dhanbad_Coal
2026-07-24,30.3,24.5,39.7,0.392,Dhanbad_Coal
2026-07-25,31.5,25.0,2.4,0.366,Dhanbad_Coal
2026-07-26,32.4,25.7,1.2,0.347,Dhanbad_Coal
2026-07-27,31.9,25.3,7.6,0.364,Dhanbad_Coal
2026-07-28,30.3,25.7,14.7,0.384,Dhanbad_Coal
2026-07-29,31.1,25.3,4.6,0.375,Dhanbad_Coal
2026-07-30,30.2,24.7,7.6,0.382,Dhanbad_Coal
2026-07-31,31.1,25.0,3.0,0.371,Dhanbad_Coal
2026-08-01,32.1,25.8,4.9,0.332,Dhanbad_Coal
2026-08-02,32.6,26.6,2.1,0.314,Dhanbad_Coal
2026-08-03,32.2,25.9,6.3,0.366,Dhanbad_Coal
2026-08-04,32.5,26.6,3.6,0.37,Dhanbad_Coal
2026-08-05,31.2,25.3,26.8,0.383,Dhanbad_Coal
2026-08-06,30.1,24.8,15.8,0.378,Dhanbad_Coal
2026-08-07,30.9,24.9,9.2,0.369,Dhanbad_Coal
2026-08-08,30.6,24.5,6.8,0.37,Dhanbad_Coal
2026-08-09,31.0,24.7,5.6,0.366,Dhanbad_Coal
2026-08-10,31.6,25.2,6.2,0.348,Dhanbad_Coal
2026-08-11,32.6,26.6,4.0,0.31,Dhanbad_Coal
2026-08-12,32.9,26.2,2.3,0.291,Dhanbad_Coal
2026-08-13,33.0,26.2,13.5,0.338,Dhanbad_Coal
2026-08-14,31.6,25.3,10.2,0.382,Dhanbad_Coal
2026-08-15,31.5,25.6,6.2,0.368,Dhanbad_Coal
2026-08-16,32.4,25.7,2.3,0.34,Dhanbad_Coal
2026-08-17,29.8,25.6,39.8,0.36,Dhanbad_Coal
2026-08-18,27.9,25.1,11.4,0.373,Dhanbad_Coal
2026-08-19,30.3,25.0,4.6,0.368,Dhanbad_Coal
2026-08-20,32.3,25.1,1.0,0.352,Dhanbad_Coal
2026-08-21,32.2,26.2,2.7,0.319,Dhanbad_Coal
2026-08-22,32.7,25.8,5.3,0.304,Dhanbad_Coal
2026-08-23,32.4,25.1,21.1,0.344,Dhanbad_Coal
2026-08-24,30.6,25.7,20.7,0.374,Dhanbad_Coal
2026-08-25,31.4,25.4,7.6,0.369,Dhanbad_Coal
2026-08-26,31.4,24.8,15.5,0.377,Dhanbad_Coal
2026-08-27,32.8,25.3,8.6,0.365,Dhanbad_Coal
2026-08-28,31.7,26.2,14.4,0.366,Dhanbad_Coal
2026-08-29,31.2,25.3,17.0,0.375,Dhanbad_Coal
2026-08-30,32.5,25.6,12.9,0.372,Dhanbad_Coal
2026-08-31,30.3,25.2,36.0,0.376,Dhanbad_Coal
2026-09-01,28.8,24.8,41.0,0.373,Dhanbad_Coal
2023-09-02,32.7,25.1,6.8,0.309,Keonjhar_Iron
2023-09-03,31.0,24.3,8.6,0.343,Keonjhar_Iron
2023-09-04,30.0,23.2,3.1,0.377,Keonjhar_Iron
2023-09-05,27.7,23.5,6.5,0.387,Keonjhar_Iron
2023-09-06,28.0,23.0,9.6,0.402,Keonjhar_Iron
2023-09-07,28.9,23.5,15.5,0.399,Keonjhar_Iron
2023-09-08,29.4,23.7,3.4,0.399,Keonjhar_Iron
2023-09-09,30.1,24.1,6.9,0.401,Keonjhar_Iron
2023-09-10,31.0,23.4,1.0,0.374,Keonjhar_Iron
2023-09-11,31.3,23.6,11.7,0.374,Keonjhar_Iron
2023-09-12,31.6,23.3,7.0,0.37,Keonjhar_Iron
2023-09-13,28.9,23.7,9.7,0.378,Keonjhar_Iron
2023-09-14,26.1,23.6,42.1,0.424,Keonjhar_Iron
2023-09-15,29.3,23.6,1.6,0.409,Keonjhar_Iron
2023-09-16,29.1,24.0,3.8,0.405,Keonjhar_Iron
2023-09-17,29.9,23.4,5.9,0.416,Keonjhar_Iron
2023-09-18,30.5,23.0,9.0,0.401,Keonjhar_Iron
2023-09-19,29.7,22.9,12.1,0.401,Keonjhar_Iron
2023-09-20,28.4,23.4,32.8,0.422,Keonjhar_Iron
2023-09-21,27.9,23.4,4.1,0.417,Keonjhar_Iron
2023-09-22,28.1,23.7,2.4,0.404,Keonjhar_Iron
2023-09-23,28.9,23.4,1.9,0.395,Keonjhar_Iron
2023-09-24,28.1,23.5,11.9,0.4,Keonjhar_Iron
2023-09-25,29.2,22.7,4.1,0.403,Keonjhar_Iron
2023-09-26,29.7,22.5,14.1,0.415,Keonjhar_Iron
2023-09-27,30.4,22.8,5.6,0.405,Keonjhar_Iron
2023-09-28,30.9,23.3,1.9,0.387,Keonjhar_Iron
2023-09-29,30.9,23.5,1.3,0.37,Keonjhar_Iron
2023-09-30,29.2,22.8,6.8,0.377,Keonjhar_Iron
2023-10-01,29.4,23.8,3.5,0.382,Keonjhar_Iron
2023-10-02,28.5,23.3,15.9,0.413,Keonjhar_Iron
2023-10-03,27.3,23.3,6.9,0.419,Keonjhar_Iron
2023-10-04,28.3,22.8,8.7,0.42,Keonjhar_Iron
2023-10-05,30.1,23.4,1.9,0.406,Keonjhar_Iron
2023-10-06,30.3,23.8,2.8,0.392,Keonjhar_Iron
2023-10-07,30.3,22.6,3.7,0.384,Keonjhar_Iron
2023-10-08,31.4,23.0,0.3,0.371,Keonjhar_Iron
2023-10-09,32.1,23.3,0.0,0.355,Keonjhar_Iron
2023-10-10,31.7,23.0,0.0,0.337,Keonjhar_Iron
2023-10-11,31.4,22.7,0.0,0.326,Keonjhar_Iron
2023-10-12,31.0,22.9,0.1,0.317,Keonjhar_Iron
2023-10-13,31.2,21.6,0.0,0.31,Keonjhar_Iron
2023-10-14,30.4,21.9,0.0,0.307,Keonjhar_Iron
2023-10-15,30.6,20.9,0.0,0.301,Keonjhar_Iron
2023-10-16,30.1,21.2,0.0,0.291,Keonjhar_Iron
2023-10-17,29.3,20.1,0.0,0.285,Keonjhar_Iron
2023-10-18,29.1,22.5,0.7,0.272,Keonjhar_Iron
2023-10-19,28.6,21.3,0.2,0.265,Keonjhar_Iron
2023-10-20,28.5,20.2,0.0,0.269,Keonjhar_Iron
2023-10-21,28.0,18.9,0.0,0.262,Keonjhar_Iron
2023-10-22,27.8,18.1,0.0,0.259,Keonjhar_Iron
2023-10-23,27.7,19.3,0.3,0.257,Keonjhar_Iron
2023-10-24,28.1,20.6,0.6,0.255,Keonjhar_Iron
2023-10-25,28.0,19.6,0.7,0.253,Keonjhar_Iron
2023-10-26,29.1,19.1,0.4,0.248,Keonjhar_Iron
2023-10-27,28.3,19.0,0.0,0.24,Keonjhar_Iron
2023-10-28,27.4,19.6,0.0,0.232,Keonjhar_Iron
2023-10-29,27.7,19.6,0.0,0.227,Keonjhar_Iron
2023-10-30,27.4,19.7,0.0,0.221,Keonjhar_Iron
2023-10-31,28.0,18.5,0.0,0.218,Keonjhar_Iron
2023-11-01,28.8,19.5,0.5,0.216,Keonjhar_Iron
2023-11-02,28.9,20.0,0.4,0.213,Keonjhar_Iron
2023-11-03,28.8,20.0,5.4,0.229,Keonjhar_Iron
2023-11-04,28.0,19.4,5.0,0.282,Keonjhar_Iron
2023-11-05,27.4,19.0,1.5,0.302,Keonjhar_Iron
2023-11-06,28.3,18.1,0.0,0.287,Keonjhar_Iron
2023-11-07,28.6,19.3,0.0,0.271,Keonjhar_Iron
2023-11-08,27.7,17.4,0.0,0.258,Keonjhar_Iron
2023-11-09,28.3,17.2,0.0,0.246,Keonjhar_Iron
2023-11-10,28.7,17.4,0.0,0.236,Keonjhar_Iron
2023-11-11,28.8,19.6,0.0,0.229,Keonjhar_Iron
2023-11-12,29.1,20.7,0.0,0.223,Keonjhar_Iron
2023-11-13,27.9,17.5,0.0,0.217,Keonjhar_Iron
2023-11-14,26.9,17.0,0.0,0.213,Keonjhar_Iron
2023-11-15,26.6,17.3,0.0,0.21,Keonjhar_Iron
2023-11-16,27.0,18.1,0.1,0.206,Keonjhar_Iron
2023-11-17,27.4,19.3,0.0,0.204,Keonjhar_Iron
2023-11-18,27.4,18.3,0.2,0.202,Keonjhar_Iron
2023-11-19,27.3,18.9,0.0,0.198,Keonjhar_Iron
2023-11-20,26.9,17.3,0.0,0.194,Keonjhar_Iron
2023-11-21,27.0,17.9,0.0,0.188,Keonjhar_Iron
2023-11-22,27.1,16.8,0.0,0.187,Keonjhar_Iron
2023-11-23,26.6,16.7,0.0,0.186,Keonjhar_Iron
2023-11-24,26.0,16.0,0.0,0.185,Keonjhar_Iron
2023-11-25,26.3,17.4,0.0,0.183,Keonjhar_Iron
2023-11-26,25.6,16.2,0.0,0.183,Keonjhar_Iron
2023-11-27,26.5,16.5,0.0,0.182,Keonjhar_Iron
2023-11-28,27.0,15.9,0.0,0.182,Keonjhar_Iron
2023-11-29,26.9,17.1,0.0,0.18,Keonjhar_Iron
2023-11-30,27.7,18.6,0.0,0.176,Keonjhar_Iron
2023-12-01,27.7,17.0,0.0,0.169,Keonjhar_Iron
2023-12-02,27.8,17.7,0.0,0.163,Keonjhar_Iron
2023-12-03,27.7,16.8,0.0,0.162,Keonjhar_Iron
2023-12-04,26.8,18.8,0.0,0.164,Keonjhar_Iron
2023-12-05,24.1,18.1,0.0,0.167,Keonjhar_Iron
2023-12-06,22.4,17.4,24.4,0.255,Keonjhar_Iron
2023-12-07,21.8,16.8,8.1,0.374,Keonjhar_Iron
2023-12-08,21.5,16.1,1.7,0.346,Keonjhar_Iron
2023-12-09,23.6,14.6,0.0,0.318,Keonjhar_Iron
2023-12-10,23.6,15.1,0.0,0.303,Keonjhar_Iron
2023-12-11,22.6,14.3,0.0,0.295,Keonjhar_Iron
2023-12-12,22.8,13.6,0.0,0.284,Keonjhar_Iron
2023-12-13,23.9,13.5,0.0,0.274,Keonjhar_Iron
2023-12-14,23.3,14.2,0.0,0.264,Keonjhar_Iron
2023-12-15,22.7,15.4,0.0,0.254,Keonjhar_Iron
2023-12-16,23.0,12.9,0.0,0.242,Keonjhar_Iron
2023-12-17,22.4,13.9,0.0,0.233,Keonjhar_Iron
2023-12-18,22.2,13.4,0.0,0.227,Keonjhar_Iron
2023-12-19,21.7,12.6,0.0,0.218,Keonjhar_Iron
2023-12-20,21.9,10.9,0.0,0.21,Keonjhar_Iron
2023-12-21,23.1,12.4,0.0,0.205,Keonjhar_Iron
2023-12-22,23.7,14.2,0.0,0.199,Keonjhar_Iron
2023-12-23,23.6,14.6,0.0,0.196,Keonjhar_Iron
2023-12-24,24.4,15.4,0.0,0.198,Keonjhar_Iron
2023-12-25,25.3,15.8,0.0,0.195,Keonjhar_Iron
2023-12-26,25.2,14.1,0.0,0.193,Keonjhar_Iron
2023-12-27,24.7,13.8,0.0,0.192,Keonjhar_Iron
2023-12-28,25.5,14.3,0.0,0.193,Keonjhar_Iron
2023-12-29,24.7,13.6,0.0,0.192,Keonjhar_Iron
2023-12-30,24.5,13.2,0.0,0.191,Keonjhar_Iron
2023-12-31,25.0,13.3,0.0,0.187,Keonjhar_Iron
2024-01-01,25.1,13.1,0.0,0.184,Keonjhar_Iron
2024-01-02,24.3,12.9,0.0,0.181,Keonjhar_Iron
2024-01-03,24.5,12.4,0.0,0.176,Keonjhar_Iron
2024-01-04,25.3,12.7,0.0,0.171,Keonjhar_Iron
2024-01-05,25.4,13.9,0.0,0.171,Keonjhar_Iron
2024-01-06,25.7,15.6,0.0,0.17,Keonjhar_Iron
2024-01-07,25.1,14.5,0.0,0.17,Keonjhar_Iron
2024-01-08,25.2,14.1,0.0,0.17,Keonjhar_Iron
2024-01-09,25.4,14.5,0.0,0.173,Keonjhar_Iron
2024-01-10,27.4,15.3,0.0,0.168,Keonjhar_Iron
2024-01-11,26.4,15.2,0.0,0.166,Keonjhar_Iron
2024-01-12,25.5,13.0,0.0,0.161,Keonjhar_Iron
2024-01-13,26.1,12.4,0.0,0.156,Keonjhar_Iron
2024-01-14,25.3,10.7,0.0,0.153,Keonjhar_Iron
2024-01-15,24.9,12.3,0.0,0.15,Keonjhar_Iron
2024-01-16,25.0,13.0,0.0,0.148,Keonjhar_Iron
2024-01-17,25.1,16.6,2.9,0.158,Keonjhar_Iron
2024-01-18,24.0,16.2,1.9,0.19,Keonjhar_Iron
2024-01-19,22.4,15.1,0.6,0.258,Keonjhar_Iron
2024-01-20,23.1,14.4,1.1,0.254,Keonjhar_Iron
2024-01-21,21.5,16.7,13.4,0.33,Keonjhar_Iron
2024-01-22,23.0,14.4,0.7,0.293,Keonjhar_Iron
2024-01-23,22.7,13.3,0.0,0.27,Keonjhar_Iron
2024-01-24,17.9,15.6,14.4,0.344,Keonjhar_Iron
2024-01-25,22.2,13.6,0.3,0.357,Keonjhar_Iron
2024-01-26,22.1,12.3,0.0,0.336,Keonjhar_Iron
2024-01-27,23.1,13.4,0.0,0.32,Keonjhar_Iron
2024-01-28,24.5,11.5,0.0,0.308,Keonjhar_Iron
2024-01-29,24.9,13.2,0.0,0.294,Keonjhar_Iron
2024-01-30,26.1,13.5,0.0,0.281,Keonjhar_Iron
2024-01-31,26.0,15.0,0.1,0.273,Keonjhar_Iron
2024-02-01,26.1,16.2,0.4,0.271,Keonjhar_Iron
2024-02-02,26.1,15.6,1.2,0.278,Keonjhar_Iron
2024-02-03,26.4,16.2,0.0,0.269,Keonjhar_Iron
2024-02-04,26.8,14.4,0.0,0.255,Keonjhar_Iron
2024-02-05,28.6,15.9,0.0,0.244,Keonjhar_Iron
2024-02-06,28.8,18.6,0.7,0.238,Keonjhar_Iron
2024-02-07,28.0,17.0,0.1,0.242,Keonjhar_Iron
2024-02-08,26.4,15.2,0.0,0.238,Keonjhar_Iron
2024-02-09,24.1,13.1,0.0,0.231,Keonjhar_Iron
2024-02-10,25.6,12.0,0.0,0.223,Keonjhar_Iron
2024-02-11,27.5,14.0,0.0,0.214,Keonjhar_Iron
2024-02-12,28.5,17.3,1.4,0.21,Keonjhar_Iron
2024-02-13,28.9,16.2,0.0,0.201,Keonjhar_Iron
2024-02-14,28.9,17.4,0.1,0.196,Keonjhar_Iron
2024-02-15,27.8,16.3,0.3,0.205,Keonjhar_Iron
2024-02-16,28.4,16.1,0.0,0.28,Keonjhar_Iron
2024-02-17,28.6,16.0,0.0,0.272,Keonjhar_Iron
2024-02-18,29.7,16.8,0.0,0.255,Keonjhar_Iron
2024-02-19,28.8,17.5,0.0,0.241,Keonjhar_Iron
2024-02-20,30.3,19.2,0.0,0.228,Keonjhar_Iron
2024-02-21,30.9,19.2,0.0,0.217,Keonjhar_Iron
2024-02-22,29.8,21.1,0.0,0.21,Keonjhar_Iron
2024-02-23,28.3,17.4,0.1,0.204,Keonjhar_Iron
2024-02-24,26.1,16.8,1.4,0.194,Keonjhar_Iron
2024-02-25,24.9,17.0,7.2,0.235,Keonjhar_Iron
2024-02-26,27.4,16.5,1.1,0.302,Keonjhar_Iron
2024-02-27,28.9,17.6,1.6,0.29,Keonjhar_Iron
2024-02-28,28.5,18.0,0.0,0.287,Keonjhar_Iron
2024-02-29,29.3,19.4,0.0,0.267,Keonjhar_Iron
2024-03-01,30.3,16.3,0.0,0.248,Keonjhar_Iron
2024-03-02,31.2,17.6,0.0,0.23,Keonjhar_Iron
2024-03-03,30.7,18.5,0.4,0.22,Keonjhar_Iron
2024-03-04,30.6,19.5,0.3,0.219,Keonjhar_Iron
2024-03-05,32.0,19.2,0.3,0.219,Keonjhar_Iron
2024-03-06,32.3,18.0,0.0,0.208,Keonjhar_Iron
2024-03-07,30.2,20.9,2.9,0.208,Keonjhar_Iron
2024-03-08,29.4,18.9,0.1,0.194,Keonjhar_Iron
2024-03-09,29.8,17.4,0.0,0.182,Keonjhar_Iron
2024-03-10,30.8,16.9,0.0,0.172,Keonjhar_Iron
2024-03-11,31.5,18.4,0.0,0.167,Keonjhar_Iron
2024-03-12,33.0,20.6,0.2,0.163,Keonjhar_Iron
2024-03-13,34.6,20.2,0.0,0.161,Keonjhar_Iron
2024-03-14,33.7,20.6,0.0,0.164,Keonjhar_Iron
2024-03-15,34.1,19.8,0.0,0.166,Keonjhar_Iron
2024-03-16,32.7,21.7,0.4,0.161,Keonjhar_Iron
2024-03-17,31.5,21.2,2.1,0.191,Keonjhar_Iron
2024-03-18,30.8,20.4,3.3,0.273,Keonjhar_Iron
2024-03-19,28.6,19.3,5.0,0.313,Keonjhar_Iron
2024-03-20,23.2,15.6,4.9,0.361,Keonjhar_Iron
2024-03-21,26.7,15.1,0.0,0.324,Keonjhar_Iron
2024-03-22,29.5,15.9,0.0,0.296,Keonjhar_Iron
2024-03-23,32.9,18.7,0.0,0.267,Keonjhar_Iron
2024-03-24,32.6,18.5,0.0,0.244,Keonjhar_Iron
2024-03-25,32.8,21.3,11.0,0.248,Keonjhar_Iron
2024-03-26,32.6,22.0,2.1,0.239,Keonjhar_Iron
2024-03-27,33.0,21.2,0.0,0.223,Keonjhar_Iron
2024-03-28,35.1,22.3,0.0,0.209,Keonjhar_Iron
2024-03-29,35.4,22.0,0.0,0.197,Keonjhar_Iron
2024-03-30,34.4,23.2,1.1,0.188,Keonjhar_Iron
2024-03-31,35.2,23.4,1.3,0.184,Keonjhar_Iron
2024-04-01,36.0,26.1,0.0,0.173,Keonjhar_Iron
2024-04-02,36.8,22.1,0.0,0.168,Keonjhar_Iron
2024-04-03,37.2,22.0,0.0,0.158,Keonjhar_Iron
2024-04-04,37.7,23.5,0.0,0.151,Keonjhar_Iron
2024-04-05,38.8,24.1,0.0,0.147,Keonjhar_Iron
2024-04-06,39.5,27.5,0.0,0.143,Keonjhar_Iron
2024-04-07,36.3,23.8,1.2,0.149,Keonjhar_Iron
2024-04-08,27.2,20.8,5.8,0.195,Keonjhar_Iron
2024-04-09,33.8,20.9,0.0,0.195,Keonjhar_Iron
2024-04-10,32.9,22.7,0.0,0.184,Keonjhar_Iron
2024-04-11,28.1,20.8,3.6,0.196,Keonjhar_Iron
2024-04-12,32.9,20.2,0.0,0.213,Keonjhar_Iron
2024-04-13,34.7,20.8,0.0,0.198,Keonjhar_Iron
2024-04-14,34.3,23.3,0.0,0.178,Keonjhar_Iron
2024-04-15,37.0,23.1,0.0,0.163,Keonjhar_Iron
2024-04-16,37.6,24.0,0.0,0.155,Keonjhar_Iron
2024-04-17,37.8,26.9,0.0,0.146,Keonjhar_Iron
2024-04-18,38.6,25.0,0.0,0.139,Keonjhar_Iron
2024-04-19,39.9,24.6,0.0,0.132,Keonjhar_Iron
2024-04-20,40.8,25.6,0.0,0.13,Keonjhar_Iron
2024-04-21,39.8,30.0,0.0,0.125,Keonjhar_Iron
2024-04-22,39.0,28.2,0.0,0.12,Keonjhar_Iron
2024-04-23,37.7,27.8,0.0,0.123,Keonjhar_Iron
2024-04-24,37.8,27.2,0.0,0.122,Keonjhar_Iron
2024-04-25,39.2,26.2,0.0,0.121,Keonjhar_Iron
2024-04-26,39.9,27.3,0.0,0.123,Keonjhar_Iron
2024-04-27,40.9,26.0,0.0,0.121,Keonjhar_Iron
2024-04-28,40.1,26.7,0.0,0.122,Keonjhar_Iron
2024-04-29,40.9,28.5,0.0,0.12,Keonjhar_Iron
2024-04-30,40.6,29.7,0.0,0.12,Keonjhar_Iron
2024-05-01,39.9,29.9,0.0,0.121,Keonjhar_Iron
2024-05-02,40.3,27.1,0.0,0.121,Keonjhar_Iron
2024-05-03,39.9,24.1,0.0,0.121,Keonjhar_Iron
2024-05-04,39.4,24.1,0.0,0.121,Keonjhar_Iron
2024-05-05,39.8,23.9,0.0,0.121,Keonjhar_Iron
2024-05-06,36.9,25.8,0.0,0.124,Keonjhar_Iron
2024-05-07,34.2,23.7,18.5,0.173,Keonjhar_Iron
2024-05-08,33.6,23.5,7.2,0.191,Keonjhar_Iron
2024-05-09,33.9,22.8,30.8,0.296,Keonjhar_Iron
2024-05-10,32.8,23.2,16.5,0.345,Keonjhar_Iron
2024-05-11,34.6,23.8,25.8,0.33,Keonjhar_Iron
2024-05-12,33.6,24.0,2.2,0.333,Keonjhar_Iron
2024-05-13,34.6,24.5,18.8,0.305,Keonjhar_Iron
2024-05-14,34.6,23.6,0.1,0.272,Keonjhar_Iron
2024-05-15,35.0,23.1,2.9,0.256,Keonjhar_Iron
2024-05-16,34.4,25.2,0.0,0.23,Keonjhar_Iron
2024-05-17,36.4,25.7,2.5,0.223,Keonjhar_Iron
2024-05-18,34.3,26.8,0.7,0.226,Keonjhar_Iron
2024-05-19,32.7,25.6,0.2,0.213,Keonjhar_Iron
2024-05-20,35.9,25.3,0.6,0.196,Keonjhar_Iron
2024-05-21,34.8,25.2,3.7,0.19,Keonjhar_Iron
2024-05-22,35.1,24.8,1.4,0.194,Keonjhar_Iron
2024-05-23,33.3,24.0,0.6,0.217,Keonjhar_Iron
2024-05-24,33.3,23.6,0.7,0.215,Keonjhar_Iron
2024-05-25,35.5,25.6,0.3,0.208,Keonjhar_Iron
2024-05-26,32.2,25.9,0.5,0.207,Keonjhar_Iron
2024-05-27,34.9,26.9,0.7,0.208,Keonjhar_Iron
2024-05-28,39.4,27.3,0.0,0.197,Keonjhar_Iron
2024-05-29,39.9,27.4,16.4,0.241,Keonjhar_Iron
2024-05-30,38.0,27.7,16.3,0.311,Keonjhar_Iron
2024-05-31,37.6,27.3,24.1,0.308,Keonjhar_Iron
2024-06-01,36.2,26.7,3.3,0.294,Keonjhar_Iron
2024-06-02,35.0,26.0,28.2,0.346,Keonjhar_Iron
2024-06-03,34.0,25.7,0.8,0.334,Keonjhar_Iron
2024-06-04,35.3,26.2,0.2,0.303,Keonjhar_Iron
2024-06-05,34.6,27.4,0.4,0.281,Keonjhar_Iron
2024-06-06,36.1,26.6,1.6,0.267,Keonjhar_Iron
2024-06-07,35.6,25.3,4.3,0.269,Keonjhar_Iron
2024-06-08,35.3,26.2,0.4,0.245,Keonjhar_Iron
2024-06-09,35.9,27.8,7.2,0.234,Keonjhar_Iron
2024-06-10,36.9,26.7,1.0,0.211,Keonjhar_Iron
2024-06-11,37.4,27.4,2.6,0.202,Keonjhar_Iron
2024-06-12,36.4,26.1,0.0,0.19,Keonjhar_Iron
2024-06-13,36.2,27.4,9.4,0.21,Keonjhar_Iron
2024-06-14,36.0,28.9,0.6,0.212,Keonjhar_Iron
2024-06-15,37.4,26.7,20.8,0.201,Keonjhar_Iron
2024-06-16,35.2,26.8,0.3,0.21,Keonjhar_Iron
2024-06-17,34.3,26.8,11.7,0.22,Keonjhar_Iron
2024-06-18,34.0,27.8,0.0,0.174,Keonjhar_Iron
2024-06-19,34.3,27.2,0.7,0.16,Keonjhar_Iron
2024-06-20,32.6,26.2,3.0,0.17,Keonjhar_Iron
2024-06-21,30.2,24.9,7.2,0.195,Keonjhar_Iron
2024-06-22,31.9,24.1,1.6,0.226,Keonjhar_Iron
2024-06-23,32.6,24.5,2.8,0.235,Keonjhar_Iron
2024-06-24,33.0,25.1,1.6,0.227,Keonjhar_Iron
2024-06-25,31.6,25.1,6.2,0.255,Keonjhar_Iron
2024-06-26,33.3,24.9,3.0,0.244,Keonjhar_Iron
2024-06-27,30.2,24.4,13.1,0.291,Keonjhar_Iron
2024-06-28,31.6,24.7,25.6,0.35,Keonjhar_Iron
2024-06-29,29.0,24.9,15.4,0.362,Keonjhar_Iron
2024-06-30,28.9,24.5,16.7,0.378,Keonjhar_Iron
2024-07-01,27.4,23.7,14.0,0.407,Keonjhar_Iron
2024-07-02,26.6,24.2,13.8,0.416,Keonjhar_Iron
2024-07-03,26.1,24.2,28.7,0.425,Keonjhar_Iron
2024-07-04,28.8,24.0,37.5,0.424,Keonjhar_Iron
2024-07-05,29.4,24.3,2.6,0.399,Keonjhar_Iron
2024-07-06,29.9,24.5,3.0,0.399,Keonjhar_Iron
2024-07-07,29.7,24.1,8.2,0.395,Keonjhar_Iron
2024-07-08,29.3,24.1,2.9,0.384,Keonjhar_Iron
2024-07-09,30.7,23.5,1.9,0.368,Keonjhar_Iron
2024-07-10,30.0,24.1,1.6,0.355,Keonjhar_Iron
2024-07-11,29.9,24.9,2.5,0.355,Keonjhar_Iron
2024-07-12,29.1,24.8,1.9,0.353,Keonjhar_Iron
2024-07-13,29.2,24.4,8.2,0.365,Keonjhar_Iron
2024-07-14,31.2,23.9,16.8,0.396,Keonjhar_Iron
2024-07-15,29.5,24.2,6.7,0.385,Keonjhar_Iron
2024-07-16,30.3,23.8,1.6,0.384,Keonjhar_Iron
2024-07-17,29.8,23.9,6.0,0.381,Keonjhar_Iron
2024-07-18,30.2,24.1,4.5,0.372,Keonjhar_Iron
2024-07-19,29.3,24.1,22.4,0.393,Keonjhar_Iron
2024-07-20,28.2,24.0,10.9,0.41,Keonjhar_Iron
2024-07-21,30.2,24.5,9.5,0.413,Keonjhar_Iron
2024-07-22,29.7,24.6,3.8,0.408,Keonjhar_Iron
2024-07-23,28.7,24.4,21.1,0.413,Keonjhar_Iron
2024-07-24,28.6,24.3,1.8,0.401,Keonjhar_Iron
2024-07-25,28.9,23.6,1.2,0.389,Keonjhar_Iron
2024-07-26,29.5,24.3,31.1,0.408,Keonjhar_Iron
2024-07-27,29.5,24.4,52.0,0.422,Keonjhar_Iron
2024-07-28,29.2,24.5,9.1,0.418,Keonjhar_Iron
2024-07-29,29.5,24.4,2.4,0.411,Keonjhar_Iron
2024-07-30,29.7,24.2,12.2,0.415,Keonjhar_Iron
2024-07-31,29.8,24.5,22.4,0.425,Keonjhar_Iron
2024-08-01,27.4,24.2,10.3,0.423,Keonjhar_Iron
2024-08-02,24.6,23.7,22.1,0.429,Keonjhar_Iron
2024-08-03,26.7,23.4,14.2,0.427,Keonjhar_Iron
2024-08-04,29.7,23.9,4.2,0.418,Keonjhar_Iron
2024-08-05,29.2,23.6,7.0,0.419,Keonjhar_Iron
2024-08-06,28.8,23.8,24.5,0.426,Keonjhar_Iron
2024-08-07,28.1,24.0,10.3,0.423,Keonjhar_Iron
2024-08-08,28.6,23.5,4.3,0.415,Keonjhar_Iron
2024-08-09,27.9,23.6,15.4,0.419,Keonjhar_Iron
2024-08-10,28.8,23.7,12.1,0.421,Keonjhar_Iron
2024-08-11,30.1,24.0,2.4,0.411,Keonjhar_Iron
2024-08-12,30.1,23.9,2.0,0.401,Keonjhar_Iron
2024-08-13,30.9,24.1,5.7,0.395,Keonjhar_Iron
2024-08-14,29.8,24.2,5.9,0.405,Keonjhar_Iron
2024-08-15,29.1,24.0,4.2,0.409,Keonjhar_Iron
2024-08-16,27.7,23.7,14.9,0.417,Keonjhar_Iron
2024-08-17,29.8,24.1,14.6,0.415,Keonjhar_Iron
2024-08-18,29.0,23.4,16.0,0.419,Keonjhar_Iron
2024-08-19,28.3,23.5,11.7,0.421,Keonjhar_Iron
2024-08-20,29.1,23.7,10.0,0.421,Keonjhar_Iron
2024-08-21,29.7,23.9,4.3,0.41,Keonjhar_Iron
2024-08-22,27.3,23.9,16.0,0.416,Keonjhar_Iron
2024-08-23,26.0,23.6,24.4,0.423,Keonjhar_Iron
2024-08-24,26.0,23.4,13.6,0.425,Keonjhar_Iron
2024-08-25,28.1,23.3,2.9,0.416,Keonjhar_Iron
2024-08-26,27.1,23.4,3.5,0.417,Keonjhar_Iron
2024-08-27,27.2,23.5,5.8,0.421,Keonjhar_Iron
2024-08-28,28.1,23.4,17.2,0.418,Keonjhar_Iron
2024-08-29,28.9,22.7,4.2,0.417,Keonjhar_Iron
2024-08-30,30.3,23.3,0.5,0.401,Keonjhar_Iron
2024-08-31,29.0,23.5,4.4,0.396,Keonjhar_Iron
2024-09-01,28.1,23.4,3.0,0.392,Keonjhar_Iron
2024-09-02,27.9,23.6,5.7,0.397,Keonjhar_Iron
2024-09-03,29.9,22.2,0.3,0.38,Keonjhar_Iron
2024-09-04,30.2,22.7,3.9,0.37,Keonjhar_Iron
2024-09-05,30.0,22.6,9.9,0.39,Keonjhar_Iron
2024-09-06,30.6,22.9,3.6,0.391,Keonjhar_Iron
2024-09-07,30.8,23.0,2.8,0.382,Keonjhar_Iron
2024-09-08,28.6,23.7,12.4,0.396,Keonjhar_Iron
2024-09-09,27.9,23.6,15.6,0.418,Keonjhar_Iron
2024-09-10,30.0,24.3,4.8,0.415,Keonjhar_Iron
2024-09-11,30.6,24.1,1.4,0.394,Keonjhar_Iron
2024-09-12,28.7,24.9,0.5,0.378,Keonjhar_Iron
2024-09-13,29.3,24.4,10.7,0.393,Keonjhar_Iron
2024-09-14,26.7,23.5,13.4,0.414,Keonjhar_Iron
2024-09-15,25.3,23.3,35.7,0.429,Keonjhar_Iron
2024-09-16,24.4,23.1,43.3,0.429,Keonjhar_Iron
2024-09-17,28.5,22.9,5.9,0.424,Keonjhar_Iron
2024-09-18,29.3,23.4,1.0,0.41,Keonjhar_Iron
2024-09-19,30.5,21.2,0.0,0.392,Keonjhar_Iron
2024-09-20,29.9,23.1,3.7,0.391,Keonjhar_Iron
2024-09-21,31.3,23.3,1.0,0.374,Keonjhar_Iron
2024-09-22,30.3,23.3,3.2,0.376,Keonjhar_Iron
2024-09-23,29.7,24.4,13.2,0.399,Keonjhar_Iron
2024-09-24,28.2,23.9,12.0,0.414,Keonjhar_Iron
2024-09-25,26.6,23.2,18.3,0.426,Keonjhar_Iron
2024-09-26,26.3,24.1,11.5,0.426,Keonjhar_Iron
2024-09-27,27.3,23.9,8.0,0.419,Keonjhar_Iron
2024-09-28,30.4,24.1,0.5,0.404,Keonjhar_Iron
2024-09-29,30.6,23.6,2.0,0.393,Keonjhar_Iron
2024-09-30,30.8,24.4,5.4,0.387,Keonjhar_Iron
2024-10-01,31.7,25.3,0.0,0.365,Keonjhar_Iron
2024-10-02,31.0,25.1,1.6,0.357,Keonjhar_Iron
2024-10-03,31.1,24.2,0.0,0.347,Keonjhar_Iron
2024-10-04,30.4,23.5,1.5,0.334,Keonjhar_Iron
2024-10-05,31.4,22.8,0.4,0.324,Keonjhar_Iron
2024-10-06,30.1,23.0,2.1,0.33,Keonjhar_Iron
2024-10-07,29.3,22.6,2.0,0.342,Keonjhar_Iron
2024-10-08,28.7,21.7,7.9,0.349,Keonjhar_Iron
2024-10-09,29.3,22.4,23.6,0.376,Keonjhar_Iron
2024-10-10,30.1,21.8,0.3,0.364,Keonjhar_Iron
2024-10-11,30.2,21.8,0.4,0.354,Keonjhar_Iron
2024-10-12,30.1,22.3,1.9,0.342,Keonjhar_Iron
2024-10-13,30.0,22.1,1.6,0.341,Keonjhar_Iron
2024-10-14,29.5,22.1,0.9,0.334,Keonjhar_Iron
2024-10-15,28.8,22.0,17.8,0.364,Keonjhar_Iron
2024-10-16,29.7,21.7,0.4,0.369,Keonjhar_Iron
2024-10-17,30.0,22.2,0.8,0.364,Keonjhar_Iron
2024-10-18,30.1,21.6,3.7,0.362,Keonjhar_Iron
2024-10-19,29.1,21.9,4.2,0.377,Keonjhar_Iron
2024-10-20,28.7,22.0,0.0,0.378,Keonjhar_Iron
2024-10-21,28.9,20.8,0.0,0.361,Keonjhar_Iron
2024-10-22,28.5,20.4,0.0,0.347,Keonjhar_Iron
2024-10-23,28.6,19.9,1.3,0.337,Keonjhar_Iron
2024-10-24,24.9,21.2,25.4,0.388,Keonjhar_Iron
2024-10-25,22.7,21.0,55.3,0.426,Keonjhar_Iron
2024-10-26,23.5,21.3,22.4,0.426,Keonjhar_Iron
2024-10-27,27.7,21.6,1.9,0.41,Keonjhar_Iron
2024-10-28,26.9,22.6,3.6,0.404,Keonjhar_Iron
2024-10-29,29.0,22.2,0.8,0.396,Keonjhar_Iron
2024-10-30,28.8,21.4,2.1,0.387,Keonjhar_Iron
2024-10-31,29.1,22.0,0.8,0.377,Keonjhar_Iron
2024-11-01,29.6,21.4,0.0,0.361,Keonjhar_Iron
2024-11-02,29.0,19.0,0.0,0.352,Keonjhar_Iron
2024-11-03,28.6,19.3,0.0,0.347,Keonjhar_Iron
2024-11-04,28.2,18.5,0.0,0.347,Keonjhar_Iron
2024-11-05,27.7,19.4,0.0,0.341,Keonjhar_Iron
2024-11-06,26.8,19.5,0.9,0.343,Keonjhar_Iron
2024-11-07,27.8,19.2,0.0,0.34,Keonjhar_Iron
2024-11-08,27.5,18.8,0.0,0.333,Keonjhar_Iron
2024-11-09,27.5,18.1,0.0,0.323,Keonjhar_Iron
2024-11-10,26.8,17.8,0.0,0.318,Keonjhar_Iron
2024-11-11,26.9,16.8,0.0,0.31,Keonjhar_Iron
2024-11-12,27.2,19.1,0.0,0.298,Keonjhar_Iron
2024-11-13,28.2,19.6,0.0,0.28,Keonjhar_Iron
2024-11-14,28.1,19.4,0.0,0.269,Keonjhar_Iron
2024-11-15,27.5,18.5,0.0,0.254,Keonjhar_Iron
2024-11-16,26.6,18.1,0.0,0.236,Keonjhar_Iron
2024-11-17,26.9,17.3,0.0,0.224,Keonjhar_Iron
2024-11-18,26.8,17.1,0.0,0.215,Keonjhar_Iron
2024-11-19,26.0,16.4,0.0,0.215,Keonjhar_Iron
2024-11-20,25.9,16.2,0.0,0.208,Keonjhar_Iron
2024-11-21,26.0,15.7,0.0,0.201,Keonjhar_Iron
2024-11-22,25.5,15.6,0.0,0.198,Keonjhar_Iron
2024-11-23,26.3,16.0,0.0,0.192,Keonjhar_Iron
2024-11-24,25.7,16.3,0.0,0.19,Keonjhar_Iron
2024-11-25,25.0,14.9,0.0,0.2,Keonjhar_Iron
2024-11-26,25.5,15.4,0.0,0.217,Keonjhar_Iron
2024-11-27,25.1,14.9,0.0,0.224,Keonjhar_Iron
2024-11-28,25.5,14.0,0.0,0.23,Keonjhar_Iron
2024-11-29,24.4,16.0,0.2,0.234,Keonjhar_Iron
2024-11-30,23.9,17.3,0.2,0.266,Keonjhar_Iron
2024-12-01,25.6,17.3,1.1,0.314,Keonjhar_Iron
2024-12-02,25.5,17.8,1.3,0.329,Keonjhar_Iron
2024-12-03,27.0,18.1,0.0,0.316,Keonjhar_Iron
2024-12-04,28.3,18.8,0.2,0.302,Keonjhar_Iron
2024-12-05,28.7,18.5,0.0,0.293,Keonjhar_Iron
2024-12-06,26.9,17.4,0.0,0.283,Keonjhar_Iron
2024-12-07,26.8,15.7,0.0,0.278,Keonjhar_Iron
2024-12-08,24.7,17.9,2.3,0.285,Keonjhar_Iron
2024-12-09,25.8,18.7,1.0,0.291,Keonjhar_Iron
2024-12-10,25.7,17.7,0.0,0.293,Keonjhar_Iron
2024-12-11,23.7,13.3,0.0,0.287,Keonjhar_Iron
2024-12-12,24.3,12.6,0.0,0.282,Keonjhar_Iron
2024-12-13,24.0,13.0,0.0,0.276,Keonjhar_Iron
2024-12-14,23.7,12.3,0.0,0.268,Keonjhar_Iron
2024-12-15,22.6,11.0,0.0,0.267,Keonjhar_Iron
2024-12-16,23.2,12.1,0.0,0.264,Keonjhar_Iron
2024-12-17,25.4,12.9,0.0,0.256,Keonjhar_Iron
2024-12-18,26.1,13.4,0.0,0.257,Keonjhar_Iron
2024-12-19,25.6,14.8,0.0,0.254,Keonjhar_Iron
2024-12-20,24.2,17.5,3.9,0.257,Keonjhar_Iron
2024-12-21,23.2,15.9,3.8,0.336,Keonjhar_Iron
2024-12-22,24.3,15.6,0.0,0.316,Keonjhar_Iron
2024-12-23,25.3,14.9,0.0,0.307,Keonjhar_Iron
2024-12-24,23.5,16.3,7.5,0.312,Keonjhar_Iron
2024-12-25,23.1,16.6,0.2,0.36,Keonjhar_Iron
2024-12-26,25.7,17.0,0.0,0.353,Keonjhar_Iron
2024-12-27,26.1,16.6,0.0,0.334,Keonjhar_Iron
2024-12-28,26.9,16.0,0.0,0.327,Keonjhar_Iron
2024-12-29,26.4,17.3,0.0,0.317,Keonjhar_Iron
2024-12-30,26.1,16.4,0.0,0.309,Keonjhar_Iron
2024-12-31,24.7,13.6,0.0,0.304,Keonjhar_Iron
2025-01-01,23.4,11.7,0.0,0.301,Keonjhar_Iron
2025-01-02,23.8,11.4,0.0,0.293,Keonjhar_Iron
2025-01-03,24.2,11.1,0.0,0.287,Keonjhar_Iron
2025-01-04,23.3,12.1,0.0,0.278,Keonjhar_Iron
2025-01-05,24.0,13.3,0.0,0.269,Keonjhar_Iron
2025-01-06,24.5,13.6,0.0,0.263,Keonjhar_Iron
2025-01-07,25.6,14.3,0.0,0.259,Keonjhar_Iron
2025-01-08,24.2,11.9,0.0,0.251,Keonjhar_Iron
2025-01-09,23.7,12.2,0.0,0.246,Keonjhar_Iron
2025-01-10,23.6,12.0,0.0,0.248,Keonjhar_Iron
2025-01-11,23.9,12.1,0.0,0.248,Keonjhar_Iron
2025-01-12,25.2,12.3,0.0,0.248,Keonjhar_Iron
2025-01-13,25.5,13.7,0.0,0.248,Keonjhar_Iron
2025-01-14,24.9,14.7,0.0,0.259,Keonjhar_Iron
2025-01-15,23.5,13.8,0.0,0.273,Keonjhar_Iron
2025-01-16,23.4,12.6,0.0,0.277,Keonjhar_Iron
2025-01-17,23.5,12.5,0.0,0.279,Keonjhar_Iron
2025-01-18,24.3,13.5,0.0,0.277,Keonjhar_Iron
2025-01-19,25.9,13.9,0.0,0.272,Keonjhar_Iron
2025-01-20,27.1,15.6,0.0,0.272,Keonjhar_Iron
2025-01-21,27.8,16.4,0.0,0.27,Keonjhar_Iron
2025-01-22,28.7,17.0,0.0,0.267,Keonjhar_Iron
2025-01-23,28.9,14.7,0.0,0.262,Keonjhar_Iron
2025-01-24,29.1,16.1,0.0,0.262,Keonjhar_Iron
2025-01-25,27.4,15.6,0.0,0.272,Keonjhar_Iron
2025-01-26,25.3,14.4,0.0,0.286,Keonjhar_Iron
2025-01-27,26.1,13.9,0.0,0.287,Keonjhar_Iron
2025-01-28,27.2,13.8,0.0,0.287,Keonjhar_Iron
2025-01-29,26.8,16.0,0.0,0.285,Keonjhar_Iron
2025-01-30,27.7,16.7,0.0,0.281,Keonjhar_Iron
2025-01-31,28.9,18.9,0.0,0.282,Keonjhar_Iron
2025-02-01,29.7,18.6,0.0,0.297,Keonjhar_Iron
2025-02-02,30.3,18.2,0.0,0.302,Keonjhar_Iron
2025-02-03,29.6,19.3,0.0,0.299,Keonjhar_Iron
2025-02-04,30.8,18.2,0.0,0.29,Keonjhar_Iron
2025-02-05,30.4,17.7,0.0,0.282,Keonjhar_Iron
2025-02-06,29.6,19.6,0.0,0.284,Keonjhar_Iron
2025-02-07,28.9,18.2,0.0,0.283,Keonjhar_Iron
2025-02-08,28.3,15.6,0.0,0.283,Keonjhar_Iron
2025-02-09,28.0,14.5,0.0,0.298,Keonjhar_Iron
2025-02-10,29.7,17.0,0.0,0.289,Keonjhar_Iron
2025-02-11,30.1,16.9,0.0,0.272,Keonjhar_Iron
2025-02-12,30.1,17.6,0.0,0.27,Keonjhar_Iron
2025-02-13,29.6,18.6,0.0,0.264,Keonjhar_Iron
2025-02-14,28.0,17.7,0.0,0.25,Keonjhar_Iron
2025-02-15,28.1,15.1,0.0,0.235,Keonjhar_Iron
2025-02-16,29.8,15.6,0.0,0.21,Keonjhar_Iron
2025-02-17,30.3,17.2,0.0,0.202,Keonjhar_Iron
2025-02-18,30.0,17.0,0.0,0.203,Keonjhar_Iron
2025-02-19,29.5,18.3,0.3,0.208,Keonjhar_Iron
2025-02-20,27.6,18.2,16.9,0.292,Keonjhar_Iron
2025-02-21,29.2,17.3,0.0,0.358,Keonjhar_Iron
2025-02-22,28.7,18.4,3.5,0.356,Keonjhar_Iron
2025-02-23,27.6,17.5,0.6,0.374,Keonjhar_Iron
2025-02-24,29.2,16.4,0.0,0.36,Keonjhar_Iron
2025-02-25,28.9,16.4,0.0,0.347,Keonjhar_Iron
2025-02-26,29.4,16.6,0.0,0.339,Keonjhar_Iron
2025-02-27,29.9,17.4,0.0,0.334,Keonjhar_Iron
2025-02-28,31.5,17.8,0.0,0.319,Keonjhar_Iron
2025-03-01,32.1,20.4,0.0,0.306,Keonjhar_Iron
2025-03-02,32.9,21.3,0.0,0.292,Keonjhar_Iron
2025-03-03,32.4,19.5,0.0,0.285,Keonjhar_Iron
2025-03-04,32.0,19.5,0.0,0.275,Keonjhar_Iron
2025-03-05,30.8,19.3,0.0,0.265,Keonjhar_Iron
2025-03-06,29.3,15.9,0.0,0.254,Keonjhar_Iron
2025-03-07,30.3,16.5,0.0,0.235,Keonjhar_Iron
2025-03-08,31.8,16.4,0.0,0.228,Keonjhar_Iron
2025-03-09,31.3,17.3,0.0,0.223,Keonjhar_Iron
2025-03-10,32.0,17.9,0.0,0.219,Keonjhar_Iron
2025-03-11,32.0,18.2,0.0,0.207,Keonjhar_Iron
2025-03-12,34.4,20.5,0.0,0.202,Keonjhar_Iron
2025-03-13,35.0,22.6,0.0,0.194,Keonjhar_Iron
2025-03-14,35.7,22.3,0.0,0.191,Keonjhar_Iron
2025-03-15,37.4,22.2,0.0,0.187,Keonjhar_Iron
2025-03-16,35.9,22.1,0.0,0.183,Keonjhar_Iron
2025-03-17,35.4,22.9,0.0,0.179,Keonjhar_Iron
2025-03-18,34.9,21.6,0.0,0.176,Keonjhar_Iron
2025-03-19,35.0,21.5,0.0,0.17,Keonjhar_Iron
2025-03-20,34.6,21.4,0.1,0.174,Keonjhar_Iron
2025-03-21,32.1,19.5,24.5,0.271,Keonjhar_Iron
2025-03-22,26.8,18.7,52.0,0.398,Keonjhar_Iron
2025-03-23,29.3,18.6,0.8,0.375,Keonjhar_Iron
2025-03-24,30.5,18.5,0.0,0.36,Keonjhar_Iron
2025-03-25,31.6,19.0,0.0,0.331,Keonjhar_Iron
2025-03-26,33.6,18.8,0.0,0.311,Keonjhar_Iron
2025-03-27,35.0,21.4,0.0,0.292,Keonjhar_Iron
2025-03-28,36.4,23.0,0.0,0.275,Keonjhar_Iron
2025-03-29,35.8,23.7,0.0,0.261,Keonjhar_Iron
2025-03-30,35.2,21.9,0.0,0.249,Keonjhar_Iron
2025-03-31,34.8,21.5,0.0,0.242,Keonjhar_Iron
2025-04-01,34.9,21.1,0.8,0.234,Keonjhar_Iron
2025-04-02,34.6,21.2,6.9,0.246,Keonjhar_Iron
2025-04-03,33.7,21.3,1.4,0.28,Keonjhar_Iron
2025-04-04,29.3,22.8,0.0,0.268,Keonjhar_Iron
2025-04-05,34.3,21.4,0.0,0.249,Keonjhar_Iron
2025-04-06,34.7,22.6,0.0,0.227,Keonjhar_Iron
2025-04-07,34.7,23.0,0.0,0.215,Keonjhar_Iron
2025-04-08,32.5,22.6,0.0,0.207,Keonjhar_Iron
2025-04-09,32.8,20.7,0.0,0.196,Keonjhar_Iron
2025-04-10,32.4,21.0,14.5,0.22,Keonjhar_Iron
2025-04-11,34.3,20.7,2.1,0.237,Keonjhar_Iron
2025-04-12,34.8,22.0,2.6,0.211,Keonjhar_Iron
2025-04-13,34.3,24.0,0.3,0.223,Keonjhar_Iron
2025-04-14,33.2,22.4,1.0,0.222,Keonjhar_Iron
2025-04-15,31.0,21.7,8.5,0.249,Keonjhar_Iron
2025-04-16,32.5,20.4,1.4,0.272,Keonjhar_Iron
2025-04-17,33.4,22.8,0.6,0.256,Keonjhar_Iron
2025-04-18,33.7,23.4,1.5,0.258,Keonjhar_Iron
2025-04-19,35.2,23.4,0.8,0.264,Keonjhar_Iron
2025-04-20,35.6,24.4,0.9,0.257,Keonjhar_Iron
2025-04-21,37.0,24.4,0.0,0.245,Keonjhar_Iron
2025-04-22,37.4,24.6,0.0,0.23,Keonjhar_Iron
2025-04-23,38.0,24.0,0.0,0.212,Keonjhar_Iron
2025-04-24,37.3,23.5,0.0,0.202,Keonjhar_Iron
2025-04-25,37.3,23.6,0.0,0.2,Keonjhar_Iron
2025-04-26,35.8,24.5,0.7,0.204,Keonjhar_Iron
2025-04-27,30.6,24.6,0.0,0.225,Keonjhar_Iron
2025-04-28,33.3,22.6,1.8,0.238,Keonjhar_Iron
2025-04-29,33.1,21.8,0.1,0.23,Keonjhar_Iron
2025-04-30,33.1,22.2,0.4,0.236,Keonjhar_Iron
2025-05-01,32.6,21.0,0.9,0.235,Keonjhar_Iron
2025-05-02,31.5,20.3,0.0,0.247,Keonjhar_Iron
2025-05-03,32.5,22.1,6.1,0.261,Keonjhar_Iron
2025-05-04,33.0,22.2,0.0,0.274,Keonjhar_Iron
2025-05-05,32.2,22.0,0.3,0.264,Keonjhar_Iron
2025-05-06,33.5,23.6,0.2,0.258,Keonjhar_Iron
2025-05-07,33.9,23.3,0.0,0.257,Keonjhar_Iron
2025-05-08,34.2,23.9,0.1,0.265,Keonjhar_Iron
2025-05-09,35.4,24.2,0.2,0.268,Keonjhar_Iron
2025-05-10,35.7,24.2,0.0,0.262,Keonjhar_Iron
2025-05-11,36.2,24.6,0.0,0.259,Keonjhar_Iron
2025-05-12,35.0,25.6,0.1,0.254,Keonjhar_Iron
2025-05-13,35.4,25.9,3.6,0.288,Keonjhar_Iron
2025-05-14,35.8,24.4,4.0,0.357,Keonjhar_Iron
2025-05-15,33.9,25.4,5.4,0.37,Keonjhar_Iron
2025-05-16,35.1,24.9,6.5,0.374,Keonjhar_Iron
2025-05-17,34.7,24.7,14.5,0.38,Keonjhar_Iron
2025-05-18,32.6,25.0,0.8,0.379,Keonjhar_Iron
2025-05-19,32.8,24.2,1.5,0.365,Keonjhar_Iron
2025-05-20,33.0,24.5,0.1,0.348,Keonjhar_Iron
2025-05-21,33.5,24.7,10.7,0.351,Keonjhar_Iron
2025-05-22,31.9,24.7,11.2,0.354,Keonjhar_Iron
2025-05-23,32.6,24.4,4.1,0.352,Keonjhar_Iron
2025-05-24,29.6,24.1,6.8,0.391,Keonjhar_Iron
2025-05-25,30.3,23.4,7.7,0.409,Keonjhar_Iron
2025-05-26,31.6,24.0,5.2,0.406,Keonjhar_Iron
2025-05-27,31.2,24.0,14.1,0.409,Keonjhar_Iron
2025-05-28,31.2,23.9,6.9,0.411,Keonjhar_Iron
2025-05-29,32.6,24.1,10.0,0.408,Keonjhar_Iron
2025-05-30,31.7,25.2,4.9,0.408,Keonjhar_Iron
2025-05-31,31.8,25.0,2.3,0.408,Keonjhar_Iron
2025-06-01,34.3,26.3,0.7,0.393,Keonjhar_Iron
2025-06-02,34.5,27.1,0.4,0.37,Keonjhar_Iron
2025-06-03,32.6,25.8,0.0,0.361,Keonjhar_Iron
2025-06-04,32.6,22.8,5.4,0.358,Keonjhar_Iron
2025-06-05,32.5,23.0,0.8,0.383,Keonjhar_Iron
2025-06-06,32.8,24.0,0.6,0.366,Keonjhar_Iron
2025-06-07,33.5,24.0,0.0,0.358,Keonjhar_Iron
2025-06-08,34.4,24.7,0.1,0.35,Keonjhar_Iron
2025-06-09,33.4,25.4,2.4,0.359,Keonjhar_Iron
2025-06-10,31.4,24.1,1.6,0.353,Keonjhar_Iron
2025-06-11,30.7,24.0,1.0,0.348,Keonjhar_Iron
2025-06-12,30.6,24.0,1.3,0.347,Keonjhar_Iron
2025-06-13,32.0,24.0,1.3,0.34,Keonjhar_Iron
2025-06-14,32.7,24.8,0.9,0.328,Keonjhar_Iron
2025-06-15,32.3,24.9,11.1,0.336,Keonjhar_Iron
2025-06-16,30.7,24.6,33.4,0.381,Keonjhar_Iron
2025-06-17,29.1,24.0,8.8,0.398,Keonjhar_Iron
2025-06-18,24.7,23.7,45.3,0.43,Keonjhar_Iron
2025-06-19,24.3,22.8,46.8,0.43,Keonjhar_Iron
2025-06-20,29.5,23.8,4.7,0.418,Keonjhar_Iron
2025-06-21,31.4,24.7,2.8,0.404,Keonjhar_Iron
2025-06-22,31.5,25.0,2.0,0.396,Keonjhar_Iron
2025-06-23,29.9,24.7,1.5,0.403,Keonjhar_Iron
2025-06-24,31.1,24.4,14.5,0.406,Keonjhar_Iron
2025-06-25,30.1,23.8,15.3,0.42,Keonjhar_Iron
2025-06-26,29.3,23.6,3.8,0.418,Keonjhar_Iron
2025-06-27,29.1,23.3,6.3,0.419,Keonjhar_Iron
2025-06-28,28.7,23.2,15.2,0.422,Keonjhar_Iron
2025-06-29,26.6,23.0,24.0,0.428,Keonjhar_Iron
2025-06-30,29.4,22.8,28.9,0.426,Keonjhar_Iron
2025-07-01,27.9,23.6,12.2,0.422,Keonjhar_Iron
2025-07-02,28.2,23.6,18.2,0.425,Keonjhar_Iron
2025-07-03,28.7,23.8,3.7,0.418,Keonjhar_Iron
2025-07-04,29.2,24.0,5.0,0.416,Keonjhar_Iron
2025-07-05,26.6,23.5,15.0,0.425,Keonjhar_Iron
2025-07-06,29.2,23.5,28.2,0.427,Keonjhar_Iron
2025-07-07,27.2,23.3,26.2,0.427,Keonjhar_Iron
2025-07-08,27.2,22.7,14.4,0.422,Keonjhar_Iron
2025-07-09,26.4,22.1,18.3,0.421,Keonjhar_Iron
2025-07-10,28.8,23.1,2.9,0.414,Keonjhar_Iron
2025-07-11,30.0,23.9,5.5,0.417,Keonjhar_Iron
2025-07-12,31.1,24.1,6.1,0.413,Keonjhar_Iron
2025-07-13,29.8,23.8,24.7,0.421,Keonjhar_Iron
2025-07-14,27.3,23.2,36.3,0.427,Keonjhar_Iron
2025-07-15,30.1,24.0,2.7,0.418,Keonjhar_Iron
2025-07-16,30.5,24.4,1.5,0.407,Keonjhar_Iron
2025-07-17,30.6,24.5,4.4,0.4,Keonjhar_Iron
2025-07-18,30.1,23.9,7.1,0.404,Keonjhar_Iron
2025-07-19,31.2,23.5,10.4,0.401,Keonjhar_Iron
2025-07-20,30.7,24.3,11.9,0.401,Keonjhar_Iron
2025-07-21,30.7,23.2,1.5,0.387,Keonjhar_Iron
2025-07-22,31.8,23.3,7.7,0.378,Keonjhar_Iron
2025-07-23,31.5,24.6,15.5,0.374,Keonjhar_Iron
2025-07-24,31.5,24.3,18.3,0.39,Keonjhar_Iron
2025-07-25,27.6,23.8,28.2,0.412,Keonjhar_Iron
2025-07-26,27.6,23.6,28.8,0.424,Keonjhar_Iron
2025-07-27,29.4,23.8,2.0,0.41,Keonjhar_Iron
2025-07-28,29.2,24.3,0.6,0.399,Keonjhar_Iron
2025-07-29,28.0,23.9,4.9,0.404,Keonjhar_Iron
2025-07-30,25.8,23.7,57.5,0.425,Keonjhar_Iron
2025-07-31,29.7,23.6,1.9,0.412,Keonjhar_Iron
2025-08-01,30.8,23.9,1.0,0.401,Keonjhar_Iron
2025-08-02,30.4,25.1,0.4,0.385,Keonjhar_Iron
2025-08-03,29.6,24.8,3.4,0.389,Keonjhar_Iron
2025-08-04,30.6,24.2,1.5,0.399,Keonjhar_Iron
2025-08-05,30.1,23.9,2.2,0.39,Keonjhar_Iron
2025-08-06,30.2,24.2,2.2,0.392,Keonjhar_Iron
2025-08-07,31.6,24.4,6.5,0.386,Keonjhar_Iron
2025-08-08,26.7,24.2,7.9,0.401,Keonjhar_Iron
2025-08-09,30.2,23.3,2.2,0.375,Keonjhar_Iron
2025-08-10,30.5,23.7,7.3,0.376,Keonjhar_Iron
2025-08-11,31.1,23.5,2.4,0.379,Keonjhar_Iron
2025-08-12,32.0,24.2,2.7,0.357,Keonjhar_Iron
2025-08-13,30.3,24.0,3.2,0.338,Keonjhar_Iron
2025-08-14,28.1,23.5,4.7,0.349,Keonjhar_Iron
2025-08-15,29.2,23.7,4.3,0.368,Keonjhar_Iron
2025-08-16,29.1,23.9,2.1,0.37,Keonjhar_Iron
2025-08-17,28.7,23.3,7.3,0.364,Keonjhar_Iron
2025-08-18,27.0,23.4,7.2,0.369,Keonjhar_Iron
2025-08-19,27.6,23.1,11.3,0.391,Keonjhar_Iron
2025-08-20,29.5,23.0,2.0,0.376,Keonjhar_Iron
2025-08-21,27.5,23.7,4.8,0.377,Keonjhar_Iron
2025-08-22,26.2,23.1,17.1,0.414,Keonjhar_Iron
2025-08-23,25.2,23.1,24.3,0.427,Keonjhar_Iron
2025-08-24,26.9,22.7,8.3,0.422,Keonjhar_Iron
2025-08-25,28.7,23.1,14.4,0.414,Keonjhar_Iron
2025-08-26,29.7,22.4,5.0,0.408,Keonjhar_Iron
2025-08-27,29.6,22.7,4.3,0.4,Keonjhar_Iron
2025-08-28,29.4,23.2,3.0,0.403,Keonjhar_Iron
2025-08-29,29.3,23.7,1.6,0.39,Keonjhar_Iron
2025-08-30,29.0,23.6,12.8,0.392,Keonjhar_Iron
2025-08-31,30.4,23.5,4.2,0.386,Keonjhar_Iron
2025-09-01,30.4,23.2,1.3,0.366,Keonjhar_Iron
2025-09-02,25.8,23.3,13.6,0.398,Keonjhar_Iron
2025-09-03,26.4,22.9,12.7,0.422,Keonjhar_Iron
2025-09-04,29.3,23.2,2.1,0.415,Keonjhar_Iron
2025-09-05,30.3,23.2,7.8,0.41,Keonjhar_Iron
2025-09-06,29.7,23.1,4.2,0.406,Keonjhar_Iron
2025-09-07,30.2,22.6,2.1,0.389,Keonjhar_Iron
2025-09-08,30.7,22.5,0.2,0.36,Keonjhar_Iron
2025-09-09,30.6,22.6,0.6,0.329,Keonjhar_Iron
2025-09-10,31.9,23.4,8.7,0.321,Keonjhar_Iron
2025-09-11,30.1,23.7,8.8,0.333,Keonjhar_Iron
2025-09-12,30.1,23.4,6.8,0.342,Keonjhar_Iron
2025-09-13,28.3,23.6,8.5,0.337,Keonjhar_Iron
2025-09-14,28.9,23.7,11.4,0.344,Keonjhar_Iron
2025-09-15,29.8,23.7,8.5,0.325,Keonjhar_Iron
2025-09-16,28.8,23.3,11.6,0.345,Keonjhar_Iron
2025-09-17,29.4,23.7,2.6,0.362,Keonjhar_Iron
2025-09-18,30.4,23.4,0.7,0.341,Keonjhar_Iron
2025-09-19,31.1,23.6,5.1,0.323,Keonjhar_Iron
2025-09-20,31.7,23.9,2.6,0.335,Keonjhar_Iron
2025-09-21,30.3,23.8,10.9,0.338,Keonjhar_Iron
2025-09-22,30.8,23.7,5.9,0.294,Keonjhar_Iron
2025-09-23,27.9,22.6,18.9,0.335,Keonjhar_Iron
2025-09-24,27.8,22.9,5.9,0.378,Keonjhar_Iron
2025-09-25,29.3,23.1,1.2,0.348,Keonjhar_Iron
2025-09-26,27.9,23.2,20.7,0.382,Keonjhar_Iron
2025-09-27,27.1,23.0,7.7,0.413,Keonjhar_Iron
2025-09-28,27.9,23.3,3.0,0.399,Keonjhar_Iron
2025-09-29,29.9,23.4,1.3,0.374,Keonjhar_Iron
2025-09-30,30.1,22.4,2.9,0.361,Keonjhar_Iron
2025-10-01,30.7,22.7,1.6,0.313,Keonjhar_Iron
2025-10-02,26.6,22.8,23.3,0.373,Keonjhar_Iron
2025-10-03,26.7,23.4,7.9,0.397,Keonjhar_Iron
2025-10-04,28.0,23.6,5.9,0.382,Keonjhar_Iron
2025-10-05,28.5,23.1,10.0,0.375,Keonjhar_Iron
2025-10-06,27.9,22.5,5.7,0.383,Keonjhar_Iron
2025-10-07,28.8,22.8,4.9,0.377,Keonjhar_Iron
2025-10-08,29.6,22.2,1.4,0.368,Keonjhar_Iron
2025-10-09,29.4,22.5,2.2,0.353,Keonjhar_Iron
2025-10-10,29.0,22.3,2.6,0.328,Keonjhar_Iron
2025-10-11,28.7,21.7,0.0,0.306,Keonjhar_Iron
2025-10-12,28.9,21.9,0.0,0.291,Keonjhar_Iron
2025-10-13,28.9,21.3,0.0,0.272,Keonjhar_Iron
2025-10-14,29.2,21.6,0.3,0.248,Keonjhar_Iron
2025-10-15,29.2,21.6,0.0,0.226,Keonjhar_Iron
2025-10-16,29.0,20.1,0.0,0.21,Keonjhar_Iron
2025-10-17,29.3,21.4,0.0,0.196,Keonjhar_Iron
2025-10-18,29.4,20.7,0.0,0.186,Keonjhar_Iron
2025-10-19,29.8,21.4,1.5,0.18,Keonjhar_Iron
2025-10-20,29.5,21.5,0.6,0.169,Keonjhar_Iron
2025-10-21,30.6,21.4,0.0,0.167,Keonjhar_Iron
2025-10-22,30.4,22.5,0.0,0.16,Keonjhar_Iron
2025-10-23,30.6,21.0,0.0,0.15,Keonjhar_Iron
2025-10-24,30.5,20.8,0.1,0.138,Keonjhar_Iron
2025-10-25,30.6,21.2,0.0,0.135,Keonjhar_Iron
2025-10-26,30.1,21.6,0.5,0.141,Keonjhar_Iron
2025-10-27,29.6,22.1,0.0,0.147,Keonjhar_Iron
2025-10-28,28.7,21.8,4.7,0.187,Keonjhar_Iron
2025-10-29,26.9,22.5,12.2,0.296,Keonjhar_Iron
2025-10-30,28.4,22.3,7.7,0.305,Keonjhar_Iron
2025-10-31,29.0,22.9,1.0,0.285,Keonjhar_Iron
2025-11-01,30.1,23.3,0.7,0.261,Keonjhar_Iron
2025-11-02,29.1,21.5,1.0,0.236,Keonjhar_Iron
2025-11-03,28.8,20.5,0.0,0.22,Keonjhar_Iron
2025-11-04,28.0,19.4,0.0,0.207,Keonjhar_Iron
2025-11-05,28.7,18.6,0.0,0.193,Keonjhar_Iron
2025-11-06,28.8,20.2,0.0,0.178,Keonjhar_Iron
2025-11-07,28.4,19.0,0.0,0.166,Keonjhar_Iron
2025-11-08,27.4,18.2,0.0,0.156,Keonjhar_Iron
2025-11-09,27.2,17.1,0.0,0.149,Keonjhar_Iron
2025-11-10,27.6,16.7,0.0,0.142,Keonjhar_Iron
2025-11-11,27.4,16.5,0.0,0.137,Keonjhar_Iron
2025-11-12,26.7,16.0,0.0,0.133,Keonjhar_Iron
2025-11-13,26.4,16.1,0.0,0.137,Keonjhar_Iron
2025-11-14,26.2,15.4,0.0,0.137,Keonjhar_Iron
2025-11-15,25.5,14.2,0.0,0.135,Keonjhar_Iron
2025-11-16,25.2,13.7,0.0,0.136,Keonjhar_Iron
2025-11-17,25.0,12.9,0.0,0.135,Keonjhar_Iron
2025-11-18,25.7,15.0,0.0,0.131,Keonjhar_Iron
2025-11-19,27.1,15.5,0.0,0.126,Keonjhar_Iron
2025-11-20,28.8,16.4,0.0,0.125,Keonjhar_Iron
2025-11-21,28.7,17.5,0.0,0.127,Keonjhar_Iron
2025-11-22,28.0,16.9,0.0,0.128,Keonjhar_Iron
2025-11-23,27.9,17.0,0.0,0.129,Keonjhar_Iron
2025-11-24,26.3,16.9,0.0,0.128,Keonjhar_Iron
2025-11-25,25.8,15.9,0.0,0.128,Keonjhar_Iron
2025-11-26,24.4,14.3,0.0,0.136,Keonjhar_Iron
2025-11-27,23.7,12.0,0.0,0.137,Keonjhar_Iron
2025-11-28,25.1,14.7,0.0,0.133,Keonjhar_Iron
2025-11-29,25.9,15.4,0.0,0.135,Keonjhar_Iron
2025-11-30,25.3,16.0,0.0,0.139,Keonjhar_Iron
2025-12-01,21.9,15.8,0.0,0.144,Keonjhar_Iron
2025-12-02,26.1,15.6,0.0,0.139,Keonjhar_Iron
2025-12-03,25.2,15.7,0.0,0.144,Keonjhar_Iron
2025-12-04,24.1,13.8,0.0,0.141,Keonjhar_Iron
2025-12-05,24.0,12.5,0.0,0.14,Keonjhar_Iron
2025-12-06,24.0,13.1,0.0,0.147,Keonjhar_Iron
2025-12-07,24.8,13.6,0.0,0.148,Keonjhar_Iron
2025-12-08,25.1,15.0,0.0,0.151,Keonjhar_Iron
2025-12-09,24.5,14.6,0.0,0.15,Keonjhar_Iron
2025-12-10,24.9,12.7,0.0,0.148,Keonjhar_Iron
2025-12-11,25.0,13.3,0.0,0.148,Keonjhar_Iron
2025-12-12,24.8,14.2,0.0,0.148,Keonjhar_Iron
2025-12-13,24.0,13.9,0.0,0.145,Keonjhar_Iron
2025-12-14,23.9,13.9,0.0,0.143,Keonjhar_Iron
2025-12-15,24.7,14.6,0.0,0.142,Keonjhar_Iron
2025-12-16,25.7,14.0,0.0,0.141,Keonjhar_Iron
2025-12-17,25.6,14.5,0.0,0.139,Keonjhar_Iron
2025-12-18,23.8,12.8,0.0,0.132,Keonjhar_Iron
2025-12-19,23.9,13.7,0.0,0.134,Keonjhar_Iron
2025-12-20,23.5,13.6,0.0,0.148,Keonjhar_Iron
2025-12-21,23.6,12.5,0.0,0.155,Keonjhar_Iron
2025-12-22,22.8,12.0,0.0,0.163,Keonjhar_Iron
2025-12-23,25.0,12.7,0.0,0.157,Keonjhar_Iron
2025-12-24,23.7,13.4,0.0,0.158,Keonjhar_Iron
2025-12-25,24.1,12.4,0.0,0.142,Keonjhar_Iron
2025-12-26,23.7,10.5,0.0,0.135,Keonjhar_Iron
2025-12-27,24.3,11.5,0.0,0.132,Keonjhar_Iron
2025-12-28,24.6,10.9,0.0,0.127,Keonjhar_Iron
2025-12-29,25.2,11.0,0.0,0.119,Keonjhar_Iron
2025-12-30,26.3,10.7,0.0,0.117,Keonjhar_Iron
2025-12-31,25.0,12.1,0.0,0.127,Keonjhar_Iron
2026-01-01,25.2,12.4,0.0,0.132,Keonjhar_Iron
2026-01-02,25.5,13.5,0.0,0.148,Keonjhar_Iron
2026-01-03,24.4,13.5,0.1,0.156,Keonjhar_Iron
2026-01-04,24.9,14.3,0.0,0.152,Keonjhar_Iron
2026-01-05,23.4,12.3,0.0,0.15,Keonjhar_Iron
2026-01-06,21.2,9.2,0.0,0.159,Keonjhar_Iron
2026-01-07,22.9,10.1,0.0,0.156,Keonjhar_Iron
2026-01-08,22.2,11.9,0.0,0.148,Keonjhar_Iron
2026-01-09,21.9,10.8,0.0,0.134,Keonjhar_Iron
2026-01-10,22.1,9.9,0.0,0.134,Keonjhar_Iron
2026-01-11,23.6,13.7,0.0,0.129,Keonjhar_Iron
2026-01-12,23.3,11.6,0.0,0.123,Keonjhar_Iron
2026-01-13,24.8,11.9,0.0,0.125,Keonjhar_Iron
2026-01-14,24.5,12.5,0.0,0.137,Keonjhar_Iron
2026-01-15,23.5,11.7,0.0,0.146,Keonjhar_Iron
2026-01-16,25.0,11.4,0.0,0.145,Keonjhar_Iron
2026-01-17,25.3,12.4,0.0,0.144,Keonjhar_Iron
2026-01-18,26.8,14.0,0.0,0.155,Keonjhar_Iron
2026-01-19,27.2,14.3,0.0,0.166,Keonjhar_Iron
2026-01-20,27.3,14.7,0.0,0.185,Keonjhar_Iron
2026-01-21,26.3,14.9,0.0,0.182,Keonjhar_Iron
2026-01-22,26.0,14.0,0.0,0.175,Keonjhar_Iron
2026-01-23,26.1,13.3,0.0,0.173,Keonjhar_Iron
2026-01-24,26.2,13.4,0.0,0.163,Keonjhar_Iron
2026-01-25,25.9,16.5,0.0,0.173,Keonjhar_Iron
2026-01-26,26.3,16.3,0.0,0.177,Keonjhar_Iron
2026-01-27,26.7,15.1,0.0,0.173,Keonjhar_Iron
2026-01-28,27.5,15.6,0.0,0.169,Keonjhar_Iron
2026-01-29,27.9,15.1,0.0,0.166,Keonjhar_Iron
2026-01-30,27.2,15.7,0.0,0.17,Keonjhar_Iron
2026-01-31,26.9,14.5,0.0,0.165,Keonjhar_Iron
2026-02-01,26.7,14.5,0.0,0.161,Keonjhar_Iron
2026-02-02,26.6,15.3,0.0,0.181,Keonjhar_Iron
2026-02-03,26.2,14.3,0.0,0.177,Keonjhar_Iron
2026-02-04,26.7,15.2,0.0,0.171,Keonjhar_Iron
2026-02-05,28.0,16.9,0.0,0.163,Keonjhar_Iron
2026-02-06,28.2,15.4,0.0,0.16,Keonjhar_Iron
2026-02-07,27.1,15.0,0.0,0.157,Keonjhar_Iron
2026-02-08,27.2,14.9,0.0,0.161,Keonjhar_Iron
2026-02-09,26.2,14.2,0.0,0.161,Keonjhar_Iron
2026-02-10,27.1,14.5,0.0,0.161,Keonjhar_Iron
2026-02-11,28.2,13.5,0.0,0.166,Keonjhar_Iron
2026-02-12,28.2,15.1,0.0,0.162,Keonjhar_Iron
2026-02-13,28.6,16.8,0.0,0.163,Keonjhar_Iron
2026-02-14,29.3,16.4,0.0,0.158,Keonjhar_Iron
2026-02-15,29.9,16.0,0.0,0.156,Keonjhar_Iron
2026-02-16,28.1,16.4,0.0,0.154,Keonjhar_Iron
2026-02-17,27.5,14.3,0.0,0.145,Keonjhar_Iron
2026-02-18,28.2,15.6,0.0,0.136,Keonjhar_Iron
2026-02-19,28.8,15.0,0.0,0.142,Keonjhar_Iron
2026-02-20,30.0,17.9,0.0,0.143,Keonjhar_Iron
2026-02-21,30.7,18.0,0.0,0.138,Keonjhar_Iron
2026-02-22,31.8,19.0,0.6,0.144,Keonjhar_Iron
2026-02-23,30.1,16.9,0.1,0.148,Keonjhar_Iron
2026-02-24,28.4,18.1,0.0,0.158,Keonjhar_Iron
2026-02-25,29.0,16.8,0.0,0.176,Keonjhar_Iron
2026-02-26,29.4,17.9,0.0,0.179,Keonjhar_Iron
2026-02-27,30.5,18.2,0.0,0.17,Keonjhar_Iron
2026-02-28,32.2,19.0,0.0,0.161,Keonjhar_Iron
2026-03-01,31.9,19.2,0.0,0.148,Keonjhar_Iron
2026-03-02,32.7,21.2,0.0,0.134,Keonjhar_Iron
2026-03-03,32.5,20.4,0.0,0.13,Keonjhar_Iron
2026-03-04,33.3,19.3,0.0,0.12,Keonjhar_Iron
2026-03-05,32.5,20.7,0.0,0.111,Keonjhar_Iron
2026-03-06,32.3,19.2,0.0,0.104,Keonjhar_Iron
2026-03-07,31.0,20.5,0.0,0.108,Keonjhar_Iron
2026-03-08,31.8,20.8,0.3,0.108,Keonjhar_Iron
2026-03-09,31.4,21.4,1.9,0.126,Keonjhar_Iron
2026-03-10,32.5,20.8,0.5,0.142,Keonjhar_Iron
2026-03-11,33.2,20.5,0.1,0.15,Keonjhar_Iron
2026-03-12,33.5,21.4,0.0,0.149,Keonjhar_Iron
2026-03-13,35.4,22.2,0.0,0.135,Keonjhar_Iron
2026-03-14,35.1,21.2,0.0,0.144,Keonjhar_Iron
2026-03-15,33.3,19.9,0.0,0.152,Keonjhar_Iron
2026-03-16,32.0,21.4,1.6,0.156,Keonjhar_Iron
2026-03-17,32.2,20.5,0.0,0.163,Keonjhar_Iron
2026-03-18,33.1,21.6,0.9,0.181,Keonjhar_Iron
2026-03-19,32.5,22.7,0.3,0.168,Keonjhar_Iron
2026-03-20,30.7,21.6,10.1,0.168,Keonjhar_Iron
2026-03-21,27.4,16.8,5.0,0.23,Keonjhar_Iron
2026-03-22,28.9,15.9,0.0,0.213,Keonjhar_Iron
2026-03-23,31.5,18.0,0.0,0.204,Keonjhar_Iron
2026-03-24,32.3,19.3,0.0,0.193,Keonjhar_Iron
2026-03-25,32.2,22.0,0.7,0.194,Keonjhar_Iron
2026-03-26,33.7,21.8,0.2,0.199,Keonjhar_Iron
2026-03-27,34.1,21.9,0.0,0.192,Keonjhar_Iron
2026-03-28,32.3,18.9,0.0,0.183,Keonjhar_Iron
2026-03-29,34.2,21.4,0.0,0.18,Keonjhar_Iron
2026-03-30,34.0,21.8,0.3,0.183,Keonjhar_Iron
2026-03-31,30.7,22.1,5.6,0.213,Keonjhar_Iron
2026-04-01,34.2,21.7,0.0,0.227,Keonjhar_Iron
2026-04-02,34.3,23.5,0.0,0.211,Keonjhar_Iron
2026-04-03,35.7,24.9,0.0,0.205,Keonjhar_Iron
2026-04-04,33.5,23.8,1.2,0.205,Keonjhar_Iron
2026-04-05,29.7,22.0,5.9,0.269,Keonjhar_Iron
2026-04-06,31.9,21.1,11.5,0.377,Keonjhar_Iron
2026-04-07,29.6,20.4,7.5,0.397,Keonjhar_Iron
2026-04-08,32.1,19.8,0.1,0.373,Keonjhar_Iron
2026-04-09,31.6,20.6,3.3,0.36,Keonjhar_Iron
2026-04-10,32.8,20.0,0.5,0.333,Keonjhar_Iron
2026-04-11,33.4,21.2,0.0,0.315,Keonjhar_Iron
2026-04-12,35.1,21.0,0.0,0.303,Keonjhar_Iron
2026-04-13,34.6,24.3,0.0,0.287,Keonjhar_Iron
2026-04-14,36.2,22.5,0.0,0.277,Keonjhar_Iron
2026-04-15,35.0,22.9,0.1,0.267,Keonjhar_Iron
2026-04-16,35.9,24.2,0.3,0.265,Keonjhar_Iron
2026-04-17,34.3,24.7,2.1,0.267,Keonjhar_Iron
2026-04-18,37.3,23.9,0.0,0.266,Keonjhar_Iron
2026-04-19,36.7,24.9,2.0,0.255,Keonjhar_Iron
2026-04-20,35.9,27.2,6.4,0.27,Keonjhar_Iron
2026-04-21,37.7,26.2,0.0,0.272,Keonjhar_Iron
2026-04-22,38.1,27.0,0.0,0.253,Keonjhar_Iron
2026-04-23,38.3,24.5,0.0,0.243,Keonjhar_Iron
2026-04-24,37.5,24.8,0.0,0.223,Keonjhar_Iron
2026-04-25,37.7,24.6,0.0,0.216,Keonjhar_Iron
2026-04-26,36.9,24.2,0.0,0.217,Keonjhar_Iron
2026-04-27,36.9,26.5,3.0,0.23,Keonjhar_Iron
2026-04-28,35.7,27.4,1.7,0.226,Keonjhar_Iron
2026-04-29,35.3,23.8,1.2,0.211,Keonjhar_Iron
2026-04-30,32.1,22.1,1.7,0.227,Keonjhar_Iron
2026-05-01,31.1,21.9,1.3,0.243,Keonjhar_Iron
2026-05-02,33.9,22.7,0.5,0.259,Keonjhar_Iron
2026-05-03,33.2,20.9,8.8,0.316,Keonjhar_Iron
2026-05-04,33.4,22.5,12.1,0.298,Keonjhar_Iron
2026-05-05,30.0,21.2,0.7,0.344,Keonjhar_Iron
2026-05-06,32.6,22.1,0.3,0.341,Keonjhar_Iron
2026-05-07,33.2,22.4,0.0,0.331,Keonjhar_Iron
2026-05-08,30.6,22.1,1.9,0.326,Keonjhar_Iron
2026-05-09,32.7,21.9,1.9,0.323,Keonjhar_Iron
2026-05-10,30.6,22.9,2.8,0.344,Keonjhar_Iron
2026-05-11,32.3,22.2,1.4,0.324,Keonjhar_Iron
2026-05-12,32.0,23.5,4.4,0.298,Keonjhar_Iron
2026-05-13,33.4,23.3,1.8,0.292,Keonjhar_Iron
2026-05-14,35.3,22.4,0.4,0.315,Keonjhar_Iron
2026-05-15,33.8,24.2,0.7,0.316,Keonjhar_Iron
2026-05-16,35.2,24.7,0.3,0.332,Keonjhar_Iron
2026-05-17,35.3,25.1,2.0,0.318,Keonjhar_Iron
2026-05-18,37.1,26.5,0.0,0.307,Keonjhar_Iron
2026-05-19,36.7,26.5,0.5,0.314,Keonjhar_Iron
2026-05-20,38.2,26.8,0.0,0.29,Keonjhar_Iron
2026-05-21,38.2,28.6,1.1,0.272,Keonjhar_Iron
2026-05-22,36.5,27.3,1.1,0.279,Keonjhar_Iron
2026-05-23,36.3,26.4,0.6,0.29,Keonjhar_Iron
2026-05-24,36.6,26.1,1.2,0.257,Keonjhar_Iron
2026-05-25,36.3,26.5,1.4,0.219,Keonjhar_Iron
2026-05-26,37.5,26.1,0.0,0.204,Keonjhar_Iron
2026-05-27,35.7,25.1,12.1,0.265,Keonjhar_Iron
2026-05-28,34.2,24.5,0.4,0.346,Keonjhar_Iron
2026-05-29,30.7,24.0,7.7,0.328,Keonjhar_Iron
2026-05-30,30.8,23.6,16.4,0.334,Keonjhar_Iron
2026-05-31,32.9,21.9,3.4,0.329,Keonjhar_Iron
2026-06-01,33.4,23.5,2.1,0.303,Keonjhar_Iron
2026-06-02,33.6,25.6,4.1,0.328,Keonjhar_Iron
2026-06-03,34.2,24.6,7.2,0.346,Keonjhar_Iron
2026-06-04,33.9,24.7,2.2,0.328,Keonjhar_Iron
2026-06-05,34.1,25.7,4.1,0.302,Keonjhar_Iron
2026-06-06,34.1,25.9,3.1,0.33,Keonjhar_Iron
2026-06-07,34.0,23.9,6.4,0.339,Keonjhar_Iron
2026-06-08,34.9,25.3,0.4,0.316,Keonjhar_Iron
2026-06-09,34.5,27.7,0.7,0.322,Keonjhar_Iron
2026-06-10,33.0,26.3,0.0,0.323,Keonjhar_Iron
2026-06-11,34.4,24.4,4.3,0.351,Keonjhar_Iron
2026-06-12,31.9,23.8,1.9,0.365,Keonjhar_Iron
2026-06-13,33.7,25.0,2.6,0.349,Keonjhar_Iron
2026-06-14,32.9,24.8,2.8,0.362,Keonjhar_Iron
2026-06-15,33.4,24.1,0.2,0.344,Keonjhar_Iron
2026-06-16,34.8,25.3,0.9,0.333,Keonjhar_Iron
2026-06-17,34.0,25.0,0.8,0.339,Keonjhar_Iron
2026-06-18,32.3,25.8,3.6,0.367,Keonjhar_Iron
2026-06-19,32.9,24.5,8.3,0.383,Keonjhar_Iron
2026-06-20,32.4,24.3,11.6,0.397,Keonjhar_Iron
2026-06-21,32.4,24.5,7.6,0.401,Keonjhar_Iron
2026-06-22,30.1,25.4,2.6,0.408,Keonjhar_Iron
2026-06-23,31.5,23.9,3.3,0.401,Keonjhar_Iron
2026-06-24,32.3,25.8,3.4,0.377,Keonjhar_Iron
2026-06-25,33.8,25.2,5.8,0.375,Keonjhar_Iron
2026-06-26,33.1,24.6,9.3,0.364,Keonjhar_Iron
2026-06-27,32.0,24.6,5.2,0.373,Keonjhar_Iron
2026-06-28,32.6,25.3,8.5,0.39,Keonjhar_Iron
2026-06-29,32.7,24.4,15.9,0.372,Keonjhar_Iron
2026-06-30,26.8,25.0,23.3,0.407,Keonjhar_Iron
2026-07-01,29.9,23.8,13.3,0.412,Keonjhar_Iron
2026-07-02,30.1,23.9,11.7,0.416,Keonjhar_Iron
2026-07-03,30.3,24.0,19.1,0.418,Keonjhar_Iron
2026-07-04,29.0,23.8,43.4,0.426,Keonjhar_Iron
2026-07-05,25.5,24.1,73.7,0.43,Keonjhar_Iron
2026-07-06,25.9,24.0,11.6,0.425,Keonjhar_Iron
2026-07-07,27.7,24.1,3.6,0.419,Keonjhar_Iron
2026-07-08,30.7,24.1,4.6,0.414,Keonjhar_Iron
2026-07-09,28.3,24.1,4.4,0.415,Keonjhar_Iron
2026-07-10,29.4,23.7,5.2,0.407,Keonjhar_Iron
2026-07-11,31.1,24.6,2.5,0.401,Keonjhar_Iron
2026-07-12,31.7,25.2,0.3,0.388,Keonjhar_Iron
2026-07-13,32.4,26.4,0.1,0.382,Keonjhar_Iron
2026-07-14,29.6,25.3,4.9,0.389,Keonjhar_Iron
2026-07-15,29.8,23.7,25.5,0.419,Keonjhar_Iron
2026-07-16,29.8,23.7,18.7,0.426,Keonjhar_Iron
2026-07-17,29.8,23.9,16.4,0.424,Keonjhar_Iron
2026-07-18,31.2,24.3,16.3,0.425,Keonjhar_Iron
2026-07-19,30.0,24.6,10.8,0.42,Keonjhar_Iron
2026-07-20,30.2,24.4,40.7,0.419,Keonjhar_Iron
2026-07-21,26.9,23.5,29.3,0.428,Keonjhar_Iron
2026-07-22,24.5,23.4,17.6,0.426,Keonjhar_Iron
2026-07-23,27.0,23.0,19.1,0.426,Keonjhar_Iron
2026-07-24,27.9,23.1,10.3,0.419,Keonjhar_Iron
2026-07-25,27.8,23.6,15.6,0.423,Keonjhar_Iron
2026-07-26,29.0,22.8,18.5,0.422,Keonjhar_Iron
2026-07-27,29.0,23.1,20.3,0.424,Keonjhar_Iron
2026-07-28,24.7,23.5,123.9,0.429,Keonjhar_Iron
2026-07-29,29.6,23.5,14.4,0.426,Keonjhar_Iron
2026-07-30,30.0,23.4,2.2,0.413,Keonjhar_Iron
2026-07-31,31.1,24.1,1.7,0.401,Keonjhar_Iron
2026-08-01,30.1,24.4,5.0,0.4,Keonjhar_Iron
2026-08-02,30.2,24.6,4.2,0.405,Keonjhar_Iron
2026-08-03,31.6,24.5,9.4,0.418,Keonjhar_Iron
2026-08-04,31.4,24.4,9.8,0.419,Keonjhar_Iron
2026-08-05,29.4,24.1,10.1,0.419,Keonjhar_Iron
2026-08-06,28.6,24.1,23.0,0.429,Keonjhar_Iron
2026-08-07,29.5,23.8,15.3,0.424,Keonjhar_Iron
2026-08-08,28.3,23.8,13.3,0.426,Keonjhar_Iron
2026-08-09,28.7,23.9,9.3,0.42,Keonjhar_Iron
2026-08-10,28.8,23.7,17.3,0.421,Keonjhar_Iron
2026-08-11,30.8,23.5,15.4,0.423,Keonjhar_Iron
2026-08-12,30.2,24.1,8.6,0.418,Keonjhar_Iron
2026-08-13,26.3,24.3,57.5,0.427,Keonjhar_Iron
2026-08-14,29.7,24.3,19.1,0.425,Keonjhar_Iron
2026-08-15,29.6,24.2,12.3,0.425,Keonjhar_Iron
2026-08-16,28.4,23.7,21.6,0.427,Keonjhar_Iron
2026-08-17,27.9,23.9,12.2,0.423,Keonjhar_Iron
2026-08-18,24.9,23.8,45.2,0.427,Keonjhar_Iron
2026-08-19,29.2,23.8,2.0,0.419,Keonjhar_Iron
2026-08-20,29.9,23.4,0.7,0.408,Keonjhar_Iron
2026-08-21,30.2,24.6,5.9,0.401,Keonjhar_Iron
2026-08-22,30.8,24.3,10.1,0.407,Keonjhar_Iron
2026-08-23,29.7,24.1,30.1,0.422,Keonjhar_Iron
2026-08-24,27.7,23.8,28.2,0.428,Keonjhar_Iron
2026-08-25,30.2,24.4,6.5,0.418,Keonjhar_Iron
2026-08-26,30.0,24.3,9.2,0.415,Keonjhar_Iron
2026-08-27,31.3,23.6,17.1,0.419,Keonjhar_Iron
2026-08-28,29.4,24.3,7.6,0.421,Keonjhar_Iron
2026-08-29,29.0,24.6,23.9,0.426,Keonjhar_Iron
2026-08-30,28.9,23.8,37.2,0.427,Keonjhar_Iron
2026-08-31,29.0,24.0,18.9,0.426,Keonjhar_Iron
2026-09-01,28.8,23.9,9.7,0.422,Keonjhar_Iron
2023-09-02,32.0,21.8,0.0,0.176,Udaipur_Zinc
2023-09-03,31.9,22.4,0.0,0.165,Udaipur_Zinc
2023-09-04,31.6,22.7,0.0,0.155,Udaipur_Zinc
2023-09-05,32.0,22.7,0.1,0.151,Udaipur_Zinc
2023-09-06,32.5,24.6,0.3,0.151,Udaipur_Zinc
2023-09-07,32.0,23.3,1.7,0.159,Udaipur_Zinc
2023-09-08,32.2,24.2,1.2,0.154,Udaipur_Zinc
2023-09-09,32.5,23.9,1.1,0.162,Udaipur_Zinc
2023-09-10,32.0,23.3,1.5,0.251,Udaipur_Zinc
2023-09-11,31.7,23.3,0.0,0.241,Udaipur_Zinc
2023-09-12,30.8,23.6,0.0,0.216,Udaipur_Zinc
2023-09-13,29.7,23.3,8.1,0.235,Udaipur_Zinc
2023-09-14,30.2,23.1,10.2,0.279,Udaipur_Zinc
2023-09-15,30.5,22.5,18.7,0.381,Udaipur_Zinc
2023-09-16,28.7,23.3,30.6,0.394,Udaipur_Zinc
2023-09-17,26.5,22.7,22.0,0.429,Udaipur_Zinc
2023-09-18,26.7,22.2,18.7,0.426,Udaipur_Zinc
2023-09-19,27.1,22.1,5.2,0.419,Udaipur_Zinc
2023-09-20,27.1,23.0,2.8,0.407,Udaipur_Zinc
2023-09-21,29.8,22.3,1.1,0.388,Udaipur_Zinc
2023-09-22,30.4,23.3,0.9,0.369,Udaipur_Zinc
2023-09-23,30.2,23.2,3.2,0.361,Udaipur_Zinc
2023-09-24,30.0,22.6,1.2,0.354,Udaipur_Zinc
2023-09-25,28.2,23.0,1.5,0.346,Udaipur_Zinc
2023-09-26,29.6,21.8,0.7,0.331,Udaipur_Zinc
2023-09-27,31.1,23.2,2.6,0.331,Udaipur_Zinc
2023-09-28,31.1,22.6,0.0,0.333,Udaipur_Zinc
2023-09-29,31.6,20.5,0.0,0.303,Udaipur_Zinc
2023-09-30,32.1,21.4,0.0,0.275,Udaipur_Zinc
2023-10-01,31.6,21.0,0.0,0.255,Udaipur_Zinc
2023-10-02,32.2,21.8,0.0,0.238,Udaipur_Zinc
2023-10-03,32.3,18.7,0.0,0.212,Udaipur_Zinc
2023-10-04,31.8,18.3,0.0,0.194,Udaipur_Zinc
2023-10-05,32.2,17.6,0.0,0.18,Udaipur_Zinc
2023-10-06,31.1,19.2,0.0,0.166,Udaipur_Zinc
2023-10-07,30.9,18.3,0.0,0.154,Udaipur_Zinc
2023-10-08,31.5,17.6,0.0,0.145,Udaipur_Zinc
2023-10-09,31.2,19.7,0.0,0.136,Udaipur_Zinc
2023-10-10,31.4,18.3,0.0,0.129,Udaipur_Zinc
2023-10-11,31.9,18.1,0.0,0.129,Udaipur_Zinc
2023-10-12,32.2,20.4,0.0,0.128,Udaipur_Zinc
2023-10-13,31.6,21.4,0.0,0.133,Udaipur_Zinc
2023-10-14,32.2,19.1,0.0,0.133,Udaipur_Zinc
2023-10-15,31.8,19.7,0.0,0.133,Udaipur_Zinc
2023-10-16,30.9,19.9,0.0,0.132,Udaipur_Zinc
2023-10-17,30.1,18.7,0.0,0.129,Udaipur_Zinc
2023-10-18,29.5,18.0,0.0,0.126,Udaipur_Zinc
2023-10-19,29.5,18.6,0.0,0.124,Udaipur_Zinc
2023-10-20,30.0,20.2,0.0,0.125,Udaipur_Zinc
2023-10-21,31.1,19.4,0.0,0.131,Udaipur_Zinc
2023-10-22,31.3,19.7,0.0,0.13,Udaipur_Zinc
2023-10-23,30.0,19.5,0.0,0.13,Udaipur_Zinc
2023-10-24,30.6,18.5,0.0,0.121,Udaipur_Zinc
2023-10-25,30.4,18.6,0.0,0.124,Udaipur_Zinc
2023-10-26,30.7,17.7,0.0,0.124,Udaipur_Zinc
2023-10-27,30.9,17.8,0.0,0.122,Udaipur_Zinc
2023-10-28,30.4,18.7,0.0,0.121,Udaipur_Zinc
2023-10-29,30.7,19.2,0.0,0.125,Udaipur_Zinc
2023-10-30,30.9,18.6,0.0,0.12,Udaipur_Zinc
2023-10-31,30.5,18.2,0.0,0.12,Udaipur_Zinc
2023-11-01,30.4,18.9,0.0,0.12,Udaipur_Zinc
2023-11-02,30.3,18.1,0.0,0.12,Udaipur_Zinc
2023-11-03,29.9,18.4,0.0,0.12,Udaipur_Zinc
2023-11-04,29.7,18.0,0.0,0.12,Udaipur_Zinc
2023-11-05,30.1,19.7,0.0,0.12,Udaipur_Zinc
2023-11-06,30.5,18.5,0.0,0.12,Udaipur_Zinc
2023-11-07,30.7,18.4,0.0,0.113,Udaipur_Zinc
2023-11-08,30.3,18.3,0.0,0.12,Udaipur_Zinc
2023-11-09,31.2,17.4,0.0,0.12,Udaipur_Zinc
2023-11-10,30.6,18.1,0.0,0.12,Udaipur_Zinc
2023-11-11,28.9,16.6,0.0,0.12,Udaipur_Zinc
2023-11-12,28.1,13.9,0.0,0.12,Udaipur_Zinc
2023-11-13,27.0,14.1,0.0,0.12,Udaipur_Zinc
2023-11-14,27.0,15.5,0.0,0.12,Udaipur_Zinc
2023-11-15,26.5,14.6,0.0,0.12,Udaipur_Zinc
2023-11-16,26.3,13.9,0.0,0.12,Udaipur_Zinc
2023-11-17,25.8,13.8,0.0,0.12,Udaipur_Zinc
2023-11-18,25.9,13.8,0.0,0.12,Udaipur_Zinc
2023-11-19,27.0,14.4,0.0,0.124,Udaipur_Zinc
2023-11-20,27.8,15.9,0.0,0.123,Udaipur_Zinc
2023-11-21,27.7,15.7,0.0,0.12,Udaipur_Zinc
2023-11-22,26.9,14.7,0.0,0.12,Udaipur_Zinc
2023-11-23,26.2,14.5,0.0,0.12,Udaipur_Zinc
2023-11-24,26.5,13.6,0.0,0.12,Udaipur_Zinc
2023-11-25,26.6,13.2,0.0,0.12,Udaipur_Zinc
2023-11-26,25.9,15.6,34.7,0.192,Udaipur_Zinc
2023-11-27,19.5,14.5,18.1,0.364,Udaipur_Zinc
2023-11-28,21.7,14.0,0.3,0.314,Udaipur_Zinc
2023-11-29,22.6,12.9,0.0,0.288,Udaipur_Zinc
2023-11-30,23.4,13.5,0.0,0.27,Udaipur_Zinc
2023-12-01,22.5,13.6,1.2,0.259,Udaipur_Zinc
2023-12-02,21.7,14.5,0.1,0.255,Udaipur_Zinc
2023-12-03,19.9,16.0,1.8,0.268,Udaipur_Zinc
2023-12-04,21.3,14.4,0.0,0.281,Udaipur_Zinc
2023-12-05,21.4,12.6,0.0,0.268,Udaipur_Zinc
2023-12-06,21.4,12.2,0.1,0.256,Udaipur_Zinc
2023-12-07,21.8,12.3,0.1,0.243,Udaipur_Zinc
2023-12-08,22.3,11.7,0.0,0.229,Udaipur_Zinc
2023-12-09,23.2,12.1,0.0,0.216,Udaipur_Zinc
2023-12-10,23.3,12.1,0.0,0.203,Udaipur_Zinc
2023-12-11,23.7,12.5,0.0,0.19,Udaipur_Zinc
2023-12-12,23.6,11.9,0.0,0.178,Udaipur_Zinc
2023-12-13,23.1,11.6,0.0,0.168,Udaipur_Zinc
2023-12-14,23.1,10.4,0.0,0.157,Udaipur_Zinc
2023-12-15,24.4,11.2,0.0,0.148,Udaipur_Zinc
2023-12-16,24.4,12.6,0.0,0.143,Udaipur_Zinc
2023-12-17,22.8,12.2,0.0,0.144,Udaipur_Zinc
2023-12-18,21.5,10.8,0.0,0.141,Udaipur_Zinc
2023-12-19,20.7,8.8,0.0,0.137,Udaipur_Zinc
2023-12-20,20.4,9.5,0.0,0.133,Udaipur_Zinc
2023-12-21,22.9,10.8,0.0,0.129,Udaipur_Zinc
2023-12-22,24.3,10.8,0.0,0.124,Udaipur_Zinc
2023-12-23,24.6,11.7,0.0,0.12,Udaipur_Zinc
2023-12-24,24.8,10.9,0.0,0.114,Udaipur_Zinc
2023-12-25,25.7,11.0,0.0,0.112,Udaipur_Zinc
2023-12-26,25.7,11.3,0.0,0.112,Udaipur_Zinc
2023-12-27,25.2,12.3,0.0,0.113,Udaipur_Zinc
2023-12-28,23.8,12.2,0.0,0.117,Udaipur_Zinc
2023-12-29,24.2,11.1,0.0,0.118,Udaipur_Zinc
2023-12-30,25.3,11.7,0.0,0.12,Udaipur_Zinc
2023-12-31,23.4,12.5,0.0,0.126,Udaipur_Zinc
2024-01-01,22.3,12.4,0.0,0.13,Udaipur_Zinc
2024-01-02,21.7,11.4,0.0,0.141,Udaipur_Zinc
2024-01-03,20.9,11.0,0.0,0.153,Udaipur_Zinc
2024-01-04,20.5,8.3,0.0,0.151,Udaipur_Zinc
2024-01-05,20.7,7.9,0.0,0.162,Udaipur_Zinc
2024-01-06,20.8,7.9,0.0,0.171,Udaipur_Zinc
2024-01-07,20.6,8.4,0.0,0.171,Udaipur_Zinc
2024-01-08,22.7,9.9,1.1,0.17,Udaipur_Zinc
2024-01-09,22.5,13.0,1.0,0.199,Udaipur_Zinc
2024-01-10,20.8,11.1,0.0,0.189,Udaipur_Zinc
2024-01-11,23.2,9.2,0.0,0.176,Udaipur_Zinc
2024-01-12,23.7,9.6,0.0,0.163,Udaipur_Zinc
2024-01-13,25.6,13.7,0.0,0.149,Udaipur_Zinc
2024-01-14,25.5,10.8,0.0,0.138,Udaipur_Zinc
2024-01-15,23.7,10.5,0.0,0.129,Udaipur_Zinc
2024-01-16,24.3,10.7,0.0,0.115,Udaipur_Zinc
2024-01-17,23.6,11.7,0.0,0.115,Udaipur_Zinc
2024-01-18,23.4,10.8,0.0,0.121,Udaipur_Zinc
2024-01-19,22.4,10.2,0.0,0.124,Udaipur_Zinc
2024-01-20,23.5,8.8,0.0,0.124,Udaipur_Zinc
2024-01-21,22.6,8.6,0.0,0.127,Udaipur_Zinc
2024-01-22,22.7,9.1,0.0,0.126,Udaipur_Zinc
2024-01-23,23.8,10.2,0.0,0.125,Udaipur_Zinc
2024-01-24,23.8,8.5,0.0,0.137,Udaipur_Zinc
2024-01-25,22.3,9.1,0.0,0.141,Udaipur_Zinc
2024-01-26,23.6,9.6,0.0,0.138,Udaipur_Zinc
2024-01-27,24.2,11.5,0.0,0.137,Udaipur_Zinc
2024-01-28,26.8,10.7,0.0,0.137,Udaipur_Zinc
2024-01-29,24.8,11.3,0.0,0.135,Udaipur_Zinc
2024-01-30,24.6,12.5,0.0,0.129,Udaipur_Zinc
2024-01-31,26.5,13.6,0.0,0.126,Udaipur_Zinc
2024-02-01,26.5,15.5,0.1,0.125,Udaipur_Zinc
2024-02-02,27.4,13.8,0.0,0.126,Udaipur_Zinc
2024-02-03,28.0,13.9,0.0,0.129,Udaipur_Zinc
2024-02-04,28.4,16.3,0.0,0.134,Udaipur_Zinc
2024-02-05,25.9,14.4,0.0,0.132,Udaipur_Zinc
2024-02-06,25.7,13.4,0.0,0.128,Udaipur_Zinc
2024-02-07,25.9,13.1,0.0,0.128,Udaipur_Zinc
2024-02-08,20.8,11.0,0.0,0.127,Udaipur_Zinc
2024-02-09,22.8,8.6,0.0,0.125,Udaipur_Zinc
2024-02-10,23.8,9.8,0.0,0.124,Udaipur_Zinc
2024-02-11,23.7,10.0,0.0,0.122,Udaipur_Zinc
2024-02-12,24.3,10.9,0.0,0.119,Udaipur_Zinc
2024-02-13,25.7,12.3,0.0,0.121,Udaipur_Zinc
2024-02-14,25.6,13.4,0.0,0.115,Udaipur_Zinc
2024-02-15,26.1,12.5,0.0,0.111,Udaipur_Zinc
2024-02-16,27.9,12.4,0.0,0.115,Udaipur_Zinc
2024-02-17,30.0,13.0,0.0,0.123,Udaipur_Zinc
2024-02-18,29.9,13.1,0.0,0.118,Udaipur_Zinc
2024-02-19,29.0,18.5,0.0,0.118,Udaipur_Zinc
2024-02-20,28.8,15.8,0.0,0.119,Udaipur_Zinc
2024-02-21,26.6,15.2,0.0,0.119,Udaipur_Zinc
2024-02-22,26.5,13.4,0.0,0.119,Udaipur_Zinc
2024-02-23,24.5,12.8,0.0,0.117,Udaipur_Zinc
2024-02-24,25.6,11.4,0.0,0.115,Udaipur_Zinc
2024-02-25,24.9,12.6,0.0,0.114,Udaipur_Zinc
2024-02-26,25.5,13.9,0.0,0.114,Udaipur_Zinc
2024-02-27,29.6,13.6,0.7,0.12,Udaipur_Zinc
2024-02-28,28.9,12.9,0.0,0.12,Udaipur_Zinc
2024-02-29,30.3,14.4,0.0,0.123,Udaipur_Zinc
2024-03-01,32.7,15.9,0.0,0.124,Udaipur_Zinc
2024-03-02,26.3,15.7,0.6,0.139,Udaipur_Zinc
2024-03-03,22.1,8.8,0.0,0.171,Udaipur_Zinc
2024-03-04,23.2,9.5,0.0,0.162,Udaipur_Zinc
2024-03-05,24.7,10.2,0.0,0.155,Udaipur_Zinc
2024-03-06,27.6,11.6,0.0,0.144,Udaipur_Zinc
2024-03-07,28.2,13.6,0.0,0.138,Udaipur_Zinc
2024-03-08,27.7,14.0,0.0,0.135,Udaipur_Zinc
2024-03-09,27.8,14.9,0.0,0.133,Udaipur_Zinc
2024-03-10,29.2,15.0,0.0,0.128,Udaipur_Zinc
2024-03-11,31.4,18.0,0.0,0.125,Udaipur_Zinc
2024-03-12,30.9,19.4,0.0,0.122,Udaipur_Zinc
2024-03-13,30.4,15.9,0.0,0.122,Udaipur_Zinc
2024-03-14,29.3,15.9,0.0,0.119,Udaipur_Zinc
2024-03-15,29.5,16.9,0.0,0.117,Udaipur_Zinc
2024-03-16,29.6,16.3,0.0,0.121,Udaipur_Zinc
2024-03-17,30.6,16.2,0.0,0.123,Udaipur_Zinc
2024-03-18,30.3,16.3,0.0,0.12,Udaipur_Zinc
2024-03-19,32.0,17.5,0.0,0.119,Udaipur_Zinc
2024-03-20,32.8,17.7,0.0,0.119,Udaipur_Zinc
2024-03-21,31.7,18.2,0.0,0.119,Udaipur_Zinc
2024-03-22,34.6,17.1,0.0,0.119,Udaipur_Zinc
2024-03-23,35.1,19.7,0.0,0.119,Udaipur_Zinc
2024-03-24,34.2,21.6,0.0,0.119,Udaipur_Zinc
2024-03-25,34.6,19.9,0.0,0.119,Udaipur_Zinc
2024-03-26,36.1,20.9,0.0,0.119,Udaipur_Zinc
2024-03-27,36.9,23.3,0.0,0.119,Udaipur_Zinc
2024-03-28,37.3,25.1,0.0,0.119,Udaipur_Zinc
2024-03-29,36.5,21.2,0.0,0.119,Udaipur_Zinc
2024-03-30,34.4,19.8,0.0,0.119,Udaipur_Zinc
2024-03-31,34.1,18.9,0.0,0.119,Udaipur_Zinc
2024-04-01,34.6,19.4,0.0,0.119,Udaipur_Zinc
2024-04-02,35.0,22.1,0.0,0.113,Udaipur_Zinc
2024-04-03,34.2,20.4,0.0,0.119,Udaipur_Zinc
2024-04-04,32.8,23.0,0.0,0.119,Udaipur_Zinc
2024-04-05,34.3,23.4,0.0,0.119,Udaipur_Zinc
2024-04-06,34.7,21.5,0.0,0.12,Udaipur_Zinc
2024-04-07,34.7,21.3,0.0,0.12,Udaipur_Zinc
2024-04-08,35.3,20.8,0.0,0.12,Udaipur_Zinc
2024-04-09,36.9,21.5,0.0,0.12,Udaipur_Zinc
2024-04-10,34.1,24.1,0.1,0.119,Udaipur_Zinc
2024-04-11,35.7,22.8,0.1,0.119,Udaipur_Zinc
2024-04-12,34.7,20.9,0.0,0.115,Udaipur_Zinc
2024-04-13,35.2,23.4,0.0,0.118,Udaipur_Zinc
2024-04-14,34.6,24.4,0.0,0.125,Udaipur_Zinc
2024-04-15,35.3,23.0,1.6,0.129,Udaipur_Zinc
2024-04-16,36.4,24.3,0.0,0.122,Udaipur_Zinc
2024-04-17,39.0,24.3,0.0,0.121,Udaipur_Zinc
2024-04-18,37.3,22.7,0.0,0.122,Udaipur_Zinc
2024-04-19,35.4,22.5,0.0,0.117,Udaipur_Zinc
2024-04-20,34.5,20.8,0.0,0.119,Udaipur_Zinc
2024-04-21,35.0,21.5,0.0,0.119,Udaipur_Zinc
2024-04-22,35.1,20.5,0.0,0.118,Udaipur_Zinc
2024-04-23,35.9,21.6,0.0,0.119,Udaipur_Zinc
2024-04-24,37.2,21.2,0.0,0.119,Udaipur_Zinc
2024-04-25,37.2,23.4,0.0,0.119,Udaipur_Zinc
2024-04-26,36.1,23.8,0.8,0.128,Udaipur_Zinc
2024-04-27,36.2,23.8,0.0,0.121,Udaipur_Zinc
2024-04-28,37.1,23.0,0.0,0.12,Udaipur_Zinc
2024-04-29,36.4,22.3,0.0,0.12,Udaipur_Zinc
2024-04-30,36.9,23.2,0.0,0.119,Udaipur_Zinc
2024-05-01,36.2,23.0,0.0,0.119,Udaipur_Zinc
2024-05-02,36.1,21.2,0.0,0.119,Udaipur_Zinc
2024-05-03,38.4,22.0,0.0,0.119,Udaipur_Zinc
2024-05-04,37.7,25.2,0.0,0.119,Udaipur_Zinc
2024-05-05,36.6,24.8,0.0,0.119,Udaipur_Zinc
2024-05-06,39.2,24.7,0.0,0.119,Udaipur_Zinc
2024-05-07,40.3,26.0,0.0,0.119,Udaipur_Zinc
2024-05-08,40.5,27.0,0.0,0.12,Udaipur_Zinc
2024-05-09,40.2,26.6,0.0,0.12,Udaipur_Zinc
2024-05-10,39.9,26.8,0.0,0.119,Udaipur_Zinc
2024-05-11,39.2,25.9,3.5,0.127,Udaipur_Zinc
2024-05-12,39.1,26.0,0.0,0.129,Udaipur_Zinc
2024-05-13,39.2,27.2,0.0,0.138,Udaipur_Zinc
2024-05-14,36.6,24.4,0.0,0.148,Udaipur_Zinc
2024-05-15,38.4,23.3,0.0,0.145,Udaipur_Zinc
2024-05-16,39.6,26.2,0.0,0.138,Udaipur_Zinc
2024-05-17,41.5,25.7,0.0,0.128,Udaipur_Zinc
2024-05-18,41.7,27.0,0.0,0.123,Udaipur_Zinc
2024-05-19,42.3,29.3,0.0,0.124,Udaipur_Zinc
2024-05-20,41.6,30.4,0.0,0.12,Udaipur_Zinc
2024-05-21,42.6,30.5,0.0,0.116,Udaipur_Zinc
2024-05-22,42.7,29.0,0.0,0.115,Udaipur_Zinc
2024-05-23,43.9,30.9,0.0,0.113,Udaipur_Zinc
2024-05-24,44.3,31.4,0.0,0.112,Udaipur_Zinc
2024-05-25,42.5,30.5,0.0,0.112,Udaipur_Zinc
2024-05-26,42.4,31.2,0.0,0.112,Udaipur_Zinc
2024-05-27,44.9,30.8,0.0,0.112,Udaipur_Zinc
2024-05-28,40.4,27.2,0.0,0.112,Udaipur_Zinc
2024-05-29,38.6,26.0,0.0,0.111,Udaipur_Zinc
2024-05-30,40.0,24.4,0.0,0.107,Udaipur_Zinc
2024-05-31,39.1,26.0,0.0,0.109,Udaipur_Zinc
2024-06-01,37.8,26.2,0.0,0.106,Udaipur_Zinc
2024-06-02,37.9,26.6,0.0,0.108,Udaipur_Zinc
2024-06-03,40.5,25.8,0.0,0.106,Udaipur_Zinc
2024-06-04,38.9,27.6,0.0,0.106,Udaipur_Zinc
2024-06-05,38.4,26.8,0.0,0.106,Udaipur_Zinc
2024-06-06,38.9,26.0,0.0,0.107,Udaipur_Zinc
2024-06-07,40.9,27.2,0.0,0.107,Udaipur_Zinc
2024-06-08,38.8,25.5,0.0,0.107,Udaipur_Zinc
2024-06-09,38.7,26.9,0.0,0.108,Udaipur_Zinc
2024-06-10,39.0,25.9,0.9,0.141,Udaipur_Zinc
2024-06-11,36.9,25.9,1.3,0.251,Udaipur_Zinc
2024-06-12,35.2,25.5,4.2,0.279,Udaipur_Zinc
2024-06-13,35.6,25.6,0.0,0.227,Udaipur_Zinc
2024-06-14,35.7,25.5,0.0,0.185,Udaipur_Zinc
2024-06-15,36.2,25.3,0.0,0.154,Udaipur_Zinc
2024-06-16,38.0,26.3,0.0,0.135,Udaipur_Zinc
2024-06-17,38.4,27.2,0.0,0.125,Udaipur_Zinc
2024-06-18,37.2,26.8,0.0,0.114,Udaipur_Zinc
2024-06-19,35.9,26.4,0.0,0.114,Udaipur_Zinc
2024-06-20,36.5,26.3,1.3,0.12,Udaipur_Zinc
2024-06-21,37.0,26.1,0.2,0.12,Udaipur_Zinc
2024-06-22,37.2,26.2,1.9,0.129,Udaipur_Zinc
2024-06-23,38.5,27.3,0.0,0.126,Udaipur_Zinc
2024-06-24,37.1,26.4,6.2,0.15,Udaipur_Zinc
2024-06-25,33.3,25.4,38.4,0.31,Udaipur_Zinc
2024-06-26,31.8,25.5,9.2,0.358,Udaipur_Zinc
2024-06-27,31.5,24.9,6.8,0.344,Udaipur_Zinc
2024-06-28,30.9,24.4,1.0,0.345,Udaipur_Zinc
2024-06-29,27.4,24.3,20.7,0.374,Udaipur_Zinc
2024-06-30,30.6,24.0,15.5,0.409,Udaipur_Zinc
2024-07-01,30.1,23.7,2.7,0.398,Udaipur_Zinc
2024-07-02,27.8,24.0,0.8,0.372,Udaipur_Zinc
2024-07-03,32.3,24.7,1.2,0.346,Udaipur_Zinc
2024-07-04,29.6,24.9,8.5,0.343,Udaipur_Zinc
2024-07-05,27.3,24.5,10.6,0.39,Udaipur_Zinc
2024-07-06,30.0,24.0,3.1,0.37,Udaipur_Zinc
2024-07-07,30.0,24.7,1.8,0.346,Udaipur_Zinc
2024-07-08,31.1,24.0,2.7,0.324,Udaipur_Zinc
2024-07-09,30.5,24.6,10.7,0.342,Udaipur_Zinc
2024-07-10,31.3,24.0,3.9,0.373,Udaipur_Zinc
2024-07-11,31.8,24.5,2.5,0.369,Udaipur_Zinc
2024-07-12,30.5,24.5,1.1,0.359,Udaipur_Zinc
2024-07-13,31.9,24.4,0.8,0.327,Udaipur_Zinc
2024-07-14,31.4,24.9,4.5,0.311,Udaipur_Zinc
2024-07-15,33.0,24.6,5.3,0.309,Udaipur_Zinc
2024-07-16,31.7,24.3,7.0,0.355,Udaipur_Zinc
2024-07-17,30.3,24.2,13.3,0.389,Udaipur_Zinc
2024-07-18,31.1,24.3,2.1,0.351,Udaipur_Zinc
2024-07-19,30.3,23.9,0.7,0.326,Udaipur_Zinc
2024-07-20,31.2,23.3,1.0,0.299,Udaipur_Zinc
2024-07-21,30.9,24.2,5.4,0.289,Udaipur_Zinc
2024-07-22,30.8,25.1,1.8,0.284,Udaipur_Zinc
2024-07-23,30.3,25.1,1.3,0.296,Udaipur_Zinc
2024-07-24,30.9,24.5,3.4,0.297,Udaipur_Zinc
2024-07-25,26.8,23.8,31.2,0.4,Udaipur_Zinc
2024-07-26,30.9,23.7,15.6,0.397,Udaipur_Zinc
2024-07-27,28.9,24.3,5.6,0.397,Udaipur_Zinc
2024-07-28,30.9,24.1,23.6,0.412,Udaipur_Zinc
2024-07-29,30.4,24.3,26.5,0.421,Udaipur_Zinc
2024-07-30,28.3,23.7,2.2,0.393,Udaipur_Zinc
2024-07-31,30.3,24.2,2.9,0.376,Udaipur_Zinc
2024-08-01,26.3,24.1,7.4,0.366,Udaipur_Zinc
2024-08-02,25.7,23.6,32.8,0.428,Udaipur_Zinc
2024-08-03,28.1,23.2,11.8,0.412,Udaipur_Zinc
2024-08-04,28.1,22.7,74.7,0.428,Udaipur_Zinc
2024-08-05,27.0,23.5,36.5,0.427,Udaipur_Zinc
2024-08-06,26.2,23.5,2.7,0.401,Udaipur_Zinc
2024-08-07,29.0,23.3,0.4,0.38,Udaipur_Zinc
2024-08-08,28.2,23.0,0.0,0.363,Udaipur_Zinc
2024-08-09,26.1,23.2,14.9,0.384,Udaipur_Zinc
2024-08-10,28.0,23.3,16.2,0.418,Udaipur_Zinc
2024-08-11,27.0,23.7,1.6,0.4,Udaipur_Zinc
2024-08-12,28.5,23.5,7.0,0.402,Udaipur_Zinc
2024-08-13,28.1,23.7,1.3,0.39,Udaipur_Zinc
2024-08-14,29.7,23.9,3.1,0.377,Udaipur_Zinc
2024-08-15,28.4,24.3,2.1,0.374,Udaipur_Zinc
2024-08-16,28.6,23.8,1.1,0.383,Udaipur_Zinc
2024-08-17,29.3,23.3,0.9,0.365,Udaipur_Zinc
2024-08-18,29.5,21.8,1.9,0.353,Udaipur_Zinc
2024-08-19,31.3,22.2,0.4,0.336,Udaipur_Zinc
2024-08-20,30.8,23.5,1.9,0.321,Udaipur_Zinc
2024-08-21,28.8,23.5,38.2,0.382,Udaipur_Zinc
2024-08-22,28.9,23.5,10.2,0.411,Udaipur_Zinc
2024-08-23,28.4,23.8,38.8,0.429,Udaipur_Zinc
2024-08-24,29.4,23.1,7.5,0.416,Udaipur_Zinc
2024-08-25,28.1,23.1,21.7,0.428,Udaipur_Zinc
2024-08-26,26.0,21.4,20.8,0.432,Udaipur_Zinc
2024-08-27,24.2,20.9,28.3,0.432,Udaipur_Zinc
2024-08-28,24.6,21.2,9.2,0.426,Udaipur_Zinc
2024-08-29,27.5,22.1,8.7,0.422,Udaipur_Zinc
2024-08-30,28.5,22.1,1.9,0.402,Udaipur_Zinc
2024-08-31,29.4,21.9,4.5,0.386,Udaipur_Zinc
2024-09-01,30.3,22.5,6.4,0.386,Udaipur_Zinc
2024-09-02,29.4,23.4,21.8,0.41,Udaipur_Zinc
2024-09-03,27.1,22.5,29.2,0.423,Udaipur_Zinc
2024-09-04,27.3,22.6,11.4,0.422,Udaipur_Zinc
2024-09-05,26.4,22.3,37.6,0.426,Udaipur_Zinc
2024-09-06,29.3,22.9,5.2,0.41,Udaipur_Zinc
2024-09-07,26.3,23.3,20.1,0.41,Udaipur_Zinc
2024-09-08,29.1,23.3,11.3,0.414,Udaipur_Zinc
2024-09-09,29.2,23.0,2.5,0.392,Udaipur_Zinc
2024-09-10,28.4,22.6,12.1,0.401,Udaipur_Zinc
2024-09-11,29.2,22.9,1.3,0.387,Udaipur_Zinc
2024-09-12,29.5,23.3,1.4,0.369,Udaipur_Zinc
2024-09-13,28.0,22.2,0.5,0.354,Udaipur_Zinc
2024-09-14,27.8,21.1,0.7,0.34,Udaipur_Zinc
2024-09-15,28.6,20.5,0.3,0.321,Udaipur_Zinc
2024-09-16,29.5,19.0,0.0,0.3,Udaipur_Zinc
2024-09-17,30.1,19.2,0.0,0.284,Udaipur_Zinc
2024-09-18,30.3,21.7,0.0,0.266,Udaipur_Zinc
2024-09-19,30.7,21.9,0.0,0.246,Udaipur_Zinc
2024-09-20,29.8,22.2,0.0,0.232,Udaipur_Zinc
2024-09-21,29.7,22.3,0.4,0.228,Udaipur_Zinc
2024-09-22,31.1,23.1,1.1,0.22,Udaipur_Zinc
2024-09-23,31.5,22.6,0.3,0.21,Udaipur_Zinc
2024-09-24,31.8,23.4,0.1,0.195,Udaipur_Zinc
2024-09-25,31.6,23.7,1.0,0.191,Udaipur_Zinc
2024-09-26,30.9,23.5,8.2,0.268,Udaipur_Zinc
2024-09-27,29.4,22.7,7.2,0.363,Udaipur_Zinc
2024-09-28,28.1,23.1,0.2,0.347,Udaipur_Zinc
2024-09-29,29.5,22.5,0.2,0.317,Udaipur_Zinc
2024-09-30,30.6,23.1,0.3,0.295,Udaipur_Zinc
2024-10-01,32.2,22.1,0.0,0.279,Udaipur_Zinc
2024-10-02,32.3,21.8,0.0,0.249,Udaipur_Zinc
2024-10-03,31.4,22.8,0.0,0.225,Udaipur_Zinc
2024-10-04,30.4,21.1,0.0,0.207,Udaipur_Zinc
2024-10-05,30.4,20.7,0.0,0.189,Udaipur_Zinc
2024-10-06,30.6,19.5,0.0,0.175,Udaipur_Zinc
2024-10-07,31.0,20.5,0.0,0.162,Udaipur_Zinc
2024-10-08,31.4,21.5,0.0,0.151,Udaipur_Zinc
2024-10-09,31.8,21.2,0.1,0.143,Udaipur_Zinc
2024-10-10,29.2,22.8,1.2,0.143,Udaipur_Zinc
2024-10-11,27.3,21.9,4.1,0.165,Udaipur_Zinc
2024-10-12,27.8,21.3,2.9,0.167,Udaipur_Zinc
2024-10-13,27.4,20.3,3.9,0.276,Udaipur_Zinc
2024-10-14,28.8,20.4,1.7,0.324,Udaipur_Zinc
2024-10-15,29.5,21.0,0.0,0.276,Udaipur_Zinc
2024-10-16,30.5,19.8,0.0,0.245,Udaipur_Zinc
2024-10-17,30.9,19.6,0.0,0.217,Udaipur_Zinc
2024-10-18,30.9,19.4,0.0,0.195,Udaipur_Zinc
2024-10-19,31.6,19.8,0.0,0.175,Udaipur_Zinc
2024-10-20,30.4,19.7,0.0,0.162,Udaipur_Zinc
2024-10-21,30.1,21.0,0.2,0.156,Udaipur_Zinc
2024-10-22,30.4,20.4,0.3,0.154,Udaipur_Zinc
2024-10-23,29.7,20.1,0.2,0.157,Udaipur_Zinc
2024-10-24,31.4,20.5,0.0,0.149,Udaipur_Zinc
2024-10-25,31.5,19.3,0.0,0.142,Udaipur_Zinc
2024-10-26,33.2,19.6,0.0,0.134,Udaipur_Zinc
2024-10-27,34.0,20.6,0.0,0.129,Udaipur_Zinc
2024-10-28,33.9,21.6,0.0,0.123,Udaipur_Zinc
2024-10-29,33.6,21.2,0.0,0.123,Udaipur_Zinc
2024-10-30,32.9,20.8,0.0,0.13,Udaipur_Zinc
2024-10-31,32.4,20.2,0.0,0.133,Udaipur_Zinc
2024-11-01,32.5,19.5,0.0,0.129,Udaipur_Zinc
2024-11-02,31.5,19.2,0.0,0.13,Udaipur_Zinc
2024-11-03,31.2,19.0,0.0,0.129,Udaipur_Zinc
2024-11-04,31.2,19.3,0.0,0.13,Udaipur_Zinc
2024-11-05,31.2,18.8,0.0,0.126,Udaipur_Zinc
2024-11-06,31.7,18.7,0.0,0.124,Udaipur_Zinc
2024-11-07,31.7,18.5,0.0,0.122,Udaipur_Zinc
2024-11-08,31.8,18.8,0.0,0.125,Udaipur_Zinc
2024-11-09,31.3,19.3,0.0,0.118,Udaipur_Zinc
2024-11-10,31.1,18.4,0.0,0.124,Udaipur_Zinc
2024-11-11,30.6,18.8,0.0,0.119,Udaipur_Zinc
2024-11-12,29.8,18.1,0.0,0.119,Udaipur_Zinc
2024-11-13,28.7,19.6,0.0,0.101,Udaipur_Zinc
2024-11-14,28.2,18.0,0.0,0.101,Udaipur_Zinc
2024-11-15,28.1,18.3,0.0,0.101,Udaipur_Zinc
2024-11-16,28.2,18.1,0.0,0.101,Udaipur_Zinc
2024-11-17,27.9,18.9,0.0,0.101,Udaipur_Zinc
2024-11-18,26.6,17.1,0.0,0.101,Udaipur_Zinc
2024-11-19,26.2,16.2,0.0,0.101,Udaipur_Zinc
2024-11-20,25.4,15.3,0.0,0.101,Udaipur_Zinc
2024-11-21,25.1,13.7,0.0,0.101,Udaipur_Zinc
2024-11-22,24.3,13.2,0.0,0.101,Udaipur_Zinc
2024-11-23,25.4,13.1,0.0,0.101,Udaipur_Zinc
2024-11-24,25.6,14.4,0.0,0.101,Udaipur_Zinc
2024-11-25,26.4,14.9,0.0,0.101,Udaipur_Zinc
2024-11-26,27.6,15.6,0.0,0.101,Udaipur_Zinc
2024-11-27,27.5,15.9,0.0,0.101,Udaipur_Zinc
2024-11-28,26.0,16.3,0.0,0.101,Udaipur_Zinc
2024-11-29,23.5,14.0,0.0,0.101,Udaipur_Zinc
2024-11-30,22.9,12.7,0.0,0.101,Udaipur_Zinc
2024-12-01,23.5,12.6,0.0,0.101,Udaipur_Zinc
2024-12-02,24.1,13.2,0.0,0.101,Udaipur_Zinc
2024-12-03,25.0,13.3,0.0,0.101,Udaipur_Zinc
2024-12-04,25.0,14.0,0.0,0.101,Udaipur_Zinc
2024-12-05,25.6,14.2,0.0,0.101,Udaipur_Zinc
2024-12-06,25.4,14.5,0.0,0.101,Udaipur_Zinc
2024-12-07,26.2,13.6,0.0,0.101,Udaipur_Zinc
2024-12-08,25.0,14.0,0.0,0.101,Udaipur_Zinc
2024-12-09,22.1,11.0,0.0,0.101,Udaipur_Zinc
2024-12-10,19.5,9.5,0.0,0.101,Udaipur_Zinc
2024-12-11,20.7,9.2,0.0,0.101,Udaipur_Zinc
2024-12-12,21.6,9.5,0.0,0.101,Udaipur_Zinc
2024-12-13,19.4,9.1,0.0,0.101,Udaipur_Zinc
2024-12-14,21.2,8.8,0.0,0.101,Udaipur_Zinc
2024-12-15,23.1,9.5,0.0,0.101,Udaipur_Zinc
2024-12-16,24.6,10.4,0.0,0.101,Udaipur_Zinc
2024-12-17,26.3,12.2,0.0,0.101,Udaipur_Zinc
2024-12-18,23.3,10.6,0.0,0.101,Udaipur_Zinc
2024-12-19,25.2,11.1,0.0,0.101,Udaipur_Zinc
2024-12-20,24.3,11.5,0.0,0.101,Udaipur_Zinc
2024-12-21,23.8,11.8,0.0,0.101,Udaipur_Zinc
2024-12-22,23.8,12.1,0.0,0.101,Udaipur_Zinc
2024-12-23,23.3,14.0,0.4,0.104,Udaipur_Zinc
2024-12-24,22.8,12.5,0.0,0.102,Udaipur_Zinc
2024-12-25,20.7,11.7,0.0,0.105,Udaipur_Zinc
2024-12-26,23.7,13.2,0.9,0.108,Udaipur_Zinc
2024-12-27,22.5,15.5,7.9,0.147,Udaipur_Zinc
2024-12-28,22.5,13.3,0.0,0.15,Udaipur_Zinc
2024-12-29,20.7,8.8,0.0,0.133,Udaipur_Zinc
2024-12-30,20.7,7.7,0.0,0.123,Udaipur_Zinc
2024-12-31,22.9,8.5,0.0,0.115,Udaipur_Zinc
2025-01-01,23.7,10.1,0.0,0.111,Udaipur_Zinc
2025-01-02,26.1,11.1,0.0,0.099,Udaipur_Zinc
2025-01-03,27.5,14.1,0.0,0.081,Udaipur_Zinc
2025-01-04,27.4,14.8,0.0,0.079,Udaipur_Zinc
2025-01-05,26.9,13.1,0.0,0.077,Udaipur_Zinc
2025-01-06,23.3,12.6,0.0,0.079,Udaipur_Zinc
2025-01-07,21.0,8.7,0.0,0.08,Udaipur_Zinc
2025-01-08,22.1,8.1,0.0,0.08,Udaipur_Zinc
2025-01-09,23.7,9.4,0.0,0.081,Udaipur_Zinc
2025-01-10,24.2,10.1,0.0,0.081,Udaipur_Zinc
2025-01-11,23.7,13.8,0.2,0.086,Udaipur_Zinc
2025-01-12,24.2,10.9,0.0,0.088,Udaipur_Zinc
2025-01-13,18.9,7.4,0.0,0.085,Udaipur_Zinc
2025-01-14,20.2,7.3,0.0,0.085,Udaipur_Zinc
2025-01-15,20.7,10.9,0.4,0.089,Udaipur_Zinc
2025-01-16,22.0,11.2,0.0,0.091,Udaipur_Zinc
2025-01-17,19.8,9.1,0.0,0.103,Udaipur_Zinc
2025-01-18,24.4,9.7,0.0,0.104,Udaipur_Zinc
2025-01-19,26.9,14.6,0.0,0.098,Udaipur_Zinc
2025-01-20,28.0,15.2,0.0,0.09,Udaipur_Zinc
2025-01-21,27.5,14.5,0.0,0.088,Udaipur_Zinc
2025-01-22,27.0,13.6,0.0,0.087,Udaipur_Zinc
2025-01-23,25.0,14.7,0.0,0.097,Udaipur_Zinc
2025-01-24,21.8,11.3,0.0,0.1,Udaipur_Zinc
2025-01-25,23.2,10.3,0.0,0.1,Udaipur_Zinc
2025-01-26,24.1,10.9,0.0,0.1,Udaipur_Zinc
2025-01-27,25.8,12.2,0.0,0.1,Udaipur_Zinc
2025-01-28,26.6,12.5,0.0,0.1,Udaipur_Zinc
2025-01-29,29.5,14.5,0.0,0.1,Udaipur_Zinc
2025-01-30,27.8,15.5,0.0,0.1,Udaipur_Zinc
2025-01-31,26.6,12.9,0.0,0.1,Udaipur_Zinc
2025-02-01,25.6,11.7,0.0,0.1,Udaipur_Zinc
2025-02-02,24.0,13.3,0.0,0.1,Udaipur_Zinc
2025-02-03,28.0,13.7,0.4,0.1,Udaipur_Zinc
2025-02-04,26.3,15.4,0.0,0.102,Udaipur_Zinc
2025-02-05,22.7,12.3,0.0,0.115,Udaipur_Zinc
2025-02-06,22.1,10.7,0.0,0.109,Udaipur_Zinc
2025-02-07,22.8,10.9,0.0,0.103,Udaipur_Zinc
2025-02-08,24.8,11.9,0.0,0.101,Udaipur_Zinc
2025-02-09,28.1,13.7,0.0,0.101,Udaipur_Zinc
2025-02-10,30.5,13.5,0.0,0.1,Udaipur_Zinc
2025-02-11,29.4,14.5,0.0,0.1,Udaipur_Zinc
2025-02-12,29.0,16.5,0.0,0.1,Udaipur_Zinc
2025-02-13,28.0,15.6,0.0,0.1,Udaipur_Zinc
2025-02-14,30.4,15.3,0.0,0.1,Udaipur_Zinc
2025-02-15,31.4,19.0,0.0,0.1,Udaipur_Zinc
2025-02-16,30.5,16.8,0.0,0.099,Udaipur_Zinc
2025-02-17,30.5,17.2,0.0,0.099,Udaipur_Zinc
2025-02-18,30.9,17.0,0.0,0.099,Udaipur_Zinc
2025-02-19,29.3,18.6,0.0,0.099,Udaipur_Zinc
2025-02-20,30.0,17.0,0.0,0.099,Udaipur_Zinc
2025-02-21,29.3,16.3,0.0,0.099,Udaipur_Zinc
2025-02-22,29.8,16.6,0.0,0.099,Udaipur_Zinc
2025-02-23,30.0,17.0,0.0,0.099,Udaipur_Zinc
2025-02-24,28.2,16.9,0.0,0.099,Udaipur_Zinc
2025-02-25,29.8,17.3,0.0,0.098,Udaipur_Zinc
2025-02-26,30.8,18.5,0.0,0.098,Udaipur_Zinc
2025-02-27,32.7,19.4,0.0,0.098,Udaipur_Zinc
2025-02-28,32.0,19.9,0.0,0.098,Udaipur_Zinc
2025-03-01,30.6,20.0,0.0,0.098,Udaipur_Zinc
2025-03-02,29.4,18.0,0.0,0.098,Udaipur_Zinc
2025-03-03,31.5,17.8,0.0,0.097,Udaipur_Zinc
2025-03-04,27.6,17.1,0.0,0.097,Udaipur_Zinc
2025-03-05,28.2,13.1,0.0,0.097,Udaipur_Zinc
2025-03-06,31.2,14.3,0.0,0.097,Udaipur_Zinc
2025-03-07,34.2,17.1,0.0,0.097,Udaipur_Zinc
2025-03-08,34.4,19.0,0.0,0.096,Udaipur_Zinc
2025-03-09,34.6,19.7,0.0,0.096,Udaipur_Zinc
2025-03-10,35.0,21.1,0.0,0.096,Udaipur_Zinc
2025-03-11,36.8,22.1,0.0,0.095,Udaipur_Zinc
2025-03-12,35.5,21.8,0.0,0.095,Udaipur_Zinc
2025-03-13,34.8,20.1,0.0,0.094,Udaipur_Zinc
2025-03-14,34.2,21.1,0.0,0.096,Udaipur_Zinc
2025-03-15,33.4,21.8,0.0,0.096,Udaipur_Zinc
2025-03-16,31.7,20.9,0.0,0.094,Udaipur_Zinc
2025-03-17,31.9,19.1,0.0,0.093,Udaipur_Zinc
2025-03-18,30.9,19.1,0.0,0.093,Udaipur_Zinc
2025-03-19,32.4,18.2,0.0,0.093,Udaipur_Zinc
2025-03-20,31.7,19.5,0.0,0.093,Udaipur_Zinc
2025-03-21,31.4,21.0,0.0,0.092,Udaipur_Zinc
2025-03-22,34.3,20.0,0.0,0.092,Udaipur_Zinc
2025-03-23,34.4,21.7,0.0,0.092,Udaipur_Zinc
2025-03-24,35.3,21.7,0.0,0.091,Udaipur_Zinc
2025-03-25,36.0,20.7,0.0,0.091,Udaipur_Zinc
2025-03-26,36.3,20.8,0.0,0.09,Udaipur_Zinc
2025-03-27,34.4,21.7,0.0,0.09,Udaipur_Zinc
2025-03-28,31.7,19.9,0.0,0.09,Udaipur_Zinc
2025-03-29,31.6,17.7,0.0,0.089,Udaipur_Zinc
2025-03-30,33.8,18.4,0.0,0.089,Udaipur_Zinc
2025-03-31,34.3,20.2,0.0,0.089,Udaipur_Zinc
2025-04-01,35.1,21.7,0.0,0.088,Udaipur_Zinc
2025-04-02,35.2,21.4,0.0,0.088,Udaipur_Zinc
2025-04-03,36.3,20.5,0.0,0.087,Udaipur_Zinc
2025-04-04,37.6,21.5,0.0,0.087,Udaipur_Zinc
2025-04-05,38.2,24.0,0.0,0.086,Udaipur_Zinc
2025-04-06,39.5,26.7,0.0,0.085,Udaipur_Zinc
2025-04-07,40.3,28.3,0.0,0.085,Udaipur_Zinc
2025-04-08,40.9,28.5,0.0,0.084,Udaipur_Zinc
2025-04-09,40.1,29.5,0.0,0.083,Udaipur_Zinc
2025-04-10,38.6,27.9,0.0,0.083,Udaipur_Zinc
2025-04-11,35.1,25.2,0.0,0.082,Udaipur_Zinc
2025-04-12,36.9,21.8,0.0,0.082,Udaipur_Zinc
2025-04-13,38.1,24.3,0.0,0.081,Udaipur_Zinc
2025-04-14,39.5,26.9,0.0,0.081,Udaipur_Zinc
2025-04-15,40.6,25.6,0.0,0.08,Udaipur_Zinc
2025-04-16,40.4,25.2,0.0,0.076,Udaipur_Zinc
2025-04-17,40.8,26.5,0.0,0.075,Udaipur_Zinc
2025-04-18,40.5,26.9,0.0,0.078,Udaipur_Zinc
2025-04-19,36.8,26.1,0.0,0.078,Udaipur_Zinc
2025-04-20,36.7,24.5,0.0,0.077,Udaipur_Zinc
2025-04-21,37.9,21.6,0.0,0.077,Udaipur_Zinc
2025-04-22,39.2,25.3,0.0,0.076,Udaipur_Zinc
2025-04-23,38.5,26.3,0.0,0.076,Udaipur_Zinc
2025-04-24,39.0,24.8,0.0,0.075,Udaipur_Zinc
2025-04-25,38.9,26.7,0.0,0.074,Udaipur_Zinc
2025-04-26,38.0,26.3,0.0,0.074,Udaipur_Zinc
2025-04-27,39.4,23.9,0.0,0.073,Udaipur_Zinc
2025-04-28,40.9,25.4,0.0,0.073,Udaipur_Zinc
2025-04-29,41.1,28.1,0.0,0.072,Udaipur_Zinc
2025-04-30,41.2,27.0,0.0,0.071,Udaipur_Zinc
2025-05-01,41.1,26.0,0.0,0.07,Udaipur_Zinc
2025-05-02,40.1,27.2,0.0,0.07,Udaipur_Zinc
2025-05-03,39.3,27.2,0.0,0.069,Udaipur_Zinc
2025-05-04,36.9,25.0,0.0,0.069,Udaipur_Zinc
2025-05-05,32.2,22.0,6.9,0.13,Udaipur_Zinc
2025-05-06,30.0,19.5,3.5,0.281,Udaipur_Zinc
2025-05-07,29.7,18.7,1.8,0.324,Udaipur_Zinc
2025-05-08,29.7,19.8,11.2,0.357,Udaipur_Zinc
2025-05-09,31.1,20.8,0.4,0.33,Udaipur_Zinc
2025-05-10,32.9,21.2,0.4,0.282,Udaipur_Zinc
2025-05-11,33.0,23.4,1.3,0.249,Udaipur_Zinc
2025-05-12,34.4,23.1,1.9,0.228,Udaipur_Zinc
2025-05-13,34.2,22.7,0.8,0.197,Udaipur_Zinc
2025-05-14,35.9,24.5,0.0,0.174,Udaipur_Zinc
2025-05-15,36.5,23.2,0.0,0.163,Udaipur_Zinc
2025-05-16,37.1,25.9,0.1,0.145,Udaipur_Zinc
2025-05-17,36.7,25.1,0.0,0.113,Udaipur_Zinc
2025-05-18,37.8,25.7,0.0,0.106,Udaipur_Zinc
2025-05-19,37.7,27.3,0.8,0.106,Udaipur_Zinc
2025-05-20,38.1,27.4,0.5,0.109,Udaipur_Zinc
2025-05-21,38.2,26.2,0.0,0.119,Udaipur_Zinc
2025-05-22,38.4,26.2,0.1,0.109,Udaipur_Zinc
2025-05-23,39.3,26.4,0.0,0.104,Udaipur_Zinc
2025-05-24,40.5,25.3,0.0,0.103,Udaipur_Zinc
2025-05-25,39.0,25.5,0.0,0.103,Udaipur_Zinc
2025-05-26,39.6,27.5,0.0,0.102,Udaipur_Zinc
2025-05-27,39.6,26.9,0.0,0.105,Udaipur_Zinc
2025-05-28,39.7,26.2,1.7,0.127,Udaipur_Zinc
2025-05-29,35.0,25.3,0.3,0.176,Udaipur_Zinc
2025-05-30,35.5,24.9,1.1,0.166,Udaipur_Zinc
2025-05-31,34.4,23.6,0.0,0.134,Udaipur_Zinc
2025-06-01,33.4,24.0,0.0,0.109,Udaipur_Zinc
2025-06-02,32.8,23.5,0.4,0.106,Udaipur_Zinc
2025-06-03,34.2,24.3,0.0,0.108,Udaipur_Zinc
2025-06-04,34.5,23.1,0.0,0.109,Udaipur_Zinc
2025-06-05,35.7,22.6,0.0,0.105,Udaipur_Zinc
2025-06-06,36.5,25.9,0.0,0.102,Udaipur_Zinc
2025-06-07,37.8,26.1,0.0,0.101,Udaipur_Zinc
2025-06-08,38.8,26.0,0.0,0.102,Udaipur_Zinc
2025-06-09,38.9,27.1,0.0,0.101,Udaipur_Zinc
2025-06-10,39.3,27.7,0.0,0.101,Udaipur_Zinc
2025-06-11,40.1,27.5,0.0,0.101,Udaipur_Zinc
2025-06-12,40.5,28.8,0.0,0.101,Udaipur_Zinc
2025-06-13,41.4,29.3,0.1,0.101,Udaipur_Zinc
2025-06-14,35.5,28.8,2.7,0.12,Udaipur_Zinc
2025-06-15,35.8,24.5,18.1,0.186,Udaipur_Zinc
2025-06-16,34.4,23.8,4.3,0.224,Udaipur_Zinc
2025-06-17,30.7,23.4,23.9,0.235,Udaipur_Zinc
2025-06-18,31.3,24.1,23.1,0.401,Udaipur_Zinc
2025-06-19,33.3,24.7,5.8,0.389,Udaipur_Zinc
2025-06-20,31.5,24.4,1.2,0.362,Udaipur_Zinc
2025-06-21,27.8,23.7,21.2,0.411,Udaipur_Zinc
2025-06-22,31.8,23.9,4.5,0.391,Udaipur_Zinc
2025-06-23,29.4,24.5,0.4,0.387,Udaipur_Zinc
2025-06-24,30.9,24.1,9.9,0.403,Udaipur_Zinc
2025-06-25,30.9,24.1,32.7,0.409,Udaipur_Zinc
2025-06-26,31.0,23.2,8.5,0.398,Udaipur_Zinc
2025-06-27,30.8,23.6,7.5,0.401,Udaipur_Zinc
2025-06-28,30.1,23.0,2.6,0.388,Udaipur_Zinc
2025-06-29,28.5,23.4,21.3,0.404,Udaipur_Zinc
2025-06-30,28.2,23.5,8.8,0.397,Udaipur_Zinc
2025-07-01,30.9,23.7,0.5,0.378,Udaipur_Zinc
2025-07-02,25.2,23.6,58.8,0.398,Udaipur_Zinc
2025-07-03,30.3,22.9,19.0,0.396,Udaipur_Zinc
2025-07-04,30.6,23.6,0.8,0.381,Udaipur_Zinc
2025-07-05,29.6,23.6,16.8,0.391,Udaipur_Zinc
2025-07-06,30.6,23.2,4.8,0.387,Udaipur_Zinc
2025-07-07,30.4,23.1,0.6,0.374,Udaipur_Zinc
2025-07-08,30.0,22.5,0.5,0.363,Udaipur_Zinc
2025-07-09,31.2,23.5,1.0,0.348,Udaipur_Zinc
2025-07-10,30.3,23.5,0.0,0.327,Udaipur_Zinc
2025-07-11,30.9,22.8,0.5,0.318,Udaipur_Zinc
2025-07-12,30.7,23.8,1.5,0.307,Udaipur_Zinc
2025-07-13,31.6,23.5,1.6,0.302,Udaipur_Zinc
2025-07-14,26.6,23.2,26.2,0.403,Udaipur_Zinc
2025-07-15,30.8,23.3,0.4,0.381,Udaipur_Zinc
2025-07-16,30.6,23.8,0.2,0.359,Udaipur_Zinc
2025-07-17,31.0,23.5,0.4,0.363,Udaipur_Zinc
2025-07-18,25.5,23.6,30.8,0.394,Udaipur_Zinc
2025-07-19,28.6,21.7,15.0,0.394,Udaipur_Zinc
2025-07-20,29.6,22.1,1.7,0.381,Udaipur_Zinc
2025-07-21,29.8,23.5,2.7,0.38,Udaipur_Zinc
2025-07-22,30.9,24.6,7.4,0.374,Udaipur_Zinc
2025-07-23,30.6,24.1,2.5,0.363,Udaipur_Zinc
2025-07-24,30.5,23.8,1.7,0.332,Udaipur_Zinc
2025-07-25,30.8,23.8,0.8,0.317,Udaipur_Zinc
2025-07-26,30.2,23.9,11.2,0.325,Udaipur_Zinc
2025-07-27,28.9,23.2,16.7,0.405,Udaipur_Zinc
2025-07-28,30.0,23.0,22.8,0.398,Udaipur_Zinc
2025-07-29,28.0,23.1,8.5,0.39,Udaipur_Zinc
2025-07-30,26.6,23.4,2.3,0.369,Udaipur_Zinc
2025-07-31,27.7,23.4,2.4,0.385,Udaipur_Zinc
2025-08-01,29.1,23.8,0.5,0.362,Udaipur_Zinc
2025-08-02,29.6,22.7,1.0,0.342,Udaipur_Zinc
2025-08-03,29.7,22.7,0.4,0.322,Udaipur_Zinc
2025-08-04,29.6,23.2,1.2,0.31,Udaipur_Zinc
2025-08-05,28.8,23.2,1.1,0.301,Udaipur_Zinc
2025-08-06,29.4,23.1,1.0,0.284,Udaipur_Zinc
2025-08-07,30.3,22.5,0.0,0.249,Udaipur_Zinc
2025-08-08,30.1,22.4,0.0,0.208,Udaipur_Zinc
2025-08-09,30.3,22.8,0.1,0.168,Udaipur_Zinc
2025-08-10,29.6,23.3,0.6,0.143,Udaipur_Zinc
2025-08-11,30.2,23.1,1.9,0.129,Udaipur_Zinc
2025-08-12,30.3,23.4,0.0,0.119,Udaipur_Zinc
2025-08-13,30.0,23.3,0.1,0.113,Udaipur_Zinc
2025-08-14,29.7,23.4,2.0,0.114,Udaipur_Zinc
2025-08-15,30.9,23.4,6.8,0.134,Udaipur_Zinc
2025-08-16,29.6,22.7,20.4,0.201,Udaipur_Zinc
2025-08-17,31.3,23.2,16.4,0.197,Udaipur_Zinc
2025-08-18,31.4,22.9,7.3,0.215,Udaipur_Zinc
2025-08-19,31.0,24.1,8.0,0.189,Udaipur_Zinc
2025-08-20,30.0,22.9,20.9,0.27,Udaipur_Zinc
2025-08-21,27.0,23.0,19.4,0.355,Udaipur_Zinc
2025-08-22,29.1,23.0,7.3,0.353,Udaipur_Zinc
2025-08-23,27.8,22.6,18.1,0.38,Udaipur_Zinc
2025-08-24,28.0,22.7,3.9,0.353,Udaipur_Zinc
2025-08-25,28.5,22.3,0.5,0.309,Udaipur_Zinc
2025-08-26,28.7,22.9,1.4,0.292,Udaipur_Zinc
2025-08-27,30.9,23.6,3.8,0.27,Udaipur_Zinc
2025-08-28,29.6,24.2,10.7,0.291,Udaipur_Zinc
2025-08-29,29.3,23.6,44.8,0.374,Udaipur_Zinc
2025-08-30,30.3,22.6,5.8,0.364,Udaipur_Zinc
2025-08-31,29.1,23.6,15.4,0.37,Udaipur_Zinc
2025-09-01,29.2,22.2,3.3,0.344,Udaipur_Zinc
2025-09-02,29.6,23.3,0.6,0.299,Udaipur_Zinc
2025-09-03,30.0,22.2,3.2,0.264,Udaipur_Zinc
2025-09-04,27.7,22.5,5.7,0.287,Udaipur_Zinc
2025-09-05,29.8,22.4,9.3,0.34,Udaipur_Zinc
2025-09-06,24.5,22.6,67.7,0.417,Udaipur_Zinc
2025-09-07,25.0,21.2,18.3,0.42,Udaipur_Zinc
2025-09-08,27.6,21.1,2.2,0.397,Udaipur_Zinc
2025-09-09,28.9,21.1,0.7,0.367,Udaipur_Zinc
2025-09-10,29.1,19.6,0.0,0.326,Udaipur_Zinc
2025-09-11,28.8,21.6,0.0,0.289,Udaipur_Zinc
2025-09-12,29.9,21.3,0.0,0.257,Udaipur_Zinc
2025-09-13,30.0,21.4,0.0,0.227,Udaipur_Zinc
2025-09-14,30.8,22.8,0.0,0.191,Udaipur_Zinc
2025-09-15,30.5,22.7,0.0,0.158,Udaipur_Zinc
2025-09-16,30.4,22.3,0.0,0.128,Udaipur_Zinc
2025-09-17,30.5,22.6,0.0,0.099,Udaipur_Zinc
2025-09-18,29.9,22.2,3.3,0.091,Udaipur_Zinc
2025-09-19,29.2,22.8,0.7,0.101,Udaipur_Zinc
2025-09-20,30.6,22.9,2.2,0.119,Udaipur_Zinc
2025-09-21,30.5,22.5,0.8,0.133,Udaipur_Zinc
2025-09-22,30.5,22.5,1.4,0.134,Udaipur_Zinc
2025-09-23,30.2,22.7,0.8,0.13,Udaipur_Zinc
2025-09-24,30.7,22.8,0.0,0.114,Udaipur_Zinc
2025-09-25,31.6,21.6,0.0,0.103,Udaipur_Zinc
2025-09-26,32.0,23.7,0.0,0.101,Udaipur_Zinc
2025-09-27,32.9,25.4,0.0,0.102,Udaipur_Zinc
2025-09-28,31.1,24.9,0.5,0.141,Udaipur_Zinc
2025-09-29,28.9,22.8,1.8,0.246,Udaipur_Zinc
2025-09-30,27.6,21.5,1.7,0.241,Udaipur_Zinc
2025-10-01,27.1,21.5,18.3,0.258,Udaipur_Zinc
2025-10-02,28.9,21.3,0.0,0.257,Udaipur_Zinc
2025-10-03,30.4,22.0,1.4,0.214,Udaipur_Zinc
2025-10-04,28.6,21.9,7.3,0.228,Udaipur_Zinc
2025-10-05,28.3,22.3,1.4,0.258,Udaipur_Zinc
2025-10-06,27.1,21.9,0.7,0.234,Udaipur_Zinc
2025-10-07,28.7,19.0,0.0,0.202,Udaipur_Zinc
2025-10-08,29.1,17.8,0.0,0.164,Udaipur_Zinc
2025-10-09,28.9,18.9,0.0,0.134,Udaipur_Zinc
2025-10-10,28.5,18.4,0.0,0.117,Udaipur_Zinc
2025-10-11,28.5,18.8,0.0,0.11,Udaipur_Zinc
2025-10-12,29.5,20.0,0.0,0.103,Udaipur_Zinc
2025-10-13,29.4,20.2,0.0,0.103,Udaipur_Zinc
2025-10-14,28.7,19.7,0.0,0.106,Udaipur_Zinc
2025-10-15,29.3,19.2,0.0,0.112,Udaipur_Zinc
2025-10-16,29.8,19.6,0.0,0.113,Udaipur_Zinc
2025-10-17,30.3,19.7,0.0,0.107,Udaipur_Zinc
2025-10-18,30.2,20.1,0.0,0.107,Udaipur_Zinc
2025-10-19,29.9,19.5,0.0,0.112,Udaipur_Zinc
2025-10-20,29.8,19.6,0.0,0.109,Udaipur_Zinc
2025-10-21,30.1,20.5,0.0,0.103,Udaipur_Zinc
2025-10-22,30.5,21.1,0.0,0.103,Udaipur_Zinc
2025-10-23,30.0,20.4,0.0,0.103,Udaipur_Zinc
2025-10-24,30.1,19.8,0.0,0.103,Udaipur_Zinc
2025-10-25,30.2,19.8,0.0,0.103,Udaipur_Zinc
2025-10-26,28.2,18.8,0.7,0.104,Udaipur_Zinc
2025-10-27,22.2,18.6,41.3,0.292,Udaipur_Zinc
2025-10-28,21.0,18.1,15.2,0.41,Udaipur_Zinc
2025-10-29,24.1,17.8,0.7,0.395,Udaipur_Zinc
2025-10-30,23.9,19.8,9.3,0.411,Udaipur_Zinc
2025-10-31,24.0,19.5,5.0,0.414,Udaipur_Zinc
2025-11-01,27.0,18.3,0.6,0.379,Udaipur_Zinc
2025-11-02,27.9,21.6,0.9,0.365,Udaipur_Zinc
2025-11-03,28.0,19.4,1.5,0.361,Udaipur_Zinc
2025-11-04,27.6,19.5,0.0,0.336,Udaipur_Zinc
2025-11-05,28.3,16.5,0.0,0.314,Udaipur_Zinc
2025-11-06,26.6,15.5,0.0,0.288,Udaipur_Zinc
2025-11-07,25.8,14.7,0.0,0.267,Udaipur_Zinc
2025-11-08,26.1,14.4,0.0,0.255,Udaipur_Zinc
2025-11-09,25.9,13.8,0.0,0.255,Udaipur_Zinc
2025-11-10,25.5,14.6,0.0,0.248,Udaipur_Zinc
2025-11-11,25.6,13.5,0.0,0.231,Udaipur_Zinc
2025-11-12,25.8,14.0,0.0,0.225,Udaipur_Zinc
2025-11-13,25.4,14.6,0.0,0.215,Udaipur_Zinc
2025-11-14,24.7,13.7,0.0,0.207,Udaipur_Zinc
2025-11-15,24.1,13.3,0.0,0.198,Udaipur_Zinc
2025-11-16,24.0,12.3,0.0,0.194,Udaipur_Zinc
2025-11-17,24.2,12.5,0.0,0.191,Udaipur_Zinc
2025-11-18,24.0,11.7,0.0,0.183,Udaipur_Zinc
2025-11-19,23.9,12.1,0.0,0.172,Udaipur_Zinc
2025-11-20,24.5,12.8,0.0,0.171,Udaipur_Zinc
2025-11-21,25.3,12.9,0.0,0.161,Udaipur_Zinc
2025-11-22,25.4,13.7,0.0,0.157,Udaipur_Zinc
2025-11-23,25.2,13.7,0.0,0.154,Udaipur_Zinc
2025-11-24,24.7,13.2,0.0,0.15,Udaipur_Zinc
2025-11-25,23.9,14.0,0.0,0.137,Udaipur_Zinc
2025-11-26,23.9,14.1,0.0,0.133,Udaipur_Zinc
2025-11-27,25.4,15.0,1.1,0.127,Udaipur_Zinc
2025-11-28,25.7,15.7,0.2,0.114,Udaipur_Zinc
2025-11-29,26.1,15.5,0.0,0.114,Udaipur_Zinc
2025-11-30,26.4,15.7,0.0,0.116,Udaipur_Zinc
2025-12-01,25.7,14.5,0.0,0.125,Udaipur_Zinc
2025-12-02,25.4,14.3,0.0,0.13,Udaipur_Zinc
2025-12-03,24.1,14.2,0.0,0.122,Udaipur_Zinc
2025-12-04,23.0,12.8,0.0,0.117,Udaipur_Zinc
2025-12-05,23.3,12.5,0.0,0.117,Udaipur_Zinc
2025-12-06,23.8,11.7,0.0,0.117,Udaipur_Zinc
2025-12-07,25.9,12.3,0.0,0.11,Udaipur_Zinc
2025-12-08,26.3,14.3,0.0,0.108,Udaipur_Zinc
2025-12-09,25.9,13.7,0.0,0.117,Udaipur_Zinc
2025-12-10,26.2,14.2,0.0,0.106,Udaipur_Zinc
2025-12-11,26.4,13.4,0.0,0.105,Udaipur_Zinc
2025-12-12,26.1,13.9,0.0,0.105,Udaipur_Zinc
2025-12-13,26.4,14.2,0.0,0.105,Udaipur_Zinc
2025-12-14,25.7,14.2,0.0,0.105,Udaipur_Zinc
2025-12-15,26.3,13.8,0.0,0.105,Udaipur_Zinc
2025-12-16,24.3,12.3,0.0,0.105,Udaipur_Zinc
2025-12-17,26.0,13.3,0.0,0.105,Udaipur_Zinc
2025-12-18,26.3,13.1,0.0,0.105,Udaipur_Zinc
2025-12-19,27.3,14.2,0.0,0.104,Udaipur_Zinc
2025-12-20,28.1,14.1,0.0,0.104,Udaipur_Zinc
2025-12-21,26.4,15.1,0.0,0.104,Udaipur_Zinc
2025-12-22,26.0,15.1,0.0,0.104,Udaipur_Zinc
2025-12-23,26.8,15.0,0.0,0.104,Udaipur_Zinc
2025-12-24,23.6,13.9,0.0,0.111,Udaipur_Zinc
2025-12-25,23.3,12.0,0.0,0.104,Udaipur_Zinc
2025-12-26,22.8,11.4,0.0,0.104,Udaipur_Zinc
2025-12-27,21.9,10.3,0.0,0.104,Udaipur_Zinc
2025-12-28,22.9,10.9,0.0,0.104,Udaipur_Zinc
2025-12-29,23.6,12.3,0.0,0.104,Udaipur_Zinc
2025-12-30,24.9,11.5,0.0,0.107,Udaipur_Zinc
2025-12-31,23.7,11.8,0.0,0.104,Udaipur_Zinc
2026-01-01,23.9,13.5,0.0,0.115,Udaipur_Zinc
2026-01-02,21.0,11.2,0.0,0.125,Udaipur_Zinc
2026-01-03,20.2,9.1,0.0,0.143,Udaipur_Zinc
2026-01-04,20.6,8.9,0.0,0.15,Udaipur_Zinc
2026-01-05,19.1,8.3,0.0,0.169,Udaipur_Zinc
2026-01-06,20.5,9.1,0.0,0.186,Udaipur_Zinc
2026-01-07,19.1,9.0,0.0,0.189,Udaipur_Zinc
2026-01-08,20.1,8.6,0.0,0.195,Udaipur_Zinc
2026-01-09,23.3,9.4,0.0,0.184,Udaipur_Zinc
2026-01-10,22.6,8.4,0.0,0.17,Udaipur_Zinc
2026-01-11,21.0,9.3,0.0,0.159,Udaipur_Zinc
2026-01-12,22.6,10.0,0.0,0.15,Udaipur_Zinc
2026-01-13,23.7,11.6,0.0,0.145,Udaipur_Zinc
2026-01-14,23.5,12.0,0.0,0.132,Udaipur_Zinc
2026-01-15,22.8,11.0,0.0,0.122,Udaipur_Zinc
2026-01-16,24.0,10.5,0.0,0.118,Udaipur_Zinc
2026-01-17,25.4,12.6,0.0,0.114,Udaipur_Zinc
2026-01-18,23.5,12.1,0.0,0.111,Udaipur_Zinc
2026-01-19,23.5,12.6,0.0,0.108,Udaipur_Zinc
2026-01-20,22.3,12.6,0.0,0.107,Udaipur_Zinc
2026-01-21,24.0,11.5,0.0,0.107,Udaipur_Zinc
2026-01-22,25.3,13.5,0.0,0.107,Udaipur_Zinc
2026-01-23,22.4,12.5,0.1,0.106,Udaipur_Zinc
2026-01-24,18.0,7.5,0.0,0.106,Udaipur_Zinc
2026-01-25,19.4,7.9,0.0,0.106,Udaipur_Zinc
2026-01-26,23.8,10.0,0.0,0.107,Udaipur_Zinc
2026-01-27,24.5,14.8,0.3,0.114,Udaipur_Zinc
2026-01-28,20.0,10.1,0.0,0.105,Udaipur_Zinc
2026-01-29,19.3,9.1,0.0,0.108,Udaipur_Zinc
2026-01-30,22.4,8.9,0.0,0.117,Udaipur_Zinc
2026-01-31,24.7,14.2,0.4,0.127,Udaipur_Zinc
2026-02-01,24.7,14.1,0.3,0.139,Udaipur_Zinc
2026-02-02,23.9,14.4,0.2,0.132,Udaipur_Zinc
2026-02-03,23.0,13.6,0.0,0.132,Udaipur_Zinc
2026-02-04,22.8,12.0,0.0,0.118,Udaipur_Zinc
2026-02-05,24.3,12.3,0.0,0.115,Udaipur_Zinc
2026-02-06,27.3,13.9,0.0,0.11,Udaipur_Zinc
2026-02-07,27.6,15.0,0.0,0.106,Udaipur_Zinc
2026-02-08,26.2,15.4,0.0,0.104,Udaipur_Zinc
2026-02-09,27.5,13.2,0.0,0.104,Udaipur_Zinc
2026-02-10,26.9,14.0,0.0,0.103,Udaipur_Zinc
2026-02-11,25.8,16.1,0.0,0.103,Udaipur_Zinc
2026-02-12,26.3,15.5,0.0,0.103,Udaipur_Zinc
2026-02-13,28.7,15.5,0.0,0.103,Udaipur_Zinc
2026-02-14,27.7,16.5,0.0,0.103,Udaipur_Zinc
2026-02-15,28.3,16.4,0.0,0.103,Udaipur_Zinc
2026-02-16,28.2,15.3,0.0,0.102,Udaipur_Zinc
2026-02-17,27.6,17.9,0.1,0.103,Udaipur_Zinc
2026-02-18,27.5,15.4,0.8,0.104,Udaipur_Zinc
2026-02-19,25.8,12.8,0.0,0.108,Udaipur_Zinc
2026-02-20,25.5,15.0,0.0,0.114,Udaipur_Zinc
2026-02-21,28.2,15.0,0.0,0.109,Udaipur_Zinc
2026-02-22,29.8,17.4,0.0,0.104,Udaipur_Zinc
2026-02-23,29.0,16.3,0.1,0.103,Udaipur_Zinc
2026-02-24,29.2,18.0,0.0,0.102,Udaipur_Zinc
2026-02-25,29.7,17.5,0.0,0.104,Udaipur_Zinc
2026-02-26,30.9,17.4,0.0,0.102,Udaipur_Zinc
2026-02-27,28.3,18.6,0.0,0.102,Udaipur_Zinc
2026-02-28,29.4,16.7,0.0,0.102,Udaipur_Zinc
2026-03-01,30.3,17.5,0.0,0.102,Udaipur_Zinc
2026-03-02,31.0,20.4,0.0,0.102,Udaipur_Zinc
2026-03-03,32.0,21.5,0.0,0.101,Udaipur_Zinc
2026-03-04,33.0,20.9,0.0,0.101,Udaipur_Zinc
2026-03-05,34.0,22.0,0.0,0.101,Udaipur_Zinc
2026-03-06,33.3,17.9,0.0,0.101,Udaipur_Zinc
2026-03-07,34.4,18.1,0.0,0.101,Udaipur_Zinc
2026-03-08,34.6,20.0,0.0,0.101,Udaipur_Zinc
2026-03-09,34.6,23.4,0.0,0.101,Udaipur_Zinc
2026-03-10,34.5,23.4,0.0,0.101,Udaipur_Zinc
2026-03-11,35.6,22.0,0.0,0.101,Udaipur_Zinc
2026-03-12,34.6,21.1,0.0,0.101,Udaipur_Zinc
2026-03-13,34.6,20.0,0.0,0.101,Udaipur_Zinc
2026-03-14,33.6,20.3,0.0,0.101,Udaipur_Zinc
2026-03-15,32.8,20.6,0.0,0.101,Udaipur_Zinc
2026-03-16,32.1,18.9,0.0,0.101,Udaipur_Zinc
2026-03-17,32.0,19.4,0.0,0.101,Udaipur_Zinc
2026-03-18,32.3,18.1,0.0,0.101,Udaipur_Zinc
2026-03-19,29.3,17.6,0.5,0.102,Udaipur_Zinc
2026-03-20,27.5,15.7,0.7,0.112,Udaipur_Zinc
2026-03-21,27.9,16.8,0.0,0.119,Udaipur_Zinc
2026-03-22,31.2,17.0,0.0,0.106,Udaipur_Zinc
2026-03-23,31.4,22.2,0.0,0.103,Udaipur_Zinc
2026-03-24,31.7,19.7,0.0,0.102,Udaipur_Zinc
2026-03-25,33.0,21.7,0.0,0.102,Udaipur_Zinc
2026-03-26,34.2,22.7,0.0,0.102,Udaipur_Zinc
2026-03-27,32.6,22.9,0.0,0.102,Udaipur_Zinc
2026-03-28,32.7,21.2,0.0,0.102,Udaipur_Zinc
2026-03-29,32.4,21.6,0.0,0.102,Udaipur_Zinc
2026-03-30,30.1,23.0,3.0,0.106,Udaipur_Zinc
2026-03-31,32.9,20.9,0.0,0.107,Udaipur_Zinc
2026-04-01,32.6,21.0,0.0,0.112,Udaipur_Zinc
2026-04-02,32.9,20.3,0.0,0.104,Udaipur_Zinc
2026-04-03,29.8,18.9,4.6,0.111,Udaipur_Zinc
2026-04-04,30.3,20.1,0.0,0.106,Udaipur_Zinc
2026-04-05,30.5,18.5,0.0,0.105,Udaipur_Zinc
2026-04-06,31.0,20.3,0.0,0.107,Udaipur_Zinc
2026-04-07,28.8,20.0,1.7,0.109,Udaipur_Zinc
2026-04-08,30.2,18.6,0.2,0.112,Udaipur_Zinc
2026-04-09,31.9,19.5,0.0,0.106,Udaipur_Zinc
2026-04-10,32.0,19.8,0.0,0.104,Udaipur_Zinc
2026-04-11,34.8,20.3,0.0,0.103,Udaipur_Zinc
2026-04-12,35.9,23.0,0.0,0.102,Udaipur_Zinc
2026-04-13,36.6,22.4,0.0,0.102,Udaipur_Zinc
2026-04-14,36.1,24.6,0.0,0.102,Udaipur_Zinc
2026-04-15,37.8,24.5,0.0,0.102,Udaipur_Zinc
2026-04-16,37.0,25.2,0.0,0.102,Udaipur_Zinc
2026-04-17,37.3,25.9,0.0,0.102,Udaipur_Zinc
2026-04-18,38.3,26.6,0.0,0.102,Udaipur_Zinc
2026-04-19,37.5,25.1,0.0,0.102,Udaipur_Zinc
2026-04-20,36.4,22.7,0.0,0.102,Udaipur_Zinc
2026-04-21,36.6,24.7,0.0,0.102,Udaipur_Zinc
2026-04-22,36.3,23.8,0.0,0.102,Udaipur_Zinc
2026-04-23,36.2,22.3,0.0,0.102,Udaipur_Zinc
2026-04-24,38.1,24.5,0.0,0.101,Udaipur_Zinc
2026-04-25,39.5,26.8,0.0,0.101,Udaipur_Zinc
2026-04-26,39.9,29.9,0.0,0.101,Udaipur_Zinc
2026-04-27,39.3,30.0,0.0,0.101,Udaipur_Zinc
2026-04-28,37.9,24.8,0.0,0.101,Udaipur_Zinc
2026-04-29,37.1,26.1,0.0,0.105,Udaipur_Zinc
2026-04-30,37.3,25.3,0.0,0.106,Udaipur_Zinc
2026-05-01,38.3,24.9,0.0,0.102,Udaipur_Zinc
2026-05-02,38.4,25.0,0.0,0.109,Udaipur_Zinc
2026-05-03,36.5,23.1,0.0,0.123,Udaipur_Zinc
2026-05-04,35.0,22.5,10.5,0.131,Udaipur_Zinc
2026-05-05,32.8,20.5,0.5,0.185,Udaipur_Zinc
2026-05-06,35.3,22.6,0.0,0.177,Udaipur_Zinc
2026-05-07,37.0,22.8,0.0,0.146,Udaipur_Zinc
2026-05-08,38.4,25.6,0.0,0.109,Udaipur_Zinc
2026-05-09,38.3,27.6,0.0,0.101,Udaipur_Zinc
2026-05-10,39.9,27.5,0.0,0.101,Udaipur_Zinc
2026-05-11,40.8,27.8,0.0,0.101,Udaipur_Zinc
2026-05-12,40.4,29.1,0.0,0.101,Udaipur_Zinc
2026-05-13,40.4,30.0,0.0,0.101,Udaipur_Zinc
2026-05-14,39.8,27.4,0.0,0.101,Udaipur_Zinc
2026-05-15,37.9,27.8,0.0,0.101,Udaipur_Zinc
2026-05-16,37.2,26.3,0.0,0.101,Udaipur_Zinc
2026-05-17,39.5,29.5,0.0,0.101,Udaipur_Zinc
2026-05-18,40.4,30.3,0.0,0.101,Udaipur_Zinc
2026-05-19,39.0,28.7,0.0,0.101,Udaipur_Zinc
2026-05-20,37.8,27.0,0.0,0.101,Udaipur_Zinc
2026-05-21,38.0,25.5,0.0,0.101,Udaipur_Zinc
2026-05-22,38.8,27.2,0.0,0.101,Udaipur_Zinc
2026-05-23,39.5,27.8,0.0,0.101,Udaipur_Zinc
2026-05-24,38.3,29.1,0.0,0.101,Udaipur_Zinc
2026-05-25,38.5,26.6,0.0,0.101,Udaipur_Zinc
2026-05-26,38.3,26.0,0.0,0.101,Udaipur_Zinc
2026-05-27,38.9,27.7,0.0,0.101,Udaipur_Zinc
2026-05-28,38.8,27.2,0.0,0.101,Udaipur_Zinc
2026-05-29,36.2,25.5,0.0,0.101,Udaipur_Zinc
2026-05-30,36.6,25.1,1.0,0.103,Udaipur_Zinc
2026-05-31,35.6,23.2,0.3,0.114,Udaipur_Zinc
2026-06-01,36.2,22.7,8.9,0.139,Udaipur_Zinc
2026-06-02,33.4,22.9,0.7,0.159,Udaipur_Zinc
2026-06-03,37.3,25.5,1.1,0.125,Udaipur_Zinc
2026-06-04,34.9,26.2,1.0,0.108,Udaipur_Zinc
2026-06-05,34.1,20.0,1.0,0.11,Udaipur_Zinc
2026-06-06,36.5,26.4,0.3,0.108,Udaipur_Zinc
2026-06-07,36.3,26.6,0.2,0.103,Udaipur_Zinc
2026-06-08,37.0,26.8,0.0,0.103,Udaipur_Zinc
2026-06-09,37.0,25.6,0.0,0.102,Udaipur_Zinc
2026-06-10,36.8,25.9,0.0,0.102,Udaipur_Zinc
2026-06-11,36.5,25.7,0.0,0.102,Udaipur_Zinc
2026-06-12,35.9,26.0,0.0,0.099,Udaipur_Zinc
2026-06-13,35.0,25.9,0.1,0.097,Udaipur_Zinc
2026-06-14,34.7,24.4,1.8,0.11,Udaipur_Zinc
2026-06-15,33.8,21.5,2.5,0.121,Udaipur_Zinc
2026-06-16,33.8,25.3,0.0,0.104,Udaipur_Zinc
2026-06-17,33.9,25.9,1.4,0.105,Udaipur_Zinc
2026-06-18,31.5,25.4,0.4,0.129,Udaipur_Zinc
2026-06-19,32.5,24.8,3.8,0.14,Udaipur_Zinc
2026-06-20,33.1,24.8,0.1,0.159,Udaipur_Zinc
2026-06-21,33.5,25.4,0.5,0.122,Udaipur_Zinc
2026-06-22,33.8,25.6,0.1,0.109,Udaipur_Zinc
2026-06-23,34.5,25.5,0.0,0.102,Udaipur_Zinc
2026-06-24,35.0,26.1,0.2,0.101,Udaipur_Zinc
2026-06-25,34.1,24.6,1.3,0.107,Udaipur_Zinc
2026-06-26,34.2,26.0,3.3,0.136,Udaipur_Zinc
2026-06-27,34.7,24.7,22.5,0.279,Udaipur_Zinc
2026-06-28,34.2,24.9,2.6,0.338,Udaipur_Zinc
2026-06-29,33.5,26.6,0.0,0.325,Udaipur_Zinc
2026-06-30,32.9,25.9,0.0,0.247,Udaipur_Zinc
2026-07-01,33.0,25.2,0.4,0.195,Udaipur_Zinc
2026-07-02,33.2,25.7,1.4,0.165,Udaipur_Zinc
2026-07-03,32.7,24.0,25.0,0.263,Udaipur_Zinc
2026-07-04,31.8,23.7,32.9,0.406,Udaipur_Zinc
2026-07-05,31.7,24.3,7.3,0.4,Udaipur_Zinc
2026-07-06,32.0,25.7,10.3,0.392,Udaipur_Zinc
2026-07-07,30.2,25.3,26.7,0.402,Udaipur_Zinc
2026-07-08,31.2,25.2,1.4,0.388,Udaipur_Zinc
2026-07-09,31.1,24.8,0.0,0.37,Udaipur_Zinc
2026-07-10,30.5,23.9,0.0,0.336,Udaipur_Zinc
2026-07-11,31.4,23.4,0.0,0.267,Udaipur_Zinc
2026-07-12,31.7,23.5,0.0,0.25,Udaipur_Zinc
2026-07-13,31.6,24.1,0.0,0.233,Udaipur_Zinc
2026-07-14,30.8,23.2,0.6,0.196,Udaipur_Zinc
2026-07-15,31.1,24.1,0.3,0.162,Udaipur_Zinc
2026-07-16,31.8,23.7,0.9,0.131,Udaipur_Zinc
2026-07-17,31.7,23.9,1.4,0.123,Udaipur_Zinc
2026-07-18,32.7,24.4,0.0,0.114,Udaipur_Zinc
2026-07-19,31.0,24.4,0.0,0.104,Udaipur_Zinc
2026-07-20,31.2,24.5,11.0,0.146,Udaipur_Zinc
2026-07-21,29.8,23.8,14.0,0.267,Udaipur_Zinc
2026-07-22,26.5,24.3,38.4,0.41,Udaipur_Zinc
2026-07-23,28.7,23.6,27.2,0.412,Udaipur_Zinc
2026-07-24,28.8,23.3,11.4,0.399,Udaipur_Zinc
2026-07-25,28.4,22.9,8.8,0.405,Udaipur_Zinc
2026-07-26,29.3,23.9,7.5,0.401,Udaipur_Zinc
2026-07-27,30.1,24.4,4.5,0.396,Udaipur_Zinc
2026-07-28,29.5,24.9,2.6,0.387,Udaipur_Zinc
2026-07-29,30.9,24.3,3.1,0.374,Udaipur_Zinc
2026-07-30,32.2,24.8,5.2,0.349,Udaipur_Zinc
2026-07-31,31.6,24.9,1.6,0.33,Udaipur_Zinc
2026-08-01,30.0,24.6,16.0,0.341,Udaipur_Zinc
2026-08-02,29.7,24.5,2.9,0.392,Udaipur_Zinc
2026-08-03,29.0,23.8,2.0,0.369,Udaipur_Zinc
2026-08-04,30.0,23.9,0.1,0.326,Udaipur_Zinc
2026-08-05,29.9,23.9,2.8,0.311,Udaipur_Zinc
2026-08-06,30.1,23.9,0.1,0.304,Udaipur_Zinc
2026-08-07,29.6,23.3,0.0,0.27,Udaipur_Zinc
2026-08-08,29.5,23.8,0.2,0.245,Udaipur_Zinc
2026-08-09,29.8,23.8,3.5,0.244,Udaipur_Zinc
2026-08-10,26.8,23.0,12.8,0.273,Udaipur_Zinc
2026-08-11,30.3,23.6,16.1,0.377,Udaipur_Zinc
2026-08-12,29.2,23.7,39.3,0.413,Udaipur_Zinc
2026-08-13,29.5,23.1,6.4,0.397,Udaipur_Zinc
2026-08-14,29.5,23.4,2.0,0.379,Udaipur_Zinc
2026-08-15,29.2,23.6,0.8,0.351,Udaipur_Zinc
2026-08-16,28.0,23.4,0.9,0.351,Udaipur_Zinc
2026-08-17,28.8,23.4,0.9,0.342,Udaipur_Zinc
2026-08-18,28.8,23.0,0.0,0.307,Udaipur_Zinc
2026-08-19,29.7,23.0,0.0,0.273,Udaipur_Zinc
2026-08-20,29.1,22.9,0.0,0.241,Udaipur_Zinc
2026-08-21,29.7,23.2,0.0,0.214,Udaipur_Zinc
2026-08-22,29.1,23.2,0.0,0.192,Udaipur_Zinc
2026-08-23,30.0,22.6,0.0,0.173,Udaipur_Zinc
2026-08-24,31.0,22.5,0.0,0.162,Udaipur_Zinc
2026-08-25,30.3,23.7,1.1,0.147,Udaipur_Zinc
2026-08-26,29.9,24.2,3.3,0.148,Udaipur_Zinc
2026-08-27,30.1,23.4,0.0,0.131,Udaipur_Zinc
2026-08-28,29.9,22.4,0.0,0.116,Udaipur_Zinc
2026-08-29,29.8,22.7,0.0,0.106,Udaipur_Zinc
2026-08-30,29.7,22.3,0.0,0.103,Udaipur_Zinc
2026-08-31,29.4,22.5,0.4,0.106,Udaipur_Zinc
2026-09-01,28.9,22.6,0.2,0.108,Udaipur_Zinc
2023-09-02,35.3,25.3,3.7,0.28,Bellary_Iron
2023-09-03,31.3,23.9,14.1,0.425,Bellary_Iron
2023-09-04,26.3,22.5,23.9,0.493,Bellary_Iron
2023-09-05,27.2,22.9,4.0,0.469,Bellary_Iron
2023-09-06,31.3,23.3,0.0,0.437,Bellary_Iron
2023-09-07,32.1,22.8,0.0,0.4,Bellary_Iron
2023-09-08,31.9,23.1,0.7,0.374,Bellary_Iron
2023-09-09,33.2,24.0,0.6,0.354,Bellary_Iron
2023-09-10,32.1,24.0,2.3,0.352,Bellary_Iron
2023-09-11,32.1,23.5,1.0,0.337,Bellary_Iron
2023-09-12,33.3,23.7,0.0,0.326,Bellary_Iron
2023-09-13,33.1,23.8,2.3,0.312,Bellary_Iron
2023-09-14,32.8,23.1,1.0,0.302,Bellary_Iron
2023-09-15,33.9,23.2,2.6,0.308,Bellary_Iron
2023-09-16,33.5,23.9,1.0,0.32,Bellary_Iron
2023-09-17,33.0,23.7,1.7,0.313,Bellary_Iron
2023-09-18,33.7,23.1,0.2,0.307,Bellary_Iron
2023-09-19,33.7,23.8,1.3,0.295,Bellary_Iron
2023-09-20,33.6,23.7,1.6,0.292,Bellary_Iron
2023-09-21,34.8,23.9,0.1,0.282,Bellary_Iron
2023-09-22,34.1,23.8,3.5,0.282,Bellary_Iron
2023-09-23,33.5,23.7,2.7,0.405,Bellary_Iron
2023-09-24,32.1,23.2,14.7,0.451,Bellary_Iron
2023-09-25,31.1,23.6,4.4,0.461,Bellary_Iron
2023-09-26,31.4,23.5,5.1,0.439,Bellary_Iron
2023-09-27,31.7,23.4,9.4,0.452,Bellary_Iron
2023-09-28,32.5,23.2,5.0,0.461,Bellary_Iron
2023-09-29,31.8,23.3,2.3,0.474,Bellary_Iron
2023-09-30,32.4,23.3,0.5,0.459,Bellary_Iron
2023-10-01,32.6,23.6,2.4,0.451,Bellary_Iron
2023-10-02,31.3,23.5,3.2,0.432,Bellary_Iron
2023-10-03,32.2,23.0,1.7,0.407,Bellary_Iron
2023-10-04,32.4,24.1,0.2,0.382,Bellary_Iron
2023-10-05,32.8,25.3,0.1,0.367,Bellary_Iron
2023-10-06,33.4,23.6,0.0,0.341,Bellary_Iron
2023-10-07,34.4,22.2,0.0,0.316,Bellary_Iron
2023-10-08,34.8,22.5,0.0,0.291,Bellary_Iron
2023-10-09,35.9,24.2,0.0,0.268,Bellary_Iron
2023-10-10,36.3,24.8,0.0,0.254,Bellary_Iron
2023-10-11,36.6,25.2,0.0,0.244,Bellary_Iron
2023-10-12,37.6,26.3,0.0,0.243,Bellary_Iron
2023-10-13,36.3,24.8,0.0,0.243,Bellary_Iron
2023-10-14,36.2,23.4,0.0,0.241,Bellary_Iron
2023-10-15,36.4,25.9,0.8,0.24,Bellary_Iron
2023-10-16,35.9,27.0,0.2,0.241,Bellary_Iron
2023-10-17,35.7,23.6,2.8,0.229,Bellary_Iron
2023-10-18,36.4,25.2,0.0,0.219,Bellary_Iron
2023-10-19,37.2,24.4,0.0,0.216,Bellary_Iron
2023-10-20,37.2,24.6,0.0,0.213,Bellary_Iron
2023-10-21,35.1,23.4,0.6,0.22,Bellary_Iron
2023-10-22,36.6,23.9,0.0,0.221,Bellary_Iron
2023-10-23,34.9,22.5,0.0,0.232,Bellary_Iron
2023-10-24,34.8,21.8,0.0,0.236,Bellary_Iron
2023-10-25,35.1,21.0,0.0,0.241,Bellary_Iron
2023-10-26,34.5,21.5,0.0,0.247,Bellary_Iron
2023-10-27,34.3,20.8,0.0,0.245,Bellary_Iron
2023-10-28,34.3,22.7,0.3,0.246,Bellary_Iron
2023-10-29,33.7,24.8,1.1,0.25,Bellary_Iron
2023-10-30,33.8,22.2,2.4,0.257,Bellary_Iron
2023-10-31,34.0,22.2,3.0,0.26,Bellary_Iron
2023-11-01,35.0,23.6,0.0,0.257,Bellary_Iron
2023-11-02,35.0,23.6,2.4,0.26,Bellary_Iron
2023-11-03,34.8,22.1,11.7,0.289,Bellary_Iron
2023-11-04,33.7,23.9,0.8,0.275,Bellary_Iron
2023-11-05,33.9,23.5,6.3,0.301,Bellary_Iron
2023-11-06,28.1,22.1,13.3,0.451,Bellary_Iron
2023-11-07,29.9,21.9,2.5,0.439,Bellary_Iron
2023-11-08,30.1,22.1,6.5,0.444,Bellary_Iron
2023-11-09,30.2,21.4,6.8,0.455,Bellary_Iron
2023-11-10,30.5,21.2,0.0,0.425,Bellary_Iron
2023-11-11,31.2,21.1,0.0,0.389,Bellary_Iron
2023-11-12,31.4,20.8,0.0,0.358,Bellary_Iron
2023-11-13,30.9,20.8,0.0,0.334,Bellary_Iron
2023-11-14,30.6,20.9,0.0,0.316,Bellary_Iron
2023-11-15,31.0,20.9,0.0,0.301,Bellary_Iron
2023-11-16,31.8,21.8,0.0,0.29,Bellary_Iron
2023-11-17,32.4,21.5,0.0,0.283,Bellary_Iron
2023-11-18,32.8,22.4,0.0,0.279,Bellary_Iron
2023-11-19,32.5,22.4,0.0,0.275,Bellary_Iron
2023-11-20,32.7,21.7,0.0,0.277,Bellary_Iron
2023-11-21,31.9,22.3,0.3,0.275,Bellary_Iron
2023-11-22,31.4,22.0,3.3,0.279,Bellary_Iron
2023-11-23,31.5,22.1,5.8,0.297,Bellary_Iron
2023-11-24,32.1,22.7,4.0,0.327,Bellary_Iron
2023-11-25,30.6,22.7,2.3,0.384,Bellary_Iron
2023-11-26,30.9,21.3,0.2,0.412,Bellary_Iron
2023-11-27,30.7,21.1,1.1,0.39,Bellary_Iron
2023-11-28,30.8,22.3,1.4,0.375,Bellary_Iron
2023-11-29,30.3,22.0,0.0,0.419,Bellary_Iron
2023-11-30,29.9,21.7,0.3,0.411,Bellary_Iron
2023-12-01,30.2,21.6,1.3,0.389,Bellary_Iron
2023-12-02,32.3,20.9,0.0,0.372,Bellary_Iron
2023-12-03,31.0,20.7,0.2,0.357,Bellary_Iron
2023-12-04,30.2,22.1,0.2,0.348,Bellary_Iron
2023-12-05,30.6,22.5,0.4,0.349,Bellary_Iron
2023-12-06,31.0,20.9,0.0,0.348,Bellary_Iron
2023-12-07,30.9,20.6,0.5,0.335,Bellary_Iron
2023-12-08,30.1,21.4,1.4,0.331,Bellary_Iron
2023-12-09,31.1,22.4,2.3,0.33,Bellary_Iron
2023-12-10,30.4,23.0,0.0,0.316,Bellary_Iron
2023-12-11,31.0,20.9,0.0,0.306,Bellary_Iron
2023-12-12,30.5,19.7,0.0,0.296,Bellary_Iron
2023-12-13,30.3,18.0,0.0,0.287,Bellary_Iron
2023-12-14,29.4,18.4,0.0,0.282,Bellary_Iron
2023-12-15,29.8,18.7,0.0,0.284,Bellary_Iron
2023-12-16,29.9,20.4,0.1,0.287,Bellary_Iron
2023-12-17,31.1,20.5,0.0,0.287,Bellary_Iron
2023-12-18,30.4,21.0,0.8,0.291,Bellary_Iron
2023-12-19,30.3,19.7,0.0,0.292,Bellary_Iron
2023-12-20,29.4,18.9,0.0,0.289,Bellary_Iron
2023-12-21,31.1,19.1,0.0,0.287,Bellary_Iron
2023-12-22,31.1,19.0,0.0,0.285,Bellary_Iron
2023-12-23,30.5,18.2,0.0,0.283,Bellary_Iron
2023-12-24,30.9,17.2,0.0,0.278,Bellary_Iron
2023-12-25,31.5,18.2,0.0,0.277,Bellary_Iron
2023-12-26,31.5,17.1,0.0,0.272,Bellary_Iron
2023-12-27,30.9,17.6,0.0,0.272,Bellary_Iron
2023-12-28,31.2,18.1,0.0,0.271,Bellary_Iron
2023-12-29,31.0,16.7,0.0,0.27,Bellary_Iron
2023-12-30,31.1,19.0,0.0,0.266,Bellary_Iron
2023-12-31,30.9,18.1,0.0,0.264,Bellary_Iron
2024-01-01,31.1,18.8,0.0,0.261,Bellary_Iron
2024-01-02,31.2,19.6,0.0,0.261,Bellary_Iron
2024-01-03,30.4,20.2,0.0,0.261,Bellary_Iron
2024-01-04,29.9,21.2,0.0,0.26,Bellary_Iron
2024-01-05,31.6,20.0,0.0,0.261,Bellary_Iron
2024-01-06,31.7,20.2,0.0,0.262,Bellary_Iron
2024-01-07,30.7,20.9,0.0,0.26,Bellary_Iron
2024-01-08,28.7,20.7,0.2,0.263,Bellary_Iron
2024-01-09,31.6,19.8,0.2,0.268,Bellary_Iron
2024-01-10,30.1,19.7,0.0,0.276,Bellary_Iron
2024-01-11,32.1,20.0,0.0,0.273,Bellary_Iron
2024-01-12,32.9,19.8,0.0,0.269,Bellary_Iron
2024-01-13,33.1,20.3,0.0,0.267,Bellary_Iron
2024-01-14,33.1,21.1,0.0,0.269,Bellary_Iron
2024-01-15,32.6,20.4,0.0,0.275,Bellary_Iron
2024-01-16,32.7,21.1,0.0,0.271,Bellary_Iron
2024-01-17,32.7,21.0,0.0,0.267,Bellary_Iron
2024-01-18,32.4,21.6,0.0,0.259,Bellary_Iron
2024-01-19,32.9,21.4,0.0,0.255,Bellary_Iron
2024-01-20,33.2,21.5,0.0,0.255,Bellary_Iron
2024-01-21,34.6,21.7,0.0,0.255,Bellary_Iron
2024-01-22,34.6,22.2,0.0,0.254,Bellary_Iron
2024-01-23,34.0,22.2,0.0,0.253,Bellary_Iron
2024-01-24,33.8,21.3,0.0,0.253,Bellary_Iron
2024-01-25,34.0,21.6,0.0,0.252,Bellary_Iron
2024-01-26,32.9,21.2,0.0,0.252,Bellary_Iron
2024-01-27,32.4,20.8,0.0,0.252,Bellary_Iron
2024-01-28,32.3,21.0,0.0,0.252,Bellary_Iron
2024-01-29,32.2,20.3,0.0,0.252,Bellary_Iron
2024-01-30,32.7,19.9,0.0,0.252,Bellary_Iron
2024-01-31,33.7,19.6,0.0,0.252,Bellary_Iron
2024-02-01,34.3,19.8,0.0,0.252,Bellary_Iron
2024-02-02,34.1,21.0,0.0,0.252,Bellary_Iron
2024-02-03,34.7,21.5,0.0,0.252,Bellary_Iron
2024-02-04,34.8,22.9,0.0,0.252,Bellary_Iron
2024-02-05,35.3,22.1,0.0,0.252,Bellary_Iron
2024-02-06,36.7,22.2,0.0,0.252,Bellary_Iron
2024-02-07,37.1,22.5,0.0,0.252,Bellary_Iron
2024-02-08,37.4,22.8,0.0,0.252,Bellary_Iron
2024-02-09,36.8,23.3,0.0,0.252,Bellary_Iron
2024-02-10,36.0,23.2,0.0,0.252,Bellary_Iron
2024-02-11,35.9,22.6,0.0,0.252,Bellary_Iron
2024-02-12,35.8,21.8,0.0,0.252,Bellary_Iron
2024-02-13,34.6,20.6,0.0,0.252,Bellary_Iron
2024-02-14,35.5,21.3,0.0,0.252,Bellary_Iron
2024-02-15,35.6,22.4,0.0,0.254,Bellary_Iron
2024-02-16,34.5,20.4,0.0,0.253,Bellary_Iron
2024-02-17,35.4,21.7,0.0,0.252,Bellary_Iron
2024-02-18,35.8,21.8,0.0,0.252,Bellary_Iron
2024-02-19,35.8,22.3,0.0,0.252,Bellary_Iron
2024-02-20,36.6,22.1,0.0,0.252,Bellary_Iron
2024-02-21,36.5,24.1,0.0,0.252,Bellary_Iron
2024-02-22,35.8,22.4,0.0,0.252,Bellary_Iron
2024-02-23,35.5,23.5,0.0,0.252,Bellary_Iron
2024-02-24,37.0,22.2,0.0,0.252,Bellary_Iron
2024-02-25,36.9,22.4,0.0,0.252,Bellary_Iron
2024-02-26,35.8,23.1,0.0,0.252,Bellary_Iron
2024-02-27,36.4,22.2,0.0,0.252,Bellary_Iron
2024-02-28,36.1,23.5,0.0,0.252,Bellary_Iron
2024-02-29,36.6,22.7,0.0,0.25,Bellary_Iron
2024-03-01,37.0,23.1,0.0,0.253,Bellary_Iron
2024-03-02,37.9,24.0,0.0,0.253,Bellary_Iron
2024-03-03,36.8,23.5,0.0,0.249,Bellary_Iron
2024-03-04,37.9,23.6,0.0,0.249,Bellary_Iron
2024-03-05,38.3,25.3,0.0,0.251,Bellary_Iron
2024-03-06,37.8,25.1,0.0,0.251,Bellary_Iron
2024-03-07,37.9,25.3,0.0,0.249,Bellary_Iron
2024-03-08,38.4,25.1,0.0,0.249,Bellary_Iron
2024-03-09,38.9,27.0,0.0,0.249,Bellary_Iron
2024-03-10,39.2,28.3,0.0,0.249,Bellary_Iron
2024-03-11,38.8,26.7,0.0,0.249,Bellary_Iron
2024-03-12,38.5,27.4,0.0,0.249,Bellary_Iron
2024-03-13,39.1,26.0,0.0,0.249,Bellary_Iron
2024-03-14,39.1,25.7,0.0,0.249,Bellary_Iron
2024-03-15,39.7,26.1,0.0,0.248,Bellary_Iron
2024-03-16,39.3,27.3,0.0,0.245,Bellary_Iron
2024-03-17,39.4,25.9,0.0,0.245,Bellary_Iron
2024-03-18,39.0,26.5,0.0,0.245,Bellary_Iron
2024-03-19,37.6,26.4,0.0,0.245,Bellary_Iron
2024-03-20,38.5,26.2,0.0,0.246,Bellary_Iron
2024-03-21,35.0,24.1,0.1,0.246,Bellary_Iron
2024-03-22,37.3,25.3,0.0,0.245,Bellary_Iron
2024-03-23,38.2,25.3,0.0,0.243,Bellary_Iron
2024-03-24,39.1,25.7,0.0,0.243,Bellary_Iron
2024-03-25,39.5,26.5,0.0,0.244,Bellary_Iron
2024-03-26,40.3,26.5,0.0,0.244,Bellary_Iron
2024-03-27,39.8,25.7,0.0,0.243,Bellary_Iron
2024-03-28,40.7,26.1,0.0,0.243,Bellary_Iron
2024-03-29,41.0,27.2,0.0,0.243,Bellary_Iron
2024-03-30,40.8,26.0,0.0,0.243,Bellary_Iron
2024-03-31,40.4,25.3,0.0,0.243,Bellary_Iron
2024-04-01,40.4,24.0,0.0,0.243,Bellary_Iron
2024-04-02,40.5,25.2,0.0,0.243,Bellary_Iron
2024-04-03,41.7,26.1,0.0,0.243,Bellary_Iron
2024-04-04,41.1,28.3,0.0,0.243,Bellary_Iron
2024-04-05,41.9,26.3,0.0,0.243,Bellary_Iron
2024-04-06,41.8,26.7,0.0,0.243,Bellary_Iron
2024-04-07,41.2,28.2,0.0,0.243,Bellary_Iron
2024-04-08,41.8,27.4,0.0,0.243,Bellary_Iron
2024-04-09,39.6,27.2,0.0,0.243,Bellary_Iron
2024-04-10,39.3,27.3,0.0,0.243,Bellary_Iron
2024-04-11,40.1,27.7,0.0,0.243,Bellary_Iron
2024-04-12,38.8,27.4,0.5,0.243,Bellary_Iron
2024-04-13,37.3,27.5,0.1,0.268,Bellary_Iron
2024-04-14,40.0,25.5,0.0,0.273,Bellary_Iron
2024-04-15,40.9,26.8,0.0,0.268,Bellary_Iron
2024-04-16,41.0,27.4,0.0,0.261,Bellary_Iron
2024-04-17,40.9,27.1,0.0,0.252,Bellary_Iron
2024-04-18,42.6,29.4,0.0,0.252,Bellary_Iron
2024-04-19,40.9,29.0,0.0,0.252,Bellary_Iron
2024-04-20,33.6,27.5,9.3,0.288,Bellary_Iron
2024-04-21,40.6,27.5,0.0,0.269,Bellary_Iron
2024-04-22,40.6,28.8,0.0,0.265,Bellary_Iron
2024-04-23,41.7,27.3,0.0,0.261,Bellary_Iron
2024-04-24,41.4,26.2,0.0,0.252,Bellary_Iron
2024-04-25,42.4,27.3,0.0,0.244,Bellary_Iron
2024-04-26,41.9,27.8,0.0,0.237,Bellary_Iron
2024-04-27,42.8,26.9,0.0,0.238,Bellary_Iron
2024-04-28,43.4,27.6,0.0,0.235,Bellary_Iron
2024-04-29,42.8,27.8,0.0,0.234,Bellary_Iron
2024-04-30,43.8,27.9,0.0,0.235,Bellary_Iron
2024-05-01,42.2,28.0,0.0,0.232,Bellary_Iron
2024-05-02,43.0,29.0,0.0,0.234,Bellary_Iron
2024-05-03,43.0,28.9,0.0,0.237,Bellary_Iron
2024-05-04,42.8,28.0,0.0,0.237,Bellary_Iron
2024-05-05,43.9,27.1,0.0,0.233,Bellary_Iron
2024-05-06,42.7,28.1,0.0,0.235,Bellary_Iron
2024-05-07,41.3,27.6,0.0,0.236,Bellary_Iron
2024-05-08,40.3,24.3,1.3,0.247,Bellary_Iron
2024-05-09,40.6,27.7,0.0,0.255,Bellary_Iron
2024-05-10,39.9,24.3,2.9,0.27,Bellary_Iron
2024-05-11,40.2,28.1,1.3,0.273,Bellary_Iron
2024-05-12,39.3,27.3,0.3,0.277,Bellary_Iron
2024-05-13,37.3,26.8,0.0,0.302,Bellary_Iron
2024-05-14,37.9,23.8,16.8,0.323,Bellary_Iron
2024-05-15,37.6,25.1,0.3,0.343,Bellary_Iron
2024-05-16,37.6,24.4,16.6,0.318,Bellary_Iron
2024-05-17,36.4,24.3,0.3,0.353,Bellary_Iron
2024-05-18,35.5,25.2,8.6,0.355,Bellary_Iron
2024-05-19,34.8,24.6,0.4,0.398,Bellary_Iron
2024-05-20,35.6,25.7,0.0,0.379,Bellary_Iron
2024-05-21,36.2,25.6,1.5,0.367,Bellary_Iron
2024-05-22,36.5,25.4,0.8,0.347,Bellary_Iron
2024-05-23,38.4,26.0,0.4,0.314,Bellary_Iron
2024-05-24,38.8,27.1,0.3,0.295,Bellary_Iron
2024-05-25,36.0,27.1,0.0,0.288,Bellary_Iron
2024-05-26,36.0,26.1,0.2,0.29,Bellary_Iron
2024-05-27,37.0,26.2,0.3,0.29,Bellary_Iron
2024-05-28,36.4,25.5,0.0,0.286,Bellary_Iron
2024-05-29,37.8,25.2,0.0,0.279,Bellary_Iron
2024-05-30,39.4,25.9,0.0,0.274,Bellary_Iron
2024-05-31,39.6,26.4,0.0,0.265,Bellary_Iron
2024-06-01,39.5,26.9,0.7,0.26,Bellary_Iron
2024-06-02,35.6,27.2,0.2,0.349,Bellary_Iron
2024-06-03,32.8,25.2,11.4,0.391,Bellary_Iron
2024-06-04,35.6,26.0,14.9,0.381,Bellary_Iron
2024-06-05,34.1,26.3,6.7,0.386,Bellary_Iron
2024-06-06,33.8,25.3,10.9,0.462,Bellary_Iron
2024-06-07,29.9,24.0,19.9,0.489,Bellary_Iron
2024-06-08,31.2,24.1,8.1,0.48,Bellary_Iron
2024-06-09,31.3,23.8,3.6,0.467,Bellary_Iron
2024-06-10,31.1,24.1,2.8,0.481,Bellary_Iron
2024-06-11,29.9,23.9,15.1,0.468,Bellary_Iron
2024-06-12,29.7,24.1,7.8,0.469,Bellary_Iron
2024-06-13,29.5,23.4,5.1,0.477,Bellary_Iron
2024-06-14,30.7,23.8,1.1,0.469,Bellary_Iron
2024-06-15,32.5,23.3,0.0,0.445,Bellary_Iron
2024-06-16,33.0,24.1,5.5,0.419,Bellary_Iron
2024-06-17,32.5,24.0,0.8,0.443,Bellary_Iron
2024-06-18,33.2,24.1,6.1,0.429,Bellary_Iron
2024-06-19,32.4,23.8,0.9,0.445,Bellary_Iron
2024-06-20,33.0,23.9,0.4,0.415,Bellary_Iron
2024-06-21,33.1,24.6,0.4,0.392,Bellary_Iron
2024-06-22,32.0,24.8,1.9,0.387,Bellary_Iron
2024-06-23,33.4,24.1,11.7,0.395,Bellary_Iron
2024-06-24,33.7,24.2,1.2,0.415,Bellary_Iron
2024-06-25,32.6,25.1,2.0,0.389,Bellary_Iron
2024-06-26,31.7,24.8,7.4,0.385,Bellary_Iron
2024-06-27,30.8,24.9,0.7,0.403,Bellary_Iron
2024-06-28,33.5,24.7,0.5,0.376,Bellary_Iron
2024-06-29,33.6,24.1,2.6,0.37,Bellary_Iron
2024-06-30,31.9,24.9,3.4,0.384,Bellary_Iron
2024-07-01,33.5,24.2,1.4,0.397,Bellary_Iron
2024-07-02,33.5,24.6,1.2,0.38,Bellary_Iron
2024-07-03,32.7,24.5,1.4,0.366,Bellary_Iron
2024-07-04,30.7,24.9,0.0,0.35,Bellary_Iron
2024-07-05,31.8,24.0,4.7,0.35,Bellary_Iron
2024-07-06,31.1,24.1,0.3,0.351,Bellary_Iron
2024-07-07,32.5,23.7,5.2,0.379,Bellary_Iron
2024-07-08,31.5,23.6,8.2,0.451,Bellary_Iron
2024-07-09,32.0,23.6,3.0,0.447,Bellary_Iron
2024-07-10,32.1,23.7,3.0,0.429,Bellary_Iron
2024-07-11,33.0,23.5,0.3,0.411,Bellary_Iron
2024-07-12,32.1,24.3,5.2,0.389,Bellary_Iron
2024-07-13,30.7,24.4,0.6,0.391,Bellary_Iron
2024-07-14,28.6,24.0,6.6,0.39,Bellary_Iron
2024-07-15,29.5,23.7,8.9,0.451,Bellary_Iron
2024-07-16,30.3,23.4,7.2,0.469,Bellary_Iron
2024-07-17,29.0,24.3,0.2,0.435,Bellary_Iron
2024-07-18,29.2,24.0,1.8,0.421,Bellary_Iron
2024-07-19,27.0,23.5,14.1,0.482,Bellary_Iron
2024-07-20,27.9,23.5,4.6,0.473,Bellary_Iron
2024-07-21,28.9,23.3,12.8,0.492,Bellary_Iron
2024-07-22,30.4,23.3,5.3,0.484,Bellary_Iron
2024-07-23,29.8,23.7,3.8,0.474,Bellary_Iron
2024-07-24,30.0,24.3,0.1,0.453,Bellary_Iron
2024-07-25,29.0,24.7,2.3,0.441,Bellary_Iron
2024-07-26,30.2,23.9,3.5,0.443,Bellary_Iron
2024-07-27,28.1,24.4,0.1,0.431,Bellary_Iron
2024-07-28,32.3,24.1,0.6,0.409,Bellary_Iron
2024-07-29,32.3,24.5,1.9,0.4,Bellary_Iron
2024-07-30,31.6,24.1,3.4,0.394,Bellary_Iron
2024-07-31,31.6,23.9,7.5,0.387,Bellary_Iron
2024-08-01,30.4,23.4,3.5,0.385,Bellary_Iron
2024-08-02,28.8,24.3,0.2,0.38,Bellary_Iron
2024-08-03,30.6,23.1,1.9,0.376,Bellary_Iron
2024-08-04,31.8,23.7,2.6,0.362,Bellary_Iron
2024-08-05,33.1,23.5,4.4,0.352,Bellary_Iron
2024-08-06,31.0,23.3,3.3,0.368,Bellary_Iron
2024-08-07,27.2,23.1,14.2,0.46,Bellary_Iron
2024-08-08,30.8,22.8,4.6,0.455,Bellary_Iron
2024-08-09,31.8,23.6,0.9,0.454,Bellary_Iron
2024-08-10,31.5,23.7,0.6,0.43,Bellary_Iron
2024-08-11,32.9,23.3,0.2,0.406,Bellary_Iron
2024-08-12,32.7,23.9,0.0,0.378,Bellary_Iron
2024-08-13,31.8,24.4,9.2,0.364,Bellary_Iron
2024-08-14,32.2,23.2,0.8,0.454,Bellary_Iron
2024-08-15,32.7,23.9,2.2,0.422,Bellary_Iron
2024-08-16,32.6,23.7,16.7,0.41,Bellary_Iron
2024-08-17,31.0,22.7,19.8,0.485,Bellary_Iron
2024-08-18,31.9,22.8,2.0,0.478,Bellary_Iron
2024-08-19,32.2,23.5,12.2,0.464,Bellary_Iron
2024-08-20,30.8,22.9,27.7,0.499,Bellary_Iron
2024-08-21,32.4,23.2,6.2,0.486,Bellary_Iron
2024-08-22,31.3,23.2,9.6,0.488,Bellary_Iron
2024-08-23,30.4,23.8,0.4,0.472,Bellary_Iron
2024-08-24,28.9,23.2,7.0,0.462,Bellary_Iron
2024-08-25,30.7,22.9,2.4,0.475,Bellary_Iron
2024-08-26,30.8,23.7,0.8,0.449,Bellary_Iron
2024-08-27,31.3,23.6,1.4,0.439,Bellary_Iron
2024-08-28,30.7,23.4,2.6,0.432,Bellary_Iron
2024-08-29,31.4,23.3,1.7,0.423,Bellary_Iron
2024-08-30,28.8,23.8,2.5,0.416,Bellary_Iron
2024-08-31,25.5,23.0,12.7,0.47,Bellary_Iron
2024-09-01,27.4,22.9,8.0,0.493,Bellary_Iron
2024-09-02,30.3,22.9,5.4,0.471,Bellary_Iron
2024-09-03,29.9,22.7,2.8,0.463,Bellary_Iron
2024-09-04,29.5,23.3,6.3,0.479,Bellary_Iron
2024-09-05,30.5,23.4,1.3,0.47,Bellary_Iron
2024-09-06,30.3,23.1,0.4,0.444,Bellary_Iron
2024-09-07,29.8,23.0,3.9,0.432,Bellary_Iron
2024-09-08,27.9,23.5,1.9,0.449,Bellary_Iron
2024-09-09,29.0,23.1,0.2,0.437,Bellary_Iron
2024-09-10,31.6,23.4,0.2,0.417,Bellary_Iron
2024-09-11,31.5,22.5,0.5,0.396,Bellary_Iron
2024-09-12,31.5,22.6,0.5,0.376,Bellary_Iron
2024-09-13,31.0,21.6,0.0,0.357,Bellary_Iron
2024-09-14,32.1,21.7,0.0,0.338,Bellary_Iron
2024-09-15,31.5,22.3,0.3,0.321,Bellary_Iron
2024-09-16,32.4,22.0,0.4,0.307,Bellary_Iron
2024-09-17,31.1,22.6,1.2,0.296,Bellary_Iron
2024-09-18,32.6,22.8,1.0,0.29,Bellary_Iron
2024-09-19,32.6,21.6,0.6,0.283,Bellary_Iron
2024-09-20,33.2,22.6,0.5,0.279,Bellary_Iron
2024-09-21,32.5,23.4,5.1,0.28,Bellary_Iron
2024-09-22,33.1,23.0,6.2,0.304,Bellary_Iron
2024-09-23,31.6,22.8,7.7,0.333,Bellary_Iron
2024-09-24,30.0,23.1,8.1,0.418,Bellary_Iron
2024-09-25,30.4,23.3,5.6,0.414,Bellary_Iron
2024-09-26,32.5,23.4,0.0,0.368,Bellary_Iron
2024-09-27,32.3,23.7,1.4,0.367,Bellary_Iron
2024-09-28,32.6,22.3,0.3,0.395,Bellary_Iron
2024-09-29,33.1,22.8,24.3,0.396,Bellary_Iron
2024-09-30,32.3,22.9,0.7,0.439,Bellary_Iron
2024-10-01,33.1,22.7,0.1,0.38,Bellary_Iron
2024-10-02,34.1,23.8,16.8,0.369,Bellary_Iron
2024-10-03,32.4,23.2,1.6,0.436,Bellary_Iron
2024-10-04,32.5,23.6,4.7,0.429,Bellary_Iron
2024-10-05,30.0,22.7,2.5,0.429,Bellary_Iron
2024-10-06,32.7,21.8,0.1,0.425,Bellary_Iron
2024-10-07,32.6,22.2,0.9,0.396,Bellary_Iron
2024-10-08,32.1,23.3,0.1,0.363,Bellary_Iron
2024-10-09,31.6,22.3,3.8,0.424,Bellary_Iron
2024-10-10,31.3,23.0,4.3,0.431,Bellary_Iron
2024-10-11,30.8,22.3,3.7,0.433,Bellary_Iron
2024-10-12,30.5,22.2,2.3,0.466,Bellary_Iron
2024-10-13,30.8,22.4,7.2,0.48,Bellary_Iron
2024-10-14,27.3,21.7,3.0,0.477,Bellary_Iron
2024-10-15,26.5,22.3,9.6,0.494,Bellary_Iron
2024-10-16,24.6,22.4,26.3,0.508,Bellary_Iron
2024-10-17,24.6,22.2,27.4,0.505,Bellary_Iron
2024-10-18,28.3,22.3,3.4,0.497,Bellary_Iron
2024-10-19,29.2,21.3,13.6,0.501,Bellary_Iron
2024-10-20,29.4,21.5,8.1,0.494,Bellary_Iron
2024-10-21,29.2,22.1,17.2,0.502,Bellary_Iron
2024-10-22,27.4,20.8,9.2,0.493,Bellary_Iron
2024-10-23,29.8,21.1,2.4,0.466,Bellary_Iron
2024-10-24,29.5,20.7,0.0,0.456,Bellary_Iron
2024-10-25,29.8,20.6,0.0,0.438,Bellary_Iron
2024-10-26,29.8,20.9,0.0,0.414,Bellary_Iron
2024-10-27,30.4,21.7,0.0,0.396,Bellary_Iron
2024-10-28,29.9,18.8,0.0,0.379,Bellary_Iron
2024-10-29,30.3,21.0,0.1,0.366,Bellary_Iron
2024-10-30,30.8,22.1,0.0,0.347,Bellary_Iron
2024-10-31,31.1,21.6,0.5,0.324,Bellary_Iron
2024-11-01,29.9,22.5,0.3,0.358,Bellary_Iron
2024-11-02,30.6,21.2,0.0,0.36,Bellary_Iron
2024-11-03,32.0,21.0,0.0,0.342,Bellary_Iron
2024-11-04,30.8,21.4,0.2,0.328,Bellary_Iron
2024-11-05,31.1,21.4,0.0,0.314,Bellary_Iron
2024-11-06,31.4,21.1,0.0,0.305,Bellary_Iron
2024-11-07,31.5,20.6,0.0,0.297,Bellary_Iron
2024-11-08,31.7,20.1,0.0,0.293,Bellary_Iron
2024-11-09,31.5,20.7,0.1,0.287,Bellary_Iron
2024-11-10,31.6,21.2,0.0,0.282,Bellary_Iron
2024-11-11,30.8,20.3,0.0,0.281,Bellary_Iron
2024-11-12,32.3,21.0,0.0,0.263,Bellary_Iron
2024-11-13,30.9,22.3,1.2,0.215,Bellary_Iron
2024-11-14,28.5,22.1,12.6,0.263,Bellary_Iron
2024-11-15,29.9,21.6,2.5,0.309,Bellary_Iron
2024-11-16,29.6,21.9,1.4,0.39,Bellary_Iron
2024-11-17,30.3,21.7,0.3,0.368,Bellary_Iron
2024-11-18,29.2,20.9,0.2,0.338,Bellary_Iron
2024-11-19,28.8,20.0,0.0,0.316,Bellary_Iron
2024-11-20,29.3,17.8,0.0,0.293,Bellary_Iron
2024-11-21,29.4,18.0,0.0,0.271,Bellary_Iron
2024-11-22,29.9,17.4,0.0,0.247,Bellary_Iron
2024-11-23,30.2,16.9,0.0,0.228,Bellary_Iron
2024-11-24,30.4,17.1,0.0,0.219,Bellary_Iron
2024-11-25,29.1,18.2,0.0,0.219,Bellary_Iron
2024-11-26,30.0,17.9,0.0,0.22,Bellary_Iron
2024-11-27,29.3,18.6,0.0,0.227,Bellary_Iron
2024-11-28,28.1,16.9,0.0,0.232,Bellary_Iron
2024-11-29,29.0,16.1,0.0,0.222,Bellary_Iron
2024-11-30,28.5,20.3,0.1,0.219,Bellary_Iron
2024-12-01,30.1,22.2,6.1,0.24,Bellary_Iron
2024-12-02,28.1,22.1,9.3,0.301,Bellary_Iron
2024-12-03,29.1,22.5,7.5,0.438,Bellary_Iron
2024-12-04,28.3,22.3,1.9,0.431,Bellary_Iron
2024-12-05,29.7,21.6,4.8,0.416,Bellary_Iron
2024-12-06,29.5,21.7,0.7,0.415,Bellary_Iron
2024-12-07,30.2,21.1,0.0,0.411,Bellary_Iron
2024-12-08,30.6,21.1,0.0,0.372,Bellary_Iron
2024-12-09,30.1,20.8,0.0,0.333,Bellary_Iron
2024-12-10,29.0,20.9,0.9,0.307,Bellary_Iron
2024-12-11,30.0,20.3,0.0,0.287,Bellary_Iron
2024-12-12,26.6,19.7,0.3,0.277,Bellary_Iron
2024-12-13,28.4,20.7,0.2,0.268,Bellary_Iron
2024-12-14,29.2,19.8,0.2,0.261,Bellary_Iron
2024-12-15,28.0,17.1,0.0,0.251,Bellary_Iron
2024-12-16,28.3,16.6,0.0,0.234,Bellary_Iron
2024-12-17,29.0,15.5,0.0,0.222,Bellary_Iron
2024-12-18,30.1,17.4,0.0,0.218,Bellary_Iron
2024-12-19,30.9,20.7,0.0,0.223,Bellary_Iron
2024-12-20,30.3,21.0,1.8,0.229,Bellary_Iron
2024-12-21,29.9,21.0,2.0,0.234,Bellary_Iron
2024-12-22,30.2,21.0,0.2,0.231,Bellary_Iron
2024-12-23,29.5,20.5,0.0,0.238,Bellary_Iron
2024-12-24,29.7,19.7,0.0,0.23,Bellary_Iron
2024-12-25,28.7,19.8,0.0,0.228,Bellary_Iron
2024-12-26,26.1,19.9,2.3,0.253,Bellary_Iron
2024-12-27,27.5,21.5,2.2,0.294,Bellary_Iron
2024-12-28,28.5,19.3,0.0,0.301,Bellary_Iron
2024-12-29,29.1,19.1,0.0,0.281,Bellary_Iron
2024-12-30,29.7,17.6,0.0,0.258,Bellary_Iron
2024-12-31,30.0,18.2,0.0,0.236,Bellary_Iron
2025-01-01,30.3,18.2,0.0,0.221,Bellary_Iron
2025-01-02,29.7,17.7,0.0,0.217,Bellary_Iron
2025-01-03,29.1,17.4,0.0,0.21,Bellary_Iron
2025-01-04,28.5,16.7,0.0,0.204,Bellary_Iron
2025-01-05,29.5,17.2,0.0,0.201,Bellary_Iron
2025-01-06,28.7,16.5,0.0,0.203,Bellary_Iron
2025-01-07,29.6,17.1,0.0,0.202,Bellary_Iron
2025-01-08,29.5,17.6,0.0,0.212,Bellary_Iron
2025-01-09,28.1,17.0,0.0,0.207,Bellary_Iron
2025-01-10,29.1,17.7,0.0,0.215,Bellary_Iron
2025-01-11,28.1,18.6,0.2,0.206,Bellary_Iron
2025-01-12,30.0,18.7,0.0,0.208,Bellary_Iron
2025-01-13,30.4,19.3,0.0,0.213,Bellary_Iron
2025-01-14,30.9,20.4,0.1,0.213,Bellary_Iron
2025-01-15,30.2,19.2,0.0,0.204,Bellary_Iron
2025-01-16,30.5,19.4,0.0,0.208,Bellary_Iron
2025-01-17,30.1,19.3,0.0,0.207,Bellary_Iron
2025-01-18,29.3,18.5,0.1,0.208,Bellary_Iron
2025-01-19,31.1,18.5,0.0,0.208,Bellary_Iron
2025-01-20,30.9,18.8,0.0,0.207,Bellary_Iron
2025-01-21,30.8,18.5,0.0,0.207,Bellary_Iron
2025-01-22,31.3,17.4,0.0,0.207,Bellary_Iron
2025-01-23,32.1,19.0,0.0,0.207,Bellary_Iron
2025-01-24,32.2,18.3,0.0,0.207,Bellary_Iron
2025-01-25,31.9,17.5,0.0,0.207,Bellary_Iron
2025-01-26,32.2,17.8,0.0,0.207,Bellary_Iron
2025-01-27,31.4,18.4,0.0,0.207,Bellary_Iron
2025-01-28,32.2,17.9,0.0,0.207,Bellary_Iron
2025-01-29,32.1,18.3,0.0,0.207,Bellary_Iron
2025-01-30,32.2,17.4,0.0,0.207,Bellary_Iron
2025-01-31,33.6,19.5,0.0,0.207,Bellary_Iron
2025-02-01,34.0,20.6,0.0,0.207,Bellary_Iron
2025-02-02,34.4,19.9,0.0,0.207,Bellary_Iron
2025-02-03,33.9,19.8,0.0,0.206,Bellary_Iron
2025-02-04,34.5,19.3,0.0,0.206,Bellary_Iron
2025-02-05,34.3,20.5,0.0,0.206,Bellary_Iron
2025-02-06,33.8,20.8,0.0,0.206,Bellary_Iron
2025-02-07,34.2,20.6,0.0,0.206,Bellary_Iron
2025-02-08,34.0,20.8,0.0,0.205,Bellary_Iron
2025-02-09,33.8,21.5,0.0,0.205,Bellary_Iron
2025-02-10,34.0,21.2,0.0,0.205,Bellary_Iron
2025-02-11,34.6,20.6,0.0,0.205,Bellary_Iron
2025-02-12,35.6,20.2,0.0,0.205,Bellary_Iron
2025-02-13,36.0,20.8,0.0,0.204,Bellary_Iron
2025-02-14,35.5,21.6,0.0,0.204,Bellary_Iron
2025-02-15,35.1,21.4,0.0,0.204,Bellary_Iron
2025-02-16,35.4,21.3,0.0,0.203,Bellary_Iron
2025-02-17,35.7,20.8,0.0,0.203,Bellary_Iron
2025-02-18,35.9,21.5,0.0,0.203,Bellary_Iron
2025-02-19,36.7,22.3,0.0,0.202,Bellary_Iron
2025-02-20,36.5,22.7,0.0,0.202,Bellary_Iron
2025-02-21,34.9,22.8,0.0,0.202,Bellary_Iron
2025-02-22,36.0,22.8,0.0,0.202,Bellary_Iron
2025-02-23,35.9,22.9,0.0,0.201,Bellary_Iron
2025-02-24,35.0,21.9,0.0,0.201,Bellary_Iron
2025-02-25,34.2,21.3,0.0,0.201,Bellary_Iron
2025-02-26,34.4,21.1,0.0,0.201,Bellary_Iron
2025-02-27,34.2,21.3,0.0,0.197,Bellary_Iron
2025-02-28,34.6,21.7,0.0,0.198,Bellary_Iron
2025-03-01,35.1,20.5,0.0,0.201,Bellary_Iron
2025-03-02,36.5,22.4,0.0,0.2,Bellary_Iron
2025-03-03,37.3,22.6,0.0,0.199,Bellary_Iron
2025-03-04,37.5,24.3,0.0,0.199,Bellary_Iron
2025-03-05,37.4,24.0,0.0,0.199,Bellary_Iron
2025-03-06,37.2,23.5,0.0,0.198,Bellary_Iron
2025-03-07,36.6,20.6,0.0,0.198,Bellary_Iron
2025-03-08,38.1,20.6,0.0,0.197,Bellary_Iron
2025-03-09,37.8,22.2,0.0,0.197,Bellary_Iron
2025-03-10,35.5,21.8,0.0,0.194,Bellary_Iron
2025-03-11,35.8,20.6,0.0,0.193,Bellary_Iron
2025-03-12,36.8,21.9,0.0,0.196,Bellary_Iron
2025-03-13,37.6,23.6,0.0,0.196,Bellary_Iron
2025-03-14,38.7,24.8,0.0,0.196,Bellary_Iron
2025-03-15,38.3,24.7,0.0,0.195,Bellary_Iron
2025-03-16,38.6,23.3,0.0,0.195,Bellary_Iron
2025-03-17,39.6,22.3,0.0,0.194,Bellary_Iron
2025-03-18,39.3,24.7,0.0,0.194,Bellary_Iron
2025-03-19,38.7,24.6,0.0,0.193,Bellary_Iron
2025-03-20,38.0,25.1,0.0,0.193,Bellary_Iron
2025-03-21,37.5,24.7,0.0,0.197,Bellary_Iron
2025-03-22,37.9,25.2,0.0,0.196,Bellary_Iron
2025-03-23,38.1,25.1,0.0,0.192,Bellary_Iron
2025-03-24,37.0,25.0,0.3,0.192,Bellary_Iron
2025-03-25,36.6,26.3,0.0,0.197,Bellary_Iron
2025-03-26,38.2,23.7,0.0,0.198,Bellary_Iron
2025-03-27,38.0,24.6,0.0,0.193,Bellary_Iron
2025-03-28,39.6,25.5,0.0,0.192,Bellary_Iron
2025-03-29,40.0,26.6,0.0,0.191,Bellary_Iron
2025-03-30,39.6,24.5,0.0,0.191,Bellary_Iron
2025-03-31,39.5,24.7,0.0,0.19,Bellary_Iron
2025-04-01,38.3,25.9,0.0,0.19,Bellary_Iron
2025-04-02,36.9,24.6,0.1,0.189,Bellary_Iron
2025-04-03,35.6,22.7,9.6,0.195,Bellary_Iron
2025-04-04,35.5,22.4,0.9,0.243,Bellary_Iron
2025-04-05,36.7,23.3,1.0,0.239,Bellary_Iron
2025-04-06,38.3,23.5,0.0,0.226,Bellary_Iron
2025-04-07,39.4,24.8,0.0,0.208,Bellary_Iron
2025-04-08,39.0,24.4,0.0,0.21,Bellary_Iron
2025-04-09,38.5,24.6,0.0,0.204,Bellary_Iron
2025-04-10,37.2,24.6,0.4,0.207,Bellary_Iron
2025-04-11,38.1,24.2,0.0,0.223,Bellary_Iron
2025-04-12,37.4,24.3,0.0,0.219,Bellary_Iron
2025-04-13,38.4,24.5,0.0,0.19,Bellary_Iron
2025-04-14,39.3,25.4,0.0,0.169,Bellary_Iron
2025-04-15,39.3,25.2,0.0,0.183,Bellary_Iron
2025-04-16,39.1,25.4,0.0,0.212,Bellary_Iron
2025-04-17,39.6,25.4,0.0,0.194,Bellary_Iron
2025-04-18,38.9,25.7,0.2,0.169,Bellary_Iron
2025-04-19,39.0,26.1,0.1,0.161,Bellary_Iron
2025-04-20,39.4,26.2,1.8,0.187,Bellary_Iron
2025-04-21,38.7,25.5,0.0,0.226,Bellary_Iron
2025-04-22,40.0,25.3,0.0,0.224,Bellary_Iron
2025-04-23,40.5,24.7,0.0,0.203,Bellary_Iron
2025-04-24,40.2,25.6,0.0,0.2,Bellary_Iron
2025-04-25,40.6,26.1,0.0,0.199,Bellary_Iron
2025-04-26,39.4,26.4,0.0,0.194,Bellary_Iron
2025-04-27,38.6,26.7,0.0,0.194,Bellary_Iron
2025-04-28,38.6,27.3,0.0,0.189,Bellary_Iron
2025-04-29,39.2,25.7,0.0,0.195,Bellary_Iron
2025-04-30,40.0,26.2,0.0,0.215,Bellary_Iron
2025-05-01,39.3,26.3,0.0,0.21,Bellary_Iron
2025-05-02,39.5,26.6,0.0,0.202,Bellary_Iron
2025-05-03,39.3,26.1,0.0,0.22,Bellary_Iron
2025-05-04,39.6,26.4,0.0,0.232,Bellary_Iron
2025-05-05,39.6,24.6,0.0,0.215,Bellary_Iron
2025-05-06,39.4,24.5,0.0,0.198,Bellary_Iron
2025-05-07,38.0,25.5,0.0,0.181,Bellary_Iron
2025-05-08,37.0,25.0,0.0,0.172,Bellary_Iron
2025-05-09,36.3,24.8,0.0,0.182,Bellary_Iron
2025-05-10,37.0,24.5,0.2,0.186,Bellary_Iron
2025-05-11,37.4,25.1,3.4,0.183,Bellary_Iron
2025-05-12,37.0,25.7,0.9,0.24,Bellary_Iron
2025-05-13,36.9,24.3,0.5,0.273,Bellary_Iron
2025-05-14,36.3,25.2,0.0,0.258,Bellary_Iron
2025-05-15,35.9,25.5,0.0,0.376,Bellary_Iron
2025-05-16,35.8,25.3,6.6,0.387,Bellary_Iron
2025-05-17,34.8,24.3,12.5,0.425,Bellary_Iron
2025-05-18,36.0,24.4,0.7,0.439,Bellary_Iron
2025-05-19,34.6,25.4,0.0,0.4,Bellary_Iron
2025-05-20,34.9,24.7,6.8,0.412,Bellary_Iron
2025-05-21,33.2,24.6,11.1,0.45,Bellary_Iron
2025-05-22,34.0,23.9,0.7,0.44,Bellary_Iron
2025-05-23,34.9,24.5,6.9,0.428,Bellary_Iron
2025-05-24,32.4,24.9,1.9,0.418,Bellary_Iron
2025-05-25,31.7,24.7,4.1,0.413,Bellary_Iron
2025-05-26,30.6,24.5,12.0,0.425,Bellary_Iron
2025-05-27,31.5,22.9,11.5,0.478,Bellary_Iron
2025-05-28,31.7,23.8,0.2,0.46,Bellary_Iron
2025-05-29,29.7,24.1,15.7,0.473,Bellary_Iron
2025-05-30,32.5,24.3,1.5,0.468,Bellary_Iron
2025-05-31,34.9,25.0,0.0,0.431,Bellary_Iron
2025-06-01,34.4,23.8,0.1,0.396,Bellary_Iron
2025-06-02,33.9,23.9,0.0,0.36,Bellary_Iron
2025-06-03,33.9,23.4,1.3,0.328,Bellary_Iron
2025-06-04,34.2,23.5,0.7,0.3,Bellary_Iron
2025-06-05,34.9,23.2,0.0,0.28,Bellary_Iron
2025-06-06,34.5,23.9,0.6,0.267,Bellary_Iron
2025-06-07,34.4,24.5,0.7,0.254,Bellary_Iron
2025-06-08,35.9,24.4,0.1,0.246,Bellary_Iron
2025-06-09,35.1,25.1,0.4,0.279,Bellary_Iron
2025-06-10,35.5,24.9,0.5,0.282,Bellary_Iron
2025-06-11,34.0,23.8,12.2,0.293,Bellary_Iron
2025-06-12,32.9,23.4,2.4,0.306,Bellary_Iron
2025-06-13,33.7,23.9,11.4,0.319,Bellary_Iron
2025-06-14,33.9,24.4,1.7,0.308,Bellary_Iron
2025-06-15,32.3,24.1,7.8,0.3,Bellary_Iron
2025-06-16,30.9,24.3,2.1,0.326,Bellary_Iron
2025-06-17,33.4,23.8,1.0,0.309,Bellary_Iron
2025-06-18,33.8,23.9,0.0,0.294,Bellary_Iron
2025-06-19,33.4,24.6,0.2,0.258,Bellary_Iron
2025-06-20,33.6,24.0,0.5,0.235,Bellary_Iron
2025-06-21,33.9,24.0,1.2,0.224,Bellary_Iron
2025-06-22,33.8,23.9,2.4,0.22,Bellary_Iron
2025-06-23,31.1,23.8,0.8,0.219,Bellary_Iron
2025-06-24,32.5,24.3,0.9,0.218,Bellary_Iron
2025-06-25,32.1,24.2,1.3,0.219,Bellary_Iron
2025-06-26,32.1,24.4,0.6,0.219,Bellary_Iron
2025-06-27,33.7,23.9,0.1,0.216,Bellary_Iron
2025-06-28,34.0,24.2,0.9,0.213,Bellary_Iron
2025-06-29,34.3,24.3,0.8,0.209,Bellary_Iron
2025-06-30,31.8,23.9,0.6,0.212,Bellary_Iron
2025-07-01,31.7,23.9,0.8,0.217,Bellary_Iron
2025-07-02,34.0,24.0,5.6,0.234,Bellary_Iron
2025-07-03,31.5,23.4,1.7,0.268,Bellary_Iron
2025-07-04,33.5,23.8,0.9,0.283,Bellary_Iron
2025-07-05,31.6,24.0,1.0,0.278,Bellary_Iron
2025-07-06,32.5,24.1,0.1,0.262,Bellary_Iron
2025-07-07,32.0,24.2,0.6,0.247,Bellary_Iron
2025-07-08,33.0,23.9,1.1,0.235,Bellary_Iron
2025-07-09,33.7,23.9,1.0,0.228,Bellary_Iron
2025-07-10,34.5,23.9,1.0,0.221,Bellary_Iron
2025-07-11,33.2,23.5,4.0,0.225,Bellary_Iron
2025-07-12,32.0,23.3,1.5,0.237,Bellary_Iron
2025-07-13,33.7,23.6,1.6,0.23,Bellary_Iron
2025-07-14,33.4,24.0,1.5,0.23,Bellary_Iron
2025-07-15,32.4,24.0,1.2,0.24,Bellary_Iron
2025-07-16,32.9,23.9,16.7,0.289,Bellary_Iron
2025-07-17,33.1,23.5,11.8,0.449,Bellary_Iron
2025-07-18,31.6,23.1,16.8,0.474,Bellary_Iron
2025-07-19,31.7,23.2,7.2,0.475,Bellary_Iron
2025-07-20,30.5,23.3,5.9,0.479,Bellary_Iron
2025-07-21,31.4,23.2,12.0,0.478,Bellary_Iron
2025-07-22,30.9,22.8,9.7,0.479,Bellary_Iron
2025-07-23,29.9,23.5,10.1,0.479,Bellary_Iron
2025-07-24,26.0,22.8,8.6,0.5,Bellary_Iron
2025-07-25,29.5,22.9,3.0,0.484,Bellary_Iron
2025-07-26,30.1,24.0,0.7,0.469,Bellary_Iron
2025-07-27,31.3,23.3,0.2,0.452,Bellary_Iron
2025-07-28,31.3,22.8,0.0,0.432,Bellary_Iron
2025-07-29,31.5,22.7,0.2,0.412,Bellary_Iron
2025-07-30,32.1,23.3,0.2,0.396,Bellary_Iron
2025-07-31,32.2,24.0,0.2,0.388,Bellary_Iron
2025-08-01,32.0,22.7,1.4,0.377,Bellary_Iron
2025-08-02,32.4,22.9,2.5,0.362,Bellary_Iron
2025-08-03,33.1,22.5,13.7,0.355,Bellary_Iron
2025-08-04,32.1,23.9,1.0,0.322,Bellary_Iron
2025-08-05,32.2,23.1,17.6,0.37,Bellary_Iron
2025-08-06,33.2,22.5,1.6,0.451,Bellary_Iron
2025-08-07,31.2,23.5,11.9,0.465,Bellary_Iron
2025-08-08,31.6,23.2,10.9,0.484,Bellary_Iron
2025-08-09,30.3,22.6,7.2,0.497,Bellary_Iron
2025-08-10,31.0,22.3,11.8,0.496,Bellary_Iron
2025-08-11,29.9,22.9,3.0,0.484,Bellary_Iron
2025-08-12,28.9,22.4,14.2,0.486,Bellary_Iron
2025-08-13,28.0,22.7,4.9,0.498,Bellary_Iron
2025-08-14,27.1,22.3,8.3,0.5,Bellary_Iron
2025-08-15,29.9,22.7,12.5,0.496,Bellary_Iron
2025-08-16,29.8,23.6,5.9,0.487,Bellary_Iron
2025-08-17,28.1,22.5,13.3,0.495,Bellary_Iron
2025-08-18,25.4,22.3,10.3,0.507,Bellary_Iron
2025-08-19,25.9,22.1,8.4,0.499,Bellary_Iron
2025-08-20,30.2,22.6,1.0,0.483,Bellary_Iron
2025-08-21,31.6,22.8,0.4,0.461,Bellary_Iron
2025-08-22,30.8,22.6,1.1,0.434,Bellary_Iron
2025-08-23,31.2,22.3,0.1,0.411,Bellary_Iron
2025-08-24,30.7,22.1,0.1,0.406,Bellary_Iron
2025-08-25,30.6,21.4,0.1,0.378,Bellary_Iron
2025-08-26,29.2,21.4,12.3,0.378,Bellary_Iron
2025-08-27,29.4,22.7,16.6,0.465,Bellary_Iron
2025-08-28,29.7,22.7,8.7,0.486,Bellary_Iron
2025-08-29,30.0,23.1,7.9,0.468,Bellary_Iron
2025-08-30,31.4,23.2,0.0,0.417,Bellary_Iron
2025-08-31,30.9,23.4,6.5,0.415,Bellary_Iron
2025-09-01,30.2,23.3,1.5,0.415,Bellary_Iron
2025-09-02,29.1,23.2,7.6,0.432,Bellary_Iron
2025-09-03,30.5,23.1,0.8,0.457,Bellary_Iron
2025-09-04,31.0,22.3,0.5,0.422,Bellary_Iron
2025-09-05,30.9,22.4,0.1,0.398,Bellary_Iron
2025-09-06,30.7,22.2,0.2,0.372,Bellary_Iron
2025-09-07,30.3,21.7,1.5,0.35,Bellary_Iron
2025-09-08,30.6,21.2,0.3,0.336,Bellary_Iron
2025-09-09,31.0,22.1,0.5,0.323,Bellary_Iron
2025-09-10,30.9,23.0,2.3,0.305,Bellary_Iron
2025-09-11,26.1,22.4,13.5,0.442,Bellary_Iron
2025-09-12,28.8,23.1,1.9,0.459,Bellary_Iron
2025-09-13,28.7,22.3,8.1,0.479,Bellary_Iron
2025-09-14,30.8,21.8,2.2,0.449,Bellary_Iron
2025-09-15,30.4,22.5,0.6,0.422,Bellary_Iron
2025-09-16,30.3,22.7,14.1,0.458,Bellary_Iron
2025-09-17,29.9,22.3,22.4,0.455,Bellary_Iron
2025-09-18,30.8,22.3,35.3,0.5,Bellary_Iron
2025-09-19,29.8,22.3,18.1,0.484,Bellary_Iron
2025-09-20,29.9,22.0,1.3,0.476,Bellary_Iron
2025-09-21,30.0,22.5,1.1,0.45,Bellary_Iron
2025-09-22,29.3,22.6,1.7,0.452,Bellary_Iron
2025-09-23,28.4,22.8,4.6,0.434,Bellary_Iron
2025-09-24,28.8,22.5,3.1,0.419,Bellary_Iron
2025-09-25,29.6,21.8,0.3,0.388,Bellary_Iron
2025-09-26,25.0,21.7,28.9,0.44,Bellary_Iron
2025-09-27,25.4,21.7,53.4,0.506,Bellary_Iron
2025-09-28,29.6,22.6,5.9,0.485,Bellary_Iron
2025-09-29,29.8,22.9,1.1,0.477,Bellary_Iron
2025-09-30,30.1,21.4,0.2,0.464,Bellary_Iron
2025-10-01,30.4,21.7,1.0,0.435,Bellary_Iron
2025-10-02,30.3,23.1,4.2,0.413,Bellary_Iron
2025-10-03,30.1,22.3,0.1,0.383,Bellary_Iron
2025-10-04,30.2,22.4,0.1,0.356,Bellary_Iron
2025-10-05,29.8,22.3,1.7,0.333,Bellary_Iron
2025-10-06,29.2,21.4,0.1,0.314,Bellary_Iron
2025-10-07,29.7,21.9,0.1,0.292,Bellary_Iron
2025-10-08,30.1,23.2,2.6,0.273,Bellary_Iron
2025-10-09,28.3,21.3,7.8,0.422,Bellary_Iron
2025-10-10,28.0,22.7,0.0,0.423,Bellary_Iron
2025-10-11,30.1,22.6,0.0,0.39,Bellary_Iron
2025-10-12,30.2,21.8,0.0,0.348,Bellary_Iron
2025-10-13,30.2,21.5,0.2,0.316,Bellary_Iron
2025-10-14,30.0,22.0,5.1,0.301,Bellary_Iron
2025-10-15,28.9,21.5,0.7,0.386,Bellary_Iron
2025-10-16,28.8,22.3,10.5,0.409,Bellary_Iron
2025-10-17,29.4,22.1,1.2,0.422,Bellary_Iron
2025-10-18,30.1,21.5,0.1,0.377,Bellary_Iron
2025-10-19,30.0,22.3,2.2,0.334,Bellary_Iron
2025-10-20,29.6,21.9,5.5,0.362,Bellary_Iron
2025-10-21,28.1,22.5,19.4,0.392,Bellary_Iron
2025-10-22,25.8,22.2,15.5,0.465,Bellary_Iron
2025-10-23,26.8,22.3,39.4,0.502,Bellary_Iron
2025-10-24,27.2,21.8,9.2,0.504,Bellary_Iron
2025-10-25,28.5,21.3,10.2,0.493,Bellary_Iron
2025-10-26,29.4,21.2,0.9,0.477,Bellary_Iron
2025-10-27,29.0,21.2,3.5,0.465,Bellary_Iron
2025-10-28,26.9,23.0,0.9,0.461,Bellary_Iron
2025-10-29,29.5,23.1,0.5,0.441,Bellary_Iron
2025-10-30,30.4,22.0,0.0,0.418,Bellary_Iron
2025-10-31,30.3,20.0,0.1,0.377,Bellary_Iron
2025-11-01,30.5,21.4,0.1,0.341,Bellary_Iron
2025-11-02,29.8,22.7,0.5,0.324,Bellary_Iron
2025-11-03,29.7,22.4,0.2,0.307,Bellary_Iron
2025-11-04,28.4,22.4,2.5,0.313,Bellary_Iron
2025-11-05,29.5,19.6,35.9,0.354,Bellary_Iron
2025-11-06,28.5,21.8,0.7,0.35,Bellary_Iron
2025-11-07,27.7,21.3,0.6,0.3,Bellary_Iron
2025-11-08,29.0,20.3,0.0,0.283,Bellary_Iron
2025-11-09,27.9,17.8,0.0,0.263,Bellary_Iron
2025-11-10,28.2,17.5,0.0,0.243,Bellary_Iron
2025-11-11,28.7,18.7,0.0,0.229,Bellary_Iron
2025-11-12,29.9,19.0,0.0,0.22,Bellary_Iron
2025-11-13,29.7,19.7,0.0,0.214,Bellary_Iron
2025-11-14,28.5,18.7,0.0,0.208,Bellary_Iron
2025-11-15,28.2,17.1,0.0,0.206,Bellary_Iron
2025-11-16,28.3,17.3,0.0,0.208,Bellary_Iron
2025-11-17,27.5,15.8,0.0,0.212,Bellary_Iron
2025-11-18,30.0,18.0,0.0,0.208,Bellary_Iron
2025-11-19,29.1,19.4,0.0,0.207,Bellary_Iron
2025-11-20,29.2,18.6,0.0,0.198,Bellary_Iron
2025-11-21,29.4,19.3,0.6,0.205,Bellary_Iron
2025-11-22,30.0,21.3,0.6,0.224,Bellary_Iron
2025-11-23,29.9,21.1,1.1,0.228,Bellary_Iron
2025-11-24,29.9,21.3,0.1,0.231,Bellary_Iron
2025-11-25,28.9,20.4,0.0,0.226,Bellary_Iron
2025-11-26,28.4,19.5,0.1,0.222,Bellary_Iron
2025-11-27,28.0,18.0,0.0,0.221,Bellary_Iron
2025-11-28,26.9,17.1,0.0,0.221,Bellary_Iron
2025-11-29,27.3,17.0,0.0,0.219,Bellary_Iron
2025-11-30,26.9,19.7,0.0,0.221,Bellary_Iron
2025-12-01,28.2,20.5,0.0,0.217,Bellary_Iron
2025-12-02,28.1,19.3,0.0,0.216,Bellary_Iron
2025-12-03,28.7,20.2,0.2,0.216,Bellary_Iron
2025-12-04,27.2,21.2,7.8,0.268,Bellary_Iron
2025-12-05,27.6,20.5,0.3,0.301,Bellary_Iron
2025-12-06,26.6,19.2,0.4,0.295,Bellary_Iron
2025-12-07,27.2,19.1,0.0,0.284,Bellary_Iron
2025-12-08,27.2,17.1,0.0,0.272,Bellary_Iron
2025-12-09,27.0,16.2,0.0,0.258,Bellary_Iron
2025-12-10,27.6,15.6,0.0,0.247,Bellary_Iron
2025-12-11,27.0,14.8,0.0,0.238,Bellary_Iron
2025-12-12,26.6,15.1,0.0,0.233,Bellary_Iron
2025-12-13,26.7,15.1,0.0,0.228,Bellary_Iron
2025-12-14,27.2,15.5,0.0,0.22,Bellary_Iron
2025-12-15,27.4,16.3,0.0,0.215,Bellary_Iron
2025-12-16,28.1,15.8,0.0,0.213,Bellary_Iron
2025-12-17,28.6,18.4,0.0,0.219,Bellary_Iron
2025-12-18,28.0,16.3,0.0,0.222,Bellary_Iron
2025-12-19,26.8,15.1,0.0,0.225,Bellary_Iron
2025-12-20,26.5,14.0,0.0,0.216,Bellary_Iron
2025-12-21,26.6,14.9,0.0,0.213,Bellary_Iron
2025-12-22,26.8,15.9,0.0,0.211,Bellary_Iron
2025-12-23,26.7,16.5,0.0,0.211,Bellary_Iron
2025-12-24,26.3,16.2,0.0,0.21,Bellary_Iron
2025-12-25,26.6,15.5,0.0,0.21,Bellary_Iron
2025-12-26,27.4,17.1,0.0,0.209,Bellary_Iron
2025-12-27,26.8,16.8,0.0,0.209,Bellary_Iron
2025-12-28,26.3,16.0,0.0,0.209,Bellary_Iron
2025-12-29,26.9,15.7,0.0,0.209,Bellary_Iron
2025-12-30,27.2,16.4,0.0,0.209,Bellary_Iron
2025-12-31,28.2,16.7,0.0,0.209,Bellary_Iron
2026-01-01,28.1,19.0,0.0,0.208,Bellary_Iron
2026-01-02,28.2,19.3,0.0,0.208,Bellary_Iron
2026-01-03,28.4,19.3,0.0,0.214,Bellary_Iron
2026-01-04,28.0,18.0,0.0,0.22,Bellary_Iron
2026-01-05,26.9,16.8,0.0,0.212,Bellary_Iron
2026-01-06,27.3,16.4,0.0,0.21,Bellary_Iron
2026-01-07,26.6,16.6,0.0,0.209,Bellary_Iron
2026-01-08,26.8,15.4,0.0,0.208,Bellary_Iron
2026-01-09,27.0,16.1,0.0,0.208,Bellary_Iron
2026-01-10,26.0,15.9,0.0,0.208,Bellary_Iron
2026-01-11,25.6,17.9,0.0,0.208,Bellary_Iron
2026-01-12,28.7,20.1,0.0,0.2,Bellary_Iron
2026-01-13,29.0,19.3,0.3,0.193,Bellary_Iron
2026-01-14,30.0,19.8,0.0,0.187,Bellary_Iron
2026-01-15,30.2,20.2,0.0,0.189,Bellary_Iron
2026-01-16,30.1,19.8,0.0,0.19,Bellary_Iron
2026-01-17,29.2,18.0,0.0,0.19,Bellary_Iron
2026-01-18,29.8,17.1,0.0,0.191,Bellary_Iron
2026-01-19,29.4,16.4,0.0,0.191,Bellary_Iron
2026-01-20,29.2,17.3,0.0,0.191,Bellary_Iron
2026-01-21,28.3,17.1,0.0,0.192,Bellary_Iron
2026-01-22,28.0,17.0,0.0,0.192,Bellary_Iron
2026-01-23,27.8,16.5,0.0,0.192,Bellary_Iron
2026-01-24,28.4,17.5,0.0,0.193,Bellary_Iron
2026-01-25,30.7,18.7,0.0,0.195,Bellary_Iron
2026-01-26,27.7,20.8,0.6,0.2,Bellary_Iron
2026-01-27,30.4,21.3,0.0,0.215,Bellary_Iron
2026-01-28,30.7,19.2,0.0,0.222,Bellary_Iron
2026-01-29,30.5,19.0,0.0,0.21,Bellary_Iron
2026-01-30,29.7,18.9,0.0,0.209,Bellary_Iron
2026-01-31,29.5,18.3,0.0,0.208,Bellary_Iron
2026-02-01,29.4,17.1,0.0,0.207,Bellary_Iron
2026-02-02,29.5,18.7,0.0,0.207,Bellary_Iron
2026-02-03,29.5,19.3,0.0,0.207,Bellary_Iron
2026-02-04,30.2,18.7,0.0,0.205,Bellary_Iron
2026-02-05,30.1,18.6,0.0,0.204,Bellary_Iron
2026-02-06,30.7,18.7,0.0,0.207,Bellary_Iron
2026-02-07,30.9,18.3,0.0,0.207,Bellary_Iron
2026-02-08,31.2,18.1,0.0,0.204,Bellary_Iron
2026-02-09,30.9,17.8,0.0,0.196,Bellary_Iron
2026-02-10,31.3,18.7,0.0,0.197,Bellary_Iron
2026-02-11,30.3,18.1,0.0,0.197,Bellary_Iron
2026-02-12,30.0,16.8,0.0,0.197,Bellary_Iron
2026-02-13,31.4,17.5,0.0,0.197,Bellary_Iron
2026-02-14,31.7,18.4,0.0,0.197,Bellary_Iron
2026-02-15,32.2,18.8,0.0,0.197,Bellary_Iron
2026-02-16,32.1,19.7,0.0,0.197,Bellary_Iron
2026-02-17,31.6,19.0,0.0,0.197,Bellary_Iron
2026-02-18,31.2,19.0,0.0,0.197,Bellary_Iron
2026-02-19,32.2,19.7,0.0,0.197,Bellary_Iron
2026-02-20,32.6,20.1,0.0,0.197,Bellary_Iron
2026-02-21,33.2,21.9,0.0,0.197,Bellary_Iron
2026-02-22,33.8,21.8,0.0,0.203,Bellary_Iron
2026-02-23,33.2,22.7,0.0,0.209,Bellary_Iron
2026-02-24,32.1,22.7,0.1,0.217,Bellary_Iron
2026-02-25,32.5,22.5,0.0,0.213,Bellary_Iron
2026-02-26,34.3,21.6,0.0,0.211,Bellary_Iron
2026-02-27,33.9,22.2,0.0,0.209,Bellary_Iron
2026-02-28,34.7,22.3,0.0,0.207,Bellary_Iron
2026-03-01,34.2,22.3,0.0,0.207,Bellary_Iron
2026-03-02,35.8,23.9,0.0,0.207,Bellary_Iron
2026-03-03,35.9,23.7,0.0,0.207,Bellary_Iron
2026-03-04,35.7,23.1,0.0,0.206,Bellary_Iron
2026-03-05,36.1,22.5,0.0,0.206,Bellary_Iron
2026-03-06,36.4,22.1,0.0,0.206,Bellary_Iron
2026-03-07,36.9,22.1,0.0,0.205,Bellary_Iron
2026-03-08,36.4,23.3,0.0,0.205,Bellary_Iron
2026-03-09,35.5,22.9,0.0,0.205,Bellary_Iron
2026-03-10,33.7,23.2,0.0,0.205,Bellary_Iron
2026-03-11,34.6,21.6,0.0,0.205,Bellary_Iron
2026-03-12,36.9,22.8,0.0,0.204,Bellary_Iron
2026-03-13,37.1,23.8,0.0,0.204,Bellary_Iron
2026-03-14,36.7,24.2,0.0,0.204,Bellary_Iron
2026-03-15,35.9,23.8,0.0,0.203,Bellary_Iron
2026-03-16,36.3,24.6,0.0,0.203,Bellary_Iron
2026-03-17,35.3,22.9,0.2,0.195,Bellary_Iron
2026-03-18,33.1,20.9,0.2,0.214,Bellary_Iron
2026-03-19,33.6,20.5,0.0,0.244,Bellary_Iron
2026-03-20,33.8,21.9,0.0,0.234,Bellary_Iron
2026-03-21,34.7,21.8,0.0,0.223,Bellary_Iron
2026-03-22,34.8,22.8,0.0,0.214,Bellary_Iron
2026-03-23,35.7,24.8,0.0,0.207,Bellary_Iron
2026-03-24,35.6,25.6,0.2,0.197,Bellary_Iron
2026-03-25,36.3,24.6,0.4,0.199,Bellary_Iron
2026-03-26,37.5,25.0,0.0,0.215,Bellary_Iron
2026-03-27,38.0,24.9,0.0,0.218,Bellary_Iron
2026-03-28,35.5,24.5,0.0,0.221,Bellary_Iron
2026-03-29,36.4,25.4,0.0,0.217,Bellary_Iron
2026-03-30,37.1,26.4,0.0,0.208,Bellary_Iron
2026-03-31,35.8,26.0,0.2,0.211,Bellary_Iron
2026-04-01,36.7,25.3,0.2,0.211,Bellary_Iron
2026-04-02,36.8,24.6,0.0,0.199,Bellary_Iron
2026-04-03,37.2,24.5,0.0,0.205,Bellary_Iron
2026-04-04,36.5,25.9,0.0,0.207,Bellary_Iron
2026-04-05,37.2,26.2,0.0,0.209,Bellary_Iron
2026-04-06,36.1,25.2,0.0,0.21,Bellary_Iron
2026-04-07,36.1,23.4,0.0,0.207,Bellary_Iron
2026-04-08,37.8,24.0,0.0,0.207,Bellary_Iron
2026-04-09,40.1,25.8,0.0,0.206,Bellary_Iron
2026-04-10,39.3,26.1,0.0,0.203,Bellary_Iron
2026-04-11,39.1,29.3,0.0,0.208,Bellary_Iron
2026-04-12,39.5,28.7,0.0,0.205,Bellary_Iron
2026-04-13,39.1,27.9,0.0,0.205,Bellary_Iron
2026-04-14,39.6,28.0,0.3,0.203,Bellary_Iron
2026-04-15,40.0,28.2,0.0,0.204,Bellary_Iron
2026-04-16,39.8,27.4,0.0,0.204,Bellary_Iron
2026-04-17,40.2,27.1,0.0,0.203,Bellary_Iron
2026-04-18,40.6,26.8,0.0,0.203,Bellary_Iron
2026-04-19,40.9,27.2,0.0,0.202,Bellary_Iron
2026-04-20,39.1,25.8,0.0,0.203,Bellary_Iron
2026-04-21,39.8,26.9,0.2,0.203,Bellary_Iron
2026-04-22,38.4,25.1,0.0,0.202,Bellary_Iron
2026-04-23,40.5,27.9,0.0,0.198,Bellary_Iron
2026-04-24,40.2,27.6,0.0,0.198,Bellary_Iron
2026-04-25,40.0,27.9,0.0,0.201,Bellary_Iron
2026-04-26,40.5,27.9,0.0,0.199,Bellary_Iron
2026-04-27,39.6,27.3,0.0,0.195,Bellary_Iron
2026-04-28,39.4,27.8,0.1,0.182,Bellary_Iron
2026-04-29,39.5,26.3,0.0,0.171,Bellary_Iron
2026-04-30,38.4,26.7,0.0,0.18,Bellary_Iron
2026-05-01,38.8,25.9,0.0,0.19,Bellary_Iron
2026-05-02,39.6,26.5,0.0,0.185,Bellary_Iron
2026-05-03,39.7,25.9,0.0,0.191,Bellary_Iron
2026-05-04,38.1,25.8,0.0,0.19,Bellary_Iron
2026-05-05,39.2,26.1,0.0,0.19,Bellary_Iron
2026-05-06,38.9,26.2,0.1,0.193,Bellary_Iron
2026-05-07,38.3,28.4,0.0,0.19,Bellary_Iron
2026-05-08,37.6,22.9,1.2,0.175,Bellary_Iron
2026-05-09,37.7,26.0,0.0,0.159,Bellary_Iron
2026-05-10,38.3,26.8,0.1,0.142,Bellary_Iron
2026-05-11,38.1,27.8,0.0,0.146,Bellary_Iron
2026-05-12,37.4,26.3,0.3,0.16,Bellary_Iron
2026-05-13,37.2,28.8,0.0,0.174,Bellary_Iron
2026-05-14,38.5,28.2,10.6,0.184,Bellary_Iron
2026-05-15,37.0,26.9,0.9,0.207,Bellary_Iron
2026-05-16,37.5,28.9,2.5,0.22,Bellary_Iron
2026-05-17,36.8,26.4,0.4,0.215,Bellary_Iron
2026-05-18,36.9,26.4,0.0,0.223,Bellary_Iron
2026-05-19,35.7,26.6,0.1,0.22,Bellary_Iron
2026-05-20,36.2,26.6,0.0,0.207,Bellary_Iron
2026-05-21,37.5,26.5,0.0,0.193,Bellary_Iron
2026-05-22,34.1,26.2,0.0,0.232,Bellary_Iron
2026-05-23,34.8,26.0,2.8,0.188,Bellary_Iron
2026-05-24,33.5,24.8,0.8,0.29,Bellary_Iron
2026-05-25,35.6,25.8,0.1,0.364,Bellary_Iron
2026-05-26,34.7,26.1,0.5,0.368,Bellary_Iron
2026-05-27,30.6,24.7,1.1,0.39,Bellary_Iron
2026-05-28,35.4,25.1,0.1,0.411,Bellary_Iron
2026-05-29,35.1,25.0,0.6,0.36,Bellary_Iron
2026-05-30,35.8,25.4,3.5,0.324,Bellary_Iron
2026-05-31,35.5,24.8,0.5,0.371,Bellary_Iron
2026-06-01,35.8,25.2,0.0,0.313,Bellary_Iron
2026-06-02,36.3,25.4,0.1,0.237,Bellary_Iron
2026-06-03,34.6,22.8,14.6,0.263,Bellary_Iron
2026-06-04,34.5,24.5,2.5,0.279,Bellary_Iron
2026-06-05,33.2,25.3,4.1,0.27,Bellary_Iron
2026-06-06,32.1,24.5,38.4,0.348,Bellary_Iron
2026-06-07,31.4,24.0,5.9,0.389,Bellary_Iron
2026-06-08,32.9,24.9,3.8,0.402,Bellary_Iron
2026-06-09,30.6,24.0,4.0,0.405,Bellary_Iron
2026-06-10,32.5,24.5,4.2,0.358,Bellary_Iron
2026-06-11,34.4,24.2,0.0,0.336,Bellary_Iron
2026-06-12,35.5,24.6,0.0,0.288,Bellary_Iron
2026-06-13,33.8,25.4,0.8,0.289,Bellary_Iron
2026-06-14,34.0,23.1,0.6,0.285,Bellary_Iron
2026-06-15,34.8,24.7,0.0,0.314,Bellary_Iron
2026-06-16,35.1,25.1,0.2,0.293,Bellary_Iron
2026-06-17,34.7,25.3,0.3,0.276,Bellary_Iron
2026-06-18,34.5,25.3,0.0,0.257,Bellary_Iron
2026-06-19,33.5,25.5,0.0,0.239,Bellary_Iron
2026-06-20,33.6,25.2,0.2,0.223,Bellary_Iron
2026-06-21,34.9,25.8,0.9,0.214,Bellary_Iron
2026-06-22,34.2,25.2,3.9,0.242,Bellary_Iron
2026-06-23,31.8,24.4,0.4,0.321,Bellary_Iron
2026-06-24,32.0,23.2,0.7,0.318,Bellary_Iron
2026-06-25,33.3,24.0,1.8,0.295,Bellary_Iron
2026-06-26,32.5,24.4,0.6,0.291,Bellary_Iron
2026-06-27,33.4,24.6,1.8,0.314,Bellary_Iron
2026-06-28,34.4,24.5,3.0,0.334,Bellary_Iron
2026-06-29,34.2,23.8,4.9,0.34,Bellary_Iron
2026-06-30,31.8,24.3,0.5,0.348,Bellary_Iron
2026-07-01,30.2,24.5,1.2,0.309,Bellary_Iron
2026-07-02,30.0,23.6,2.6,0.22,Bellary_Iron
2026-07-03,33.0,24.7,0.1,0.198,Bellary_Iron
2026-07-04,29.9,24.6,0.7,0.206,Bellary_Iron
2026-07-05,31.2,24.5,0.3,0.195,Bellary_Iron
2026-07-06,32.1,24.7,1.2,0.193,Bellary_Iron
2026-07-07,32.7,24.9,1.5,0.225,Bellary_Iron
2026-07-08,33.7,25.1,0.6,0.227,Bellary_Iron
2026-07-09,33.9,25.1,3.6,0.227,Bellary_Iron
2026-07-10,33.9,24.4,0.2,0.215,Bellary_Iron
2026-07-11,34.9,24.6,0.0,0.201,Bellary_Iron
2026-07-12,35.3,24.1,0.0,0.199,Bellary_Iron
2026-07-13,35.5,23.9,0.0,0.19,Bellary_Iron
2026-07-14,36.2,23.5,0.0,0.184,Bellary_Iron
2026-07-15,34.7,23.3,0.0,0.18,Bellary_Iron
2026-07-16,34.8,24.8,0.6,0.173,Bellary_Iron
2026-07-17,31.4,25.2,2.0,0.165,Bellary_Iron
2026-07-18,32.8,24.8,1.5,0.169,Bellary_Iron
2026-07-19,33.9,23.7,9.8,0.229,Bellary_Iron
2026-07-20,31.1,23.8,4.8,0.248,Bellary_Iron
2026-07-21,32.3,24.5,0.7,0.263,Bellary_Iron
2026-07-22,30.3,24.8,2.9,0.262,Bellary_Iron
2026-07-23,30.9,24.2,9.1,0.303,Bellary_Iron
2026-07-24,30.2,24.1,0.2,0.352,Bellary_Iron
2026-07-25,32.8,23.8,2.3,0.361,Bellary_Iron
2026-07-26,32.4,24.3,2.2,0.348,Bellary_Iron
2026-07-27,33.7,24.3,1.9,0.309,Bellary_Iron
2026-07-28,32.5,24.7,3.5,0.277,Bellary_Iron
2026-07-29,31.4,24.7,1.7,0.279,Bellary_Iron
2026-07-30,31.7,24.7,1.8,0.25,Bellary_Iron
2026-07-31,31.3,25.0,1.3,0.228,Bellary_Iron
2026-08-01,33.2,25.0,3.1,0.209,Bellary_Iron
2026-08-02,33.9,24.9,1.8,0.176,Bellary_Iron
2026-08-03,33.7,23.9,22.1,0.193,Bellary_Iron
2026-08-04,32.3,23.9,6.2,0.318,Bellary_Iron
2026-08-05,31.7,23.9,1.2,0.357,Bellary_Iron
2026-08-06,32.5,23.8,5.1,0.372,Bellary_Iron
2026-08-07,32.3,23.9,1.6,0.424,Bellary_Iron
2026-08-08,32.2,24.2,1.1,0.377,Bellary_Iron
2026-08-09,33.4,24.0,0.7,0.329,Bellary_Iron
2026-08-10,33.4,24.0,2.4,0.307,Bellary_Iron
2026-08-11,32.9,24.1,1.5,0.297,Bellary_Iron
2026-08-12,33.3,24.3,2.4,0.307,Bellary_Iron
2026-08-13,33.2,24.4,1.1,0.312,Bellary_Iron
2026-08-14,33.6,24.1,1.8,0.302,Bellary_Iron
2026-08-15,32.8,24.0,0.3,0.303,Bellary_Iron
2026-08-16,33.3,24.0,1.7,0.294,Bellary_Iron
2026-08-17,32.9,24.1,0.3,0.276,Bellary_Iron
2026-08-18,33.2,24.1,1.5,0.244,Bellary_Iron
2026-08-19,31.9,24.4,4.1,0.244,Bellary_Iron
2026-08-20,33.1,24.5,0.8,0.23,Bellary_Iron
2026-08-21,32.1,24.1,2.1,0.218,Bellary_Iron
2026-08-22,33.8,23.6,3.3,0.216,Bellary_Iron
2026-08-23,33.2,24.4,5.5,0.243,Bellary_Iron
2026-08-24,30.7,24.3,2.4,0.298,Bellary_Iron
2026-08-25,31.9,24.3,2.4,0.322,Bellary_Iron
2026-08-26,33.8,24.1,1.2,0.283,Bellary_Iron
2026-08-27,33.5,24.0,0.5,0.283,Bellary_Iron
2026-08-28,33.3,23.6,0.7,0.259,Bellary_Iron
2026-08-29,33.3,24.0,1.0,0.239,Bellary_Iron
2026-08-30,33.2,23.9,2.0,0.232,Bellary_Iron
2026-08-31,32.5,23.5,0.4,0.225,Bellary_Iron
2026-09-01,33.6,24.2,2.0,0.22,Bellary_Iron
2023-09-02,34.9,26.3,0.0,0.274,Korba_Coal
2023-09-03,34.4,25.0,0.4,0.289,Korba_Coal
2023-09-04,32.4,24.3,5.0,0.35,Korba_Coal
2023-09-05,30.6,23.9,13.2,0.386,Korba_Coal
2023-09-06,31.0,24.4,9.8,0.403,Korba_Coal
2023-09-07,29.9,24.3,8.6,0.415,Korba_Coal
2023-09-08,30.2,24.3,19.8,0.423,Korba_Coal
2023-09-09,30.3,24.3,5.8,0.42,Korba_Coal
2023-09-10,31.6,24.6,5.0,0.408,Korba_Coal
2023-09-11,29.7,24.6,7.5,0.406,Korba_Coal
2023-09-12,31.3,24.6,21.2,0.408,Korba_Coal
2023-09-13,31.3,24.0,15.8,0.416,Korba_Coal
2023-09-14,31.5,24.6,34.6,0.422,Korba_Coal
2023-09-15,30.3,24.7,17.3,0.424,Korba_Coal
2023-09-16,31.5,24.2,1.5,0.404,Korba_Coal
2023-09-17,30.6,24.0,3.1,0.399,Korba_Coal
2023-09-18,31.5,24.5,2.8,0.39,Korba_Coal
2023-09-19,32.4,24.8,1.9,0.373,Korba_Coal
2023-09-20,32.2,25.0,8.4,0.374,Korba_Coal
2023-09-21,29.9,24.4,44.0,0.428,Korba_Coal
2023-09-22,28.9,24.2,31.8,0.426,Korba_Coal
2023-09-23,29.3,23.9,12.5,0.417,Korba_Coal
2023-09-24,31.0,23.0,16.7,0.415,Korba_Coal
2023-09-25,30.2,23.4,2.2,0.399,Korba_Coal
2023-09-26,31.1,23.5,1.7,0.372,Korba_Coal
2023-09-27,29.6,23.7,8.6,0.39,Korba_Coal
2023-09-28,31.5,24.6,1.5,0.371,Korba_Coal
2023-09-29,32.1,24.4,0.4,0.361,Korba_Coal
2023-09-30,32.3,24.8,1.8,0.34,Korba_Coal
2023-10-01,31.8,24.7,0.9,0.32,Korba_Coal
2023-10-02,28.6,24.3,12.0,0.376,Korba_Coal
2023-10-03,29.8,24.0,3.0,0.412,Korba_Coal
2023-10-04,31.4,24.5,0.0,0.393,Korba_Coal
2023-10-05,32.0,22.9,0.0,0.374,Korba_Coal
2023-10-06,31.8,23.9,0.0,0.357,Korba_Coal
2023-10-07,32.7,24.1,0.0,0.343,Korba_Coal
2023-10-08,32.9,21.4,0.0,0.331,Korba_Coal
2023-10-09,33.8,21.6,0.0,0.326,Korba_Coal
2023-10-10,33.8,21.5,0.0,0.316,Korba_Coal
2023-10-11,33.5,21.8,0.0,0.305,Korba_Coal
2023-10-12,34.1,21.4,0.0,0.3,Korba_Coal
2023-10-13,33.3,21.7,0.0,0.299,Korba_Coal
2023-10-14,33.2,21.1,0.0,0.298,Korba_Coal
2023-10-15,33.2,19.3,0.0,0.284,Korba_Coal
2023-10-16,31.8,19.7,0.1,0.277,Korba_Coal
2023-10-17,31.7,21.2,0.0,0.274,Korba_Coal
2023-10-18,30.9,21.6,0.0,0.265,Korba_Coal
2023-10-19,30.8,20.6,0.0,0.257,Korba_Coal
2023-10-20,30.4,20.1,0.0,0.247,Korba_Coal
2023-10-21,30.6,17.3,0.0,0.235,Korba_Coal
2023-10-22,29.8,18.0,0.0,0.23,Korba_Coal
2023-10-23,29.2,19.0,0.0,0.224,Korba_Coal
2023-10-24,29.9,20.1,0.0,0.215,Korba_Coal
2023-10-25,29.6,19.5,0.0,0.21,Korba_Coal
2023-10-26,28.9,18.0,0.0,0.205,Korba_Coal
2023-10-27,29.3,17.3,0.0,0.199,Korba_Coal
2023-10-28,29.8,15.6,0.0,0.198,Korba_Coal
2023-10-29,29.6,16.9,0.0,0.203,Korba_Coal
2023-10-30,29.5,17.8,0.0,0.2,Korba_Coal
2023-10-31,30.7,17.8,0.0,0.198,Korba_Coal
2023-11-01,30.6,19.9,0.0,0.199,Korba_Coal
2023-11-02,29.3,20.4,2.6,0.2,Korba_Coal
2023-11-03,28.5,20.1,1.1,0.199,Korba_Coal
2023-11-04,29.9,19.6,0.1,0.195,Korba_Coal
2023-11-05,30.8,18.0,0.0,0.191,Korba_Coal
2023-11-06,30.5,15.9,0.0,0.19,Korba_Coal
2023-11-07,29.8,16.3,0.0,0.191,Korba_Coal
2023-11-08,29.7,15.7,0.0,0.19,Korba_Coal
2023-11-09,30.9,15.5,0.0,0.189,Korba_Coal
2023-11-10,31.1,17.6,0.0,0.191,Korba_Coal
2023-11-11,30.9,18.2,0.0,0.193,Korba_Coal
2023-11-12,30.4,18.7,0.0,0.194,Korba_Coal
2023-11-13,29.9,18.1,0.0,0.193,Korba_Coal
2023-11-14,29.1,18.2,0.0,0.189,Korba_Coal
2023-11-15,28.6,16.9,0.0,0.193,Korba_Coal
2023-11-16,28.5,15.8,0.0,0.197,Korba_Coal
2023-11-17,29.6,18.6,0.0,0.195,Korba_Coal
2023-11-18,29.4,18.8,0.0,0.191,Korba_Coal
2023-11-19,29.8,17.7,0.0,0.184,Korba_Coal
2023-11-20,29.8,18.5,0.0,0.173,Korba_Coal
2023-11-21,28.7,18.1,0.0,0.168,Korba_Coal
2023-11-22,28.5,18.3,0.0,0.166,Korba_Coal
2023-11-23,28.2,16.7,0.0,0.161,Korba_Coal
2023-11-24,28.2,16.3,0.0,0.159,Korba_Coal
2023-11-25,28.1,16.8,0.0,0.169,Korba_Coal
2023-11-26,27.6,14.2,0.0,0.171,Korba_Coal
2023-11-27,25.4,15.0,0.0,0.176,Korba_Coal
2023-11-28,24.8,15.4,0.0,0.18,Korba_Coal
2023-11-29,27.0,16.0,0.0,0.185,Korba_Coal
2023-11-30,29.4,16.7,0.2,0.18,Korba_Coal
2023-12-01,28.1,17.9,0.1,0.18,Korba_Coal
2023-12-02,30.3,19.0,0.0,0.176,Korba_Coal
2023-12-03,30.5,18.1,0.0,0.173,Korba_Coal
2023-12-04,28.6,18.7,0.2,0.175,Korba_Coal
2023-12-05,23.5,19.8,6.7,0.216,Korba_Coal
2023-12-06,23.2,19.4,8.0,0.297,Korba_Coal
2023-12-07,21.5,18.4,12.4,0.387,Korba_Coal
2023-12-08,24.6,16.9,0.4,0.358,Korba_Coal
2023-12-09,25.3,15.5,0.0,0.338,Korba_Coal
2023-12-10,24.1,14.7,0.0,0.323,Korba_Coal
2023-12-11,24.4,12.8,0.0,0.31,Korba_Coal
2023-12-12,24.6,13.5,0.0,0.298,Korba_Coal
2023-12-13,24.7,13.3,0.0,0.288,Korba_Coal
2023-12-14,24.4,13.5,0.0,0.276,Korba_Coal
2023-12-15,24.4,12.1,0.0,0.266,Korba_Coal
2023-12-16,24.2,12.1,0.0,0.254,Korba_Coal
2023-12-17,23.7,12.6,0.0,0.245,Korba_Coal
2023-12-18,22.4,13.6,0.0,0.235,Korba_Coal
2023-12-19,22.2,12.4,0.0,0.225,Korba_Coal
2023-12-20,22.5,11.7,0.0,0.216,Korba_Coal
2023-12-21,23.6,11.7,0.0,0.206,Korba_Coal
2023-12-22,24.7,12.3,0.0,0.202,Korba_Coal
2023-12-23,25.7,14.1,0.0,0.198,Korba_Coal
2023-12-24,26.2,12.2,0.0,0.197,Korba_Coal
2023-12-25,26.8,13.8,0.0,0.195,Korba_Coal
2023-12-26,26.4,13.2,0.0,0.193,Korba_Coal
2023-12-27,26.2,12.4,0.0,0.191,Korba_Coal
2023-12-28,26.3,13.4,0.0,0.187,Korba_Coal
2023-12-29,26.4,13.6,0.0,0.187,Korba_Coal
2023-12-30,26.7,14.2,0.0,0.189,Korba_Coal
2023-12-31,26.1,14.7,0.0,0.189,Korba_Coal
2024-01-01,26.7,13.7,0.0,0.185,Korba_Coal
2024-01-02,26.9,13.3,0.0,0.184,Korba_Coal
2024-01-03,26.7,13.0,0.0,0.181,Korba_Coal
2024-01-04,27.0,13.2,0.0,0.177,Korba_Coal
2024-01-05,27.0,14.1,0.0,0.178,Korba_Coal
2024-01-06,24.5,17.0,0.0,0.182,Korba_Coal
2024-01-07,26.5,15.7,0.0,0.184,Korba_Coal
2024-01-08,27.0,14.6,0.0,0.186,Korba_Coal
2024-01-09,27.4,15.1,0.0,0.188,Korba_Coal
2024-01-10,26.4,16.6,0.0,0.183,Korba_Coal
2024-01-11,26.1,17.0,0.0,0.183,Korba_Coal
2024-01-12,26.2,15.0,0.0,0.17,Korba_Coal
2024-01-13,26.4,12.7,0.0,0.166,Korba_Coal
2024-01-14,27.3,12.4,0.0,0.163,Korba_Coal
2024-01-15,25.6,14.3,0.0,0.158,Korba_Coal
2024-01-16,26.3,13.2,0.0,0.15,Korba_Coal
2024-01-17,26.7,13.2,0.7,0.158,Korba_Coal
2024-01-18,25.6,15.1,0.4,0.163,Korba_Coal
2024-01-19,23.3,13.8,0.0,0.168,Korba_Coal
2024-01-20,23.2,12.2,0.4,0.168,Korba_Coal
2024-01-21,24.8,15.3,0.9,0.194,Korba_Coal
2024-01-22,25.1,11.4,0.0,0.193,Korba_Coal
2024-01-23,20.8,12.8,1.4,0.192,Korba_Coal
2024-01-24,24.6,13.5,0.1,0.193,Korba_Coal
2024-01-25,24.4,11.5,0.0,0.187,Korba_Coal
2024-01-26,24.2,9.5,0.0,0.18,Korba_Coal
2024-01-27,25.2,12.2,0.0,0.173,Korba_Coal
2024-01-28,26.4,12.4,0.0,0.17,Korba_Coal
2024-01-29,27.8,11.6,0.0,0.164,Korba_Coal
2024-01-30,28.7,13.6,0.0,0.156,Korba_Coal
2024-01-31,27.0,14.9,0.0,0.154,Korba_Coal
2024-02-01,27.5,15.2,0.6,0.159,Korba_Coal
2024-02-02,28.5,15.2,0.0,0.164,Korba_Coal
2024-02-03,27.7,15.4,0.0,0.164,Korba_Coal
2024-02-04,29.1,14.6,0.0,0.166,Korba_Coal
2024-02-05,30.5,16.5,0.0,0.163,Korba_Coal
2024-02-06,31.6,18.1,0.0,0.162,Korba_Coal
2024-02-07,28.2,17.5,0.0,0.162,Korba_Coal
2024-02-08,26.1,16.3,0.0,0.155,Korba_Coal
2024-02-09,25.9,12.5,0.0,0.152,Korba_Coal
2024-02-10,28.1,12.5,0.0,0.153,Korba_Coal
2024-02-11,28.3,15.6,4.5,0.199,Korba_Coal
2024-02-12,28.0,15.0,0.0,0.27,Korba_Coal
2024-02-13,29.7,16.5,0.0,0.272,Korba_Coal
2024-02-14,29.2,18.0,0.6,0.26,Korba_Coal
2024-02-15,27.5,17.6,1.6,0.28,Korba_Coal
2024-02-16,28.8,16.0,0.0,0.294,Korba_Coal
2024-02-17,29.8,15.8,0.0,0.27,Korba_Coal
2024-02-18,29.9,16.6,0.0,0.253,Korba_Coal
2024-02-19,31.6,16.4,0.0,0.238,Korba_Coal
2024-02-20,32.0,16.9,0.0,0.225,Korba_Coal
2024-02-21,32.4,17.4,0.0,0.208,Korba_Coal
2024-02-22,31.2,17.7,0.0,0.194,Korba_Coal
2024-02-23,27.9,18.1,0.0,0.181,Korba_Coal
2024-02-24,28.8,15.3,3.5,0.178,Korba_Coal
2024-02-25,28.6,17.5,0.1,0.178,Korba_Coal
2024-02-26,29.2,17.2,0.0,0.186,Korba_Coal
2024-02-27,31.2,18.3,12.8,0.261,Korba_Coal
2024-02-28,28.7,17.1,0.0,0.342,Korba_Coal
2024-02-29,30.0,17.2,0.0,0.302,Korba_Coal
2024-03-01,32.0,17.0,0.0,0.271,Korba_Coal
2024-03-02,31.3,16.2,0.0,0.253,Korba_Coal
2024-03-03,28.5,19.0,1.4,0.26,Korba_Coal
2024-03-04,30.6,19.2,0.2,0.265,Korba_Coal
2024-03-05,29.9,18.7,0.0,0.264,Korba_Coal
2024-03-06,31.2,17.3,0.0,0.243,Korba_Coal
2024-03-07,31.1,19.4,0.0,0.22,Korba_Coal
2024-03-08,30.3,18.6,0.0,0.205,Korba_Coal
2024-03-09,31.0,16.3,0.0,0.194,Korba_Coal
2024-03-10,32.2,16.3,0.0,0.181,Korba_Coal
2024-03-11,34.9,17.3,0.0,0.174,Korba_Coal
2024-03-12,34.3,22.0,0.0,0.172,Korba_Coal
2024-03-13,35.5,19.4,0.0,0.17,Korba_Coal
2024-03-14,35.9,19.7,0.0,0.162,Korba_Coal
2024-03-15,35.5,17.8,0.0,0.158,Korba_Coal
2024-03-16,34.7,18.7,0.0,0.154,Korba_Coal
2024-03-17,32.9,20.3,0.3,0.155,Korba_Coal
2024-03-18,30.4,20.7,2.6,0.256,Korba_Coal
2024-03-19,25.9,18.5,11.7,0.364,Korba_Coal
2024-03-20,28.4,16.2,0.0,0.347,Korba_Coal
2024-03-21,30.7,14.8,0.0,0.311,Korba_Coal
2024-03-22,32.5,16.0,0.0,0.29,Korba_Coal
2024-03-23,34.0,15.6,0.0,0.262,Korba_Coal
2024-03-24,35.0,17.6,0.0,0.243,Korba_Coal
2024-03-25,34.9,19.3,0.1,0.232,Korba_Coal
2024-03-26,35.4,19.2,0.0,0.221,Korba_Coal
2024-03-27,35.5,19.7,0.0,0.212,Korba_Coal
2024-03-28,38.5,21.5,0.0,0.204,Korba_Coal
2024-03-29,37.0,21.1,0.0,0.198,Korba_Coal
2024-03-30,36.5,21.8,0.0,0.192,Korba_Coal
2024-03-31,34.9,20.7,0.0,0.179,Korba_Coal
2024-04-01,38.9,22.5,0.0,0.179,Korba_Coal
2024-04-02,37.1,21.9,0.0,0.173,Korba_Coal
2024-04-03,37.7,21.8,0.0,0.166,Korba_Coal
2024-04-04,39.8,22.2,0.0,0.165,Korba_Coal
2024-04-05,38.8,24.6,0.0,0.169,Korba_Coal
2024-04-06,38.9,24.5,0.0,0.164,Korba_Coal
2024-04-07,34.0,22.4,0.0,0.165,Korba_Coal
2024-04-08,31.0,20.8,8.2,0.229,Korba_Coal
2024-04-09,33.5,18.6,0.0,0.321,Korba_Coal
2024-04-10,33.0,21.3,1.0,0.305,Korba_Coal
2024-04-11,29.9,22.2,1.1,0.292,Korba_Coal
2024-04-12,31.1,19.5,0.5,0.281,Korba_Coal
2024-04-13,34.0,19.7,0.0,0.267,Korba_Coal
2024-04-14,35.4,21.9,0.0,0.245,Korba_Coal
2024-04-15,37.1,22.0,1.0,0.229,Korba_Coal
2024-04-16,38.4,24.4,0.0,0.223,Korba_Coal
2024-04-17,38.3,23.1,0.0,0.218,Korba_Coal
2024-04-18,38.6,25.2,0.0,0.199,Korba_Coal
2024-04-19,40.1,22.2,0.0,0.182,Korba_Coal
2024-04-20,40.4,24.4,0.0,0.171,Korba_Coal
2024-04-21,40.9,23.4,0.0,0.165,Korba_Coal
2024-04-22,34.7,23.8,0.2,0.161,Korba_Coal
2024-04-23,37.7,22.0,0.0,0.167,Korba_Coal
2024-04-24,38.3,21.3,0.0,0.165,Korba_Coal
2024-04-25,39.4,22.2,0.0,0.166,Korba_Coal
2024-04-26,40.5,23.6,0.0,0.164,Korba_Coal
2024-04-27,40.0,27.5,0.0,0.147,Korba_Coal
2024-04-28,38.3,27.0,0.0,0.146,Korba_Coal
2024-04-29,40.1,26.2,0.0,0.152,Korba_Coal
2024-04-30,41.5,27.1,0.0,0.15,Korba_Coal
2024-05-01,39.6,25.2,0.0,0.153,Korba_Coal
2024-05-02,38.4,25.1,0.0,0.152,Korba_Coal
2024-05-03,37.9,21.0,0.0,0.148,Korba_Coal
2024-05-04,39.5,23.4,0.0,0.145,Korba_Coal
2024-05-05,41.2,23.3,0.0,0.144,Korba_Coal
2024-05-06,41.3,26.6,0.0,0.142,Korba_Coal
2024-05-07,38.3,25.7,0.0,0.143,Korba_Coal
2024-05-08,36.1,24.5,0.4,0.145,Korba_Coal
2024-05-09,38.3,24.6,1.5,0.148,Korba_Coal
2024-05-10,39.2,25.4,0.0,0.143,Korba_Coal
2024-05-11,39.0,25.7,0.1,0.144,Korba_Coal
2024-05-12,39.5,24.9,0.0,0.141,Korba_Coal
2024-05-13,36.8,28.2,0.0,0.141,Korba_Coal
2024-05-14,39.2,26.0,0.0,0.142,Korba_Coal
2024-05-15,39.2,25.7,0.0,0.14,Korba_Coal
2024-05-16,36.8,25.5,0.3,0.139,Korba_Coal
2024-05-17,36.4,27.4,0.0,0.139,Korba_Coal
2024-05-18,35.2,26.0,0.5,0.136,Korba_Coal
2024-05-19,38.8,26.1,0.0,0.127,Korba_Coal
2024-05-20,41.7,26.4,0.0,0.117,Korba_Coal
2024-05-21,40.6,28.4,0.0,0.118,Korba_Coal
2024-05-22,41.1,28.8,0.2,0.126,Korba_Coal
2024-05-23,40.0,28.1,0.0,0.133,Korba_Coal
2024-05-24,39.2,28.0,0.5,0.14,Korba_Coal
2024-05-25,39.7,28.9,0.6,0.142,Korba_Coal
2024-05-26,41.9,29.2,0.0,0.141,Korba_Coal
2024-05-27,42.4,28.6,0.0,0.141,Korba_Coal
2024-05-28,45.7,30.1,0.0,0.138,Korba_Coal
2024-05-29,44.8,29.9,0.0,0.141,Korba_Coal
2024-05-30,43.8,29.4,0.1,0.147,Korba_Coal
2024-05-31,43.4,31.2,0.0,0.145,Korba_Coal
2024-06-01,42.4,31.1,1.5,0.138,Korba_Coal
2024-06-02,40.7,30.6,0.2,0.144,Korba_Coal
2024-06-03,40.6,28.3,0.0,0.157,Korba_Coal
2024-06-04,40.6,28.3,0.0,0.162,Korba_Coal
2024-06-05,41.1,28.5,0.2,0.179,Korba_Coal
2024-06-06,40.1,29.4,0.0,0.181,Korba_Coal
2024-06-07,40.4,27.5,0.0,0.174,Korba_Coal
2024-06-08,39.8,27.2,0.0,0.159,Korba_Coal
2024-06-09,38.6,28.0,0.0,0.153,Korba_Coal
2024-06-10,39.4,29.1,0.4,0.144,Korba_Coal
2024-06-11,41.6,28.4,0.0,0.14,Korba_Coal
2024-06-12,42.2,29.2,0.0,0.136,Korba_Coal
2024-06-13,42.0,28.5,0.7,0.136,Korba_Coal
2024-06-14,40.4,30.0,0.3,0.136,Korba_Coal
2024-06-15,41.5,27.8,1.8,0.137,Korba_Coal
2024-06-16,36.9,26.1,9.6,0.211,Korba_Coal
2024-06-17,38.0,27.8,5.5,0.195,Korba_Coal
2024-06-18,38.8,29.3,0.2,0.183,Korba_Coal
2024-06-19,36.7,28.0,4.5,0.206,Korba_Coal
2024-06-20,33.2,26.4,7.8,0.251,Korba_Coal
2024-06-21,30.5,24.5,50.0,0.385,Korba_Coal
2024-06-22,32.3,25.1,18.9,0.394,Korba_Coal
2024-06-23,32.2,24.8,3.0,0.37,Korba_Coal
2024-06-24,32.4,25.2,4.9,0.372,Korba_Coal
2024-06-25,33.9,25.1,5.3,0.365,Korba_Coal
2024-06-26,33.3,25.7,18.8,0.381,Korba_Coal
2024-06-27,33.6,25.4,2.4,0.354,Korba_Coal
2024-06-28,31.6,25.9,28.7,0.416,Korba_Coal
2024-06-29,31.7,25.5,26.6,0.423,Korba_Coal
2024-06-30,28.2,25.1,32.4,0.433,Korba_Coal
2024-07-01,31.3,24.9,20.6,0.423,Korba_Coal
2024-07-02,29.0,24.9,22.6,0.428,Korba_Coal
2024-07-03,30.8,25.0,26.9,0.428,Korba_Coal
2024-07-04,30.9,24.8,42.4,0.425,Korba_Coal
2024-07-05,31.1,25.4,17.3,0.421,Korba_Coal
2024-07-06,31.1,24.5,8.7,0.412,Korba_Coal
2024-07-07,32.0,25.6,15.9,0.402,Korba_Coal
2024-07-08,31.7,25.1,2.5,0.399,Korba_Coal
2024-07-09,32.8,24.5,17.1,0.394,Korba_Coal
2024-07-10,31.2,25.3,2.3,0.369,Korba_Coal
2024-07-11,32.6,25.9,16.8,0.382,Korba_Coal
2024-07-12,29.5,25.6,23.8,0.42,Korba_Coal
2024-07-13,32.1,25.2,4.7,0.415,Korba_Coal
2024-07-14,32.2,24.8,18.4,0.425,Korba_Coal
2024-07-15,33.4,25.3,4.9,0.41,Korba_Coal
2024-07-16,32.5,24.9,6.5,0.397,Korba_Coal
2024-07-17,33.1,26.0,1.2,0.368,Korba_Coal
2024-07-18,31.9,26.0,9.4,0.377,Korba_Coal
2024-07-19,34.1,25.5,6.0,0.374,Korba_Coal
2024-07-20,33.8,25.9,11.1,0.398,Korba_Coal
2024-07-21,31.8,26.6,7.6,0.395,Korba_Coal
2024-07-22,32.8,25.9,16.6,0.409,Korba_Coal
2024-07-23,29.2,25.4,27.8,0.422,Korba_Coal
2024-07-24,30.0,24.8,5.7,0.42,Korba_Coal
2024-07-25,31.7,24.9,17.2,0.419,Korba_Coal
2024-07-26,32.5,24.8,10.0,0.415,Korba_Coal
2024-07-27,31.4,25.3,30.0,0.428,Korba_Coal
2024-07-28,31.4,25.2,5.2,0.42,Korba_Coal
2024-07-29,30.0,25.1,0.6,0.403,Korba_Coal
2024-07-30,31.0,24.8,9.3,0.415,Korba_Coal
2024-07-31,29.1,24.9,65.9,0.434,Korba_Coal
2024-08-01,29.7,24.4,37.0,0.432,Korba_Coal
2024-08-02,26.7,24.3,31.1,0.433,Korba_Coal
2024-08-03,25.5,24.6,108.0,0.437,Korba_Coal
2024-08-04,29.3,24.3,18.0,0.425,Korba_Coal
2024-08-05,29.9,24.2,6.5,0.409,Korba_Coal
2024-08-06,29.4,25.0,28.8,0.43,Korba_Coal
2024-08-07,28.2,24.2,32.2,0.433,Korba_Coal
2024-08-08,30.2,24.1,56.1,0.433,Korba_Coal
2024-08-09,27.5,24.1,37.3,0.428,Korba_Coal
2024-08-10,30.7,23.8,9.0,0.416,Korba_Coal
2024-08-11,30.6,23.8,10.8,0.418,Korba_Coal
2024-08-12,30.4,24.4,16.3,0.416,Korba_Coal
2024-08-13,31.3,24.1,18.2,0.412,Korba_Coal
2024-08-14,29.7,25.6,29.9,0.418,Korba_Coal
2024-08-15,28.2,24.9,73.7,0.426,Korba_Coal
2024-08-16,29.1,23.7,26.7,0.43,Korba_Coal
2024-08-17,32.3,24.6,15.2,0.422,Korba_Coal
2024-08-18,31.4,24.1,11.1,0.404,Korba_Coal
2024-08-19,31.1,23.9,15.8,0.399,Korba_Coal
2024-08-20,30.3,24.2,20.3,0.42,Korba_Coal
2024-08-21,29.1,24.1,26.0,0.418,Korba_Coal
2024-08-22,29.3,24.3,5.2,0.42,Korba_Coal
2024-08-23,29.4,24.6,44.5,0.431,Korba_Coal
2024-08-24,28.4,24.2,29.0,0.433,Korba_Coal
2024-08-25,28.1,23.8,6.7,0.422,Korba_Coal
2024-08-26,28.3,24.2,21.2,0.42,Korba_Coal
2024-08-27,29.3,24.2,18.6,0.424,Korba_Coal
2024-08-28,29.1,23.2,2.9,0.406,Korba_Coal
2024-08-29,31.4,23.8,6.4,0.414,Korba_Coal
2024-08-30,32.7,23.7,1.8,0.395,Korba_Coal
2024-08-31,32.2,24.3,10.9,0.385,Korba_Coal
2024-09-01,32.1,25.2,1.8,0.382,Korba_Coal
2024-09-02,31.2,25.4,1.1,0.372,Korba_Coal
2024-09-03,31.8,24.9,1.1,0.361,Korba_Coal
2024-09-04,30.6,24.7,8.0,0.359,Korba_Coal
2024-09-05,27.3,23.2,23.2,0.423,Korba_Coal
2024-09-06,30.1,24.3,9.6,0.416,Korba_Coal
2024-09-07,31.5,24.3,2.3,0.392,Korba_Coal
2024-09-08,31.2,24.3,9.0,0.414,Korba_Coal
2024-09-09,31.5,25.5,31.1,0.42,Korba_Coal
2024-09-10,30.1,25.3,24.3,0.42,Korba_Coal
2024-09-11,31.0,24.8,4.0,0.409,Korba_Coal
2024-09-12,30.7,24.1,16.4,0.409,Korba_Coal
2024-09-13,31.3,23.9,8.5,0.409,Korba_Coal
2024-09-14,30.3,24.5,0.3,0.39,Korba_Coal
2024-09-15,29.1,25.0,0.0,0.374,Korba_Coal
2024-09-16,29.2,24.6,11.6,0.404,Korba_Coal
2024-09-17,28.6,24.2,40.9,0.423,Korba_Coal
2024-09-18,30.4,23.7,1.5,0.408,Korba_Coal
2024-09-19,32.0,22.7,0.0,0.382,Korba_Coal
2024-09-20,32.1,24.8,2.1,0.369,Korba_Coal
2024-09-21,32.4,24.4,1.1,0.371,Korba_Coal
2024-09-22,32.9,24.3,3.4,0.361,Korba_Coal
2024-09-23,33.3,25.1,5.4,0.358,Korba_Coal
2024-09-24,30.4,24.7,16.3,0.406,Korba_Coal
2024-09-25,28.7,24.7,38.7,0.431,Korba_Coal
2024-09-26,28.3,23.7,28.8,0.431,Korba_Coal
2024-09-27,28.2,24.0,33.7,0.429,Korba_Coal
2024-09-28,31.0,24.2,0.7,0.405,Korba_Coal
2024-09-29,31.3,24.2,3.0,0.387,Korba_Coal
2024-09-30,32.7,24.6,1.1,0.373,Korba_Coal
2024-10-01,33.0,23.7,0.4,0.374,Korba_Coal
2024-10-02,33.0,24.0,0.0,0.347,Korba_Coal
2024-10-03,32.9,24.0,1.6,0.335,Korba_Coal
2024-10-04,33.6,23.0,0.0,0.322,Korba_Coal
2024-10-05,32.8,23.1,0.0,0.311,Korba_Coal
2024-10-06,31.9,22.5,0.2,0.303,Korba_Coal
2024-10-07,31.0,22.9,0.4,0.294,Korba_Coal
2024-10-08,29.5,23.6,4.0,0.293,Korba_Coal
2024-10-09,31.0,22.8,7.4,0.316,Korba_Coal
2024-10-10,31.5,22.7,0.9,0.344,Korba_Coal
2024-10-11,31.6,23.5,0.0,0.31,Korba_Coal
2024-10-12,31.1,23.7,0.0,0.289,Korba_Coal
2024-10-13,31.9,23.6,4.4,0.289,Korba_Coal
2024-10-14,31.4,23.1,1.6,0.292,Korba_Coal
2024-10-15,31.1,23.3,0.3,0.275,Korba_Coal
2024-10-16,31.4,22.8,0.2,0.263,Korba_Coal
2024-10-17,31.1,23.6,0.3,0.256,Korba_Coal
2024-10-18,31.0,23.3,3.2,0.254,Korba_Coal
2024-10-19,32.4,22.7,0.0,0.244,Korba_Coal
2024-10-20,30.4,22.9,0.1,0.231,Korba_Coal
2024-10-21,32.4,21.9,0.0,0.23,Korba_Coal
2024-10-22,31.7,20.6,0.0,0.223,Korba_Coal
2024-10-23,30.9,20.4,0.0,0.214,Korba_Coal
2024-10-24,31.4,21.1,0.0,0.211,Korba_Coal
2024-10-25,29.9,23.0,0.2,0.221,Korba_Coal
2024-10-26,30.6,22.2,0.0,0.215,Korba_Coal
2024-10-27,28.8,23.0,6.5,0.241,Korba_Coal
2024-10-28,29.7,22.7,2.5,0.294,Korba_Coal
2024-10-29,30.3,22.5,1.2,0.283,Korba_Coal
2024-10-30,31.2,23.3,1.1,0.264,Korba_Coal
2024-10-31,32.3,21.8,0.1,0.251,Korba_Coal
2024-11-01,32.5,19.3,0.0,0.237,Korba_Coal
2024-11-02,32.0,20.5,0.0,0.229,Korba_Coal
2024-11-03,30.8,19.0,0.0,0.221,Korba_Coal
2024-11-04,29.7,18.8,0.0,0.212,Korba_Coal
2024-11-05,29.9,17.7,0.0,0.207,Korba_Coal
2024-11-06,30.1,18.9,0.0,0.202,Korba_Coal
2024-11-07,30.0,18.5,0.0,0.198,Korba_Coal
2024-11-08,30.0,18.2,0.0,0.193,Korba_Coal
2024-11-09,30.0,19.4,0.0,0.191,Korba_Coal
2024-11-10,29.9,19.9,0.0,0.188,Korba_Coal
2024-11-11,28.7,19.3,0.0,0.185,Korba_Coal
2024-11-12,29.1,18.5,0.0,0.203,Korba_Coal
2024-11-13,30.6,19.3,0.0,0.256,Korba_Coal
2024-11-14,29.6,17.8,0.0,0.26,Korba_Coal
2024-11-15,28.7,17.2,0.0,0.248,Korba_Coal
2024-11-16,28.4,16.6,0.0,0.234,Korba_Coal
2024-11-17,28.4,16.5,0.0,0.225,Korba_Coal
2024-11-18,28.5,15.9,0.0,0.213,Korba_Coal
2024-11-19,27.8,15.5,0.0,0.206,Korba_Coal
2024-11-20,27.3,15.1,0.0,0.201,Korba_Coal
2024-11-21,26.8,15.5,0.0,0.193,Korba_Coal
2024-11-22,26.4,14.8,0.0,0.19,Korba_Coal
2024-11-23,26.4,14.0,0.0,0.185,Korba_Coal
2024-11-24,26.4,14.6,0.0,0.177,Korba_Coal
2024-11-25,27.7,14.9,0.0,0.177,Korba_Coal
2024-11-26,27.7,14.2,0.0,0.174,Korba_Coal
2024-11-27,26.9,14.8,0.0,0.17,Korba_Coal
2024-11-28,26.8,14.5,0.0,0.164,Korba_Coal
2024-11-29,27.5,13.9,0.0,0.16,Korba_Coal
2024-11-30,28.0,15.2,0.0,0.163,Korba_Coal
2024-12-01,23.2,17.5,1.9,0.162,Korba_Coal
2024-12-02,25.5,18.6,0.1,0.159,Korba_Coal
2024-12-03,28.1,18.8,0.1,0.152,Korba_Coal
2024-12-04,29.7,18.3,0.0,0.137,Korba_Coal
2024-12-05,29.6,17.7,0.0,0.132,Korba_Coal
2024-12-06,28.1,17.4,0.0,0.128,Korba_Coal
2024-12-07,28.6,16.5,0.0,0.132,Korba_Coal
2024-12-08,27.5,16.2,2.2,0.145,Korba_Coal
2024-12-09,28.8,19.0,0.1,0.159,Korba_Coal
2024-12-10,25.2,15.1,0.0,0.153,Korba_Coal
2024-12-11,25.1,13.0,0.0,0.15,Korba_Coal
2024-12-12,25.5,12.0,0.0,0.146,Korba_Coal
2024-12-13,24.3,13.1,0.0,0.14,Korba_Coal
2024-12-14,24.6,11.5,0.0,0.132,Korba_Coal
2024-12-15,24.6,11.1,0.0,0.131,Korba_Coal
2024-12-16,25.3,10.6,0.0,0.131,Korba_Coal
2024-12-17,25.8,10.3,0.0,0.128,Korba_Coal
2024-12-18,26.4,11.1,0.0,0.129,Korba_Coal
2024-12-19,27.7,11.8,0.0,0.129,Korba_Coal
2024-12-20,28.5,14.2,0.2,0.131,Korba_Coal
2024-12-21,26.1,17.7,6.8,0.19,Korba_Coal
2024-12-22,26.7,15.9,0.4,0.269,Korba_Coal
2024-12-23,26.8,15.3,0.0,0.264,Korba_Coal
2024-12-24,26.6,14.8,0.0,0.261,Korba_Coal
2024-12-25,25.1,15.3,0.0,0.253,Korba_Coal
2024-12-26,28.4,15.5,0.0,0.242,Korba_Coal
2024-12-27,28.6,15.5,0.0,0.233,Korba_Coal
2024-12-28,28.8,18.0,1.2,0.226,Korba_Coal
2024-12-29,26.9,17.5,0.3,0.223,Korba_Coal
2024-12-30,26.1,16.8,0.0,0.212,Korba_Coal
2024-12-31,24.7,13.5,0.0,0.2,Korba_Coal
2025-01-01,23.4,12.4,0.0,0.19,Korba_Coal
2025-01-02,24.3,12.0,0.0,0.182,Korba_Coal
2025-01-03,25.3,11.9,0.0,0.165,Korba_Coal
2025-01-04,25.4,12.6,0.0,0.147,Korba_Coal
2025-01-05,27.1,11.8,0.0,0.138,Korba_Coal
2025-01-06,26.8,12.3,0.0,0.136,Korba_Coal
2025-01-07,25.6,14.4,0.0,0.14,Korba_Coal
2025-01-08,23.0,11.6,0.0,0.137,Korba_Coal
2025-01-09,25.0,10.9,0.0,0.126,Korba_Coal
2025-01-10,26.5,10.5,0.0,0.126,Korba_Coal
2025-01-11,27.3,11.2,0.0,0.123,Korba_Coal
2025-01-12,27.5,13.4,0.0,0.125,Korba_Coal
2025-01-13,26.1,16.7,0.1,0.127,Korba_Coal
2025-01-14,26.6,13.9,0.0,0.137,Korba_Coal
2025-01-15,27.1,12.9,0.0,0.151,Korba_Coal
2025-01-16,26.7,13.2,0.0,0.157,Korba_Coal
2025-01-17,24.9,16.1,0.0,0.154,Korba_Coal
2025-01-18,27.0,13.4,0.0,0.157,Korba_Coal
2025-01-19,27.6,13.0,0.0,0.146,Korba_Coal
2025-01-20,27.8,13.0,0.0,0.145,Korba_Coal
2025-01-21,29.0,14.7,0.0,0.14,Korba_Coal
2025-01-22,29.9,14.3,0.0,0.136,Korba_Coal
2025-01-23,31.4,14.0,0.0,0.133,Korba_Coal
2025-01-24,31.2,16.0,0.0,0.131,Korba_Coal
2025-01-25,28.3,16.8,0.0,0.13,Korba_Coal
2025-01-26,27.2,14.4,0.0,0.129,Korba_Coal
2025-01-27,27.4,13.0,0.0,0.129,Korba_Coal
2025-01-28,28.8,13.3,0.0,0.129,Korba_Coal
2025-01-29,30.3,13.0,0.0,0.128,Korba_Coal
2025-01-30,32.0,15.8,0.0,0.125,Korba_Coal
2025-01-31,32.9,17.8,0.0,0.129,Korba_Coal
2025-02-01,33.5,17.8,0.0,0.127,Korba_Coal
2025-02-02,33.9,19.3,0.0,0.127,Korba_Coal
2025-02-03,32.9,19.9,0.0,0.127,Korba_Coal
2025-02-04,34.1,18.8,0.0,0.127,Korba_Coal
2025-02-05,34.5,19.2,0.0,0.127,Korba_Coal
2025-02-06,29.7,19.7,0.0,0.127,Korba_Coal
2025-02-07,29.4,15.3,0.0,0.127,Korba_Coal
2025-02-08,29.3,14.8,0.0,0.127,Korba_Coal
2025-02-09,31.7,14.6,0.0,0.127,Korba_Coal
2025-02-10,32.9,14.5,0.0,0.126,Korba_Coal
2025-02-11,33.6,18.3,0.0,0.126,Korba_Coal
2025-02-12,34.0,17.7,0.0,0.126,Korba_Coal
2025-02-13,29.8,18.1,0.0,0.126,Korba_Coal
2025-02-14,30.0,15.3,0.0,0.126,Korba_Coal
2025-02-15,31.6,15.0,0.0,0.126,Korba_Coal
2025-02-16,33.7,16.7,0.0,0.126,Korba_Coal
2025-02-17,33.7,18.1,0.0,0.126,Korba_Coal
2025-02-18,32.7,18.3,0.0,0.126,Korba_Coal
2025-02-19,32.8,19.4,0.0,0.126,Korba_Coal
2025-02-20,33.7,19.7,0.0,0.126,Korba_Coal
2025-02-21,32.8,18.6,0.0,0.128,Korba_Coal
2025-02-22,32.5,19.3,0.0,0.148,Korba_Coal
2025-02-23,31.0,18.1,0.0,0.147,Korba_Coal
2025-02-24,31.4,17.7,0.0,0.145,Korba_Coal
2025-02-25,31.6,17.6,0.0,0.136,Korba_Coal
2025-02-26,32.3,17.2,0.0,0.13,Korba_Coal
2025-02-27,33.7,18.1,0.0,0.127,Korba_Coal
2025-02-28,35.4,17.5,0.0,0.126,Korba_Coal
2025-03-01,36.2,18.7,0.0,0.126,Korba_Coal
2025-03-02,36.1,21.2,0.0,0.126,Korba_Coal
2025-03-03,34.5,21.0,0.0,0.126,Korba_Coal
2025-03-04,36.2,20.4,0.0,0.126,Korba_Coal
2025-03-05,31.1,20.1,0.0,0.126,Korba_Coal
2025-03-06,32.3,14.4,0.0,0.126,Korba_Coal
2025-03-07,33.0,16.4,0.0,0.126,Korba_Coal
2025-03-08,34.7,16.7,0.0,0.126,Korba_Coal
2025-03-09,35.3,18.6,0.0,0.126,Korba_Coal
2025-03-10,35.3,18.7,0.0,0.126,Korba_Coal
2025-03-11,36.4,19.2,0.0,0.126,Korba_Coal
2025-03-12,39.3,18.7,0.0,0.126,Korba_Coal
2025-03-13,40.4,20.4,0.0,0.126,Korba_Coal
2025-03-14,40.0,19.7,0.0,0.126,Korba_Coal
2025-03-15,40.1,21.5,0.0,0.126,Korba_Coal
2025-03-16,39.0,23.0,0.0,0.126,Korba_Coal
2025-03-17,38.5,24.0,0.0,0.126,Korba_Coal
2025-03-18,36.3,23.6,0.0,0.126,Korba_Coal
2025-03-19,38.6,22.5,0.0,0.125,Korba_Coal
2025-03-20,38.0,23.9,1.4,0.126,Korba_Coal
2025-03-21,32.3,23.2,1.5,0.135,Korba_Coal
2025-03-22,31.7,20.1,4.6,0.164,Korba_Coal
2025-03-23,32.8,19.4,0.1,0.209,Korba_Coal
2025-03-24,33.9,19.5,0.0,0.193,Korba_Coal
2025-03-25,35.1,19.3,0.0,0.171,Korba_Coal
2025-03-26,37.2,20.1,0.0,0.151,Korba_Coal
2025-03-27,40.1,19.4,0.0,0.131,Korba_Coal
2025-03-28,39.4,21.6,0.0,0.135,Korba_Coal
2025-03-29,38.3,24.2,0.0,0.129,Korba_Coal
2025-03-30,38.0,22.3,0.0,0.133,Korba_Coal
2025-03-31,38.8,21.9,0.0,0.128,Korba_Coal
2025-04-01,38.7,23.2,0.0,0.127,Korba_Coal
2025-04-02,38.1,21.7,0.0,0.126,Korba_Coal
2025-04-03,36.6,23.9,0.8,0.126,Korba_Coal
2025-04-04,36.9,22.6,0.0,0.12,Korba_Coal
2025-04-05,38.1,22.3,0.0,0.134,Korba_Coal
2025-04-06,40.8,22.4,0.0,0.132,Korba_Coal
2025-04-07,39.1,21.4,0.0,0.128,Korba_Coal
2025-04-08,39.3,25.0,0.0,0.127,Korba_Coal
2025-04-09,37.8,25.3,0.0,0.126,Korba_Coal
2025-04-10,38.5,26.0,0.0,0.124,Korba_Coal
2025-04-11,37.6,24.2,0.0,0.124,Korba_Coal
2025-04-12,39.5,22.9,0.1,0.129,Korba_Coal
2025-04-13,38.2,23.9,0.0,0.126,Korba_Coal
2025-04-14,38.4,23.9,0.0,0.126,Korba_Coal
2025-04-15,38.2,25.8,0.0,0.126,Korba_Coal
2025-04-16,38.6,24.3,0.0,0.126,Korba_Coal
2025-04-17,39.7,25.4,0.0,0.126,Korba_Coal
2025-04-18,42.1,24.0,0.0,0.126,Korba_Coal
2025-04-19,42.0,25.9,0.0,0.126,Korba_Coal
2025-04-20,43.1,26.0,0.0,0.126,Korba_Coal
2025-04-21,44.3,25.5,0.0,0.126,Korba_Coal
2025-04-22,44.4,25.7,0.0,0.125,Korba_Coal
2025-04-23,42.8,25.2,0.0,0.125,Korba_Coal
2025-04-24,43.0,25.1,0.0,0.125,Korba_Coal
2025-04-25,42.7,24.6,0.0,0.125,Korba_Coal
2025-04-26,42.9,24.8,0.0,0.124,Korba_Coal
2025-04-27,38.3,24.9,3.2,0.137,Korba_Coal
2025-04-28,36.8,24.0,0.0,0.168,Korba_Coal
2025-04-29,37.0,22.6,0.0,0.175,Korba_Coal
2025-04-30,36.3,23.5,0.0,0.191,Korba_Coal
2025-05-01,36.0,24.6,1.3,0.195,Korba_Coal
2025-05-02,36.8,23.7,0.0,0.172,Korba_Coal
2025-05-03,36.3,23.8,4.7,0.195,Korba_Coal
2025-05-04,36.0,21.4,0.1,0.227,Korba_Coal
2025-05-05,35.9,22.7,0.7,0.202,Korba_Coal
2025-05-06,37.4,22.4,0.0,0.186,Korba_Coal
2025-05-07,38.5,23.7,0.0,0.192,Korba_Coal
2025-05-08,38.7,24.7,0.0,0.179,Korba_Coal
2025-05-09,37.3,25.8,0.0,0.157,Korba_Coal
2025-05-10,40.3,25.6,0.0,0.132,Korba_Coal
2025-05-11,40.4,26.2,0.0,0.128,Korba_Coal
2025-05-12,39.8,27.1,0.2,0.121,Korba_Coal
2025-05-13,42.0,27.8,0.1,0.125,Korba_Coal
2025-05-14,42.4,27.9,0.0,0.107,Korba_Coal
2025-05-15,40.8,28.8,0.2,0.101,Korba_Coal
2025-05-16,42.2,29.5,0.0,0.105,Korba_Coal
2025-05-17,41.6,29.3,0.0,0.111,Korba_Coal
2025-05-18,40.4,28.2,0.2,0.113,Korba_Coal
2025-05-19,39.8,27.7,0.0,0.12,Korba_Coal
2025-05-20,39.6,28.8,0.0,0.134,Korba_Coal
2025-05-21,39.5,29.6,0.4,0.131,Korba_Coal
2025-05-22,32.5,25.3,0.5,0.122,Korba_Coal
2025-05-23,33.9,24.7,1.1,0.137,Korba_Coal
2025-05-24,35.2,26.6,2.5,0.142,Korba_Coal
2025-05-25,34.1,24.1,10.3,0.317,Korba_Coal
2025-05-26,35.5,24.7,12.8,0.374,Korba_Coal
2025-05-27,35.5,25.1,3.5,0.379,Korba_Coal
2025-05-28,36.0,25.4,12.7,0.388,Korba_Coal
2025-05-29,37.8,25.2,0.1,0.371,Korba_Coal
2025-05-30,38.0,26.8,0.8,0.364,Korba_Coal
2025-05-31,36.4,26.1,2.7,0.362,Korba_Coal
2025-06-01,37.8,26.4,0.5,0.365,Korba_Coal
2025-06-02,37.8,24.6,0.0,0.328,Korba_Coal
2025-06-03,35.6,25.0,0.6,0.281,Korba_Coal
2025-06-04,34.8,24.2,10.1,0.262,Korba_Coal
2025-06-05,36.4,24.3,1.4,0.241,Korba_Coal
2025-06-06,36.5,24.4,0.0,0.217,Korba_Coal
2025-06-07,36.9,24.6,0.2,0.206,Korba_Coal
2025-06-08,39.4,26.5,0.0,0.194,Korba_Coal
2025-06-09,38.8,28.2,0.0,0.181,Korba_Coal
2025-06-10,38.2,27.4,0.4,0.175,Korba_Coal
2025-06-11,37.2,27.1,0.4,0.175,Korba_Coal
2025-06-12,37.5,26.7,0.0,0.159,Korba_Coal
2025-06-13,37.8,27.4,0.0,0.133,Korba_Coal
2025-06-14,37.5,28.2,0.3,0.12,Korba_Coal
2025-06-15,38.2,28.4,0.4,0.132,Korba_Coal
2025-06-16,35.2,26.8,0.6,0.158,Korba_Coal
2025-06-17,34.3,26.3,11.1,0.241,Korba_Coal
2025-06-18,27.8,25.0,20.8,0.386,Korba_Coal
2025-06-19,29.7,24.4,10.1,0.367,Korba_Coal
2025-06-20,32.3,25.0,5.3,0.369,Korba_Coal
2025-06-21,34.6,25.4,1.0,0.345,Korba_Coal
2025-06-22,34.6,25.3,0.4,0.331,Korba_Coal
2025-06-23,31.9,25.8,8.3,0.363,Korba_Coal
2025-06-24,33.9,25.6,2.4,0.342,Korba_Coal
2025-06-25,33.3,25.2,43.1,0.397,Korba_Coal
2025-06-26,31.0,25.1,13.4,0.418,Korba_Coal
2025-06-27,32.0,25.0,24.0,0.42,Korba_Coal
2025-06-28,29.1,24.2,28.4,0.427,Korba_Coal
2025-06-29,31.9,24.9,1.8,0.398,Korba_Coal
2025-06-30,31.2,23.7,17.4,0.402,Korba_Coal
2025-07-01,30.5,24.5,8.4,0.417,Korba_Coal
2025-07-02,31.7,24.0,16.1,0.424,Korba_Coal
2025-07-03,28.2,23.9,48.9,0.431,Korba_Coal
2025-07-04,30.0,24.1,29.4,0.428,Korba_Coal
2025-07-05,30.8,24.5,13.1,0.422,Korba_Coal
2025-07-06,29.1,24.2,98.0,0.422,Korba_Coal
2025-07-07,30.3,24.0,49.0,0.417,Korba_Coal
2025-07-08,32.7,24.2,9.5,0.41,Korba_Coal
2025-07-09,34.6,24.2,36.7,0.408,Korba_Coal
2025-07-10,30.9,24.5,8.0,0.415,Korba_Coal
2025-07-11,30.3,24.5,8.6,0.411,Korba_Coal
2025-07-12,32.7,24.5,2.4,0.396,Korba_Coal
2025-07-13,33.5,25.3,0.2,0.382,Korba_Coal
2025-07-14,31.1,26.0,11.6,0.407,Korba_Coal
2025-07-15,33.0,24.7,25.6,0.418,Korba_Coal
2025-07-16,28.9,24.3,34.9,0.416,Korba_Coal
2025-07-17,31.6,23.9,12.5,0.406,Korba_Coal
2025-07-18,33.2,24.4,1.3,0.39,Korba_Coal
2025-07-19,33.5,26.0,9.6,0.394,Korba_Coal
2025-07-20,31.9,24.6,15.3,0.417,Korba_Coal
2025-07-21,32.2,24.4,31.5,0.41,Korba_Coal
2025-07-22,32.8,24.9,6.0,0.396,Korba_Coal
2025-07-23,32.8,25.1,36.7,0.409,Korba_Coal
2025-07-24,32.4,24.9,24.5,0.414,Korba_Coal
2025-07-25,31.3,24.8,31.8,0.414,Korba_Coal
2025-07-26,30.5,25.1,7.8,0.413,Korba_Coal
2025-07-27,31.5,24.5,12.1,0.406,Korba_Coal
2025-07-28,31.3,24.7,2.1,0.399,Korba_Coal
2025-07-29,29.8,25.0,8.9,0.406,Korba_Coal
2025-07-30,31.9,24.3,1.4,0.4,Korba_Coal
2025-07-31,32.5,24.5,1.0,0.391,Korba_Coal
2025-08-01,32.4,24.4,17.0,0.4,Korba_Coal
2025-08-02,29.6,24.5,29.4,0.417,Korba_Coal
2025-08-03,31.7,24.4,13.2,0.409,Korba_Coal
2025-08-04,32.9,24.2,0.1,0.384,Korba_Coal
2025-08-05,33.7,24.6,2.0,0.362,Korba_Coal
2025-08-06,32.8,26.0,4.8,0.337,Korba_Coal
2025-08-07,34.2,26.0,0.3,0.318,Korba_Coal
2025-08-08,30.9,25.3,1.5,0.315,Korba_Coal
2025-08-09,31.7,25.0,4.7,0.347,Korba_Coal
2025-08-10,32.0,24.2,1.2,0.313,Korba_Coal
2025-08-11,32.4,24.8,7.5,0.302,Korba_Coal
2025-08-12,32.8,25.3,7.5,0.333,Korba_Coal
2025-08-13,31.3,24.9,13.4,0.356,Korba_Coal
2025-08-14,32.3,24.5,10.5,0.366,Korba_Coal
2025-08-15,31.9,24.8,10.9,0.372,Korba_Coal
2025-08-16,32.2,25.0,9.8,0.341,Korba_Coal
2025-08-17,33.1,24.9,7.2,0.32,Korba_Coal
2025-08-18,31.8,24.7,10.4,0.363,Korba_Coal
2025-08-19,31.4,25.3,10.9,0.368,Korba_Coal
2025-08-20,30.4,24.2,9.8,0.395,Korba_Coal
2025-08-21,30.1,24.3,11.6,0.411,Korba_Coal
2025-08-22,28.0,24.4,28.3,0.427,Korba_Coal
2025-08-23,27.4,23.8,16.0,0.428,Korba_Coal
2025-08-24,27.6,23.5,18.7,0.424,Korba_Coal
2025-08-25,29.7,23.7,18.5,0.419,Korba_Coal
2025-08-26,31.7,23.7,2.6,0.403,Korba_Coal
2025-08-27,31.7,23.8,1.4,0.389,Korba_Coal
2025-08-28,31.2,24.7,3.5,0.369,Korba_Coal
2025-08-29,31.1,24.3,5.8,0.371,Korba_Coal
2025-08-30,31.4,24.8,3.0,0.345,Korba_Coal
2025-08-31,31.1,23.9,11.0,0.353,Korba_Coal
2025-09-01,31.5,24.6,9.7,0.362,Korba_Coal
2025-09-02,30.9,23.5,22.3,0.4,Korba_Coal
2025-09-03,30.8,23.7,7.2,0.412,Korba_Coal
2025-09-04,28.5,23.9,56.3,0.419,Korba_Coal
2025-09-05,30.2,23.8,7.8,0.409,Korba_Coal
2025-09-06,31.2,24.0,5.8,0.393,Korba_Coal
2025-09-07,31.2,24.0,9.7,0.377,Korba_Coal
2025-09-08,30.4,24.7,17.3,0.372,Korba_Coal
2025-09-09,31.7,24.1,8.1,0.384,Korba_Coal
2025-09-10,33.2,25.7,3.5,0.336,Korba_Coal
2025-09-11,31.2,25.0,8.1,0.366,Korba_Coal
2025-09-12,32.5,24.8,5.5,0.373,Korba_Coal
2025-09-13,30.5,24.1,23.4,0.409,Korba_Coal
2025-09-14,31.4,24.6,8.8,0.386,Korba_Coal
2025-09-15,30.1,24.5,15.7,0.418,Korba_Coal
2025-09-16,30.1,24.7,17.4,0.42,Korba_Coal
2025-09-17,29.3,24.1,5.1,0.413,Korba_Coal
2025-09-18,31.3,24.1,4.6,0.384,Korba_Coal
2025-09-19,31.8,24.4,3.3,0.351,Korba_Coal
2025-09-20,31.7,25.2,5.8,0.332,Korba_Coal
2025-09-21,32.4,25.3,0.0,0.294,Korba_Coal
2025-09-22,32.8,25.1,0.0,0.262,Korba_Coal
2025-09-23,33.0,24.5,0.1,0.249,Korba_Coal
2025-09-24,30.0,23.6,38.4,0.385,Korba_Coal
2025-09-25,32.0,24.1,0.7,0.393,Korba_Coal
2025-09-26,32.1,24.7,13.6,0.388,Korba_Coal
2025-09-27,29.4,25.0,22.6,0.416,Korba_Coal
2025-09-28,30.4,24.4,3.4,0.386,Korba_Coal
2025-09-29,30.4,24.5,1.4,0.367,Korba_Coal
2025-09-30,31.8,23.9,1.9,0.344,Korba_Coal
2025-10-01,32.9,24.1,9.8,0.303,Korba_Coal
2025-10-02,32.1,24.6,17.2,0.343,Korba_Coal
2025-10-03,27.5,24.5,40.7,0.422,Korba_Coal
2025-10-04,29.1,23.8,18.5,0.418,Korba_Coal
2025-10-05,30.8,23.3,1.1,0.398,Korba_Coal
2025-10-06,29.2,23.7,5.7,0.402,Korba_Coal
2025-10-07,31.3,23.2,6.5,0.391,Korba_Coal
2025-10-08,31.3,22.9,0.3,0.337,Korba_Coal
2025-10-09,31.1,22.9,1.1,0.292,Korba_Coal
2025-10-10,30.3,23.8,4.3,0.269,Korba_Coal
2025-10-11,29.5,23.1,1.9,0.275,Korba_Coal
2025-10-12,30.4,22.1,0.1,0.303,Korba_Coal
2025-10-13,30.6,22.1,0.1,0.279,Korba_Coal
2025-10-14,30.5,21.9,0.0,0.257,Korba_Coal
2025-10-15,30.8,22.1,0.0,0.236,Korba_Coal
2025-10-16,30.9,21.3,0.0,0.219,Korba_Coal
2025-10-17,30.6,20.4,0.0,0.211,Korba_Coal
2025-10-18,30.0,19.9,0.0,0.198,Korba_Coal
2025-10-19,30.6,19.7,0.0,0.19,Korba_Coal
2025-10-20,31.3,22.0,2.2,0.193,Korba_Coal
2025-10-21,32.0,22.1,0.0,0.176,Korba_Coal
2025-10-22,32.5,20.9,0.0,0.182,Korba_Coal
2025-10-23,31.7,21.6,0.0,0.185,Korba_Coal
2025-10-24,31.6,22.7,0.0,0.18,Korba_Coal
2025-10-25,30.9,22.4,2.9,0.191,Korba_Coal
2025-10-26,29.8,22.6,8.4,0.279,Korba_Coal
2025-10-27,31.1,22.3,0.0,0.196,Korba_Coal
2025-10-28,30.1,24.1,0.5,0.195,Korba_Coal
2025-10-29,29.9,24.4,23.3,0.279,Korba_Coal
2025-10-30,28.9,23.7,38.8,0.304,Korba_Coal
2025-10-31,30.3,23.4,19.1,0.387,Korba_Coal
2025-11-01,29.8,22.8,0.0,0.336,Korba_Coal
2025-11-02,30.1,21.9,0.0,0.306,Korba_Coal
2025-11-03,30.5,20.7,0.0,0.284,Korba_Coal
2025-11-04,29.1,18.1,0.0,0.262,Korba_Coal
2025-11-05,29.9,18.0,0.0,0.246,Korba_Coal
2025-11-06,30.2,21.3,0.0,0.231,Korba_Coal
2025-11-07,29.3,19.5,0.0,0.215,Korba_Coal
2025-11-08,27.5,17.7,0.0,0.204,Korba_Coal
2025-11-09,26.4,15.7,0.0,0.191,Korba_Coal
2025-11-10,26.5,15.4,0.0,0.18,Korba_Coal
2025-11-11,26.8,14.6,0.0,0.171,Korba_Coal
2025-11-12,27.0,14.0,0.0,0.167,Korba_Coal
2025-11-13,27.4,14.6,0.0,0.166,Korba_Coal
2025-11-14,27.4,13.8,0.0,0.161,Korba_Coal
2025-11-15,27.1,13.4,0.0,0.158,Korba_Coal
2025-11-16,26.1,13.3,0.0,0.164,Korba_Coal
2025-11-17,25.5,13.0,0.0,0.163,Korba_Coal
2025-11-18,26.1,12.7,0.0,0.154,Korba_Coal
2025-11-19,26.7,13.8,0.0,0.149,Korba_Coal
2025-11-20,27.5,14.6,0.0,0.146,Korba_Coal
2025-11-21,28.2,15.3,0.0,0.144,Korba_Coal
2025-11-22,28.7,15.7,0.0,0.143,Korba_Coal
2025-11-23,28.6,15.8,0.0,0.145,Korba_Coal
2025-11-24,28.4,16.0,0.0,0.149,Korba_Coal
2025-11-25,27.5,15.5,0.0,0.155,Korba_Coal
2025-11-26,26.5,14.7,0.0,0.156,Korba_Coal
2025-11-27,25.9,13.5,0.0,0.154,Korba_Coal
2025-11-28,25.8,12.7,0.0,0.144,Korba_Coal
2025-11-29,26.4,13.6,0.0,0.135,Korba_Coal
2025-11-30,26.8,14.3,0.0,0.138,Korba_Coal
2025-12-01,26.8,14.7,0.0,0.154,Korba_Coal
2025-12-02,26.7,14.0,0.0,0.15,Korba_Coal
2025-12-03,27.1,14.9,0.0,0.157,Korba_Coal
2025-12-04,26.6,14.2,0.0,0.153,Korba_Coal
2025-12-05,25.5,14.0,0.0,0.151,Korba_Coal
2025-12-06,25.0,12.3,0.0,0.149,Korba_Coal
2025-12-07,26.5,11.7,0.0,0.145,Korba_Coal
2025-12-08,26.2,12.9,0.0,0.144,Korba_Coal
2025-12-09,27.5,12.5,0.0,0.144,Korba_Coal
2025-12-10,26.3,11.5,0.0,0.137,Korba_Coal
2025-12-11,26.3,11.2,0.0,0.135,Korba_Coal
2025-12-12,26.0,12.3,0.0,0.132,Korba_Coal
2025-12-13,26.3,11.6,0.0,0.132,Korba_Coal
2025-12-14,26.0,11.4,0.0,0.132,Korba_Coal
2025-12-15,26.0,12.4,0.0,0.133,Korba_Coal
2025-12-16,26.4,12.6,0.0,0.133,Korba_Coal
2025-12-17,26.4,12.3,0.0,0.133,Korba_Coal
2025-12-18,24.6,12.1,0.0,0.133,Korba_Coal
2025-12-19,23.8,12.2,0.0,0.133,Korba_Coal
2025-12-20,24.2,11.6,0.0,0.133,Korba_Coal
2025-12-21,24.6,11.4,0.0,0.133,Korba_Coal
2025-12-22,24.4,11.2,0.0,0.135,Korba_Coal
2025-12-23,24.7,11.7,0.0,0.135,Korba_Coal
2025-12-24,25.8,12.5,0.0,0.132,Korba_Coal
2025-12-25,24.7,12.6,0.0,0.13,Korba_Coal
2025-12-26,24.3,11.9,0.0,0.126,Korba_Coal
2025-12-27,23.8,11.2,0.0,0.127,Korba_Coal
2025-12-28,24.5,10.8,0.0,0.129,Korba_Coal
2025-12-29,24.8,11.4,0.0,0.13,Korba_Coal
2025-12-30,26.2,10.6,0.0,0.13,Korba_Coal
2025-12-31,26.4,10.5,0.0,0.13,Korba_Coal
2026-01-01,26.3,11.0,0.0,0.131,Korba_Coal
2026-01-02,26.2,13.1,0.0,0.13,Korba_Coal
2026-01-03,26.1,13.6,0.0,0.13,Korba_Coal
2026-01-04,23.7,13.7,0.0,0.13,Korba_Coal
2026-01-05,22.4,11.5,0.0,0.132,Korba_Coal
2026-01-06,23.1,10.6,0.0,0.132,Korba_Coal
2026-01-07,24.6,10.2,0.0,0.132,Korba_Coal
2026-01-08,25.1,10.1,0.0,0.132,Korba_Coal
2026-01-09,24.3,9.9,0.0,0.122,Korba_Coal
2026-01-10,25.7,10.5,0.0,0.123,Korba_Coal
2026-01-11,25.9,11.2,0.0,0.131,Korba_Coal
2026-01-12,25.9,11.1,0.0,0.13,Korba_Coal
2026-01-13,25.5,12.1,0.0,0.13,Korba_Coal
2026-01-14,26.5,11.1,0.0,0.13,Korba_Coal
2026-01-15,25.1,12.0,0.0,0.13,Korba_Coal
2026-01-16,26.6,11.3,0.0,0.129,Korba_Coal
2026-01-17,27.6,11.3,0.0,0.129,Korba_Coal
2026-01-18,28.4,11.2,0.0,0.129,Korba_Coal
2026-01-19,29.0,12.5,0.0,0.129,Korba_Coal
2026-01-20,29.4,13.6,0.0,0.128,Korba_Coal
2026-01-21,28.4,15.0,0.0,0.128,Korba_Coal
2026-01-22,28.4,13.3,0.0,0.128,Korba_Coal
2026-01-23,28.2,12.1,0.0,0.128,Korba_Coal
2026-01-24,28.1,13.3,0.0,0.128,Korba_Coal
2026-01-25,28.4,14.4,0.0,0.128,Korba_Coal
2026-01-26,28.7,14.5,0.0,0.125,Korba_Coal
2026-01-27,28.8,14.8,0.0,0.128,Korba_Coal
2026-01-28,29.9,15.1,0.0,0.128,Korba_Coal
2026-01-29,27.5,16.8,0.0,0.128,Korba_Coal
2026-01-30,27.4,15.2,0.0,0.128,Korba_Coal
2026-01-31,28.4,14.2,0.0,0.128,Korba_Coal
2026-02-01,29.6,15.3,0.0,0.127,Korba_Coal
2026-02-02,29.9,15.0,0.0,0.127,Korba_Coal
2026-02-03,29.7,15.0,0.0,0.127,Korba_Coal
2026-02-04,29.1,15.9,0.0,0.127,Korba_Coal
2026-02-05,28.8,16.9,0.0,0.129,Korba_Coal
2026-02-06,29.3,15.6,0.0,0.127,Korba_Coal
2026-02-07,28.2,14.6,0.0,0.127,Korba_Coal
2026-02-08,28.4,12.9,0.0,0.127,Korba_Coal
2026-02-09,28.7,13.7,0.0,0.127,Korba_Coal
2026-02-10,29.5,13.6,0.0,0.127,Korba_Coal
2026-02-11,31.1,13.9,0.0,0.127,Korba_Coal
2026-02-12,30.5,16.0,0.0,0.127,Korba_Coal
2026-02-13,30.9,15.5,0.0,0.126,Korba_Coal
2026-02-14,31.9,16.1,0.0,0.128,Korba_Coal
2026-02-15,31.4,15.8,0.0,0.129,Korba_Coal
2026-02-16,30.9,14.1,0.0,0.127,Korba_Coal
2026-02-17,31.3,14.5,0.0,0.127,Korba_Coal
2026-02-18,31.9,14.9,0.0,0.126,Korba_Coal
2026-02-19,31.8,17.7,0.0,0.126,Korba_Coal
2026-02-20,32.4,16.8,0.0,0.126,Korba_Coal
2026-02-21,31.5,18.2,0.0,0.126,Korba_Coal
2026-02-22,33.7,17.9,0.0,0.126,Korba_Coal
2026-02-23,31.2,18.8,0.0,0.126,Korba_Coal
2026-02-24,31.6,16.9,0.0,0.135,Korba_Coal
2026-02-25,31.3,16.7,0.0,0.155,Korba_Coal
2026-02-26,31.9,15.2,0.0,0.147,Korba_Coal
2026-02-27,33.5,15.5,0.0,0.133,Korba_Coal
2026-02-28,32.9,16.5,0.0,0.128,Korba_Coal
2026-03-01,34.2,20.9,0.0,0.127,Korba_Coal
2026-03-02,33.9,20.8,0.0,0.127,Korba_Coal
2026-03-03,34.6,17.4,0.0,0.13,Korba_Coal
2026-03-04,35.1,19.0,0.0,0.126,Korba_Coal
2026-03-05,35.6,18.8,0.0,0.126,Korba_Coal
2026-03-06,35.5,20.1,0.0,0.126,Korba_Coal
2026-03-07,34.8,20.1,0.0,0.126,Korba_Coal
2026-03-08,35.4,21.5,0.0,0.124,Korba_Coal
2026-03-09,36.7,22.3,0.0,0.124,Korba_Coal
2026-03-10,36.4,21.4,0.0,0.126,Korba_Coal
2026-03-11,36.9,21.9,0.0,0.126,Korba_Coal
2026-03-12,37.9,20.5,0.0,0.126,Korba_Coal
2026-03-13,38.1,20.9,0.0,0.126,Korba_Coal
2026-03-14,38.2,20.7,0.0,0.126,Korba_Coal
2026-03-15,38.4,22.0,0.0,0.126,Korba_Coal
2026-03-16,36.9,22.8,0.0,0.126,Korba_Coal
2026-03-17,34.4,21.7,0.0,0.129,Korba_Coal
2026-03-18,35.4,21.2,0.0,0.138,Korba_Coal
2026-03-19,34.3,21.8,0.0,0.139,Korba_Coal
2026-03-20,34.0,20.7,1.8,0.175,Korba_Coal
2026-03-21,29.4,18.7,0.9,0.188,Korba_Coal
2026-03-22,32.4,17.6,0.0,0.162,Korba_Coal
2026-03-23,32.3,17.5,0.0,0.142,Korba_Coal
2026-03-24,35.4,18.9,0.0,0.135,Korba_Coal
2026-03-25,35.6,22.7,0.0,0.136,Korba_Coal
2026-03-26,36.8,22.8,0.0,0.141,Korba_Coal
2026-03-27,36.6,21.3,1.6,0.145,Korba_Coal
2026-03-28,36.7,20.4,0.0,0.132,Korba_Coal
2026-03-29,38.3,21.7,0.0,0.131,Korba_Coal
2026-03-30,38.7,22.9,0.0,0.127,Korba_Coal
2026-03-31,34.7,24.1,0.0,0.13,Korba_Coal
2026-04-01,36.1,23.2,0.0,0.144,Korba_Coal
2026-04-02,37.8,23.9,0.0,0.132,Korba_Coal
2026-04-03,38.3,23.5,2.3,0.128,Korba_Coal
2026-04-04,36.4,23.9,0.0,0.127,Korba_Coal
2026-04-05,33.5,23.4,0.9,0.136,Korba_Coal
2026-04-06,33.8,22.3,0.2,0.179,Korba_Coal
2026-04-07,33.7,20.1,0.0,0.213,Korba_Coal
2026-04-08,33.0,21.6,0.3,0.193,Korba_Coal
2026-04-09,34.1,22.3,0.1,0.168,Korba_Coal
2026-04-10,36.3,21.9,0.0,0.145,Korba_Coal
2026-04-11,36.6,21.6,0.0,0.129,Korba_Coal
2026-04-12,38.3,20.5,0.0,0.116,Korba_Coal
2026-04-13,39.2,22.8,0.0,0.112,Korba_Coal
2026-04-14,39.9,24.6,0.0,0.112,Korba_Coal
2026-04-15,40.6,23.4,0.0,0.112,Korba_Coal
2026-04-16,41.8,25.4,0.0,0.112,Korba_Coal
2026-04-17,41.6,25.1,0.0,0.112,Korba_Coal
2026-04-18,41.2,25.3,0.0,0.112,Korba_Coal
2026-04-19,42.0,26.6,0.0,0.112,Korba_Coal
2026-04-20,42.5,26.6,0.0,0.111,Korba_Coal
2026-04-21,41.8,26.0,0.0,0.118,Korba_Coal
2026-04-22,42.7,24.9,0.0,0.133,Korba_Coal
2026-04-23,41.4,24.5,0.0,0.141,Korba_Coal
2026-04-24,42.2,24.0,0.0,0.129,Korba_Coal
2026-04-25,42.3,24.0,0.0,0.126,Korba_Coal
2026-04-26,42.8,26.0,0.0,0.132,Korba_Coal
2026-04-27,43.4,27.5,0.0,0.125,Korba_Coal
2026-04-28,43.0,26.7,0.0,0.125,Korba_Coal
2026-04-29,42.5,26.5,0.0,0.13,Korba_Coal
2026-04-30,39.1,26.1,0.1,0.136,Korba_Coal
2026-05-01,36.5,23.0,1.4,0.142,Korba_Coal
2026-05-02,37.7,24.0,0.3,0.157,Korba_Coal
2026-05-03,37.7,24.5,0.0,0.152,Korba_Coal
2026-05-04,37.9,25.8,0.2,0.139,Korba_Coal
2026-05-05,35.5,24.6,0.1,0.129,Korba_Coal
2026-05-06,35.9,22.2,0.0,0.172,Korba_Coal
2026-05-07,37.0,22.1,0.0,0.193,Korba_Coal
2026-05-08,37.2,23.9,0.0,0.162,Korba_Coal
2026-05-09,37.4,23.5,0.0,0.142,Korba_Coal
2026-05-10,36.0,21.9,0.0,0.15,Korba_Coal
2026-05-11,37.9,25.5,0.0,0.143,Korba_Coal
2026-05-12,38.2,27.8,0.0,0.144,Korba_Coal
2026-05-13,39.0,27.6,0.6,0.14,Korba_Coal
2026-05-14,38.7,26.0,0.2,0.146,Korba_Coal
2026-05-15,38.2,28.0,0.0,0.163,Korba_Coal
2026-05-16,38.9,27.8,0.4,0.18,Korba_Coal
2026-05-17,39.0,27.4,0.2,0.211,Korba_Coal
2026-05-18,39.7,28.2,0.4,0.213,Korba_Coal
2026-05-19,40.2,27.5,0.0,0.212,Korba_Coal
2026-05-20,41.9,27.2,0.0,0.196,Korba_Coal
2026-05-21,42.5,28.0,0.0,0.167,Korba_Coal
2026-05-22,42.2,28.7,0.0,0.146,Korba_Coal
2026-05-23,42.5,27.3,0.0,0.134,Korba_Coal
2026-05-24,42.5,28.0,0.0,0.129,Korba_Coal
2026-05-25,42.7,29.6,0.0,0.128,Korba_Coal
2026-05-26,42.8,30.6,0.0,0.128,Korba_Coal
2026-05-27,42.2,28.4,0.0,0.127,Korba_Coal
2026-05-28,41.3,28.0,0.0,0.127,Korba_Coal
2026-05-29,39.3,29.2,1.0,0.13,Korba_Coal
2026-05-30,37.1,24.8,22.3,0.18,Korba_Coal
2026-05-31,36.5,24.9,0.3,0.231,Korba_Coal
2026-06-01,36.8,26.3,0.0,0.207,Korba_Coal
2026-06-02,36.9,27.4,1.2,0.207,Korba_Coal
2026-06-03,37.9,26.4,0.0,0.205,Korba_Coal
2026-06-04,38.7,28.3,0.8,0.188,Korba_Coal
2026-06-05,38.3,27.5,0.1,0.17,Korba_Coal
2026-06-06,38.2,29.0,0.6,0.162,Korba_Coal
2026-06-07,37.9,28.2,0.1,0.16,Korba_Coal
2026-06-08,39.9,29.1,0.0,0.147,Korba_Coal
2026-06-09,39.2,26.3,3.0,0.154,Korba_Coal
2026-06-10,38.1,26.6,1.6,0.188,Korba_Coal
2026-06-11,38.2,27.7,2.3,0.2,Korba_Coal
2026-06-12,36.1,26.9,1.0,0.18,Korba_Coal
2026-06-13,38.1,27.6,0.1,0.145,Korba_Coal
2026-06-14,37.6,27.6,0.0,0.133,Korba_Coal
2026-06-15,38.0,26.9,0.0,0.142,Korba_Coal
2026-06-16,39.5,27.9,0.5,0.142,Korba_Coal
2026-06-17,36.2,27.8,0.7,0.168,Korba_Coal
2026-06-18,37.5,28.0,0.2,0.177,Korba_Coal
2026-06-19,33.7,26.9,1.2,0.199,Korba_Coal
2026-06-20,35.4,24.7,1.3,0.225,Korba_Coal
2026-06-21,37.8,27.7,1.0,0.192,Korba_Coal
2026-06-22,35.0,25.0,8.1,0.273,Korba_Coal
2026-06-23,34.6,26.1,1.9,0.344,Korba_Coal
2026-06-24,35.2,25.0,1.4,0.297,Korba_Coal
2026-06-25,35.9,27.4,0.0,0.255,Korba_Coal
2026-06-26,36.1,27.9,2.6,0.249,Korba_Coal
2026-06-27,36.3,26.9,0.2,0.218,Korba_Coal
2026-06-28,35.4,27.5,2.1,0.211,Korba_Coal
2026-06-29,36.5,26.9,4.8,0.133,Korba_Coal
2026-06-30,34.0,25.5,13.0,0.153,Korba_Coal
2026-07-01,32.8,25.4,6.1,0.26,Korba_Coal
2026-07-02,32.1,25.7,15.8,0.342,Korba_Coal
2026-07-03,31.4,25.4,33.5,0.421,Korba_Coal
2026-07-04,33.2,25.1,33.9,0.423,Korba_Coal
2026-07-05,31.2,25.4,37.4,0.433,Korba_Coal
2026-07-06,29.7,25.0,30.7,0.435,Korba_Coal
2026-07-07,32.1,24.9,8.4,0.418,Korba_Coal
2026-07-08,32.3,25.2,5.1,0.415,Korba_Coal
2026-07-09,31.5,25.0,12.1,0.411,Korba_Coal
2026-07-10,33.1,26.3,6.4,0.403,Korba_Coal
2026-07-11,32.4,25.7,1.6,0.399,Korba_Coal
2026-07-12,34.2,26.5,0.8,0.387,Korba_Coal
2026-07-13,34.8,26.4,0.5,0.364,Korba_Coal
2026-07-14,34.6,27.3,0.6,0.344,Korba_Coal
2026-07-15,33.6,24.8,5.7,0.379,Korba_Coal
2026-07-16,32.6,26.0,12.8,0.391,Korba_Coal
2026-07-17,31.9,25.2,28.6,0.419,Korba_Coal
2026-07-18,31.0,25.4,11.9,0.426,Korba_Coal
2026-07-19,32.6,24.9,8.6,0.413,Korba_Coal
2026-07-20,30.4,25.0,10.3,0.413,Korba_Coal
2026-07-21,29.5,24.6,48.9,0.419,Korba_Coal
2026-07-22,27.3,24.3,73.7,0.417,Korba_Coal
2026-07-23,28.2,24.0,3.8,0.415,Korba_Coal
2026-07-24,31.9,24.8,7.7,0.412,Korba_Coal
2026-07-25,32.1,25.0,22.7,0.418,Korba_Coal
2026-07-26,32.9,24.6,4.9,0.417,Korba_Coal
2026-07-27,32.3,24.2,17.5,0.412,Korba_Coal
2026-07-28,31.4,24.2,24.0,0.419,Korba_Coal
2026-07-29,31.3,25.3,10.5,0.413,Korba_Coal
2026-07-30,30.4,25.2,2.9,0.402,Korba_Coal
2026-07-31,31.6,25.0,4.1,0.401,Korba_Coal
2026-08-01,32.3,24.5,9.6,0.402,Korba_Coal
2026-08-02,33.1,25.7,3.1,0.373,Korba_Coal
2026-08-03,32.8,25.1,21.7,0.392,Korba_Coal
2026-08-04,31.7,26.0,8.2,0.411,Korba_Coal
2026-08-05,31.1,25.2,24.5,0.413,Korba_Coal
2026-08-06,31.0,24.8,19.5,0.412,Korba_Coal
2026-08-07,29.8,23.6,35.8,0.414,Korba_Coal
2026-08-08,30.1,24.9,18.9,0.414,Korba_Coal
2026-08-09,30.5,24.7,8.9,0.41,Korba_Coal
2026-08-10,32.0,24.8,1.3,0.399,Korba_Coal
2026-08-11,31.1,25.0,4.9,0.41,Korba_Coal
2026-08-12,31.8,25.8,8.6,0.408,Korba_Coal
2026-08-13,30.5,25.3,11.0,0.414,Korba_Coal
2026-08-14,31.4,24.5,46.9,0.414,Korba_Coal
2026-08-15,32.0,24.7,22.5,0.413,Korba_Coal
2026-08-16,31.9,24.5,17.7,0.413,Korba_Coal
2026-08-17,29.9,24.4,21.1,0.411,Korba_Coal
2026-08-18,26.7,24.9,25.5,0.413,Korba_Coal
2026-08-19,28.2,24.4,59.8,0.413,Korba_Coal
2026-08-20,30.0,24.1,5.0,0.412,Korba_Coal
2026-08-21,30.5,24.8,2.2,0.405,Korba_Coal
2026-08-22,31.0,24.9,9.2,0.412,Korba_Coal
2026-08-23,31.5,25.3,9.0,0.413,Korba_Coal
2026-08-24,31.1,25.3,36.6,0.415,Korba_Coal
2026-08-25,30.8,24.8,11.6,0.409,Korba_Coal
2026-08-26,31.5,25.4,10.8,0.412,Korba_Coal
2026-08-27,30.9,25.6,36.1,0.412,Korba_Coal
2026-08-28,29.8,25.1,23.0,0.413,Korba_Coal
2026-08-29,29.6,24.9,18.9,0.412,Korba_Coal
2026-08-30,29.9,24.7,24.8,0.41,Korba_Coal
2026-08-31,29.7,24.8,6.2,0.402,Korba_Coal
2026-09-01,26.8,24.8,64.1,0.415,Korba_Coal
