time,temperature_2m,precipitation,soil_moisture_0_to_7cm,wind_gusts_10m,Rolling_72h_Rainfall
2025-09-06 00:00:00,24.6,0.0,0.47,11.5,0.0
2025-09-06 01:00:00,24.4,0.0,0.471,10.4,0.0
2025-09-06 02:00:00,24.2,0.0,0.471,10.8,0.0
2025-09-06 03:00:00,24.0,0.0,0.471,11.2,0.0
2025-09-06 04:00:00,23.8,0.0,0.472,13.3,0.0
2025-09-06 05:00:00,23.8,0.0,0.472,13.3,0.0
2025-09-06 06:00:00,24.8,0.0,0.456,15.8,0.0
2025-09-06 07:00:00,26.0,0.0,0.456,18.0,0.0
2025-09-06 08:00:00,27.2,0.1,0.457,24.1,0.1
2025-09-06 09:00:00,28.3,0.3,0.458,25.6,0.4
2025-09-06 10:00:00,29.0,0.2,0.458,28.4,0.6
2025-09-06 11:00:00,29.6,0.2,0.457,29.2,0.8
2025-09-06 12:00:00,30.2,0.1,0.455,31.3,0.9
2025-09-06 13:00:00,29.6,0.9,0.461,32.4,1.8
2025-09-06 14:00:00,27.8,1.3,0.471,33.1,3.1
2025-09-06 15:00:00,28.5,0.1,0.471,27.4,3.2
2025-09-06 16:00:00,29.1,0.0,0.469,23.0,3.2
2025-09-06 17:00:00,27.8,0.2,0.47,23.4,3.4
2025-09-06 18:00:00,26.9,0.0,0.425,8.6,3.4
2025-09-06 19:00:00,26.1,0.0,0.426,9.7,3.4
2025-09-06 20:00:00,25.8,0.0,0.428,7.6,3.4
2025-09-06 21:00:00,25.5,0.0,0.429,9.0,3.4
2025-09-06 22:00:00,24.9,0.0,0.43,7.6,3.4
2025-09-06 23:00:00,24.6,0.0,0.431,5.8,3.4
2025-09-07 00:00:00,24.3,0.0,0.432,3.2,3.4
2025-09-07 01:00:00,24.0,0.0,0.433,3.2,3.4
2025-09-07 02:00:00,23.8,0.0,0.434,2.5,3.4
2025-09-07 03:00:00,23.7,0.0,0.435,3.2,3.4
2025-09-07 04:00:00,23.3,0.0,0.436,4.7,3.4
2025-09-07 05:00:00,23.1,0.0,0.436,4.0,3.4
2025-09-07 06:00:00,24.0,1.4,0.439,13.7,4.8
2025-09-07 07:00:00,25.0,0.0,0.439,10.4,4.8
2025-09-07 08:00:00,26.1,0.0,0.44,13.7,4.8
2025-09-07 09:00:00,27.2,0.1,0.44,15.5,4.9
2025-09-07 10:00:00,28.4,0.1,0.44,18.4,5.0
2025-09-07 11:00:00,29.3,0.2,0.439,19.8,5.2
2025-09-07 12:00:00,29.5,0.2,0.437,21.2,5.4
2025-09-07 13:00:00,28.8,0.3,0.438,22.7,5.7
2025-09-07 14:00:00,27.1,5.0,0.498,22.0,10.7
2025-09-07 15:00:00,27.5,0.1,0.495,16.2,10.8
2025-09-07 16:00:00,27.4,1.1,0.502,13.3,11.9
2025-09-07 17:00:00,26.2,3.7,0.51,15.1,15.600000000000001
2025-09-07 18:00:00,27.1,0.0,0.405,13.7,15.600000000000001
2025-09-07 19:00:00,26.5,0.0,0.406,7.2,15.600000000000001
2025-09-07 20:00:00,25.9,0.0,0.407,7.6,15.600000000000001
2025-09-07 21:00:00,25.3,0.0,0.408,7.6,15.600000000000001
2025-09-07 22:00:00,24.9,0.0,0.409,6.5,15.600000000000001
2025-09-07 23:00:00,24.9,0.0,0.41,5.8,15.600000000000001
2025-09-08 00:00:00,24.5,0.0,0.411,1.8,15.600000000000001
2025-09-08 01:00:00,24.1,0.0,0.411,4.7,15.600000000000001
2025-09-08 02:00:00,23.6,0.0,0.412,5.0,15.600000000000001
2025-09-08 03:00:00,23.3,0.0,0.413,4.7,15.600000000000001
2025-09-08 04:00:00,23.1,0.0,0.414,4.7,15.600000000000001
2025-09-08 05:00:00,23.0,0.0,0.415,3.6,15.600000000000001
2025-09-08 06:00:00,24.3,0.8,0.469,10.1,16.400000000000002
2025-09-08 07:00:00,24.9,0.6,0.476,12.6,17.0
2025-09-08 08:00:00,26.2,0.1,0.475,16.2,17.1
2025-09-08 09:00:00,27.5,0.1,0.474,15.8,17.2
2025-09-08 10:00:00,28.6,0.1,0.472,17.3,17.3
2025-09-08 11:00:00,29.4,0.1,0.469,20.2,17.400000000000002
2025-09-08 12:00:00,29.8,0.1,0.467,20.5,17.5
2025-09-08 13:00:00,29.9,0.0,0.465,20.9,17.5
2025-09-08 14:00:00,28.4,0.4,0.467,12.6,17.900000000000002
2025-09-08 15:00:00,27.9,0.2,0.466,19.8,18.1
2025-09-08 16:00:00,28.1,0.0,0.465,15.1,18.1
2025-09-08 17:00:00,27.7,0.0,0.464,12.2,18.1
2025-09-08 18:00:00,26.9,0.0,0.447,14.0,18.1
2025-09-08 19:00:00,26.3,0.0,0.447,15.5,18.1
2025-09-08 20:00:00,25.9,0.0,0.447,15.5,18.1
2025-09-08 21:00:00,25.4,0.0,0.447,9.4,18.1
2025-09-08 22:00:00,25.2,0.0,0.447,12.2,18.1
2025-09-08 23:00:00,25.2,0.1,0.448,15.8,18.2
2025-09-09 00:00:00,25.1,0.3,0.45,16.6,18.5
2025-09-09 01:00:00,24.7,0.0,0.45,15.1,18.5
2025-09-09 02:00:00,24.4,0.0,0.45,15.8,18.5
2025-09-09 03:00:00,23.9,0.0,0.45,12.2,18.5
2025-09-09 04:00:00,23.6,0.0,0.451,14.0,18.5
2025-09-09 05:00:00,23.5,0.0,0.451,14.4,18.5
2025-09-09 06:00:00,24.3,0.0,0.447,12.2,18.5
2025-09-09 07:00:00,25.6,0.0,0.447,16.2,18.5
2025-09-09 08:00:00,27.2,0.0,0.447,23.4,18.4
2025-09-09 09:00:00,28.9,0.0,0.446,24.5,18.1
2025-09-09 10:00:00,30.0,0.1,0.444,22.0,18.0
2025-09-09 11:00:00,30.9,0.1,0.441,19.8,17.9
2025-09-09 12:00:00,31.0,0.1,0.439,19.4,17.900000000000002
2025-09-09 13:00:00,29.3,1.8,0.455,22.3,18.8
2025-09-09 14:00:00,27.2,1.8,0.472,23.8,19.3
2025-09-09 15:00:00,28.3,0.2,0.472,23.8,19.400000000000002
2025-09-09 16:00:00,28.4,0.0,0.471,14.8,19.400000000000002
2025-09-09 17:00:00,26.7,0.6,0.474,21.6,19.8
2025-09-09 18:00:00,27.1,0.2,0.437,10.1,20.000000000000004
2025-09-09 19:00:00,26.3,0.0,0.437,15.5,20.000000000000004
2025-09-09 20:00:00,25.6,0.0,0.438,15.1,20.000000000000004
2025-09-09 21:00:00,25.1,0.0,0.438,19.4,20.000000000000004
2025-09-09 22:00:00,24.8,0.0,0.438,17.6,20.000000000000004
2025-09-09 23:00:00,24.7,0.0,0.438,19.4,20.000000000000004
2025-09-10 00:00:00,24.6,0.0,0.438,18.7,20.000000000000004
2025-09-10 01:00:00,24.5,0.0,0.439,20.2,20.000000000000004
2025-09-10 02:00:00,24.4,0.0,0.439,20.2,20.000000000000004
2025-09-10 03:00:00,24.2,0.0,0.439,20.5,20.000000000000004
2025-09-10 04:00:00,24.2,0.0,0.439,20.2,20.000000000000004
2025-09-10 05:00:00,24.2,0.0,0.439,19.1,20.000000000000004
2025-09-10 06:00:00,24.6,0.0,0.449,19.4,18.6
2025-09-10 07:00:00,25.9,0.0,0.449,21.2,18.6
2025-09-10 08:00:00,27.5,0.0,0.448,22.0,18.6
2025-09-10 09:00:00,29.3,0.0,0.447,25.2,18.500000000000004
2025-09-10 10:00:00,30.4,0.0,0.445,24.8,18.400000000000002
2025-09-10 11:00:00,31.0,0.1,0.442,23.0,18.3
2025-09-10 12:00:00,31.3,0.1,0.44,23.4,18.200000000000003
2025-09-10 13:00:00,31.8,0.0,0.438,24.5,17.900000000000002
2025-09-10 14:00:00,30.5,0.6,0.441,24.5,13.500000000000002
2025-09-10 15:00:00,30.5,1.5,0.456,25.9,14.9
2025-09-10 16:00:00,28.9,0.8,0.462,23.8,14.6
2025-09-10 17:00:00,28.4,0.5,0.467,19.8,11.399999999999999
2025-09-10 18:00:00,27.5,0.0,0.469,13.7,11.399999999999999
2025-09-10 19:00:00,26.9,0.0,0.468,10.8,11.399999999999999
2025-09-10 20:00:00,26.3,0.0,0.468,10.8,11.399999999999999
2025-09-10 21:00:00,25.9,0.0,0.468,8.6,11.399999999999999
2025-09-10 22:00:00,25.6,0.0,0.467,11.2,11.399999999999999
2025-09-10 23:00:00,25.5,0.0,0.467,14.8,11.399999999999999
2025-09-11 00:00:00,25.3,0.0,0.467,15.1,11.399999999999999
2025-09-11 01:00:00,25.4,0.0,0.467,14.4,11.399999999999999
2025-09-11 02:00:00,25.1,0.0,0.466,14.4,11.399999999999999
2025-09-11 03:00:00,25.0,0.0,0.466,15.1,11.399999999999999
2025-09-11 04:00:00,24.9,0.0,0.466,16.9,11.399999999999999
2025-09-11 05:00:00,24.8,0.0,0.466,18.0,11.399999999999999
2025-09-11 06:00:00,25.8,0.0,0.449,18.7,10.6
2025-09-11 07:00:00,26.8,0.0,0.449,18.7,10.0
2025-09-11 08:00:00,28.1,0.0,0.449,19.8,9.899999999999999
2025-09-11 09:00:00,29.1,0.2,0.449,25.2,10.0
2025-09-11 10:00:00,29.8,0.1,0.448,26.3,10.0
2025-09-11 11:00:00,30.0,0.2,0.447,29.9,10.1
2025-09-11 12:00:00,27.5,8.6,0.51,30.6,18.6
2025-09-11 13:00:00,27.9,0.0,0.503,24.1,18.6
2025-09-11 14:00:00,28.4,0.0,0.497,30.6,18.199999999999996
2025-09-11 15:00:00,28.3,0.1,0.494,31.7,18.099999999999998
2025-09-11 16:00:00,28.3,0.0,0.491,19.4,18.099999999999998
2025-09-11 17:00:00,27.4,0.2,0.491,14.4,18.299999999999997
2025-09-11 18:00:00,26.5,0.0,0.487,6.1,18.299999999999997
2025-09-11 19:00:00,26.2,0.0,0.487,6.5,18.299999999999997
2025-09-11 20:00:00,25.7,0.0,0.487,9.7,18.299999999999997
2025-09-11 21:00:00,25.5,0.0,0.487,9.7,18.299999999999997
2025-09-11 22:00:00,25.3,0.0,0.486,11.9,18.299999999999997
2025-09-11 23:00:00,25.2,0.0,0.486,13.3,18.2
2025-09-12 00:00:00,24.9,0.0,0.486,10.4,17.9
2025-09-12 01:00:00,24.7,0.0,0.486,13.3,17.9
2025-09-12 02:00:00,24.6,0.0,0.485,19.1,17.9
2025-09-12 03:00:00,24.6,0.0,0.485,19.8,17.9
2025-09-12 04:00:00,24.6,0.0,0.485,21.2,17.9
2025-09-12 05:00:00,24.5,0.1,0.486,22.0,18.0
2025-09-12 06:00:00,24.0,0.6,0.488,21.2,18.6
2025-09-12 07:00:00,24.7,0.6,0.495,22.7,19.2
2025-09-12 08:00:00,26.5,0.0,0.494,28.4,19.2
2025-09-12 09:00:00,28.1,0.0,0.492,30.6,19.2
2025-09-12 10:00:00,29.1,0.1,0.49,29.2,19.2
2025-09-12 11:00:00,30.5,0.1,0.487,29.9,19.2
2025-09-12 12:00:00,31.4,0.1,0.483,29.9,19.2
2025-09-12 13:00:00,29.9,0.5,0.484,27.0,17.9
2025-09-12 14:00:00,29.1,0.6,0.488,30.2,16.699999999999996
2025-09-12 15:00:00,27.8,1.9,0.505,21.6,18.4
2025-09-12 16:00:00,27.9,0.1,0.502,14.4,18.499999999999996
2025-09-12 17:00:00,26.8,5.6,0.513,12.2,23.5
2025-09-12 18:00:00,26.3,0.1,0.504,15.1,23.4
2025-09-12 19:00:00,25.4,1.2,0.51,18.0,24.599999999999998
2025-09-12 20:00:00,25.2,0.1,0.506,14.0,24.699999999999996
2025-09-12 21:00:00,24.8,0.0,0.503,10.4,24.699999999999996
2025-09-12 22:00:00,24.7,0.0,0.502,14.0,24.699999999999996
2025-09-12 23:00:00,24.4,0.0,0.5,7.6,24.699999999999996
2025-09-13 00:00:00,24.4,0.1,0.499,13.3,24.799999999999997
2025-09-13 01:00:00,23.8,5.4,0.506,15.1,30.199999999999996
2025-09-13 02:00:00,23.9,1.3,0.52,19.8,31.499999999999996
2025-09-13 03:00:00,23.8,2.3,0.517,14.8,33.8
2025-09-13 04:00:00,23.9,3.4,0.514,10.4,37.199999999999996
2025-09-13 05:00:00,23.8,0.0,0.51,15.1,37.199999999999996
2025-09-13 06:00:00,24.2,0.0,0.492,16.2,37.199999999999996
2025-09-13 07:00:00,25.4,0.0,0.492,18.7,37.199999999999996
2025-09-13 08:00:00,26.9,0.0,0.492,19.4,37.199999999999996
2025-09-13 09:00:00,28.5,0.1,0.491,22.3,37.3
2025-09-13 10:00:00,29.5,0.2,0.49,20.2,37.5
2025-09-13 11:00:00,30.3,0.4,0.49,19.4,37.8
2025-09-13 12:00:00,30.3,1.1,0.496,19.1,38.800000000000004
2025-09-13 13:00:00,26.8,24.1,0.514,20.5,62.900000000000006
2025-09-13 14:00:00,28.1,1.4,0.511,30.6,63.7
2025-09-13 15:00:00,28.6,0.1,0.507,19.4,62.3
2025-09-13 16:00:00,28.6,0.1,0.505,18.4,61.599999999999994
2025-09-13 17:00:00,28.0,0.1,0.503,18.4,61.199999999999996
2025-09-13 18:00:00,27.3,0.0,0.502,8.6,61.199999999999996
2025-09-13 19:00:00,26.7,0.0,0.5,4.0,61.199999999999996
2025-09-13 20:00:00,26.2,0.0,0.499,11.5,61.199999999999996
2025-09-13 21:00:00,25.6,0.0,0.498,11.9,61.199999999999996
2025-09-13 22:00:00,25.0,0.0,0.497,11.2,61.199999999999996
2025-09-13 23:00:00,24.6,0.0,0.496,11.5,61.199999999999996
2025-09-14 00:00:00,24.3,0.0,0.495,10.4,61.199999999999996
2025-09-14 01:00:00,24.3,0.0,0.494,9.7,61.199999999999996
2025-09-14 02:00:00,24.0,0.0,0.493,9.7,61.199999999999996
2025-09-14 03:00:00,23.9,0.0,0.493,6.5,61.199999999999996
2025-09-14 04:00:00,23.7,0.0,0.492,6.1,61.199999999999996
2025-09-14 05:00:00,23.7,0.0,0.492,9.0,61.199999999999996
2025-09-14 06:00:00,25.1,0.0,0.485,7.2,61.199999999999996
2025-09-14 07:00:00,26.2,0.0,0.485,8.6,61.199999999999996
2025-09-14 08:00:00,27.4,0.0,0.484,12.2,61.199999999999996
2025-09-14 09:00:00,28.7,0.0,0.483,15.5,61.0
2025-09-14 10:00:00,29.7,0.0,0.481,16.6,60.9
2025-09-14 11:00:00,30.2,0.2,0.48,20.9,60.9
2025-09-14 12:00:00,29.3,0.4,0.481,21.6,52.7
2025-09-14 13:00:00,27.5,2.9,0.511,24.1,55.6
2025-09-14 14:00:00,28.0,0.3,0.507,19.8,55.9
2025-09-14 15:00:00,28.3,0.9,0.512,14.8,56.7
2025-09-14 16:00:00,28.4,0.0,0.507,13.0,56.7
2025-09-14 17:00:00,28.1,0.0,0.504,11.5,56.5
2025-09-14 18:00:00,26.9,0.0,0.477,13.7,56.5
2025-09-14 19:00:00,26.6,0.0,0.478,2.9,56.5
2025-09-14 20:00:00,26.1,0.0,0.479,2.9,56.5
2025-09-14 21:00:00,25.8,0.0,0.479,2.2,56.5
2025-09-14 22:00:00,25.3,0.0,0.48,4.0,56.5
2025-09-14 23:00:00,25.2,0.5,0.484,4.0,57.0
2025-09-15 00:00:00,25.3,0.1,0.485,2.5,57.099999999999994
2025-09-15 01:00:00,24.9,0.0,0.486,2.5,57.099999999999994
2025-09-15 02:00:00,24.8,0.0,0.485,2.5,57.099999999999994
2025-09-15 03:00:00,24.5,0.0,0.485,6.1,57.099999999999994
2025-09-15 04:00:00,24.3,0.0,0.485,7.6,57.099999999999994
2025-09-15 05:00:00,24.0,0.0,0.485,6.8,57.0
2025-09-15 06:00:00,25.1,0.0,0.462,5.0,56.4
2025-09-15 07:00:00,26.1,0.0,0.464,6.1,55.8
2025-09-15 08:00:00,26.9,0.0,0.465,13.7,55.8
2025-09-15 09:00:00,28.0,0.1,0.466,15.1,55.9
2025-09-15 10:00:00,28.8,0.2,0.466,15.8,56.0
2025-09-15 11:00:00,29.4,0.4,0.467,16.2,56.3
2025-09-15 12:00:00,27.4,13.5,0.509,22.7,69.7
2025-09-15 13:00:00,27.8,0.3,0.507,21.6,69.5
2025-09-15 14:00:00,26.5,1.1,0.508,11.5,70.0
2025-09-15 15:00:00,27.2,0.3,0.507,14.4,68.4
2025-09-15 16:00:00,26.5,1.5,0.508,16.6,69.8
2025-09-15 17:00:00,26.4,0.1,0.506,7.6,64.3
2025-09-15 18:00:00,26.4,0.5,0.509,4.0,64.7
2025-09-15 19:00:00,26.4,1.3,0.517,4.0,64.8
2025-09-15 20:00:00,26.3,0.4,0.513,1.4,65.1
2025-09-15 21:00:00,26.0,0.2,0.511,3.2,65.3
2025-09-15 22:00:00,25.8,0.1,0.509,2.9,65.39999999999999
2025-09-15 23:00:00,25.4,0.0,0.507,4.0,65.39999999999999
2025-09-16 00:00:00,25.1,0.0,0.505,4.3,65.3
2025-09-16 01:00:00,24.9,0.0,0.503,4.7,59.9
2025-09-16 02:00:00,24.8,0.0,0.501,9.7,58.599999999999994
2025-09-16 03:00:00,24.7,0.0,0.5,10.1,56.3
2025-09-16 04:00:00,24.6,0.0,0.499,10.1,52.9
2025-09-16 05:00:00,24.4,0.6,0.505,10.1,53.5
2025-09-16 06:00:00,24.5,0.2,0.5,7.6,53.7
2025-09-16 07:00:00,25.6,0.0,0.499,9.7,53.7
2025-09-16 08:00:00,26.8,0.1,0.498,10.4,53.800000000000004
2025-09-16 09:00:00,27.8,0.0,0.496,14.0,53.7
2025-09-16 10:00:00,28.8,0.1,0.494,14.4,53.599999999999994
2025-09-16 11:00:00,29.5,0.1,0.491,16.2,53.3
2025-09-16 12:00:00,30.0,0.1,0.488,17.6,52.3
2025-09-16 13:00:00,29.8,0.1,0.486,18.7,28.3
2025-09-16 14:00:00,29.7,0.1,0.485,14.8,27.0
2025-09-16 15:00:00,28.0,0.9,0.492,13.3,27.8
2025-09-16 16:00:00,26.4,1.4,0.504,14.4,29.099999999999998
2025-09-16 17:00:00,26.0,0.1,0.503,9.7,29.1
2025-09-16 18:00:00,26.4,1.5,0.501,7.6,30.6
2025-09-16 19:00:00,25.4,1.9,0.503,11.9,32.5
2025-09-16 20:00:00,25.1,0.1,0.502,4.3,32.6
2025-09-16 21:00:00,24.9,0.0,0.501,3.6,32.6
2025-09-16 22:00:00,24.8,0.0,0.499,4.3,32.6
2025-09-16 23:00:00,24.7,0.0,0.498,5.4,32.6
2025-09-17 00:00:00,24.6,0.0,0.497,6.8,32.6
2025-09-17 01:00:00,24.5,0.0,0.496,10.1,32.6
2025-09-17 02:00:00,24.6,0.0,0.496,9.7,32.6
2025-09-17 03:00:00,24.7,0.4,0.5,6.5,33.0
2025-09-17 04:00:00,24.5,0.3,0.502,10.4,33.3
2025-09-17 05:00:00,24.4,0.0,0.501,11.2,33.3
2025-09-17 06:00:00,24.5,0.0,0.487,10.4,33.3
2025-09-17 07:00:00,25.1,0.3,0.49,12.6,33.6
2025-09-17 08:00:00,26.0,0.2,0.491,15.1,33.8
2025-09-17 09:00:00,27.1,0.2,0.491,16.6,34.0
2025-09-17 10:00:00,27.6,0.2,0.491,16.6,34.2
2025-09-17 11:00:00,28.1,0.2,0.49,15.5,34.199999999999996
2025-09-17 12:00:00,28.7,0.1,0.489,13.7,33.9
2025-09-17 13:00:00,28.1,0.1,0.488,14.8,31.1
2025-09-17 14:00:00,28.7,0.0,0.486,13.3,30.8
2025-09-17 15:00:00,28.6,0.0,0.485,12.2,29.900000000000002
2025-09-17 16:00:00,28.0,0.0,0.483,10.8,29.900000000000002
2025-09-17 17:00:00,27.3,0.0,0.483,9.7,29.900000000000002
2025-09-17 18:00:00,26.3,0.0,0.473,7.2,29.900000000000002
2025-09-17 19:00:00,25.8,0.0,0.474,4.7,29.900000000000002
2025-09-17 20:00:00,25.5,0.0,0.474,2.9,29.900000000000002
2025-09-17 21:00:00,25.2,0.0,0.475,1.1,29.900000000000002
2025-09-17 22:00:00,25.0,0.0,0.475,0.7,29.900000000000002
2025-09-17 23:00:00,24.8,0.0,0.475,1.8,29.400000000000002
2025-09-18 00:00:00,24.7,0.0,0.475,8.6,29.3
2025-09-18 01:00:00,24.4,0.0,0.476,8.6,29.3
2025-09-18 02:00:00,24.2,0.0,0.476,8.3,29.3
2025-09-18 03:00:00,23.9,1.3,0.489,6.8,30.599999999999998
2025-09-18 04:00:00,23.5,2.4,0.515,12.2,33.0
2025-09-18 05:00:00,23.6,0.3,0.51,5.8,33.3
2025-09-18 06:00:00,24.3,0.0,0.492,7.9,33.3
2025-09-18 07:00:00,25.4,0.0,0.492,10.1,33.3
2025-09-18 08:00:00,26.4,0.1,0.492,10.4,33.4
2025-09-18 09:00:00,27.5,0.2,0.492,17.6,33.5
2025-09-18 10:00:00,28.3,0.1,0.49,19.8,33.4
2025-09-18 11:00:00,28.6,0.1,0.489,20.2,33.099999999999994
2025-09-18 12:00:00,29.0,0.1,0.488,20.9,19.7
2025-09-18 13:00:00,29.1,0.0,0.486,20.2,19.4
2025-09-18 14:00:00,29.5,0.1,0.484,17.6,18.400000000000002
2025-09-18 15:00:00,29.7,0.0,0.482,16.9,18.1
2025-09-18 16:00:00,29.5,0.1,0.482,13.3,16.7
2025-09-18 17:00:00,28.2,0.3,0.484,11.9,16.9
2025-09-18 18:00:00,27.2,0.0,0.489,3.2,16.4
2025-09-18 19:00:00,26.2,0.0,0.489,4.0,15.1
2025-09-18 20:00:00,25.6,0.0,0.488,4.3,14.7
2025-09-18 21:00:00,25.2,0.0,0.488,3.2,14.5
2025-09-18 22:00:00,24.8,0.0,0.488,5.0,14.399999999999999
2025-09-18 23:00:00,24.4,0.0,0.487,5.0,14.399999999999999
2025-09-19 00:00:00,24.5,0.0,0.487,2.9,14.399999999999999
2025-09-19 01:00:00,24.3,0.0,0.487,2.9,14.399999999999999
2025-09-19 02:00:00,24.0,0.0,0.487,2.9,14.399999999999999
2025-09-19 03:00:00,23.6,0.0,0.486,5.0,14.399999999999999
2025-09-19 04:00:00,23.4,0.0,0.486,10.4,14.399999999999999
2025-09-19 05:00:00,23.1,0.0,0.486,12.2,13.799999999999999
2025-09-19 06:00:00,25.5,0.0,0.465,4.0,13.6
2025-09-19 07:00:00,26.8,0.0,0.466,6.5,13.6
2025-09-19 08:00:00,28.1,0.0,0.466,11.5,13.5
2025-09-19 09:00:00,29.0,0.0,0.465,17.3,13.5
2025-09-19 10:00:00,29.6,0.0,0.464,21.6,13.399999999999999
2025-09-19 11:00:00,30.1,0.1,0.462,20.9,13.4
2025-09-19 12:00:00,30.4,0.0,0.46,20.2,13.3
2025-09-19 13:00:00,30.9,0.0,0.458,20.2,13.200000000000001
2025-09-19 14:00:00,31.1,0.0,0.456,20.2,13.100000000000001
2025-09-19 15:00:00,31.0,0.0,0.454,20.2,12.200000000000001
2025-09-19 16:00:00,29.5,0.1,0.454,18.4,10.9
2025-09-19 17:00:00,28.7,0.1,0.455,13.7,10.9
2025-09-19 18:00:00,28.8,0.0,0.453,5.8,9.4
2025-09-19 19:00:00,28.0,0.0,0.454,4.3,7.5
2025-09-19 20:00:00,27.2,0.0,0.455,4.7,7.4
2025-09-19 21:00:00,26.5,0.0,0.455,7.2,7.4
2025-09-19 22:00:00,26.0,0.0,0.456,7.6,7.4
2025-09-19 23:00:00,25.4,0.0,0.456,7.2,7.4
2025-09-20 00:00:00,25.1,0.0,0.457,4.3,7.4
2025-09-20 01:00:00,24.9,0.0,0.458,5.0,7.4
2025-09-20 02:00:00,24.4,1.1,0.467,6.1,8.5
2025-09-20 03:00:00,24.3,0.0,0.467,7.2,8.1
2025-09-20 04:00:00,23.9,0.0,0.467,7.2,7.8
2025-09-20 05:00:00,23.6,0.0,0.468,9.0,7.8
2025-09-20 06:00:00,25.4,0.0,0.43,13.3,7.8
2025-09-20 07:00:00,26.5,0.0,0.431,15.1,7.5
2025-09-20 08:00:00,28.0,0.0,0.432,14.0,7.3
2025-09-20 09:00:00,29.1,0.0,0.431,16.2,7.1
2025-09-20 10:00:00,30.0,0.0,0.43,18.0,6.8999999999999995
2025-09-20 11:00:00,30.7,0.0,0.428,18.7,6.699999999999999
2025-09-20 12:00:00,31.2,0.0,0.425,20.9,6.6
2025-09-20 13:00:00,31.3,0.1,0.423,20.9,6.6000000000000005
2025-09-20 14:00:00,30.7,0.1,0.422,21.6,6.7
2025-09-20 15:00:00,28.4,1.5,0.437,20.9,8.2
2025-09-20 16:00:00,28.3,0.1,0.437,16.9,8.3
2025-09-20 17:00:00,27.9,0.0,0.438,14.4,8.3
2025-09-20 18:00:00,26.9,0.0,0.44,13.7,8.3
2025-09-20 19:00:00,26.7,0.0,0.441,3.6,8.3
2025-09-20 20:00:00,26.1,0.0,0.441,2.9,8.3
2025-09-20 21:00:00,25.7,0.0,0.441,4.0,8.3
2025-09-20 22:00:00,25.4,0.0,0.442,5.0,8.3
2025-09-20 23:00:00,25.1,0.0,0.442,6.8,8.3
2025-09-21 00:00:00,24.9,0.0,0.443,9.0,8.3
2025-09-21 01:00:00,24.8,0.0,0.443,13.0,8.3
2025-09-21 02:00:00,24.7,0.0,0.444,15.1,8.3
2025-09-21 03:00:00,24.6,0.0,0.444,16.9,6.999999999999999
2025-09-21 04:00:00,24.5,0.0,0.444,16.9,4.6
2025-09-21 05:00:00,24.3,0.0,0.445,14.0,4.3
2025-09-21 06:00:00,25.2,0.0,0.43,14.4,4.3
2025-09-21 07:00:00,26.3,0.0,0.431,16.6,4.3
2025-09-21 08:00:00,27.8,0.0,0.43,22.3,4.199999999999999
2025-09-21 09:00:00,29.2,0.1,0.429,24.5,4.1
2025-09-21 10:00:00,30.4,0.1,0.428,27.0,4.1
2025-09-21 11:00:00,31.3,0.0,0.425,27.7,4.0
2025-09-21 12:00:00,31.8,0.0,0.422,27.4,3.9
2025-09-21 13:00:00,32.0,0.0,0.419,25.9,3.9
2025-09-21 14:00:00,31.8,0.0,0.417,26.3,3.8
2025-09-21 15:00:00,31.7,0.0,0.415,24.1,3.8
2025-09-21 16:00:00,31.4,0.0,0.414,23.0,3.6999999999999997
2025-09-21 17:00:00,30.1,0.0,0.414,14.8,3.4
2025-09-21 18:00:00,28.6,0.0,0.4,2.5,3.4
2025-09-21 19:00:00,27.6,0.0,0.401,6.1,3.4
2025-09-21 20:00:00,27.0,0.0,0.402,7.9,3.4
2025-09-21 21:00:00,26.5,0.0,0.403,8.6,3.4
2025-09-21 22:00:00,25.8,0.0,0.404,7.9,3.4
2025-09-21 23:00:00,25.6,0.0,0.404,5.0,3.4
2025-09-22 00:00:00,25.4,0.0,0.405,3.2,3.4
2025-09-22 01:00:00,25.2,0.0,0.406,3.6,3.4
2025-09-22 02:00:00,25.0,0.0,0.407,3.6,3.4
2025-09-22 03:00:00,24.4,0.0,0.407,5.0,3.4
2025-09-22 04:00:00,24.2,0.0,0.408,6.5,3.4
2025-09-22 05:00:00,23.9,0.0,0.409,9.7,3.4
2025-09-22 06:00:00,25.7,0.0,0.397,16.9,3.4
2025-09-22 07:00:00,27.0,0.0,0.397,19.4,3.4
2025-09-22 08:00:00,28.6,0.0,0.397,21.6,3.4
2025-09-22 09:00:00,29.9,0.0,0.396,24.1,3.4
2025-09-22 10:00:00,31.3,0.0,0.394,25.9,3.4
2025-09-22 11:00:00,32.2,0.0,0.391,25.9,3.3
2025-09-22 12:00:00,32.6,0.0,0.388,25.6,3.3
2025-09-22 13:00:00,32.6,0.0,0.385,25.6,3.3
2025-09-22 14:00:00,32.8,0.0,0.382,25.2,3.3
2025-09-22 15:00:00,32.3,0.0,0.38,23.4,3.3
2025-09-22 16:00:00,31.3,0.0,0.379,22.7,3.1999999999999997
2025-09-22 17:00:00,29.6,0.0,0.379,19.4,3.0999999999999996
2025-09-22 18:00:00,27.9,0.0,0.386,9.4,3.0999999999999996
2025-09-22 19:00:00,26.9,0.0,0.387,9.4,3.0999999999999996
2025-09-22 20:00:00,26.2,0.0,0.387,10.8,3.0999999999999996
2025-09-22 21:00:00,25.3,0.0,0.388,10.4,3.0999999999999996
2025-09-22 22:00:00,24.4,0.0,0.388,7.6,3.0999999999999996
2025-09-22 23:00:00,23.6,0.0,0.389,6.1,3.0999999999999996
2025-09-23 00:00:00,23.2,0.0,0.389,7.2,3.0999999999999996
2025-09-23 01:00:00,23.3,0.0,0.39,5.8,3.0999999999999996
2025-09-23 02:00:00,23.4,0.0,0.39,2.5,2.0
2025-09-23 03:00:00,23.1,0.0,0.391,2.2,2.0
2025-09-23 04:00:00,22.7,0.0,0.391,4.0,2.0
2025-09-23 05:00:00,22.6,0.0,0.391,4.7,2.0
2025-09-23 06:00:00,24.0,0.0,0.385,11.2,2.0
2025-09-23 07:00:00,25.4,0.0,0.385,13.3,2.0
2025-09-23 08:00:00,27.0,0.0,0.384,17.6,2.0
2025-09-23 09:00:00,28.6,0.0,0.383,20.5,2.0
2025-09-23 10:00:00,30.4,0.0,0.381,22.0,2.0
2025-09-23 11:00:00,31.0,0.0,0.379,29.5,2.0
2025-09-23 12:00:00,31.4,0.0,0.376,29.9,2.0
2025-09-23 13:00:00,31.7,0.1,0.374,28.1,2.0
2025-09-23 14:00:00,31.8,0.0,0.371,26.6,1.9
2025-09-23 15:00:00,31.4,0.0,0.369,26.6,0.4
2025-09-23 16:00:00,30.3,0.0,0.368,26.6,0.30000000000000004
2025-09-23 17:00:00,29.0,0.0,0.367,21.6,0.30000000000000004
2025-09-23 18:00:00,28.2,0.0,0.368,17.3,0.30000000000000004
2025-09-23 19:00:00,27.4,0.0,0.368,13.7,0.30000000000000004
2025-09-23 20:00:00,26.5,0.0,0.368,11.2,0.30000000000000004
2025-09-23 21:00:00,26.1,0.0,0.369,8.6,0.30000000000000004
2025-09-23 22:00:00,25.8,0.0,0.369,10.1,0.30000000000000004
2025-09-23 23:00:00,25.5,0.0,0.369,13.3,0.30000000000000004
2025-09-24 00:00:00,25.3,0.0,0.37,17.6,0.30000000000000004
2025-09-24 01:00:00,25.1,0.0,0.37,21.6,0.30000000000000004
2025-09-24 02:00:00,24.9,0.0,0.37,22.3,0.30000000000000004
2025-09-24 03:00:00,24.7,0.0,0.37,23.0,0.30000000000000004
2025-09-24 04:00:00,24.3,0.0,0.371,23.0,0.30000000000000004
2025-09-24 05:00:00,24.1,0.0,0.371,20.5,0.30000000000000004
2025-09-24 06:00:00,24.9,0.0,0.376,19.8,0.30000000000000004
2025-09-24 07:00:00,25.9,0.0,0.376,20.9,0.30000000000000004
2025-09-24 08:00:00,27.5,0.0,0.375,23.4,0.30000000000000004
2025-09-24 09:00:00,29.1,0.0,0.373,28.4,0.2
2025-09-24 10:00:00,30.2,0.0,0.371,39.2,0.1
2025-09-24 11:00:00,31.0,0.0,0.369,42.5,0.1
2025-09-24 12:00:00,31.5,0.0,0.367,46.8,0.1
2025-09-24 13:00:00,31.7,0.0,0.364,43.6,0.1
2025-09-24 14:00:00,29.6,0.9,0.372,39.2,1.0
2025-09-24 15:00:00,26.4,3.4,0.413,29.5,4.4
2025-09-24 16:00:00,27.0,0.3,0.416,10.1,4.7
2025-09-24 17:00:00,26.8,0.0,0.416,9.0,4.7
2025-09-24 18:00:00,26.6,0.1,0.377,6.5,4.8
2025-09-24 19:00:00,26.5,0.0,0.378,2.2,4.8
2025-09-24 20:00:00,26.2,0.0,0.378,2.9,4.8
2025-09-24 21:00:00,25.6,0.0,0.378,5.4,4.8
2025-09-24 22:00:00,25.4,0.1,0.379,13.7,4.9
2025-09-24 23:00:00,24.2,2.6,0.414,18.4,7.5
2025-09-25 00:00:00,23.3,2.2,0.444,17.3,9.7
2025-09-25 01:00:00,23.2,0.0,0.444,15.8,9.7
2025-09-25 02:00:00,23.2,0.4,0.449,14.0,10.1
2025-09-25 03:00:00,23.3,0.2,0.45,18.0,10.3
2025-09-25 04:00:00,23.2,0.0,0.45,18.7,10.3
2025-09-25 05:00:00,23.3,0.0,0.449,19.4,10.3
2025-09-25 06:00:00,23.9,0.8,0.5,24.5,11.1
2025-09-25 07:00:00,24.6,0.2,0.498,28.1,11.3
2025-09-25 08:00:00,25.1,0.3,0.497,27.7,11.6
2025-09-25 09:00:00,26.4,0.0,0.495,34.2,11.6
2025-09-25 10:00:00,27.6,0.1,0.492,33.8,11.700000000000001
2025-09-25 11:00:00,28.8,0.1,0.489,32.8,11.8
2025-09-25 12:00:00,29.0,0.2,0.487,34.2,12.0
2025-09-25 13:00:00,28.6,0.5,0.488,34.2,12.5
2025-09-25 14:00:00,26.6,4.8,0.509,28.4,17.3
2025-09-25 15:00:00,26.0,0.8,0.509,29.2,18.1
2025-09-25 16:00:00,26.7,0.0,0.504,24.5,18.1
2025-09-25 17:00:00,26.5,0.0,0.501,21.6,18.1
2025-09-25 18:00:00,25.9,0.0,0.48,25.6,18.1
2025-09-25 19:00:00,25.4,0.0,0.479,21.2,18.1
2025-09-25 20:00:00,25.3,0.0,0.479,19.4,18.1
2025-09-25 21:00:00,25.1,0.0,0.478,20.5,18.1
2025-09-25 22:00:00,24.9,0.0,0.478,20.9,18.1
2025-09-25 23:00:00,24.8,0.0,0.477,22.0,18.1
2025-09-26 00:00:00,24.7,0.0,0.477,22.7,18.1
2025-09-26 01:00:00,24.8,0.0,0.477,22.7,18.1
2025-09-26 02:00:00,24.7,0.0,0.476,22.3,18.1
2025-09-26 03:00:00,24.6,0.0,0.476,20.5,18.1
2025-09-26 04:00:00,24.5,0.0,0.476,21.6,18.1
2025-09-26 05:00:00,24.5,0.0,0.475,22.0,18.1
2025-09-26 06:00:00,26.1,0.0,0.462,18.7,18.1
2025-09-26 07:00:00,27.3,0.0,0.462,19.8,18.1
2025-09-26 08:00:00,28.6,0.0,0.461,20.5,18.1
2025-09-26 09:00:00,30.0,0.1,0.459,24.1,18.2
2025-09-26 10:00:00,31.0,0.1,0.458,26.6,18.3
2025-09-26 11:00:00,31.6,0.2,0.456,27.4,18.5
2025-09-26 12:00:00,31.9,0.1,0.455,27.0,18.6
2025-09-26 13:00:00,29.6,4.1,0.504,27.4,22.599999999999998
2025-09-26 14:00:00,27.0,5.4,0.509,25.6,28.0
2025-09-26 15:00:00,27.8,0.1,0.505,18.0,28.099999999999998
2025-09-26 16:00:00,28.3,0.0,0.501,20.9,28.099999999999998
2025-09-26 17:00:00,27.4,0.0,0.498,19.8,28.099999999999998
2025-09-26 18:00:00,26.8,0.0,0.492,13.7,28.099999999999998
2025-09-26 19:00:00,26.2,0.1,0.491,18.7,28.2
2025-09-26 20:00:00,26.0,0.0,0.49,23.0,28.2
2025-09-26 21:00:00,25.5,0.2,0.49,24.5,28.4
2025-09-26 22:00:00,25.1,0.1,0.489,20.2,28.5
2025-09-26 23:00:00,24.7,0.3,0.491,21.6,28.799999999999997
2025-09-27 00:00:00,24.7,0.2,0.491,23.0,29.0
2025-09-27 01:00:00,24.5,0.5,0.494,22.7,29.5
2025-09-27 02:00:00,24.5,1.0,0.504,22.0,30.5
2025-09-27 03:00:00,24.5,0.4,0.504,18.7,30.9
2025-09-27 04:00:00,24.4,0.0,0.501,18.7,30.9
2025-09-27 05:00:00,24.2,0.5,0.505,19.1,31.4
2025-09-27 06:00:00,25.2,0.1,0.496,19.8,31.5
2025-09-27 07:00:00,25.9,0.1,0.495,21.6,31.599999999999998
2025-09-27 08:00:00,26.4,0.1,0.495,21.2,31.7
2025-09-27 09:00:00,27.8,0.6,0.498,25.2,32.3
2025-09-27 10:00:00,27.7,0.2,0.497,25.6,32.5
2025-09-27 11:00:00,28.7,0.2,0.495,25.2,32.699999999999996
2025-09-27 12:00:00,29.7,0.2,0.494,27.7,32.9
2025-09-27 13:00:00,29.8,0.1,0.491,27.7,33.0
2025-09-27 14:00:00,26.8,5.1,0.51,27.0,37.2
2025-09-27 15:00:00,27.7,0.1,0.506,12.6,33.9
2025-09-27 16:00:00,26.3,5.8,0.52,22.7,39.4
2025-09-27 17:00:00,25.6,2.3,0.503,23.8,41.699999999999996
2025-09-27 18:00:00,25.9,0.0,0.496,10.1,41.6
2025-09-27 19:00:00,25.7,0.0,0.495,8.3,41.6
2025-09-27 20:00:00,25.6,0.0,0.495,14.0,41.6
2025-09-27 21:00:00,25.5,0.0,0.494,23.0,41.6
2025-09-27 22:00:00,25.4,0.0,0.494,26.3,41.5
2025-09-27 23:00:00,25.1,0.0,0.493,26.3,38.9
2025-09-28 00:00:00,24.8,0.0,0.492,23.8,36.699999999999996
2025-09-28 01:00:00,24.5,0.1,0.492,23.4,36.8
2025-09-28 02:00:00,24.3,0.1,0.493,23.0,36.5
2025-09-28 03:00:00,24.1,0.1,0.492,22.3,36.4
2025-09-28 04:00:00,23.9,0.0,0.492,22.3,36.4
2025-09-28 05:00:00,23.8,0.0,0.492,19.1,36.4
2025-09-28 06:00:00,24.2,0.2,0.494,21.6,35.8
2025-09-28 07:00:00,25.3,0.1,0.494,28.1,35.7
2025-09-28 08:00:00,26.0,0.2,0.494,32.0,35.599999999999994
2025-09-28 09:00:00,27.1,0.1,0.493,31.3,35.699999999999996
2025-09-28 10:00:00,28.2,0.1,0.491,32.4,35.699999999999996
2025-09-28 11:00:00,28.5,0.1,0.489,35.3,35.7
2025-09-28 12:00:00,28.8,0.1,0.487,35.6,35.6
2025-09-28 13:00:00,29.6,0.1,0.484,32.8,35.199999999999996
2025-09-28 14:00:00,29.8,0.1,0.482,31.7,30.499999999999996
2025-09-28 15:00:00,30.0,0.1,0.481,29.2,29.799999999999997
2025-09-28 16:00:00,28.0,0.3,0.482,26.6,30.099999999999998
2025-09-28 17:00:00,27.7,0.0,0.482,17.3,30.099999999999998
2025-09-28 18:00:00,27.0,0.0,0.467,12.2,30.099999999999998
2025-09-28 19:00:00,26.1,0.1,0.468,11.5,30.199999999999996
2025-09-28 20:00:00,25.4,0.3,0.471,19.4,30.499999999999996
2025-09-28 21:00:00,25.0,0.0,0.471,16.2,30.499999999999996
2025-09-28 22:00:00,25.0,0.2,0.473,16.6,30.699999999999996
2025-09-28 23:00:00,25.0,0.0,0.473,14.4,30.699999999999996
2025-09-29 00:00:00,24.7,0.0,0.474,11.9,30.699999999999996
2025-09-29 01:00:00,24.6,0.0,0.474,11.9,30.699999999999996
2025-09-29 02:00:00,24.1,0.0,0.474,10.4,30.699999999999996
2025-09-29 03:00:00,23.8,0.0,0.474,11.5,30.699999999999996
2025-09-29 04:00:00,23.5,0.0,0.474,11.5,30.699999999999996
2025-09-29 05:00:00,23.2,0.0,0.474,10.8,30.699999999999996
2025-09-29 06:00:00,24.4,0.0,0.471,9.0,30.699999999999996
2025-09-29 07:00:00,25.4,0.0,0.471,14.4,30.699999999999996
2025-09-29 08:00:00,26.2,0.1,0.472,18.0,30.799999999999997
2025-09-29 09:00:00,27.2,0.1,0.471,18.4,30.8
2025-09-29 10:00:00,28.2,0.1,0.47,19.8,30.799999999999997
2025-09-29 11:00:00,29.2,0.0,0.467,21.6,30.599999999999998
2025-09-29 12:00:00,29.8,0.1,0.465,21.6,30.599999999999998
2025-09-29 13:00:00,30.1,0.0,0.462,21.2,26.5
2025-09-29 14:00:00,29.9,0.0,0.46,16.9,21.1
2025-09-29 15:00:00,29.4,0.2,0.46,17.6,21.2
2025-09-29 16:00:00,28.9,0.2,0.46,16.2,21.4
2025-09-29 17:00:00,27.9,0.0,0.46,10.8,21.4
2025-09-29 18:00:00,26.2,0.0,0.468,8.3,21.4
2025-09-29 19:00:00,25.7,0.0,0.468,7.9,21.299999999999997
2025-09-29 20:00:00,25.1,0.0,0.468,9.0,21.299999999999997
2025-09-29 21:00:00,24.8,0.0,0.468,7.9,21.099999999999998
2025-09-29 22:00:00,24.6,0.0,0.468,6.5,20.999999999999996
2025-09-29 23:00:00,24.3,0.0,0.468,7.6,20.7
2025-09-30 00:00:00,23.8,0.0,0.468,6.5,20.499999999999996
2025-09-30 01:00:00,23.7,0.0,0.468,5.8,19.999999999999996
2025-09-30 02:00:00,23.6,0.0,0.468,3.6,19.0
2025-09-30 03:00:00,23.4,0.0,0.468,3.6,18.599999999999998
2025-09-30 04:00:00,23.0,0.0,0.468,4.3,18.599999999999998
2025-09-30 05:00:00,23.1,0.0,0.468,7.2,18.099999999999998
2025-09-30 06:00:00,24.7,0.0,0.444,9.0,17.999999999999996
2025-09-30 07:00:00,26.1,0.0,0.445,8.3,17.9
2025-09-30 08:00:00,27.5,0.1,0.445,10.4,17.9
2025-09-30 09:00:00,28.7,0.2,0.445,13.0,17.5
2025-09-30 10:00:00,29.6,0.0,0.444,13.7,17.299999999999997
2025-09-30 11:00:00,30.5,0.1,0.442,12.6,17.2
2025-09-30 12:00:00,30.8,0.0,0.439,15.1,17.0
2025-09-30 13:00:00,30.9,0.0,0.437,15.1,16.9
2025-09-30 14:00:00,31.1,0.0,0.434,13.0,11.799999999999999
2025-09-30 15:00:00,29.7,0.2,0.435,18.7,11.9
2025-09-30 16:00:00,29.2,0.1,0.435,18.7,6.2
2025-09-30 17:00:00,27.2,0.1,0.436,10.4,4.0
2025-09-30 18:00:00,25.9,0.3,0.439,13.3,4.3
2025-09-30 19:00:00,24.9,2.0,0.464,15.8,6.300000000000001
2025-09-30 20:00:00,24.7,0.0,0.464,14.8,6.300000000000001
2025-09-30 21:00:00,24.4,0.0,0.464,7.9,6.300000000000001
2025-09-30 22:00:00,24.1,0.0,0.464,10.4,6.300000000000001
2025-09-30 23:00:00,23.8,0.0,0.464,6.1,6.300000000000001
2025-10-01 00:00:00,23.5,0.0,0.464,8.6,6.300000000000001
2025-10-01 01:00:00,23.4,0.0,0.464,9.4,6.200000000000001
2025-10-01 02:00:00,23.1,0.0,0.463,9.7,6.1
2025-10-01 03:00:00,22.8,0.0,0.463,6.5,6.0
2025-10-01 04:00:00,22.8,0.0,0.463,3.2,6.0
2025-10-01 05:00:00,24.0,0.0,0.47,1.1,6.0
2025-10-01 06:00:00,24.8,0.0,0.47,9.0,5.800000000000001
2025-10-01 07:00:00,25.7,0.0,0.469,16.6,5.700000000000001
2025-10-01 08:00:00,27.1,0.0,0.469,24.5,5.5
2025-10-01 09:00:00,28.4,0.0,0.467,31.3,5.4
2025-10-01 10:00:00,29.3,0.1,0.465,32.4,5.4
2025-10-01 11:00:00,30.3,0.0,0.463,28.4,5.300000000000001
2025-10-01 12:00:00,30.7,0.0,0.459,28.4,5.2
2025-10-01 13:00:00,31.1,0.0,0.456,27.4,5.1000000000000005
2025-10-01 14:00:00,30.6,0.0,0.453,23.4,5.0
2025-10-01 15:00:00,28.1,2.0,0.475,24.1,6.9
2025-10-01 16:00:00,24.8,4.6,0.5,27.7,11.2
2025-10-01 17:00:00,25.7,0.1,0.479,13.0,11.3
2025-10-01 18:00:00,25.0,0.0,0.479,5.4,11.3
2025-10-01 19:00:00,24.7,0.0,0.478,3.6,11.200000000000001
2025-10-01 20:00:00,24.6,0.0,0.478,3.6,10.9
2025-10-01 21:00:00,24.4,0.0,0.478,7.2,10.9
2025-10-01 22:00:00,24.1,0.0,0.477,7.2,10.700000000000001
2025-10-01 23:00:00,24.4,0.0,0.465,9.0,10.700000000000001
2025-10-02 00:00:00,24.2,0.0,0.465,11.2,10.700000000000001
2025-10-02 01:00:00,24.0,0.0,0.466,11.5,10.700000000000001
2025-10-02 02:00:00,23.9,0.0,0.466,13.7,10.700000000000001
2025-10-02 03:00:00,23.7,0.0,0.466,14.0,10.700000000000001
2025-10-02 04:00:00,23.5,0.0,0.466,11.9,10.700000000000001
2025-10-02 05:00:00,23.4,0.0,0.457,9.7,10.700000000000001
2025-10-02 06:00:00,24.1,0.0,0.458,8.6,10.700000000000001
2025-10-02 07:00:00,25.8,0.0,0.458,12.6,10.700000000000001
2025-10-02 08:00:00,27.2,0.3,0.46,23.4,10.899999999999999
2025-10-02 09:00:00,27.2,0.2,0.46,28.8,11.0
2025-10-02 10:00:00,28.9,0.1,0.459,29.5,11.0
2025-10-02 11:00:00,30.0,0.1,0.459,32.4,11.1
2025-10-02 12:00:00,30.5,0.0,0.456,29.9,11.0
2025-10-02 13:00:00,29.7,2.7,0.484,29.9,13.7
2025-10-02 14:00:00,27.6,5.0,0.511,26.6,18.7
2025-10-02 15:00:00,27.3,0.1,0.505,23.4,18.6
2025-10-02 16:00:00,27.8,0.0,0.501,13.3,18.400000000000002
2025-10-02 17:00:00,26.1,0.0,0.476,14.0,18.400000000000002
2025-10-02 18:00:00,25.6,0.0,0.478,6.8,18.400000000000002
2025-10-02 19:00:00,25.6,0.0,0.479,17.6,18.400000000000002
2025-10-02 20:00:00,25.1,0.0,0.48,19.1,18.400000000000002
2025-10-02 21:00:00,25.0,0.0,0.481,19.8,18.400000000000002
2025-10-02 22:00:00,24.9,0.0,0.482,21.2,18.400000000000002
2025-10-02 23:00:00,25.2,0.0,0.479,20.9,18.400000000000002
2025-10-03 00:00:00,25.2,0.0,0.479,19.8,18.400000000000002
2025-10-03 01:00:00,25.0,0.0,0.479,21.6,18.400000000000002
2025-10-03 02:00:00,24.9,0.0,0.48,22.0,18.400000000000002
2025-10-03 03:00:00,24.7,0.0,0.48,21.6,18.400000000000002
2025-10-03 04:00:00,24.5,0.0,0.48,21.6,18.400000000000002
2025-10-03 05:00:00,24.6,0.1,0.473,19.4,18.5
2025-10-03 06:00:00,24.8,0.0,0.474,23.8,18.5
2025-10-03 07:00:00,25.3,0.0,0.474,25.2,18.5
2025-10-03 08:00:00,25.8,0.1,0.476,24.8,18.5
2025-10-03 09:00:00,26.8,0.1,0.476,28.8,18.400000000000002
2025-10-03 10:00:00,26.9,0.0,0.476,30.2,18.400000000000002
2025-10-03 11:00:00,26.7,0.0,0.482,30.2,18.3
2025-10-03 12:00:00,27.2,0.1,0.482,23.0,18.4
2025-10-03 13:00:00,27.3,0.1,0.482,22.7,18.5
2025-10-03 14:00:00,27.6,0.0,0.481,23.8,18.5
2025-10-03 15:00:00,28.1,0.0,0.479,24.8,18.3
2025-10-03 16:00:00,27.8,0.6,0.483,23.8,18.799999999999997
2025-10-03 17:00:00,26.2,0.4,0.47,28.1,19.1
2025-10-03 18:00:00,25.7,0.0,0.47,16.2,18.8
2025-10-03 19:00:00,25.1,0.0,0.47,13.0,16.8
2025-10-03 20:00:00,24.7,0.0,0.471,11.5,16.8
2025-10-03 21:00:00,24.3,0.3,0.473,11.9,17.1
2025-10-03 22:00:00,23.9,0.1,0.474,7.9,17.2
2025-10-03 23:00:00,24.6,0.0,0.465,6.5,17.2
2025-10-04 00:00:00,24.8,0.0,0.465,12.2,17.2
2025-10-04 01:00:00,24.7,0.0,0.466,13.0,17.2
2025-10-04 02:00:00,24.5,0.0,0.466,13.3,17.2
2025-10-04 03:00:00,24.2,0.0,0.467,13.7,17.2
2025-10-04 04:00:00,24.2,0.0,0.467,13.3,17.2
2025-10-04 05:00:00,24.4,0.0,0.48,11.9,17.2
2025-10-04 06:00:00,24.6,0.1,0.481,14.0,17.3
2025-10-04 07:00:00,25.3,0.0,0.481,22.0,17.3
2025-10-04 08:00:00,26.0,0.0,0.48,27.0,17.3
2025-10-04 09:00:00,27.7,0.0,0.479,29.5,17.3
2025-10-04 10:00:00,29.0,0.0,0.476,27.4,17.2
2025-10-04 11:00:00,29.8,0.1,0.474,28.1,17.299999999999997
2025-10-04 12:00:00,30.3,0.1,0.471,29.2,17.4
2025-10-04 13:00:00,31.0,0.0,0.469,28.1,17.4
2025-10-04 14:00:00,28.4,0.0,0.467,32.4,17.4
2025-10-04 15:00:00,26.2,0.2,0.467,29.2,15.599999999999998
2025-10-04 16:00:00,26.5,0.0,0.467,19.8,11.0
2025-10-04 17:00:00,27.5,0.0,0.478,13.7,10.899999999999999
2025-10-04 18:00:00,26.4,0.0,0.478,9.7,10.899999999999999
2025-10-04 19:00:00,26.0,0.0,0.478,5.4,10.899999999999999
2025-10-04 20:00:00,25.6,0.0,0.477,5.0,10.899999999999999
2025-10-04 21:00:00,25.3,0.0,0.477,5.4,10.899999999999999
2025-10-04 22:00:00,24.9,0.0,0.477,6.1,10.899999999999999
2025-10-04 23:00:00,24.6,0.9,0.486,7.6,11.799999999999999
2025-10-05 00:00:00,24.3,0.1,0.486,6.1,11.9
2025-10-05 01:00:00,23.9,0.0,0.485,4.0,11.9
2025-10-05 02:00:00,23.7,0.0,0.484,5.4,11.9
2025-10-05 03:00:00,23.3,0.0,0.484,5.4,11.9
2025-10-05 04:00:00,23.2,0.0,0.483,3.2,11.9
2025-10-05 05:00:00,23.6,0.0,0.465,2.5,11.9
2025-10-05 06:00:00,24.3,0.0,0.466,6.5,11.9
2025-10-05 07:00:00,25.1,0.7,0.471,14.8,12.6
2025-10-05 08:00:00,25.3,2.3,0.499,15.5,14.600000000000001
2025-10-05 09:00:00,26.3,0.5,0.5,14.0,14.899999999999999
2025-10-05 10:00:00,26.8,0.2,0.499,14.4,15.0
2025-10-05 11:00:00,28.6,0.3,0.5,15.1,15.2
2025-10-05 12:00:00,29.6,0.1,0.496,22.3,15.3
2025-10-05 13:00:00,29.9,0.1,0.493,23.0,12.700000000000001
2025-10-05 14:00:00,27.7,0.2,0.491,31.3,7.9
2025-10-05 15:00:00,26.2,1.4,0.504,31.3,9.2
2025-10-05 16:00:00,25.6,0.7,0.507,19.4,9.9
2025-10-05 17:00:00,25.6,0.6,0.495,10.4,10.5
2025-10-05 18:00:00,25.1,0.0,0.494,8.6,10.5
2025-10-05 19:00:00,24.9,0.7,0.499,4.7,11.2
2025-10-05 20:00:00,24.4,2.7,0.504,10.1,13.9
2025-10-05 21:00:00,24.4,1.7,0.518,7.6,15.6
2025-10-05 22:00:00,24.1,1.3,0.517,9.7,16.9
2025-10-05 23:00:00,24.2,1.7,0.514,8.6,18.6
2025-10-06 00:00:00,24.2,1.7,0.499,6.5,20.3
2025-10-06 01:00:00,24.0,1.7,0.517,6.5,22.0
2025-10-06 02:00:00,23.7,1.0,0.517,7.6,23.0
2025-10-06 03:00:00,23.7,1.5,0.516,6.1,24.5
2025-10-06 04:00:00,23.6,0.4,0.515,5.8,24.9
2025-10-06 05:00:00,23.6,0.2,0.508,3.6,25.0
2025-10-06 06:00:00,23.9,0.0,0.505,8.6,25.0
2025-10-06 07:00:00,25.0,0.0,0.502,11.9,25.0
2025-10-06 08:00:00,25.7,0.1,0.501,11.9,25.0
2025-10-06 09:00:00,26.0,0.2,0.501,13.7,25.099999999999998
2025-10-06 10:00:00,25.9,0.2,0.501,17.6,25.3
2025-10-06 11:00:00,27.4,0.1,0.5,19.1,25.4
2025-10-06 12:00:00,28.6,0.1,0.497,16.9,25.4
2025-10-06 13:00:00,29.0,0.0,0.493,16.9,25.3
2025-10-06 14:00:00,29.0,0.0,0.49,16.6,25.3
2025-10-06 15:00:00,29.0,0.0,0.488,17.6,25.3
2025-10-06 16:00:00,28.5,0.0,0.487,15.8,24.7
2025-10-06 17:00:00,27.3,0.0,0.487,14.0,24.3
2025-10-06 18:00:00,26.1,0.0,0.486,9.0,24.3
2025-10-06 19:00:00,25.6,0.0,0.486,10.8,24.3
2025-10-06 20:00:00,25.0,0.0,0.486,12.6,24.3
2025-10-06 21:00:00,24.6,0.0,0.486,12.6,24.0
2025-10-06 22:00:00,23.9,0.0,0.485,10.4,23.900000000000002
2025-10-06 23:00:00,23.3,0.0,0.478,7.2,23.900000000000002
2025-10-07 00:00:00,23.5,0.0,0.479,2.9,23.900000000000002
2025-10-07 01:00:00,23.1,0.0,0.479,12.2,23.900000000000002
2025-10-07 02:00:00,22.7,0.0,0.48,14.4,23.900000000000002
2025-10-07 03:00:00,22.1,0.0,0.48,4.3,23.900000000000002
2025-10-07 04:00:00,21.4,4.4,0.504,24.5,28.300000000000004
2025-10-07 05:00:00,21.9,1.7,0.517,18.7,30.000000000000004
2025-10-07 06:00:00,22.1,0.2,0.512,11.2,30.1
2025-10-07 07:00:00,23.2,0.0,0.509,9.7,30.1
2025-10-07 08:00:00,24.9,0.0,0.506,11.9,30.1
2025-10-07 09:00:00,26.5,0.0,0.503,13.0,30.1
2025-10-07 10:00:00,27.9,0.0,0.499,16.9,30.1
2025-10-07 11:00:00,29.6,0.0,0.476,19.8,30.0
2025-10-07 12:00:00,30.1,0.0,0.473,14.8,29.900000000000002
2025-10-07 13:00:00,30.3,0.0,0.47,16.9,29.900000000000002
2025-10-07 14:00:00,30.1,0.1,0.468,18.0,30.0
2025-10-07 15:00:00,29.8,0.1,0.467,19.4,29.9
2025-10-07 16:00:00,28.8,0.5,0.47,19.1,30.4
2025-10-07 17:00:00,27.9,0.0,0.47,11.2,30.4
2025-10-07 18:00:00,26.4,0.0,0.471,3.2,30.4
2025-10-07 19:00:00,25.8,0.0,0.471,4.0,30.4
2025-10-07 20:00:00,25.0,0.0,0.471,4.7,30.4
2025-10-07 21:00:00,24.2,0.0,0.471,5.8,30.4
2025-10-07 22:00:00,23.6,0.0,0.471,7.2,30.4
2025-10-07 23:00:00,24.2,0.0,0.448,7.2,29.5
2025-10-08 00:00:00,23.8,0.0,0.449,7.6,29.4
2025-10-08 01:00:00,23.3,0.0,0.45,8.3,29.4
2025-10-08 02:00:00,22.8,0.0,0.451,6.5,29.4
2025-10-08 03:00:00,22.4,0.0,0.452,7.9,29.4
2025-10-08 04:00:00,22.4,0.0,0.453,8.6,29.4
2025-10-08 05:00:00,22.3,0.0,0.456,10.8,29.4
2025-10-08 06:00:00,23.0,0.0,0.456,11.5,29.4
2025-10-08 07:00:00,24.8,0.0,0.457,12.6,28.7
2025-10-08 08:00:00,26.8,0.0,0.456,16.6,26.4
2025-10-08 09:00:00,28.3,0.0,0.454,20.2,25.9
2025-10-08 10:00:00,29.5,0.0,0.452,21.6,25.7
2025-10-08 11:00:00,30.1,0.0,0.449,21.6,25.4
2025-10-08 12:00:00,30.4,0.0,0.446,21.2,25.3
2025-10-08 13:00:00,30.5,0.0,0.443,21.2,25.2
2025-10-08 14:00:00,30.3,0.0,0.44,20.5,25.0
2025-10-08 15:00:00,29.9,0.0,0.439,20.2,23.6
2025-10-08 16:00:00,29.4,0.0,0.438,19.1,22.900000000000002
2025-10-08 17:00:00,27.4,0.0,0.413,9.7,22.3
2025-10-08 18:00:00,26.2,0.0,0.415,10.4,22.3
2025-10-08 19:00:00,26.1,0.0,0.416,18.4,21.6
2025-10-08 20:00:00,25.1,0.0,0.417,18.7,18.9
2025-10-08 21:00:00,24.6,0.0,0.418,17.3,17.2
2025-10-08 22:00:00,24.5,0.0,0.419,19.4,15.9
2025-10-08 23:00:00,24.1,0.0,0.408,17.6,14.200000000000001
2025-10-09 00:00:00,24.4,0.0,0.41,20.2,12.5
2025-10-09 01:00:00,24.2,0.0,0.411,19.4,10.8
2025-10-09 02:00:00,23.8,0.0,0.412,20.2,9.8
2025-10-09 03:00:00,23.0,0.0,0.413,18.4,8.3
2025-10-09 04:00:00,22.6,0.0,0.414,16.6,7.9
2025-10-09 05:00:00,23.6,0.0,0.406,19.4,7.7
2025-10-09 06:00:00,23.7,0.0,0.407,25.2,7.7
2025-10-09 07:00:00,24.8,0.0,0.408,22.7,7.7
2025-10-09 08:00:00,26.5,0.0,0.408,23.4,7.6000000000000005
2025-10-09 09:00:00,28.3,0.0,0.407,24.5,7.4
2025-10-09 10:00:00,29.5,0.0,0.406,24.8,7.2
2025-10-09 11:00:00,30.1,0.0,0.417,23.4,7.1000000000000005
2025-10-09 12:00:00,30.4,0.0,0.415,20.2,7.0
2025-10-09 13:00:00,30.2,0.0,0.412,20.9,7.0
2025-10-09 14:00:00,30.0,0.0,0.41,22.3,7.0
2025-10-09 15:00:00,29.5,0.0,0.409,25.2,7.0
2025-10-09 16:00:00,28.8,0.0,0.408,24.1,7.0
2025-10-09 17:00:00,27.6,0.0,0.381,16.9,7.0
2025-10-09 18:00:00,26.0,0.0,0.382,8.6,7.0
2025-10-09 19:00:00,24.8,0.0,0.383,8.3,7.0
2025-10-09 20:00:00,24.0,0.0,0.384,9.7,7.0
2025-10-09 21:00:00,23.8,0.1,0.385,11.5,7.1000000000000005
2025-10-09 22:00:00,23.6,0.3,0.389,11.5,7.4
2025-10-09 23:00:00,23.5,0.0,0.398,11.9,7.4
2025-10-10 00:00:00,23.5,0.0,0.399,13.0,7.4
2025-10-10 01:00:00,23.0,0.0,0.399,13.3,7.4
2025-10-10 02:00:00,22.5,0.0,0.4,15.5,7.4
2025-10-10 03:00:00,22.0,0.0,0.401,15.1,7.4
2025-10-10 04:00:00,21.7,0.0,0.401,13.0,3.0
2025-10-10 05:00:00,22.4,0.0,0.382,10.4,1.3
2025-10-10 06:00:00,23.3,0.1,0.383,16.2,1.2000000000000002
2025-10-10 07:00:00,23.9,0.1,0.385,18.4,1.3
2025-10-10 08:00:00,25.3,0.0,0.385,20.2,1.3
2025-10-10 09:00:00,26.1,0.3,0.387,16.6,1.6
2025-10-10 10:00:00,26.5,0.3,0.39,13.0,1.9000000000000001
2025-10-10 11:00:00,27.1,0.0,0.394,22.0,1.9000000000000001
2025-10-10 12:00:00,28.6,0.1,0.393,19.8,2.0
2025-10-10 13:00:00,28.8,0.0,0.391,20.9,2.0
2025-10-10 14:00:00,27.8,0.0,0.39,25.2,1.9
2025-10-10 15:00:00,26.6,0.4,0.392,25.9,2.2
2025-10-10 16:00:00,26.6,0.3,0.394,18.0,2.0
2025-10-10 17:00:00,25.1,0.0,0.388,11.2,2.0
2025-10-10 18:00:00,24.1,0.0,0.389,20.2,2.0
2025-10-10 19:00:00,23.8,0.0,0.389,15.5,2.0
2025-10-10 20:00:00,23.5,0.0,0.389,15.5,2.0
2025-10-10 21:00:00,23.3,0.0,0.39,15.5,2.0
2025-10-10 22:00:00,23.0,0.0,0.39,15.5,2.0
2025-10-10 23:00:00,22.8,0.0,0.384,15.1,2.0
2025-10-11 00:00:00,22.8,0.0,0.385,15.8,2.0
2025-10-11 01:00:00,22.5,0.0,0.385,15.8,2.0
2025-10-11 02:00:00,22.3,0.0,0.385,15.8,2.0
2025-10-11 03:00:00,22.1,0.0,0.386,15.1,2.0
2025-10-11 04:00:00,21.5,0.1,0.386,11.9,2.1
2025-10-11 05:00:00,21.8,0.0,0.39,7.6,2.1
2025-10-11 06:00:00,22.4,0.0,0.39,13.7,2.1
2025-10-11 07:00:00,23.7,0.0,0.39,12.6,2.1
2025-10-11 08:00:00,25.4,0.0,0.39,14.8,2.1
2025-10-11 09:00:00,26.7,0.0,0.389,16.6,2.1
2025-10-11 10:00:00,27.5,0.1,0.388,14.4,2.2
2025-10-11 11:00:00,27.8,0.1,0.387,15.5,2.3
2025-10-11 12:00:00,28.3,0.0,0.386,18.4,2.3
2025-10-11 13:00:00,28.8,0.0,0.384,20.2,2.3
2025-10-11 14:00:00,29.0,0.0,0.382,21.6,2.3
2025-10-11 15:00:00,28.9,0.0,0.38,22.0,2.3
2025-10-11 16:00:00,27.3,0.0,0.379,18.7,2.3
2025-10-11 17:00:00,26.1,0.0,0.371,18.0,2.3
2025-10-11 18:00:00,25.1,0.0,0.371,15.5,2.3
2025-10-11 19:00:00,24.3,0.0,0.371,14.8,2.3
2025-10-11 20:00:00,23.7,0.0,0.372,15.5,2.3
2025-10-11 21:00:00,23.2,0.0,0.372,17.3,2.3
2025-10-11 22:00:00,22.8,0.0,0.372,16.9,2.3
2025-10-11 23:00:00,22.5,0.0,0.373,14.0,2.3
2025-10-12 00:00:00,22.0,0.0,0.374,11.9,2.3
2025-10-12 01:00:00,21.2,0.0,0.374,8.6,2.3
2025-10-12 02:00:00,20.6,0.0,0.374,6.5,2.3
2025-10-12 03:00:00,20.0,0.0,0.375,5.8,2.3
2025-10-12 04:00:00,19.8,0.0,0.375,10.1,2.3
2025-10-12 05:00:00,20.3,0.0,0.363,10.4,2.3
2025-10-12 06:00:00,20.9,0.0,0.363,16.6,2.3
2025-10-12 07:00:00,22.6,0.0,0.363,16.6,2.3
2025-10-12 08:00:00,25.0,0.0,0.363,18.7,2.3
2025-10-12 09:00:00,26.8,0.0,0.362,20.5,2.3
2025-10-12 10:00:00,28.2,0.0,0.36,19.8,2.3
2025-10-12 11:00:00,28.4,0.0,0.362,16.6,2.3
2025-10-12 12:00:00,29.0,0.1,0.361,13.7,2.4
2025-10-12 13:00:00,29.2,0.1,0.36,11.5,2.5
2025-10-12 14:00:00,29.1,0.0,0.359,11.9,2.5
2025-10-12 15:00:00,29.1,0.0,0.358,12.6,2.5
2025-10-12 16:00:00,28.7,0.0,0.357,12.2,2.5
2025-10-12 17:00:00,26.5,0.0,0.348,8.6,2.5
2025-10-12 18:00:00,25.3,0.0,0.348,10.8,2.5
2025-10-12 19:00:00,24.5,0.0,0.348,13.0,2.5
2025-10-12 20:00:00,23.9,0.0,0.348,13.3,2.5
2025-10-12 21:00:00,23.2,0.0,0.348,11.9,2.4
2025-10-12 22:00:00,22.4,0.0,0.348,12.2,2.1
2025-10-12 23:00:00,21.8,0.0,0.351,12.2,2.1
2025-10-13 00:00:00,21.7,0.0,0.351,11.9,2.1
2025-10-13 01:00:00,21.4,0.0,0.352,11.5,2.1
2025-10-13 02:00:00,21.2,0.0,0.352,13.7,2.1
2025-10-13 03:00:00,21.0,0.0,0.352,15.5,2.1
2025-10-13 04:00:00,20.7,0.0,0.352,16.2,2.1
2025-10-13 05:00:00,21.7,0.0,0.356,16.6,2.1
2025-10-13 06:00:00,22.4,0.0,0.356,17.6,2.0
2025-10-13 07:00:00,23.6,0.1,0.358,16.6,2.0
2025-10-13 08:00:00,25.1,0.1,0.359,17.6,2.1
2025-10-13 09:00:00,26.6,0.0,0.358,19.8,1.8
2025-10-13 10:00:00,27.6,0.1,0.358,20.5,1.6
2025-10-13 11:00:00,28.6,0.1,0.357,16.6,1.7
2025-10-13 12:00:00,29.1,0.2,0.356,13.7,1.8000000000000003
2025-10-13 13:00:00,29.2,0.1,0.355,13.0,1.9000000000000001
2025-10-13 14:00:00,29.2,0.0,0.354,11.5,1.9000000000000001
2025-10-13 15:00:00,29.1,0.0,0.352,11.5,1.5
2025-10-13 16:00:00,28.7,0.0,0.351,10.4,1.2
2025-10-13 17:00:00,27.3,0.0,0.347,8.3,1.2
2025-10-13 18:00:00,25.6,0.0,0.347,12.2,1.2
2025-10-13 19:00:00,24.4,0.0,0.347,10.4,1.2
2025-10-13 20:00:00,23.4,0.0,0.348,12.6,1.2
2025-10-13 21:00:00,22.9,0.0,0.348,13.3,1.2
2025-10-13 22:00:00,22.8,0.0,0.348,14.0,1.2
2025-10-13 23:00:00,22.3,0.0,0.348,13.3,1.2
2025-10-14 00:00:00,22.2,0.0,0.348,11.2,1.2
2025-10-14 01:00:00,21.9,0.0,0.349,11.9,1.2
2025-10-14 02:00:00,21.5,0.0,0.349,11.2,1.2
2025-10-14 03:00:00,21.0,0.0,0.349,7.6,1.2
2025-10-14 04:00:00,21.2,0.0,0.35,6.5,1.1
2025-10-14 05:00:00,21.8,0.0,0.345,7.6,1.1
2025-10-14 06:00:00,22.7,0.0,0.345,6.1,1.1
2025-10-14 07:00:00,24.6,0.0,0.345,9.0,1.1
2025-10-14 08:00:00,26.7,0.0,0.344,11.9,1.1
2025-10-14 09:00:00,28.2,0.0,0.343,18.7,1.1
2025-10-14 10:00:00,28.9,0.0,0.342,23.4,1.0
2025-10-14 11:00:00,29.5,0.0,0.339,24.1,0.9000000000000001
2025-10-14 12:00:00,30.0,0.1,0.337,23.0,1.0
2025-10-14 13:00:00,30.4,0.0,0.335,20.5,1.0
2025-10-14 14:00:00,30.5,0.0,0.334,16.6,1.0
2025-10-14 15:00:00,30.5,0.0,0.332,16.9,1.0
2025-10-14 16:00:00,30.0,0.0,0.332,14.0,1.0
2025-10-14 17:00:00,27.6,0.0,0.334,6.8,1.0
2025-10-14 18:00:00,25.9,0.0,0.335,8.3,1.0
2025-10-14 19:00:00,24.9,0.0,0.335,9.7,1.0
2025-10-14 20:00:00,23.9,0.0,0.335,11.2,1.0
2025-10-14 21:00:00,23.6,0.0,0.335,11.2,1.0
2025-10-14 22:00:00,23.1,0.0,0.335,11.5,1.0
2025-10-14 23:00:00,23.0,0.0,0.336,10.8,1.0
2025-10-15 00:00:00,22.9,0.0,0.336,10.1,1.0
2025-10-15 01:00:00,22.5,0.0,0.336,8.6,1.0
2025-10-15 02:00:00,22.2,0.0,0.336,7.9,1.0
2025-10-15 03:00:00,21.9,0.0,0.337,7.9,1.0
2025-10-15 04:00:00,21.7,0.0,0.337,8.6,1.0
2025-10-15 05:00:00,22.0,0.0,0.33,9.0,1.0
2025-10-15 06:00:00,22.9,0.0,0.33,8.6,1.0
2025-10-15 07:00:00,24.9,0.0,0.33,9.7,1.0
2025-10-15 08:00:00,27.1,0.0,0.33,9.0,1.0
2025-10-15 09:00:00,28.6,0.1,0.329,15.1,1.1
2025-10-15 10:00:00,29.7,0.0,0.328,17.3,1.1
2025-10-15 11:00:00,30.3,0.0,0.325,16.9,1.1
2025-10-15 12:00:00,30.7,0.0,0.323,16.9,1.0
2025-10-15 13:00:00,30.9,0.0,0.321,16.9,0.9
2025-10-15 14:00:00,30.9,0.0,0.32,15.8,0.9
2025-10-15 15:00:00,30.8,0.0,0.318,14.0,0.9
2025-10-15 16:00:00,30.2,0.0,0.318,9.7,0.9
2025-10-15 17:00:00,27.3,0.0,0.302,4.7,0.9
2025-10-15 18:00:00,25.9,0.0,0.302,21.2,0.9
2025-10-15 19:00:00,24.6,0.0,0.302,11.5,0.9
2025-10-15 20:00:00,24.1,0.0,0.302,12.6,0.9
2025-10-15 21:00:00,23.8,0.0,0.303,12.6,0.9
2025-10-15 22:00:00,23.2,0.0,0.303,11.2,0.9
2025-10-15 23:00:00,22.6,0.0,0.303,8.6,0.9
2025-10-16 00:00:00,22.2,0.0,0.303,7.6,0.9
2025-10-16 01:00:00,21.6,0.0,0.304,6.5,0.9
2025-10-16 02:00:00,21.3,0.0,0.304,7.2,0.9
2025-10-16 03:00:00,21.1,0.0,0.304,7.9,0.9
2025-10-16 04:00:00,20.9,0.0,0.304,7.2,0.9
2025-10-16 05:00:00,21.9,0.0,0.289,8.3,0.9
2025-10-16 06:00:00,22.7,0.0,0.289,11.2,0.9
2025-10-16 07:00:00,25.0,0.0,0.289,11.2,0.8
2025-10-16 08:00:00,27.4,0.0,0.289,10.8,0.7000000000000001
2025-10-16 09:00:00,28.9,0.0,0.288,14.4,0.7000000000000001
2025-10-16 10:00:00,29.8,0.0,0.287,16.2,0.6000000000000001
2025-10-16 11:00:00,29.6,0.0,0.294,15.8,0.5
2025-10-16 12:00:00,30.2,0.0,0.293,15.5,0.30000000000000004
2025-10-16 13:00:00,30.3,0.0,0.292,15.5,0.2
2025-10-16 14:00:00,30.1,0.0,0.291,15.5,0.2
2025-10-16 15:00:00,30.1,0.0,0.29,15.5,0.2
2025-10-16 16:00:00,28.6,0.1,0.291,14.4,0.30000000000000004
2025-10-16 17:00:00,25.6,0.0,0.291,15.1,0.30000000000000004
2025-10-16 18:00:00,25.2,0.0,0.291,14.0,0.30000000000000004
2025-10-16 19:00:00,24.2,0.0,0.291,12.2,0.30000000000000004
2025-10-16 20:00:00,23.4,0.0,0.291,9.0,0.30000000000000004
2025-10-16 21:00:00,22.8,0.0,0.291,10.1,0.30000000000000004
2025-10-16 22:00:00,22.5,0.0,0.291,12.6,0.30000000000000004
2025-10-16 23:00:00,22.7,0.0,0.301,12.6,0.30000000000000004
2025-10-17 00:00:00,22.4,0.0,0.301,10.4,0.30000000000000004
2025-10-17 01:00:00,22.0,0.0,0.301,9.0,0.30000000000000004
2025-10-17 02:00:00,22.1,0.0,0.301,7.6,0.30000000000000004
2025-10-17 03:00:00,22.0,0.0,0.302,7.6,0.30000000000000004
2025-10-17 04:00:00,21.8,0.0,0.302,7.6,0.30000000000000004
2025-10-17 05:00:00,20.7,0.0,0.294,8.6,0.30000000000000004
2025-10-17 06:00:00,21.4,0.0,0.294,11.5,0.30000000000000004
2025-10-17 07:00:00,24.0,0.0,0.294,14.4,0.30000000000000004
2025-10-17 08:00:00,25.9,0.0,0.294,14.8,0.30000000000000004
2025-10-17 09:00:00,27.3,0.0,0.293,14.8,0.30000000000000004
2025-10-17 10:00:00,28.8,0.0,0.292,14.4,0.30000000000000004
2025-10-17 11:00:00,29.2,0.0,0.291,15.5,0.30000000000000004
2025-10-17 12:00:00,30.0,0.0,0.29,14.0,0.2
2025-10-17 13:00:00,30.4,0.0,0.289,14.4,0.2
2025-10-17 14:00:00,30.6,0.0,0.288,15.5,0.2
2025-10-17 15:00:00,30.6,0.0,0.287,18.4,0.2
2025-10-17 16:00:00,29.7,0.0,0.286,17.6,0.2
2025-10-17 17:00:00,27.7,0.0,0.292,11.2,0.2
2025-10-17 18:00:00,26.3,0.0,0.292,6.5,0.2
2025-10-17 19:00:00,25.4,0.0,0.292,6.1,0.2
2025-10-17 20:00:00,24.7,0.0,0.292,4.3,0.2
2025-10-17 21:00:00,24.4,0.0,0.292,4.7,0.2
2025-10-17 22:00:00,24.4,0.0,0.292,4.0,0.2
2025-10-17 23:00:00,23.4,0.0,0.298,4.3,0.2
2025-10-18 00:00:00,23.0,0.0,0.298,7.6,0.2
2025-10-18 01:00:00,22.4,0.0,0.298,8.6,0.2
2025-10-18 02:00:00,22.2,0.0,0.298,7.2,0.2
2025-10-18 03:00:00,21.8,0.0,0.298,7.2,0.2
2025-10-18 04:00:00,21.3,0.0,0.298,6.8,0.2
2025-10-18 05:00:00,20.7,0.0,0.292,5.8,0.2
2025-10-18 06:00:00,21.2,0.0,0.292,13.3,0.2
2025-10-18 07:00:00,23.4,0.0,0.292,14.8,0.2
2025-10-18 08:00:00,26.0,0.0,0.291,13.0,0.2
2025-10-18 09:00:00,27.8,0.1,0.291,11.2,0.2
2025-10-18 10:00:00,29.1,0.0,0.29,13.7,0.2
2025-10-18 11:00:00,29.5,0.0,0.292,13.0,0.2
2025-10-18 12:00:00,30.6,0.0,0.291,16.2,0.2
2025-10-18 13:00:00,31.1,0.0,0.289,17.3,0.2
2025-10-18 14:00:00,31.2,0.0,0.288,18.7,0.2
2025-10-18 15:00:00,30.6,0.0,0.286,20.9,0.2
2025-10-18 16:00:00,29.2,0.0,0.286,20.5,0.2
2025-10-18 17:00:00,26.9,0.0,0.29,15.8,0.2
2025-10-18 18:00:00,25.6,0.0,0.29,15.8,0.2
2025-10-18 19:00:00,24.4,0.0,0.289,14.4,0.2
2025-10-18 20:00:00,22.9,0.0,0.289,12.6,0.2
2025-10-18 21:00:00,22.0,0.0,0.289,13.3,0.2
2025-10-18 22:00:00,21.4,0.0,0.289,13.3,0.2
2025-10-18 23:00:00,20.7,0.0,0.289,10.1,0.2
2025-10-19 00:00:00,20.3,0.0,0.289,7.6,0.2
2025-10-19 01:00:00,19.9,0.0,0.289,5.0,0.2
2025-10-19 02:00:00,19.2,0.0,0.289,5.0,0.2
2025-10-19 03:00:00,18.7,0.0,0.29,6.8,0.2
2025-10-19 04:00:00,18.4,0.0,0.29,10.8,0.2
2025-10-19 05:00:00,19.0,0.0,0.29,11.5,0.2
2025-10-19 06:00:00,20.0,0.0,0.29,11.2,0.2
2025-10-19 07:00:00,22.4,0.0,0.29,11.5,0.2
2025-10-19 08:00:00,25.0,0.0,0.29,10.8,0.2
2025-10-19 09:00:00,27.1,0.0,0.289,11.5,0.2
2025-10-19 10:00:00,28.6,0.0,0.288,12.2,0.2
2025-10-19 11:00:00,29.4,0.0,0.287,12.6,0.2
2025-10-19 12:00:00,30.6,0.0,0.285,15.1,0.2
2025-10-19 13:00:00,31.3,0.0,0.284,16.6,0.2
2025-10-19 14:00:00,31.3,0.0,0.282,18.4,0.2
2025-10-19 15:00:00,30.8,0.0,0.281,21.2,0.2
2025-10-19 16:00:00,29.2,0.0,0.281,21.2,0.1
2025-10-19 17:00:00,26.9,0.0,0.285,18.0,0.1
2025-10-19 18:00:00,25.3,0.0,0.285,14.0,0.1
2025-10-19 19:00:00,24.4,0.0,0.285,15.1,0.1
2025-10-19 20:00:00,23.6,0.0,0.284,15.5,0.1
2025-10-19 21:00:00,22.6,0.0,0.284,14.8,0.1
2025-10-19 22:00:00,21.7,0.0,0.284,11.5,0.1
2025-10-19 23:00:00,20.8,0.0,0.284,11.2,0.1
2025-10-20 00:00:00,20.4,0.0,0.284,10.1,0.1
2025-10-20 01:00:00,19.7,0.0,0.284,9.0,0.1
2025-10-20 02:00:00,19.0,0.0,0.284,7.9,0.1
2025-10-20 03:00:00,18.5,0.0,0.285,8.3,0.1
2025-10-20 04:00:00,18.0,0.0,0.285,9.7,0.1
2025-10-20 05:00:00,18.5,0.0,0.285,11.5,0.1
2025-10-20 06:00:00,19.5,0.0,0.285,16.2,0.1
2025-10-20 07:00:00,22.1,0.0,0.285,18.7,0.1
2025-10-20 08:00:00,25.5,0.0,0.284,17.3,0.1
2025-10-20 09:00:00,27.2,0.0,0.284,25.2,0.1
2025-10-20 10:00:00,28.5,0.0,0.283,25.9,0.1
2025-10-20 11:00:00,29.1,0.0,0.283,23.0,0.1
2025-10-20 12:00:00,29.7,0.0,0.281,22.3,0.1
2025-10-20 13:00:00,30.4,0.0,0.28,20.5,0.1
2025-10-20 14:00:00,30.2,0.4,0.283,17.3,0.5
2025-10-20 15:00:00,30.2,0.2,0.284,16.6,0.7
2025-10-20 16:00:00,28.0,0.2,0.286,16.6,0.9
2025-10-20 17:00:00,26.0,0.0,0.378,13.0,0.9
2025-10-20 18:00:00,25.0,0.0,0.378,7.6,0.9
2025-10-20 19:00:00,24.4,0.0,0.378,10.8,0.9
2025-10-20 20:00:00,23.9,0.0,0.378,11.9,0.9
2025-10-20 21:00:00,23.4,0.0,0.378,11.5,0.9
2025-10-20 22:00:00,23.1,0.0,0.377,11.2,0.9
2025-10-20 23:00:00,23.3,0.0,0.375,10.4,0.9
2025-10-21 00:00:00,23.3,0.0,0.375,10.4,0.9
2025-10-21 01:00:00,23.1,0.0,0.375,10.1,0.9
2025-10-21 02:00:00,23.1,0.0,0.374,11.5,0.9
2025-10-21 03:00:00,22.9,0.0,0.374,11.5,0.9
2025-10-21 04:00:00,22.4,0.0,0.374,10.8,0.9
2025-10-21 05:00:00,22.4,0.0,0.368,8.3,0.9
2025-10-21 06:00:00,23.1,0.0,0.368,11.9,0.9
2025-10-21 07:00:00,25.1,0.0,0.368,13.7,0.9
2025-10-21 08:00:00,27.1,0.0,0.367,15.5,0.9
2025-10-21 09:00:00,28.5,0.1,0.366,23.8,0.9
2025-10-21 10:00:00,29.8,0.0,0.364,31.0,0.9
2025-10-21 11:00:00,30.7,0.0,0.364,31.7,0.9
2025-10-21 12:00:00,31.2,0.0,0.361,28.4,0.9
2025-10-21 13:00:00,31.5,0.0,0.358,28.1,0.9
2025-10-21 14:00:00,30.1,0.1,0.356,27.4,1.0
2025-10-21 15:00:00,29.7,0.0,0.355,26.3,1.0
2025-10-21 16:00:00,29.3,0.0,0.354,17.6,1.0
2025-10-21 17:00:00,26.3,0.0,0.361,10.1,1.0
2025-10-21 18:00:00,25.5,0.0,0.361,6.8,1.0
2025-10-21 19:00:00,25.0,0.0,0.361,7.9,1.0
2025-10-21 20:00:00,24.4,0.0,0.361,6.5,1.0
2025-10-21 21:00:00,24.0,0.0,0.361,7.2,1.0
2025-10-21 22:00:00,23.5,0.0,0.361,7.2,1.0
2025-10-21 23:00:00,23.6,0.0,0.36,6.8,1.0
2025-10-22 00:00:00,23.5,0.0,0.36,6.8,1.0
2025-10-22 01:00:00,23.1,0.0,0.36,7.6,1.0
2025-10-22 02:00:00,22.7,0.0,0.36,8.3,1.0
2025-10-22 03:00:00,22.3,0.0,0.36,10.1,1.0
2025-10-22 04:00:00,22.1,0.0,0.36,10.8,1.0
2025-10-22 05:00:00,22.2,0.0,0.357,11.5,1.0
2025-10-22 06:00:00,23.0,0.0,0.356,10.8,1.0
2025-10-22 07:00:00,25.1,0.0,0.356,13.3,1.0
2025-10-22 08:00:00,27.5,0.0,0.355,13.3,1.0
2025-10-22 09:00:00,29.2,0.0,0.354,15.8,1.0
2025-10-22 10:00:00,30.4,0.0,0.352,19.8,1.0
2025-10-22 11:00:00,31.2,0.0,0.353,19.8,1.0
2025-10-22 12:00:00,31.6,0.0,0.35,20.2,1.0
2025-10-22 13:00:00,31.7,0.0,0.347,19.1,1.0
2025-10-22 14:00:00,31.5,0.0,0.345,16.9,1.0
2025-10-22 15:00:00,31.2,0.0,0.344,15.1,1.0
2025-10-22 16:00:00,30.3,0.0,0.343,13.3,1.0
2025-10-22 17:00:00,27.2,0.0,0.346,10.1,1.0
2025-10-22 18:00:00,26.3,0.0,0.346,6.8,1.0
2025-10-22 19:00:00,26.2,0.0,0.346,15.1,1.0
2025-10-22 20:00:00,25.7,0.0,0.346,15.1,1.0
2025-10-22 21:00:00,24.9,0.0,0.345,15.1,1.0
2025-10-22 22:00:00,24.1,0.0,0.345,13.0,1.0
2025-10-22 23:00:00,23.5,0.0,0.346,11.5,1.0
2025-10-23 00:00:00,23.2,0.0,0.346,11.5,1.0
2025-10-23 01:00:00,22.7,0.0,0.346,9.4,1.0
2025-10-23 02:00:00,21.9,0.0,0.346,8.6,1.0
2025-10-23 03:00:00,21.2,0.0,0.346,9.0,1.0
2025-10-23 04:00:00,20.8,0.0,0.346,12.2,1.0
2025-10-23 05:00:00,21.5,0.0,0.339,13.0,1.0
2025-10-23 06:00:00,22.5,0.0,0.339,13.0,1.0
2025-10-23 07:00:00,24.7,0.0,0.338,14.0,1.0
2025-10-23 08:00:00,27.4,0.0,0.337,13.7,1.0
2025-10-23 09:00:00,29.2,0.0,0.336,16.9,1.0
2025-10-23 10:00:00,30.4,0.0,0.334,20.2,1.0
2025-10-23 11:00:00,31.1,0.0,0.332,22.7,1.0
2025-10-23 12:00:00,31.7,0.0,0.329,20.5,1.0
2025-10-23 13:00:00,32.1,0.0,0.327,19.4,1.0
2025-10-23 14:00:00,31.9,0.0,0.325,16.6,0.6000000000000001
2025-10-23 15:00:00,31.4,0.1,0.324,13.0,0.5
2025-10-23 16:00:00,30.8,0.0,0.323,10.1,0.30000000000000004
2025-10-23 17:00:00,28.5,0.0,0.323,7.9,0.30000000000000004
2025-10-23 18:00:00,26.7,0.0,0.323,9.0,0.30000000000000004
2025-10-23 19:00:00,26.1,0.0,0.323,15.5,0.30000000000000004
2025-10-23 20:00:00,25.4,0.0,0.323,15.1,0.30000000000000004
2025-10-23 21:00:00,24.6,0.0,0.322,13.3,0.30000000000000004
2025-10-23 22:00:00,23.9,0.0,0.322,13.7,0.30000000000000004
2025-10-23 23:00:00,23.3,0.0,0.324,13.7,0.30000000000000004
2025-10-24 00:00:00,23.2,0.0,0.324,13.7,0.30000000000000004
2025-10-24 01:00:00,23.0,0.0,0.324,13.3,0.30000000000000004
2025-10-24 02:00:00,22.8,0.0,0.324,13.0,0.30000000000000004
2025-10-24 03:00:00,22.3,0.0,0.324,13.0,0.30000000000000004
2025-10-24 04:00:00,21.7,0.0,0.324,11.5,0.30000000000000004
2025-10-24 05:00:00,21.6,0.0,0.312,10.8,0.30000000000000004
2025-10-24 06:00:00,22.7,0.0,0.312,12.6,0.30000000000000004
2025-10-24 07:00:00,24.7,0.0,0.312,11.9,0.30000000000000004
2025-10-24 08:00:00,27.5,0.0,0.311,10.8,0.30000000000000004
2025-10-24 09:00:00,29.3,0.0,0.31,15.5,0.2
2025-10-24 10:00:00,30.6,0.0,0.308,19.4,0.2
2025-10-24 11:00:00,31.0,0.0,0.309,22.3,0.2
2025-10-24 12:00:00,31.6,0.0,0.307,21.2,0.2
2025-10-24 13:00:00,31.8,0.0,0.305,19.4,0.2
2025-10-24 14:00:00,31.9,0.0,0.303,16.6,0.1
2025-10-24 15:00:00,31.6,0.0,0.302,14.4,0.1
2025-10-24 16:00:00,30.6,0.0,0.301,12.2,0.1
2025-10-24 17:00:00,28.9,0.0,0.298,8.3,0.1
2025-10-24 18:00:00,27.2,0.0,0.298,3.6,0.1
2025-10-24 19:00:00,26.0,0.0,0.298,9.0,0.1
2025-10-24 20:00:00,25.3,0.0,0.298,9.4,0.1
2025-10-24 21:00:00,24.6,0.0,0.298,5.0,0.1
2025-10-24 22:00:00,24.0,0.0,0.298,4.7,0.1
2025-10-24 23:00:00,23.7,0.0,0.298,4.3,0.1
2025-10-25 00:00:00,23.7,0.0,0.298,3.6,0.1
2025-10-25 01:00:00,23.8,0.0,0.298,8.6,0.1
2025-10-25 02:00:00,23.7,0.0,0.298,8.3,0.1
2025-10-25 03:00:00,23.2,0.0,0.298,8.3,0.1
2025-10-25 04:00:00,22.8,0.0,0.298,10.8,0.1
2025-10-25 05:00:00,23.2,0.0,0.296,13.0,0.1
2025-10-25 06:00:00,24.0,0.0,0.296,5.0,0.1
2025-10-25 07:00:00,24.6,0.0,0.296,10.8,0.1
2025-10-25 08:00:00,25.7,0.0,0.296,12.6,0.1
2025-10-25 09:00:00,26.4,0.0,0.296,11.5,0.1
2025-10-25 10:00:00,27.3,0.0,0.295,12.6,0.1
2025-10-25 11:00:00,25.1,0.0,0.309,13.3,0.1
2025-10-25 12:00:00,23.9,2.4,0.339,22.0,2.5
2025-10-25 13:00:00,25.0,1.2,0.352,15.1,3.7
2025-10-25 14:00:00,25.2,0.1,0.352,17.6,3.8
2025-10-25 15:00:00,25.9,0.0,0.352,15.5,3.8
2025-10-25 16:00:00,25.6,0.0,0.352,16.9,3.8
2025-10-25 17:00:00,26.8,0.0,0.303,14.8,3.8
2025-10-25 18:00:00,25.9,0.0,0.303,5.4,3.8
2025-10-25 19:00:00,25.4,0.1,0.304,9.0,3.9
2025-10-25 20:00:00,24.9,0.0,0.303,9.0,3.9
2025-10-25 21:00:00,24.5,0.0,0.304,6.5,3.9
2025-10-25 22:00:00,24.4,0.0,0.304,5.8,3.9
2025-10-25 23:00:00,23.8,0.0,0.302,9.7,3.9
2025-10-26 00:00:00,23.7,0.0,0.302,12.2,3.9
2025-10-26 01:00:00,23.3,0.0,0.302,8.3,3.9
2025-10-26 02:00:00,23.0,0.0,0.302,4.0,3.9
2025-10-26 03:00:00,22.9,0.1,0.302,9.4,4.0
2025-10-26 04:00:00,22.6,0.4,0.306,14.0,4.4
2025-10-26 05:00:00,22.4,1.0,0.318,13.7,5.4
2025-10-26 06:00:00,22.5,1.0,0.332,13.0,6.4
2025-10-26 07:00:00,23.0,0.3,0.336,10.4,6.7
2025-10-26 08:00:00,23.6,0.0,0.336,8.3,6.7
2025-10-26 09:00:00,24.6,0.0,0.337,10.4,6.7
2025-10-26 10:00:00,25.9,0.0,0.337,19.4,6.7
2025-10-26 11:00:00,26.9,0.1,0.336,22.3,6.8
2025-10-26 12:00:00,27.8,0.1,0.336,22.7,6.9
2025-10-26 13:00:00,26.8,1.5,0.353,24.5,8.4
2025-10-26 14:00:00,24.1,4.6,0.411,24.8,13.0
2025-10-26 15:00:00,24.7,0.5,0.415,15.5,13.4
2025-10-26 16:00:00,25.1,0.1,0.415,10.8,13.5
2025-10-26 17:00:00,21.9,0.0,0.495,10.8,13.5
2025-10-26 18:00:00,22.5,0.2,0.49,14.4,13.700000000000001
2025-10-26 19:00:00,23.0,0.0,0.484,13.7,13.700000000000001
2025-10-26 20:00:00,23.1,0.0,0.48,11.5,13.700000000000001
2025-10-26 21:00:00,22.8,0.0,0.476,10.4,13.700000000000001
2025-10-26 22:00:00,22.4,0.0,0.473,8.3,13.700000000000001
2025-10-26 23:00:00,22.4,0.0,0.471,8.6,13.700000000000001
2025-10-27 00:00:00,22.0,0.0,0.469,6.1,13.700000000000001
2025-10-27 01:00:00,21.9,0.0,0.466,2.2,13.700000000000001
2025-10-27 02:00:00,21.6,0.0,0.465,3.2,13.700000000000001
2025-10-27 03:00:00,21.4,0.0,0.463,6.1,13.700000000000001
2025-10-27 04:00:00,21.4,0.0,0.461,6.5,13.700000000000001
2025-10-27 05:00:00,21.5,0.0,0.46,4.0,13.700000000000001
2025-10-27 06:00:00,21.8,0.0,0.458,5.0,13.700000000000001
2025-10-27 07:00:00,23.9,0.0,0.457,13.0,13.700000000000001
2025-10-27 08:00:00,25.8,0.0,0.456,13.0,13.700000000000001
2025-10-27 09:00:00,27.7,0.0,0.453,16.6,13.700000000000001
2025-10-27 10:00:00,29.4,0.0,0.45,25.2,13.700000000000001
2025-10-27 11:00:00,29.9,0.0,0.442,29.2,13.700000000000001
2025-10-27 12:00:00,30.4,0.0,0.439,33.5,13.700000000000001
2025-10-27 13:00:00,30.7,0.0,0.435,28.1,13.700000000000001
2025-10-27 14:00:00,30.6,0.0,0.432,28.1,13.700000000000001
2025-10-27 15:00:00,30.2,0.0,0.429,25.2,13.700000000000001
2025-10-27 16:00:00,29.1,0.0,0.428,20.5,13.700000000000001
2025-10-27 17:00:00,26.9,0.0,0.43,10.8,13.700000000000001
2025-10-27 18:00:00,26.0,0.0,0.43,15.5,13.700000000000001
2025-10-27 19:00:00,25.3,0.0,0.429,16.6,13.700000000000001
2025-10-27 20:00:00,24.7,0.0,0.429,16.2,13.700000000000001
2025-10-27 21:00:00,24.4,0.0,0.428,12.6,13.700000000000001
2025-10-27 22:00:00,23.9,0.0,0.428,12.2,13.700000000000001
2025-10-27 23:00:00,23.8,0.0,0.427,9.7,13.700000000000001
2025-10-28 00:00:00,23.8,0.0,0.427,8.3,13.700000000000001
2025-10-28 01:00:00,23.6,0.0,0.427,5.0,13.700000000000001
2025-10-28 02:00:00,23.8,0.0,0.426,5.8,13.700000000000001
2025-10-28 03:00:00,23.8,0.4,0.429,5.4,14.1
2025-10-28 04:00:00,23.5,0.0,0.429,5.8,14.1
2025-10-28 05:00:00,23.7,0.3,0.448,7.6,14.4
2025-10-28 06:00:00,24.2,0.0,0.448,10.8,14.4
2025-10-28 07:00:00,24.6,0.2,0.449,13.7,14.6
2025-10-28 08:00:00,26.1,0.0,0.448,19.8,14.6
2025-10-28 09:00:00,27.2,0.0,0.446,17.6,14.6
2025-10-28 10:00:00,29.0,0.0,0.444,22.7,14.6
2025-10-28 11:00:00,28.4,0.0,0.443,31.0,14.6
2025-10-28 12:00:00,27.5,0.1,0.442,27.0,12.3
2025-10-28 13:00:00,27.6,0.0,0.439,28.4,11.100000000000001
2025-10-28 14:00:00,27.1,0.1,0.438,28.4,11.1
2025-10-28 15:00:00,27.0,0.1,0.438,25.6,11.2
2025-10-28 16:00:00,27.1,0.0,0.437,20.2,11.2
2025-10-28 17:00:00,27.3,0.0,0.446,17.6,11.2
2025-10-28 18:00:00,26.6,0.0,0.446,14.0,11.2
2025-10-28 19:00:00,26.1,0.0,0.445,14.0,11.1
2025-10-28 20:00:00,25.7,0.0,0.444,14.4,11.1
2025-10-28 21:00:00,25.6,0.0,0.443,14.4,11.1
2025-10-28 22:00:00,25.1,0.0,0.443,16.6,11.1
2025-10-28 23:00:00,25.4,0.0,0.44,19.4,11.1
2025-10-29 00:00:00,24.8,0.0,0.439,20.2,11.1
2025-10-29 01:00:00,24.7,0.0,0.439,18.4,11.1
2025-10-29 02:00:00,24.5,0.0,0.438,16.9,11.1
2025-10-29 03:00:00,24.3,0.0,0.438,17.3,11.0
2025-10-29 04:00:00,24.6,0.0,0.438,15.5,10.6
2025-10-29 05:00:00,25.0,0.0,0.437,16.6,9.6
2025-10-29 06:00:00,24.8,0.8,0.445,19.4,9.4
2025-10-29 07:00:00,24.8,0.1,0.446,25.2,9.200000000000001
2025-10-29 08:00:00,26.1,0.0,0.446,25.9,9.200000000000001
2025-10-29 09:00:00,27.0,0.0,0.445,28.8,9.200000000000001
2025-10-29 10:00:00,28.7,0.1,0.443,35.6,9.3
2025-10-29 11:00:00,29.0,0.0,0.441,37.1,9.2
2025-10-29 12:00:00,29.1,1.0,0.45,35.3,10.1
2025-10-29 13:00:00,29.6,0.1,0.448,36.4,8.7
2025-10-29 14:00:00,29.7,0.1,0.445,35.3,4.2
2025-10-29 15:00:00,29.4,0.0,0.443,31.7,3.7
2025-10-29 16:00:00,28.7,0.0,0.441,29.2,3.6
2025-10-29 17:00:00,26.9,0.0,0.459,22.7,3.6
2025-10-29 18:00:00,26.2,0.0,0.458,23.0,3.4000000000000004
2025-10-29 19:00:00,25.8,0.0,0.457,25.2,3.4000000000000004
2025-10-29 20:00:00,25.8,0.0,0.456,27.4,3.4000000000000004
2025-10-29 21:00:00,25.9,0.1,0.456,26.6,3.5000000000000004
2025-10-29 22:00:00,24.9,0.9,0.464,27.7,4.4
2025-10-29 23:00:00,25.2,0.3,0.463,30.6,4.7
2025-10-30 00:00:00,24.6,0.6,0.466,34.2,5.300000000000001
2025-10-30 01:00:00,24.7,0.0,0.465,31.0,5.300000000000001
2025-10-30 02:00:00,24.6,0.0,0.464,26.6,5.300000000000001
2025-10-30 03:00:00,24.4,0.0,0.462,27.7,5.300000000000001
2025-10-30 04:00:00,24.5,0.0,0.461,27.7,5.300000000000001
2025-10-30 05:00:00,24.3,0.0,0.448,33.1,5.300000000000001
2025-10-30 06:00:00,24.5,0.0,0.448,30.2,5.300000000000001
2025-10-30 07:00:00,24.5,0.2,0.448,29.9,5.500000000000001
2025-10-30 08:00:00,24.0,1.4,0.463,29.5,6.9
2025-10-30 09:00:00,23.7,2.2,0.489,24.8,9.100000000000001
2025-10-30 10:00:00,23.8,2.3,0.514,28.4,11.4
2025-10-30 11:00:00,23.8,2.7,0.51,25.2,14.100000000000001
2025-10-30 12:00:00,23.6,1.2,0.509,25.9,15.3
2025-10-30 13:00:00,24.7,0.2,0.5,27.0,15.5
2025-10-30 14:00:00,25.8,0.1,0.494,27.7,15.6
2025-10-30 15:00:00,24.5,2.4,0.513,25.6,18.0
2025-10-30 16:00:00,24.2,0.9,0.507,19.8,18.900000000000002
2025-10-30 17:00:00,24.1,0.2,0.501,15.5,19.1
2025-10-30 18:00:00,23.8,0.0,0.499,10.8,19.1
2025-10-30 19:00:00,23.4,0.3,0.5,15.1,19.400000000000002
2025-10-30 20:00:00,23.3,0.0,0.498,13.7,19.400000000000002
2025-10-30 21:00:00,23.1,0.0,0.496,6.1,19.400000000000002
2025-10-30 22:00:00,22.9,0.2,0.497,5.4,19.6
2025-10-30 23:00:00,23.2,0.0,0.5,5.0,19.6
2025-10-31 00:00:00,23.3,0.2,0.5,4.7,19.8
2025-10-31 01:00:00,23.4,0.2,0.5,4.7,20.0
2025-10-31 02:00:00,23.1,0.0,0.498,5.4,20.0
2025-10-31 03:00:00,22.5,0.0,0.496,5.0,19.6
2025-10-31 04:00:00,22.4,0.0,0.494,4.3,19.6
2025-10-31 05:00:00,22.8,0.0,0.488,7.6,19.3
2025-10-31 06:00:00,22.8,0.0,0.488,10.4,19.3
2025-10-31 07:00:00,23.4,0.0,0.487,12.2,19.1
2025-10-31 08:00:00,24.7,0.0,0.486,20.2,19.1
2025-10-31 09:00:00,26.2,0.1,0.485,20.5,19.200000000000003
2025-10-31 10:00:00,27.1,0.1,0.484,18.0,19.3
2025-10-31 11:00:00,27.7,0.2,0.484,23.4,19.500000000000004
2025-10-31 12:00:00,28.6,0.1,0.482,22.7,19.5
2025-10-31 13:00:00,29.0,0.0,0.48,26.3,19.5
2025-10-31 14:00:00,26.0,5.5,0.518,36.0,24.9
2025-10-31 15:00:00,25.2,1.4,0.505,35.3,26.200000000000003
2025-10-31 16:00:00,25.3,0.3,0.504,11.5,26.5
2025-10-31 17:00:00,24.7,0.6,0.505,10.4,27.1
2025-10-31 18:00:00,24.4,0.0,0.503,4.3,27.1
2025-10-31 19:00:00,23.3,3.7,0.513,14.4,30.8
2025-10-31 20:00:00,23.5,0.2,0.511,6.5,31.0
2025-10-31 21:00:00,23.3,0.2,0.509,6.5,31.200000000000003
2025-10-31 22:00:00,23.3,0.1,0.508,2.9,31.3
2025-10-31 23:00:00,23.0,0.2,0.502,7.2,31.5
2025-11-01 00:00:00,22.4,0.0,0.501,6.1,31.5
2025-11-01 01:00:00,22.2,0.0,0.5,1.8,31.5
2025-11-01 02:00:00,22.1,0.0,0.498,1.4,31.5
2025-11-01 03:00:00,22.0,0.0,0.497,2.5,31.5
2025-11-01 04:00:00,22.0,0.0,0.496,4.0,31.5
2025-11-01 05:00:00,22.5,0.0,0.495,7.9,31.5
2025-11-01 06:00:00,22.7,0.0,0.494,13.3,30.7
2025-11-01 07:00:00,23.7,0.0,0.494,17.6,30.599999999999998
2025-11-01 08:00:00,25.3,0.0,0.492,21.2,30.599999999999998
2025-11-01 09:00:00,26.6,0.0,0.491,21.2,30.599999999999998
2025-11-01 10:00:00,27.7,0.0,0.488,20.9,30.5
2025-11-01 11:00:00,28.6,0.0,0.489,22.0,30.5
2025-11-01 12:00:00,29.4,0.0,0.486,22.3,29.5
2025-11-01 13:00:00,29.8,0.0,0.483,22.3,29.4
2025-11-01 14:00:00,30.0,0.0,0.481,22.0,29.299999999999997
2025-11-01 15:00:00,29.6,0.0,0.479,21.6,29.299999999999997
2025-11-01 16:00:00,28.8,0.0,0.478,19.1,29.299999999999997
2025-11-01 17:00:00,26.9,0.0,0.475,13.7,29.299999999999997
2025-11-01 18:00:00,26.0,0.1,0.476,16.9,29.4
2025-11-01 19:00:00,25.3,0.1,0.476,17.3,29.5
2025-11-01 20:00:00,24.8,0.0,0.476,7.6,29.5
2025-11-01 21:00:00,24.0,0.0,0.476,7.6,29.400000000000002
2025-11-01 22:00:00,23.5,0.0,0.476,9.0,28.5
2025-11-01 23:00:00,23.3,0.0,0.471,10.1,28.200000000000003
2025-11-02 00:00:00,23.3,0.0,0.472,10.8,27.6
2025-11-02 01:00:00,22.9,0.0,0.472,11.2,27.6
2025-11-02 02:00:00,22.5,0.0,0.472,13.7,27.6
2025-11-02 03:00:00,22.2,0.0,0.472,13.3,27.6
2025-11-02 04:00:00,22.0,0.0,0.472,15.1,27.6
2025-11-02 05:00:00,22.2,0.0,0.471,15.1,27.6
2025-11-02 06:00:00,22.8,0.0,0.471,14.8,27.6
2025-11-02 07:00:00,24.3,0.0,0.471,13.3,27.400000000000002
2025-11-02 08:00:00,26.0,0.0,0.47,14.0,26.0
2025-11-02 09:00:00,27.3,0.0,0.469,15.5,23.8
2025-11-02 10:00:00,28.5,0.0,0.468,21.6,21.5
2025-11-02 11:00:00,28.9,0.1,0.466,22.7,18.9
2025-11-02 12:00:00,29.2,0.2,0.466,24.1,17.9
2025-11-02 13:00:00,29.5,0.3,0.466,25.9,18.0
2025-11-02 14:00:00,29.0,0.3,0.467,25.9,18.2
2025-11-02 15:00:00,28.9,0.1,0.466,23.8,15.9
2025-11-02 16:00:00,28.6,0.0,0.465,19.4,15.0
2025-11-02 17:00:00,27.1,0.0,0.454,11.9,14.8
2025-11-02 18:00:00,26.1,0.0,0.455,6.8,14.8
2025-11-02 19:00:00,25.3,0.0,0.455,5.0,14.5
2025-11-02 20:00:00,24.6,0.0,0.456,3.6,14.5
2025-11-02 21:00:00,23.9,0.0,0.456,5.0,14.5
2025-11-02 22:00:00,23.3,0.0,0.456,7.2,14.3
2025-11-02 23:00:00,23.1,0.0,0.456,7.6,14.3
2025-11-03 00:00:00,22.8,0.0,0.457,7.6,14.1
2025-11-03 01:00:00,22.8,0.0,0.457,9.0,13.9
2025-11-03 02:00:00,22.5,0.0,0.457,9.7,13.9
2025-11-03 03:00:00,22.1,0.0,0.457,9.7,13.9
2025-11-03 04:00:00,22.1,0.0,0.458,11.5,13.9
2025-11-03 05:00:00,21.7,0.0,0.455,14.0,13.9
2025-11-03 06:00:00,22.2,0.0,0.456,8.3,13.9
2025-11-03 07:00:00,24.0,0.0,0.456,12.2,13.9
2025-11-03 08:00:00,25.8,0.0,0.455,15.5,13.9
2025-11-03 09:00:00,27.3,0.0,0.454,18.4,13.8
2025-11-03 10:00:00,28.5,0.0,0.452,21.2,13.7
2025-11-03 11:00:00,29.2,0.0,0.452,25.2,13.5
2025-11-03 12:00:00,29.9,0.1,0.45,24.5,13.500000000000002
2025-11-03 13:00:00,30.2,0.1,0.448,24.1,13.600000000000001
2025-11-03 14:00:00,30.2,0.0,0.446,23.4,8.100000000000001
2025-11-03 15:00:00,30.3,0.0,0.444,21.2,6.7
2025-11-03 16:00:00,29.4,0.0,0.443,15.8,6.3999999999999995
2025-11-03 17:00:00,27.0,0.0,0.437,7.6,5.8
2025-11-03 18:00:00,26.4,0.0,0.437,14.0,5.8
2025-11-03 19:00:00,25.7,0.0,0.437,14.0,2.1
2025-11-03 20:00:00,24.7,0.0,0.438,14.0,1.9000000000000001
2025-11-03 21:00:00,23.5,0.0,0.438,12.6,1.7000000000000002
2025-11-03 22:00:00,22.2,0.0,0.438,10.4,1.6
2025-11-03 23:00:00,21.4,0.0,0.438,7.9,1.4000000000000001
2025-11-04 00:00:00,20.8,0.0,0.438,9.7,1.4000000000000001
2025-11-04 01:00:00,20.4,0.0,0.438,9.4,1.4000000000000001
2025-11-04 02:00:00,20.1,0.0,0.439,9.7,1.4000000000000001
2025-11-04 03:00:00,19.9,0.0,0.439,9.0,1.4000000000000001
2025-11-04 04:00:00,19.6,0.0,0.44,7.6,1.4000000000000001
2025-11-04 05:00:00,19.4,0.0,0.434,7.9,1.4000000000000001
2025-11-04 06:00:00,19.6,0.0,0.435,8.6,1.4000000000000001
2025-11-04 07:00:00,21.8,0.0,0.435,11.9,1.4000000000000001
2025-11-04 08:00:00,24.4,0.0,0.435,11.5,1.4000000000000001
2025-11-04 09:00:00,26.4,0.0,0.434,11.2,1.4000000000000001
2025-11-04 10:00:00,28.0,0.0,0.432,12.6,1.4000000000000001
2025-11-04 11:00:00,29.2,0.0,0.432,13.3,1.4000000000000001
2025-11-04 12:00:00,29.8,0.0,0.43,15.1,1.4000000000000001
2025-11-04 13:00:00,29.8,0.0,0.427,15.8,1.4000000000000001
2025-11-04 14:00:00,29.8,0.0,0.425,18.0,1.4000000000000001
2025-11-04 15:00:00,29.3,0.0,0.424,18.4,1.4000000000000001
2025-11-04 16:00:00,28.5,0.0,0.423,14.4,1.4000000000000001
2025-11-04 17:00:00,26.4,0.0,0.411,6.8,1.4000000000000001
2025-11-04 18:00:00,25.9,0.0,0.412,15.5,1.3
2025-11-04 19:00:00,24.8,0.0,0.412,15.8,1.2
2025-11-04 20:00:00,23.9,0.0,0.413,12.2,1.2
2025-11-04 21:00:00,23.5,0.0,0.414,5.0,1.2
2025-11-04 22:00:00,23.1,0.0,0.414,6.8,1.2
2025-11-04 23:00:00,22.7,0.0,0.416,10.8,1.2
2025-11-05 00:00:00,21.8,0.0,0.417,10.8,1.2
2025-11-05 01:00:00,21.2,0.0,0.417,6.5,1.2
2025-11-05 02:00:00,20.9,0.0,0.417,9.0,1.2
2025-11-05 03:00:00,20.9,0.0,0.418,11.9,1.2
2025-11-05 04:00:00,21.0,0.0,0.418,14.8,1.2
2025-11-05 05:00:00,20.6,0.0,0.416,18.4,1.2
2025-11-05 06:00:00,21.5,0.0,0.417,18.4,1.2
2025-11-05 07:00:00,22.9,0.0,0.417,19.4,1.2
2025-11-05 08:00:00,24.7,0.0,0.417,20.5,1.2
2025-11-05 09:00:00,26.2,0.0,0.416,23.8,1.2
2025-11-05 10:00:00,27.6,0.0,0.414,23.8,1.2
2025-11-05 11:00:00,28.7,0.0,0.412,24.5,1.1
2025-11-05 12:00:00,29.1,0.0,0.41,22.0,0.9
2025-11-05 13:00:00,29.1,0.0,0.408,24.1,0.6000000000000001
2025-11-05 14:00:00,28.6,0.0,0.406,24.5,0.30000000000000004
2025-11-05 15:00:00,28.7,0.0,0.405,20.9,0.2
2025-11-05 16:00:00,27.8,0.0,0.405,9.7,0.2
2025-11-05 17:00:00,26.1,0.0,0.4,7.9,0.2
2025-11-05 18:00:00,25.3,0.0,0.4,11.9,0.2
2025-11-05 19:00:00,24.6,0.0,0.401,8.3,0.2
2025-11-05 20:00:00,24.0,0.0,0.401,12.2,0.2
2025-11-05 21:00:00,22.9,0.0,0.401,10.8,0.2
2025-11-05 22:00:00,21.7,0.0,0.402,10.1,0.2
2025-11-05 23:00:00,22.1,0.0,0.402,14.4,0.2
2025-11-06 00:00:00,22.1,0.0,0.403,14.4,0.2
2025-11-06 01:00:00,22.4,0.0,0.403,20.9,0.2
2025-11-06 02:00:00,22.3,0.0,0.403,20.5,0.2
2025-11-06 03:00:00,21.5,0.0,0.404,14.0,0.2
2025-11-06 04:00:00,21.1,0.0,0.404,16.9,0.2
2025-11-06 05:00:00,21.1,0.0,0.404,18.0,0.2
2025-11-06 06:00:00,21.3,0.0,0.405,17.6,0.2
2025-11-06 07:00:00,22.6,0.0,0.405,20.2,0.2
2025-11-06 08:00:00,24.6,0.0,0.404,24.5,0.2
2025-11-06 09:00:00,26.4,0.0,0.403,27.4,0.2
2025-11-06 10:00:00,27.9,0.0,0.402,29.5,0.2
2025-11-06 11:00:00,29.0,0.0,0.403,30.2,0.2
2025-11-06 12:00:00,29.6,0.0,0.4,29.9,0.1
2025-11-06 13:00:00,29.7,0.0,0.398,29.2,0.0
2025-11-06 14:00:00,29.6,0.0,0.396,26.6,0.0
2025-11-06 15:00:00,29.0,0.0,0.394,24.8,0.0
2025-11-06 16:00:00,27.9,0.0,0.394,20.9,0.0
2025-11-06 17:00:00,25.7,0.0,0.385,14.0,0.0
2025-11-06 18:00:00,25.2,0.0,0.385,14.0,0.0
2025-11-06 19:00:00,24.4,0.0,0.385,15.8,0.0
2025-11-06 20:00:00,23.2,0.0,0.385,17.3,0.0
2025-11-06 21:00:00,22.3,0.0,0.385,18.0,0.0
2025-11-06 22:00:00,21.5,0.0,0.386,18.0,0.0
2025-11-06 23:00:00,20.6,0.0,0.389,17.3,0.0
2025-11-07 00:00:00,20.2,0.0,0.389,15.5,0.0
2025-11-07 01:00:00,19.8,0.0,0.389,16.2,0.0
2025-11-07 02:00:00,19.1,0.0,0.389,17.3,0.0
2025-11-07 03:00:00,18.6,0.0,0.39,19.1,0.0
2025-11-07 04:00:00,18.1,0.0,0.39,19.1,0.0
2025-11-07 05:00:00,18.1,0.0,0.391,17.3,0.0
2025-11-07 06:00:00,18.0,0.0,0.392,16.2,0.0
2025-11-07 07:00:00,19.3,0.0,0.392,20.2,0.0
2025-11-07 08:00:00,22.1,0.0,0.391,20.9,0.0
2025-11-07 09:00:00,24.7,0.0,0.39,22.0,0.0
2025-11-07 10:00:00,26.8,0.0,0.389,21.2,0.0
2025-11-07 11:00:00,28.5,0.0,0.387,21.6,0.0
2025-11-07 12:00:00,29.0,0.0,0.384,17.3,0.0
2025-11-07 13:00:00,29.0,0.0,0.382,18.7,0.0
2025-11-07 14:00:00,28.7,0.0,0.38,19.1,0.0
2025-11-07 15:00:00,28.1,0.0,0.378,18.4,0.0
2025-11-07 16:00:00,26.4,0.0,0.377,13.7,0.0
2025-11-07 17:00:00,23.9,0.0,0.379,6.5,0.0
2025-11-07 18:00:00,23.7,0.0,0.379,17.3,0.0
2025-11-07 19:00:00,22.5,0.0,0.379,19.4,0.0
2025-11-07 20:00:00,21.6,0.0,0.379,18.4,0.0
2025-11-07 21:00:00,21.0,0.0,0.379,18.4,0.0
2025-11-07 22:00:00,20.2,0.0,0.379,20.2,0.0
2025-11-07 23:00:00,19.2,0.0,0.388,20.5,0.0
2025-11-08 00:00:00,18.5,0.0,0.388,15.5,0.0
2025-11-08 01:00:00,17.9,0.0,0.388,12.6,0.0
2025-11-08 02:00:00,17.0,0.0,0.388,14.0,0.0
2025-11-08 03:00:00,16.2,0.0,0.388,14.8,0.0
2025-11-08 04:00:00,15.8,0.0,0.389,15.1,0.0
2025-11-08 05:00:00,15.5,0.0,0.379,15.1,0.0
2025-11-08 06:00:00,16.0,0.0,0.379,14.8,0.0
2025-11-08 07:00:00,18.1,0.0,0.379,16.2,0.0
2025-11-08 08:00:00,21.2,0.0,0.379,15.5,0.0
2025-11-08 09:00:00,24.1,0.0,0.378,18.7,0.0
2025-11-08 10:00:00,26.1,0.0,0.376,23.8,0.0
2025-11-08 11:00:00,27.1,0.0,0.372,27.4,0.0
2025-11-08 12:00:00,27.6,0.0,0.37,25.6,0.0
2025-11-08 13:00:00,27.6,0.0,0.367,25.2,0.0
2025-11-08 14:00:00,27.5,0.0,0.365,23.8,0.0
2025-11-08 15:00:00,27.0,0.0,0.364,22.7,0.0
2025-11-08 16:00:00,25.4,0.0,0.363,20.2,0.0
2025-11-08 17:00:00,22.8,0.0,0.36,16.2,0.0
2025-11-08 18:00:00,21.9,0.0,0.36,17.6,0.0
2025-11-08 19:00:00,20.7,0.0,0.36,18.4,0.0
2025-11-08 20:00:00,19.9,0.0,0.36,18.4,0.0
2025-11-08 21:00:00,18.9,0.0,0.36,17.6,0.0
2025-11-08 22:00:00,18.1,0.0,0.36,16.6,0.0
2025-11-08 23:00:00,16.4,0.0,0.365,15.8,0.0
2025-11-09 00:00:00,15.2,0.0,0.366,14.8,0.0
2025-11-09 01:00:00,14.3,0.0,0.366,15.8,0.0
2025-11-09 02:00:00,13.9,0.0,0.366,16.2,0.0
2025-11-09 03:00:00,13.7,0.0,0.366,17.3,0.0
2025-11-09 04:00:00,13.3,0.0,0.366,16.9,0.0
2025-11-09 05:00:00,13.9,0.0,0.362,16.2,0.0
2025-11-09 06:00:00,14.8,0.0,0.362,18.4,0.0
2025-11-09 07:00:00,16.8,0.0,0.362,17.6,0.0
2025-11-09 08:00:00,19.8,0.0,0.361,18.0,0.0
2025-11-09 09:00:00,22.5,0.0,0.36,19.1,0.0
2025-11-09 10:00:00,24.2,0.0,0.359,23.0,0.0
2025-11-09 11:00:00,25.3,0.0,0.356,23.8,0.0
2025-11-09 12:00:00,26.1,0.0,0.354,22.3,0.0
2025-11-09 13:00:00,26.5,0.0,0.351,23.0,0.0
2025-11-09 14:00:00,26.6,0.0,0.35,23.4,0.0
2025-11-09 15:00:00,26.2,0.0,0.348,23.4,0.0
2025-11-09 16:00:00,24.6,0.0,0.347,21.2,0.0
2025-11-09 17:00:00,22.1,0.0,0.343,14.8,0.0
2025-11-09 18:00:00,21.0,0.0,0.343,16.9,0.0
2025-11-09 19:00:00,20.0,0.0,0.343,17.6,0.0
2025-11-09 20:00:00,19.0,0.0,0.343,17.6,0.0
2025-11-09 21:00:00,17.9,0.0,0.343,16.2,0.0
2025-11-09 22:00:00,16.8,0.0,0.343,15.1,0.0
2025-11-09 23:00:00,15.5,0.0,0.348,13.7,0.0
2025-11-10 00:00:00,14.4,0.0,0.348,13.3,0.0
2025-11-10 01:00:00,13.6,0.0,0.349,14.0,0.0
2025-11-10 02:00:00,13.0,0.0,0.349,14.4,0.0
2025-11-10 03:00:00,12.5,0.0,0.349,14.0,0.0
2025-11-10 04:00:00,11.9,0.0,0.349,13.3,0.0
2025-11-10 05:00:00,11.4,0.0,0.342,11.9,0.0
2025-11-10 06:00:00,11.8,0.0,0.342,13.7,0.0
2025-11-10 07:00:00,14.6,0.0,0.342,16.9,0.0
2025-11-10 08:00:00,19.1,0.0,0.342,17.3,0.0
2025-11-10 09:00:00,22.5,0.0,0.341,16.2,0.0
2025-11-10 10:00:00,24.7,0.0,0.339,18.4,0.0
2025-11-10 11:00:00,26.0,0.0,0.336,20.5,0.0
2025-11-10 12:00:00,26.8,0.0,0.334,20.2,0.0
2025-11-10 13:00:00,27.1,0.0,0.332,20.5,0.0
2025-11-10 14:00:00,27.0,0.0,0.331,20.2,0.0
2025-11-10 15:00:00,26.5,0.0,0.329,19.4,0.0
2025-11-10 16:00:00,24.6,0.0,0.329,17.6,0.0
2025-11-10 17:00:00,21.4,0.0,0.323,12.2,0.0
2025-11-10 18:00:00,20.2,0.0,0.323,11.9,0.0
2025-11-10 19:00:00,19.0,0.0,0.323,15.5,0.0
2025-11-10 20:00:00,18.0,0.0,0.323,16.6,0.0
2025-11-10 21:00:00,16.6,0.0,0.323,16.2,0.0
2025-11-10 22:00:00,15.3,0.0,0.323,13.0,0.0
2025-11-10 23:00:00,15.1,0.0,0.331,13.3,0.0
2025-11-11 00:00:00,14.3,0.0,0.332,14.0,0.0
2025-11-11 01:00:00,13.4,0.0,0.332,12.2,0.0
2025-11-11 02:00:00,12.7,0.0,0.332,13.3,0.0
2025-11-11 03:00:00,12.5,0.0,0.332,14.0,0.0
2025-11-11 04:00:00,12.3,0.0,0.332,13.3,0.0
2025-11-11 05:00:00,11.9,0.0,0.324,13.3,0.0
2025-11-11 06:00:00,12.2,0.0,0.324,15.1,0.0
2025-11-11 07:00:00,14.7,0.0,0.324,19.4,0.0
2025-11-11 08:00:00,18.9,0.0,0.324,19.8,0.0
2025-11-11 09:00:00,22.3,0.0,0.323,17.6,0.0
2025-11-11 10:00:00,24.6,0.0,0.322,19.4,0.0
2025-11-11 11:00:00,25.9,0.0,0.321,20.2,0.0
2025-11-11 12:00:00,26.7,0.0,0.32,19.8,0.0
2025-11-11 13:00:00,27.1,0.0,0.318,21.2,0.0
2025-11-11 14:00:00,27.0,0.0,0.316,22.0,0.0
2025-11-11 15:00:00,26.5,0.0,0.315,22.0,0.0
2025-11-11 16:00:00,24.7,0.0,0.314,20.5,0.0
2025-11-11 17:00:00,21.5,0.0,0.308,12.2,0.0
2025-11-11 18:00:00,20.1,0.0,0.308,11.9,0.0
2025-11-11 19:00:00,18.5,0.0,0.308,15.8,0.0
2025-11-11 20:00:00,18.1,0.0,0.308,17.3,0.0
2025-11-11 21:00:00,17.2,0.0,0.308,17.3,0.0
2025-11-11 22:00:00,16.4,0.0,0.308,16.6,0.0
2025-11-11 23:00:00,15.7,0.0,0.317,16.6,0.0
2025-11-12 00:00:00,14.7,0.0,0.317,15.1,0.0
2025-11-12 01:00:00,13.7,0.0,0.317,14.8,0.0
2025-11-12 02:00:00,13.3,0.0,0.317,15.5,0.0
2025-11-12 03:00:00,12.9,0.0,0.318,15.1,0.0
2025-11-12 04:00:00,12.0,0.0,0.318,13.3,0.0
2025-11-12 05:00:00,11.7,0.0,0.315,13.0,0.0
2025-11-12 06:00:00,12.2,0.0,0.315,14.4,0.0
2025-11-12 07:00:00,14.8,0.0,0.315,15.5,0.0
2025-11-12 08:00:00,19.0,0.0,0.315,15.5,0.0
2025-11-12 09:00:00,22.5,0.0,0.314,14.4,0.0
2025-11-12 10:00:00,24.8,0.0,0.313,16.9,0.0
2025-11-12 11:00:00,26.5,0.0,0.314,20.2,0.0
2025-11-12 12:00:00,27.3,0.0,0.312,20.9,0.0
2025-11-12 13:00:00,27.7,0.0,0.311,20.9,0.0
2025-11-12 14:00:00,27.7,0.0,0.309,20.9,0.0
2025-11-12 15:00:00,27.3,0.0,0.308,20.5,0.0
2025-11-12 16:00:00,25.3,0.0,0.308,18.4,0.0
2025-11-12 17:00:00,21.4,0.0,0.302,11.9,0.0
2025-11-12 18:00:00,20.2,0.0,0.302,12.2,0.0
2025-11-12 19:00:00,19.1,0.0,0.302,15.5,0.0
2025-11-12 20:00:00,18.9,0.0,0.302,18.0,0.0
2025-11-12 21:00:00,19.0,0.0,0.302,18.7,0.0
2025-11-12 22:00:00,18.2,0.0,0.302,19.4,0.0
2025-11-12 23:00:00,17.0,0.0,0.315,19.1,0.0
2025-11-13 00:00:00,15.4,0.0,0.315,16.6,0.0
2025-11-13 01:00:00,14.1,0.0,0.315,14.4,0.0
2025-11-13 02:00:00,13.4,0.0,0.315,13.7,0.0
2025-11-13 03:00:00,13.2,0.0,0.315,13.7,0.0
2025-11-13 04:00:00,13.1,0.0,0.315,14.8,0.0
2025-11-13 05:00:00,12.9,0.0,0.302,15.1,0.0
2025-11-13 06:00:00,13.2,0.0,0.302,16.9,0.0
2025-11-13 07:00:00,15.1,0.0,0.302,18.7,0.0
2025-11-13 08:00:00,19.0,0.0,0.302,18.7,0.0
2025-11-13 09:00:00,22.6,0.0,0.301,17.6,0.0
2025-11-13 10:00:00,25.1,0.0,0.301,20.5,0.0
2025-11-13 11:00:00,26.6,0.0,0.299,22.0,0.0
2025-11-13 12:00:00,27.5,0.0,0.298,20.9,0.0
2025-11-13 13:00:00,28.0,0.0,0.296,20.2,0.0
2025-11-13 14:00:00,28.0,0.0,0.295,19.8,0.0
2025-11-13 15:00:00,27.4,0.0,0.294,21.6,0.0
2025-11-13 16:00:00,25.1,0.0,0.293,21.2,0.0
2025-11-13 17:00:00,22.4,0.0,0.297,21.2,0.0
2025-11-13 18:00:00,21.0,0.0,0.296,18.4,0.0
2025-11-13 19:00:00,20.0,0.0,0.296,18.7,0.0
2025-11-13 20:00:00,18.7,0.0,0.296,18.7,0.0
2025-11-13 21:00:00,17.5,0.0,0.296,18.0,0.0
2025-11-13 22:00:00,16.2,0.0,0.296,14.8,0.0
2025-11-13 23:00:00,15.3,0.0,0.299,13.0,0.0
2025-11-14 00:00:00,14.2,0.0,0.299,12.6,0.0
2025-11-14 01:00:00,13.5,0.0,0.299,10.4,0.0
2025-11-14 02:00:00,13.1,0.0,0.3,11.2,0.0
2025-11-14 03:00:00,12.6,0.0,0.3,11.5,0.0
2025-11-14 04:00:00,12.1,0.0,0.3,12.6,0.0
2025-11-14 05:00:00,11.5,0.0,0.297,15.1,0.0
2025-11-14 06:00:00,12.2,0.0,0.297,15.8,0.0
2025-11-14 07:00:00,14.7,0.0,0.297,17.6,0.0
2025-11-14 08:00:00,18.8,0.0,0.297,18.0,0.0
2025-11-14 09:00:00,22.4,0.0,0.296,15.8,0.0
2025-11-14 10:00:00,24.8,0.0,0.296,14.8,0.0
2025-11-14 11:00:00,26.2,0.0,0.294,14.8,0.0
2025-11-14 12:00:00,27.3,0.0,0.293,15.5,0.0
2025-11-14 13:00:00,27.9,0.0,0.292,17.6,0.0
2025-11-14 14:00:00,27.9,0.0,0.291,18.7,0.0
2025-11-14 15:00:00,27.4,0.0,0.29,19.4,0.0
2025-11-14 16:00:00,25.3,0.0,0.289,19.1,0.0
2025-11-14 17:00:00,22.1,0.0,0.289,18.7,0.0
2025-11-14 18:00:00,20.8,0.0,0.289,16.6,0.0
2025-11-14 19:00:00,19.6,0.0,0.289,15.8,0.0
2025-11-14 20:00:00,18.3,0.0,0.289,16.6,0.0
2025-11-14 21:00:00,17.6,0.0,0.289,16.6,0.0
2025-11-14 22:00:00,16.2,0.0,0.289,14.4,0.0
2025-11-14 23:00:00,14.8,0.0,0.296,10.8,0.0
2025-11-15 00:00:00,14.2,0.0,0.296,11.9,0.0
2025-11-15 01:00:00,13.7,0.0,0.296,11.9,0.0
2025-11-15 02:00:00,13.1,0.0,0.297,11.5,0.0
2025-11-15 03:00:00,12.7,0.0,0.297,11.2,0.0
2025-11-15 04:00:00,12.4,0.0,0.297,11.9,0.0
2025-11-15 05:00:00,12.2,0.0,0.291,14.4,0.0
2025-11-15 06:00:00,12.9,0.0,0.291,15.8,0.0
2025-11-15 07:00:00,15.2,0.0,0.291,18.7,0.0
2025-11-15 08:00:00,18.9,0.0,0.291,18.7,0.0
2025-11-15 09:00:00,22.4,0.0,0.29,16.2,0.0
2025-11-15 10:00:00,24.8,0.0,0.29,16.2,0.0
2025-11-15 11:00:00,26.2,0.0,0.289,18.4,0.0
2025-11-15 12:00:00,27.0,0.0,0.288,20.9,0.0
2025-11-15 13:00:00,27.4,0.0,0.287,21.6,0.0
2025-11-15 14:00:00,27.4,0.0,0.286,22.0,0.0
2025-11-15 15:00:00,26.9,0.0,0.285,23.0,0.0
2025-11-15 16:00:00,25.0,0.0,0.284,23.0,0.0
2025-11-15 17:00:00,21.6,0.0,0.282,18.7,0.0
2025-11-15 18:00:00,20.1,0.0,0.282,14.4,0.0
2025-11-15 19:00:00,18.9,0.0,0.282,16.2,0.0
2025-11-15 20:00:00,18.4,0.0,0.282,17.3,0.0
2025-11-15 21:00:00,17.8,0.0,0.282,17.3,0.0
2025-11-15 22:00:00,16.7,0.0,0.282,16.6,0.0
2025-11-15 23:00:00,15.9,0.0,0.291,15.8,0.0
2025-11-16 00:00:00,15.4,0.0,0.291,15.5,0.0
2025-11-16 01:00:00,14.3,0.0,0.291,15.1,0.0
2025-11-16 02:00:00,13.8,0.0,0.292,18.0,0.0
2025-11-16 03:00:00,13.8,0.0,0.292,18.7,0.0
2025-11-16 04:00:00,13.4,0.0,0.292,17.6,0.0
2025-11-16 05:00:00,12.4,0.0,0.29,15.8,0.0
2025-11-16 06:00:00,12.6,0.0,0.29,17.6,0.0
2025-11-16 07:00:00,14.4,0.0,0.29,19.4,0.0
2025-11-16 08:00:00,17.9,0.0,0.29,18.7,0.0
2025-11-16 09:00:00,21.6,0.0,0.289,17.6,0.0
2025-11-16 10:00:00,24.1,0.0,0.289,17.6,0.0
2025-11-16 11:00:00,25.5,0.0,0.29,17.3,0.0
2025-11-16 12:00:00,26.4,0.0,0.288,18.4,0.0
2025-11-16 13:00:00,26.7,0.0,0.287,20.9,0.0
2025-11-16 14:00:00,26.7,0.0,0.286,22.3,0.0
2025-11-16 15:00:00,26.2,0.0,0.285,23.8,0.0
2025-11-16 16:00:00,24.3,0.0,0.285,23.8,0.0
2025-11-16 17:00:00,21.4,0.0,0.283,21.6,0.0
2025-11-16 18:00:00,19.8,0.0,0.283,17.3,0.0
2025-11-16 19:00:00,18.6,0.0,0.283,15.8,0.0
2025-11-16 20:00:00,17.8,0.0,0.282,18.4,0.0
2025-11-16 21:00:00,17.3,0.0,0.282,20.5,0.0
2025-11-16 22:00:00,16.5,0.0,0.282,20.2,0.0
2025-11-16 23:00:00,15.7,0.0,0.292,16.2,0.0
2025-11-17 00:00:00,14.9,0.0,0.292,17.3,0.0
2025-11-17 01:00:00,14.2,0.0,0.293,17.6,0.0
2025-11-17 02:00:00,13.4,0.0,0.293,18.0,0.0
2025-11-17 03:00:00,13.0,0.0,0.293,18.0,0.0
2025-11-17 04:00:00,12.5,0.0,0.293,16.6,0.0
2025-11-17 05:00:00,12.3,0.0,0.283,16.6,0.0
2025-11-17 06:00:00,12.5,0.0,0.283,15.5,0.0
2025-11-17 07:00:00,14.6,0.0,0.283,14.8,0.0
2025-11-17 08:00:00,18.3,0.0,0.283,14.8,0.0
2025-11-17 09:00:00,21.5,0.0,0.283,13.7,0.0
2025-11-17 10:00:00,23.5,0.0,0.282,13.3,0.0
2025-11-17 11:00:00,24.7,0.0,0.279,13.0,0.0
2025-11-17 12:00:00,25.6,0.0,0.278,16.9,0.0
2025-11-17 13:00:00,25.9,0.0,0.277,19.8,0.0
2025-11-17 14:00:00,25.9,0.0,0.277,20.9,0.0
2025-11-17 15:00:00,25.4,0.0,0.276,21.2,0.0
2025-11-17 16:00:00,24.2,0.0,0.275,20.9,0.0
2025-11-17 17:00:00,21.2,0.0,0.268,15.5,0.0
2025-11-17 18:00:00,20.5,0.0,0.268,15.8,0.0
2025-11-17 19:00:00,19.0,0.0,0.268,15.8,0.0
2025-11-17 20:00:00,17.4,0.0,0.268,14.0,0.0
2025-11-17 21:00:00,16.9,0.0,0.268,15.8,0.0
2025-11-17 22:00:00,16.3,0.0,0.268,15.8,0.0
2025-11-17 23:00:00,15.3,0.0,0.273,13.0,0.0
2025-11-18 00:00:00,14.4,0.0,0.273,10.1,0.0
2025-11-18 01:00:00,13.7,0.0,0.274,11.2,0.0
2025-11-18 02:00:00,13.2,0.0,0.274,11.5,0.0
2025-11-18 03:00:00,12.8,0.0,0.274,13.0,0.0
2025-11-18 04:00:00,12.5,0.0,0.274,14.0,0.0
2025-11-18 05:00:00,11.9,0.0,0.264,14.4,0.0
2025-11-18 06:00:00,12.0,0.0,0.264,14.0,0.0
2025-11-18 07:00:00,14.1,0.0,0.264,15.1,0.0
2025-11-18 08:00:00,18.1,0.0,0.264,15.1,0.0
2025-11-18 09:00:00,21.3,0.0,0.264,14.0,0.0
2025-11-18 10:00:00,23.2,0.0,0.263,15.1,0.0
2025-11-18 11:00:00,24.5,0.0,0.26,18.0,0.0
2025-11-18 12:00:00,25.3,0.0,0.26,19.1,0.0
2025-11-18 13:00:00,25.6,0.0,0.259,19.4,0.0
2025-11-18 14:00:00,25.8,0.0,0.259,19.4,0.0
2025-11-18 15:00:00,25.6,0.0,0.258,18.7,0.0
2025-11-18 16:00:00,24.4,0.0,0.258,17.3,0.0
2025-11-18 17:00:00,22.3,0.0,0.25,9.7,0.0
2025-11-18 18:00:00,21.2,0.0,0.25,4.3,0.0
2025-11-18 19:00:00,19.1,0.0,0.25,10.1,0.0
2025-11-18 20:00:00,17.1,0.0,0.25,10.8,0.0
2025-11-18 21:00:00,16.1,0.0,0.25,14.0,0.0
2025-11-18 22:00:00,15.9,0.0,0.25,14.8,0.0
2025-11-18 23:00:00,15.4,0.0,0.257,14.8,0.0
2025-11-19 00:00:00,14.6,0.0,0.257,14.0,0.0
2025-11-19 01:00:00,13.5,0.0,0.257,10.4,0.0
2025-11-19 02:00:00,12.9,0.0,0.257,8.6,0.0
2025-11-19 03:00:00,12.4,0.0,0.258,10.8,0.0
2025-11-19 04:00:00,11.9,0.0,0.258,10.8,0.0
2025-11-19 05:00:00,11.7,0.0,0.258,9.0,0.0
2025-11-19 06:00:00,11.6,0.0,0.258,8.3,0.0
2025-11-19 07:00:00,14.0,0.0,0.258,12.2,0.0
2025-11-19 08:00:00,18.4,0.0,0.258,13.7,0.0
2025-11-19 09:00:00,21.4,0.0,0.258,13.3,0.0
2025-11-19 10:00:00,23.7,0.0,0.257,14.8,0.0
2025-11-19 11:00:00,25.0,0.0,0.253,17.3,0.0
2025-11-19 12:00:00,26.0,0.0,0.253,17.6,0.0
2025-11-19 13:00:00,26.4,0.0,0.252,18.7,0.0
2025-11-19 14:00:00,26.5,0.0,0.251,19.1,0.0
2025-11-19 15:00:00,26.3,0.0,0.251,18.4,0.0
2025-11-19 16:00:00,25.0,0.0,0.251,16.9,0.0
2025-11-19 17:00:00,22.2,0.0,0.249,11.5,0.0
2025-11-19 18:00:00,20.9,0.0,0.249,9.4,0.0
2025-11-19 19:00:00,20.1,0.0,0.249,13.3,0.0
2025-11-19 20:00:00,18.4,0.0,0.249,14.4,0.0
2025-11-19 21:00:00,16.9,0.0,0.249,13.7,0.0
2025-11-19 22:00:00,15.9,0.0,0.249,12.6,0.0
2025-11-19 23:00:00,14.9,0.0,0.258,10.4,0.0
2025-11-20 00:00:00,14.1,0.0,0.258,10.8,0.0
2025-11-20 01:00:00,13.6,0.0,0.259,11.5,0.0
2025-11-20 02:00:00,13.2,0.0,0.259,10.4,0.0
2025-11-20 03:00:00,13.2,0.0,0.259,7.9,0.0
2025-11-20 04:00:00,13.3,0.0,0.259,8.3,0.0
2025-11-20 05:00:00,12.9,0.0,0.246,10.4,0.0
2025-11-20 06:00:00,13.5,0.0,0.246,14.0,0.0
2025-11-20 07:00:00,15.3,0.0,0.246,15.5,0.0
2025-11-20 08:00:00,18.8,0.0,0.246,15.5,0.0
2025-11-20 09:00:00,22.1,0.0,0.246,15.1,0.0
2025-11-20 10:00:00,24.3,0.0,0.246,15.5,0.0
2025-11-20 11:00:00,25.5,0.0,0.246,17.3,0.0
2025-11-20 12:00:00,26.5,0.0,0.245,19.4,0.0
2025-11-20 13:00:00,27.1,0.0,0.245,21.2,0.0
2025-11-20 14:00:00,27.4,0.0,0.245,21.2,0.0
2025-11-20 15:00:00,27.4,0.0,0.244,20.5,0.0
2025-11-20 16:00:00,26.2,0.0,0.244,20.2,0.0
2025-11-20 17:00:00,23.4,0.0,0.246,17.6,0.0
2025-11-20 18:00:00,21.5,0.0,0.246,11.5,0.0
2025-11-20 19:00:00,20.6,0.0,0.246,14.8,0.0
2025-11-20 20:00:00,19.2,0.0,0.246,14.4,0.0
2025-11-20 21:00:00,18.0,0.0,0.246,13.0,0.0
2025-11-20 22:00:00,17.2,0.0,0.246,13.0,0.0
2025-11-20 23:00:00,15.8,0.0,0.255,11.2,0.0
2025-11-21 00:00:00,15.1,0.0,0.255,9.0,0.0
2025-11-21 01:00:00,14.6,0.0,0.255,9.4,0.0
2025-11-21 02:00:00,14.6,0.0,0.255,9.0,0.0
2025-11-21 03:00:00,14.8,0.0,0.255,11.5,0.0
2025-11-21 04:00:00,14.7,0.0,0.255,12.2,0.0
2025-11-21 05:00:00,14.2,0.0,0.248,14.8,0.0
2025-11-21 06:00:00,14.3,0.0,0.248,16.6,0.0
2025-11-21 07:00:00,16.0,0.0,0.248,15.5,0.0
2025-11-21 08:00:00,20.0,0.0,0.248,15.1,0.0
2025-11-21 09:00:00,23.1,0.0,0.248,12.6,0.0
2025-11-21 10:00:00,25.2,0.0,0.248,14.4,0.0
2025-11-21 11:00:00,26.5,0.0,0.249,15.1,0.0
2025-11-21 12:00:00,27.6,0.0,0.248,15.5,0.0
2025-11-21 13:00:00,28.1,0.0,0.247,15.5,0.0
2025-11-21 14:00:00,28.2,0.0,0.247,15.1,0.0
2025-11-21 15:00:00,28.0,0.0,0.247,14.4,0.0
2025-11-21 16:00:00,26.4,0.0,0.246,11.5,0.0
2025-11-21 17:00:00,24.0,0.0,0.244,5.4,0.0
2025-11-21 18:00:00,23.0,0.0,0.244,2.5,0.0
2025-11-21 19:00:00,21.9,0.0,0.244,2.9,0.0
2025-11-21 20:00:00,20.9,0.0,0.244,9.7,0.0
2025-11-21 21:00:00,19.1,0.0,0.244,13.7,0.0
2025-11-21 22:00:00,18.1,0.0,0.244,14.8,0.0
2025-11-21 23:00:00,17.0,0.0,0.25,13.0,0.0
2025-11-22 00:00:00,15.8,0.0,0.25,9.4,0.0
2025-11-22 01:00:00,15.0,0.0,0.25,10.8,0.0
2025-11-22 02:00:00,14.4,0.0,0.25,10.4,0.0
2025-11-22 03:00:00,14.0,0.0,0.25,12.2,0.0
2025-11-22 04:00:00,14.1,0.0,0.25,14.4,0.0
2025-11-22 05:00:00,14.6,0.0,0.246,15.5,0.0
2025-11-22 06:00:00,15.1,0.0,0.246,13.7,0.0
2025-11-22 07:00:00,17.0,0.0,0.246,13.0,0.0
2025-11-22 08:00:00,19.9,0.0,0.246,13.3,0.0
2025-11-22 09:00:00,23.2,0.0,0.246,13.0,0.0
2025-11-22 10:00:00,25.6,0.0,0.245,13.7,0.0
2025-11-22 11:00:00,27.1,0.0,0.247,15.8,0.0
2025-11-22 12:00:00,27.9,0.0,0.247,17.3,0.0
2025-11-22 13:00:00,28.3,0.0,0.246,17.3,0.0
2025-11-22 14:00:00,28.4,0.0,0.246,15.5,0.0
2025-11-22 15:00:00,28.2,0.0,0.245,13.3,0.0
2025-11-22 16:00:00,26.7,0.0,0.245,10.8,0.0
2025-11-22 17:00:00,24.3,0.0,0.254,4.7,0.0
2025-11-22 18:00:00,22.8,0.0,0.254,2.2,0.0
2025-11-22 19:00:00,21.9,0.0,0.254,2.2,0.0
2025-11-22 20:00:00,20.5,0.0,0.254,5.0,0.0
2025-11-22 21:00:00,20.1,0.0,0.254,5.4,0.0
2025-11-22 22:00:00,19.4,0.0,0.254,2.5,0.0
2025-11-22 23:00:00,19.2,0.0,0.274,3.6,0.0
2025-11-23 00:00:00,17.9,0.0,0.274,5.4,0.0
2025-11-23 01:00:00,17.3,0.0,0.274,10.8,0.0
2025-11-23 02:00:00,16.9,0.0,0.274,13.7,0.0
2025-11-23 03:00:00,16.2,0.0,0.274,15.5,0.0
2025-11-23 04:00:00,15.9,0.0,0.274,15.5,0.0
2025-11-23 05:00:00,15.2,0.0,0.25,15.1,0.0
2025-11-23 06:00:00,15.6,0.0,0.25,13.7,0.0
2025-11-23 07:00:00,17.3,0.0,0.25,14.8,0.0
2025-11-23 08:00:00,20.2,0.0,0.25,15.1,0.0
2025-11-23 09:00:00,23.2,0.0,0.249,12.2,0.0
2025-11-23 10:00:00,25.6,0.0,0.249,12.6,0.0
2025-11-23 11:00:00,27.0,0.0,0.261,14.0,0.0
2025-11-23 12:00:00,27.9,0.0,0.26,15.5,0.0
2025-11-23 13:00:00,28.4,0.0,0.259,15.5,0.0
2025-11-23 14:00:00,28.6,0.0,0.258,18.0,0.0
2025-11-23 15:00:00,28.1,0.0,0.258,23.4,0.0
2025-11-23 16:00:00,26.7,0.0,0.257,23.0,0.0
2025-11-23 17:00:00,24.5,0.0,0.251,11.9,0.0
2025-11-23 18:00:00,22.9,0.0,0.251,1.8,0.0
2025-11-23 19:00:00,21.1,0.0,0.251,4.3,0.0
2025-11-23 20:00:00,19.9,0.0,0.251,8.3,0.0
2025-11-23 21:00:00,18.5,0.0,0.251,13.0,0.0
2025-11-23 22:00:00,18.1,0.0,0.251,13.0,0.0
2025-11-23 23:00:00,17.3,0.0,0.264,11.9,0.0
2025-11-24 00:00:00,16.4,0.0,0.264,8.3,0.0
2025-11-24 01:00:00,16.4,0.0,0.264,10.4,0.0
2025-11-24 02:00:00,16.6,0.0,0.264,11.9,0.0
2025-11-24 03:00:00,16.7,0.0,0.264,11.9,0.0
2025-11-24 04:00:00,16.8,0.0,0.264,13.0,0.0
2025-11-24 05:00:00,16.4,0.0,0.255,13.0,0.0
2025-11-24 06:00:00,17.0,0.0,0.255,11.5,0.0
2025-11-24 07:00:00,18.4,0.0,0.255,15.8,0.0
2025-11-24 08:00:00,21.5,0.0,0.255,16.6,0.0
2025-11-24 09:00:00,24.4,0.0,0.255,15.5,0.0
2025-11-24 10:00:00,26.4,0.0,0.254,15.1,0.0
2025-11-24 11:00:00,27.5,0.0,0.262,18.0,0.0
2025-11-24 12:00:00,28.2,0.0,0.261,18.4,0.0
2025-11-24 13:00:00,28.6,0.0,0.261,18.0,0.0
2025-11-24 14:00:00,28.7,0.0,0.26,20.9,0.0
2025-11-24 15:00:00,28.4,0.0,0.259,23.8,0.0
2025-11-24 16:00:00,27.2,0.0,0.259,23.8,0.0
2025-11-24 17:00:00,24.8,0.0,0.263,14.4,0.0
2025-11-24 18:00:00,23.1,0.0,0.263,6.8,0.0
2025-11-24 19:00:00,22.7,0.0,0.263,15.1,0.0
2025-11-24 20:00:00,21.8,0.0,0.263,15.8,0.0
2025-11-24 21:00:00,20.8,0.0,0.263,15.5,0.0
2025-11-24 22:00:00,19.5,0.0,0.263,10.8,0.0
2025-11-24 23:00:00,18.9,0.0,0.274,5.0,0.0
2025-11-25 00:00:00,18.2,0.0,0.274,9.0,0.0
2025-11-25 01:00:00,17.8,0.0,0.274,9.7,0.0
2025-11-25 02:00:00,17.6,0.0,0.274,11.5,0.0
2025-11-25 03:00:00,17.3,0.0,0.274,13.0,0.0
2025-11-25 04:00:00,16.8,0.0,0.274,14.4,0.0
2025-11-25 05:00:00,16.1,0.0,0.268,14.8,0.0
2025-11-25 06:00:00,16.5,0.0,0.268,14.8,0.0
2025-11-25 07:00:00,18.2,0.0,0.268,14.8,0.0
2025-11-25 08:00:00,21.6,0.0,0.268,14.8,0.0
2025-11-25 09:00:00,24.2,0.0,0.268,13.7,0.0
2025-11-25 10:00:00,26.1,0.0,0.267,13.7,0.0
2025-11-25 11:00:00,27.1,0.0,0.266,16.9,0.0
2025-11-25 12:00:00,27.9,0.0,0.265,20.9,0.0
2025-11-25 13:00:00,28.0,0.0,0.264,24.8,0.0
2025-11-25 14:00:00,28.1,0.0,0.264,25.6,0.0
2025-11-25 15:00:00,27.8,0.0,0.263,26.3,0.0
2025-11-25 16:00:00,27.0,0.0,0.263,23.4,0.0
2025-11-25 17:00:00,24.8,0.0,0.274,11.2,0.0
2025-11-25 18:00:00,23.3,0.0,0.274,3.2,0.0
2025-11-25 19:00:00,21.7,0.0,0.274,10.1,0.0
2025-11-25 20:00:00,20.4,0.0,0.273,13.3,0.0
2025-11-25 21:00:00,19.6,0.0,0.273,13.7,0.0
2025-11-25 22:00:00,18.8,0.0,0.273,6.1,0.0
2025-11-25 23:00:00,18.3,0.0,0.286,7.2,0.0
2025-11-26 00:00:00,17.4,0.0,0.286,8.6,0.0
2025-11-26 01:00:00,17.0,0.0,0.286,7.2,0.0
2025-11-26 02:00:00,17.0,0.0,0.286,7.9,0.0
2025-11-26 03:00:00,17.3,0.0,0.286,9.7,0.0
2025-11-26 04:00:00,17.3,0.0,0.286,9.7,0.0
2025-11-26 05:00:00,17.2,0.0,0.281,10.1,0.0
2025-11-26 06:00:00,17.4,0.0,0.281,12.6,0.0
2025-11-26 07:00:00,18.5,0.0,0.281,14.4,0.0
2025-11-26 08:00:00,21.6,0.0,0.28,14.8,0.0
2025-11-26 09:00:00,24.3,0.0,0.28,14.4,0.0
2025-11-26 10:00:00,26.1,0.0,0.279,12.6,0.0
2025-11-26 11:00:00,26.7,0.0,0.281,16.2,0.0
2025-11-26 12:00:00,27.6,0.0,0.28,19.4,0.0
2025-11-26 13:00:00,28.1,0.0,0.279,22.0,0.0
2025-11-26 14:00:00,27.9,0.0,0.278,22.3,0.0
2025-11-26 15:00:00,27.7,0.0,0.277,23.0,0.0
2025-11-26 16:00:00,26.9,0.0,0.277,20.2,0.0
2025-11-26 17:00:00,24.6,0.0,0.284,7.2,0.0
2025-11-26 18:00:00,23.0,0.0,0.284,10.4,0.0
2025-11-26 19:00:00,22.1,0.0,0.283,13.3,0.0
2025-11-26 20:00:00,20.6,0.0,0.283,11.9,0.0
2025-11-26 21:00:00,19.3,0.0,0.283,8.6,0.0
2025-11-26 22:00:00,18.5,0.0,0.283,8.6,0.0
2025-11-26 23:00:00,17.4,0.0,0.288,8.6,0.0
2025-11-27 00:00:00,16.9,0.0,0.288,7.2,0.0
2025-11-27 01:00:00,16.5,0.0,0.288,7.6,0.0
2025-11-27 02:00:00,16.4,0.0,0.288,8.3,0.0
2025-11-27 03:00:00,16.2,0.0,0.288,11.5,0.0
2025-11-27 04:00:00,15.9,0.0,0.288,13.0,0.0
2025-11-27 05:00:00,16.0,0.0,0.276,13.7,0.0
2025-11-27 06:00:00,16.3,0.0,0.276,14.0,0.0
2025-11-27 07:00:00,18.0,0.0,0.276,15.1,0.0
2025-11-27 08:00:00,21.2,0.0,0.276,15.1,0.0
2025-11-27 09:00:00,24.0,0.0,0.275,12.2,0.0
2025-11-27 10:00:00,25.9,0.0,0.275,14.8,0.0
2025-11-27 11:00:00,27.2,0.0,0.282,21.2,0.0
2025-11-27 12:00:00,28.1,0.0,0.281,25.9,0.0
2025-11-27 13:00:00,28.4,0.0,0.279,30.2,0.0
2025-11-27 14:00:00,28.2,0.0,0.278,31.3,0.0
2025-11-27 15:00:00,27.8,0.0,0.277,29.9,0.0
2025-11-27 16:00:00,26.6,0.0,0.277,23.4,0.0
2025-11-27 17:00:00,23.4,0.0,0.279,14.4,0.0
2025-11-27 18:00:00,22.1,0.0,0.279,16.6,0.0
2025-11-27 19:00:00,20.8,0.0,0.279,17.6,0.0
2025-11-27 20:00:00,19.7,0.0,0.278,16.6,0.0
2025-11-27 21:00:00,18.9,0.0,0.278,16.9,0.0
2025-11-27 22:00:00,17.8,0.0,0.278,16.9,0.0
2025-11-27 23:00:00,15.9,0.0,0.286,15.8,0.0
2025-11-28 00:00:00,14.8,0.0,0.286,13.3,0.0
2025-11-28 01:00:00,14.0,0.0,0.286,13.0,0.0
2025-11-28 02:00:00,13.3,0.0,0.286,13.3,0.0
2025-11-28 03:00:00,12.8,0.0,0.286,14.8,0.0
2025-11-28 04:00:00,12.4,0.0,0.286,15.5,0.0
2025-11-28 05:00:00,11.8,0.0,0.271,16.9,0.0
2025-11-28 06:00:00,12.1,0.0,0.271,16.2,0.0
2025-11-28 07:00:00,13.7,0.0,0.271,15.1,0.0
2025-11-28 08:00:00,17.5,0.0,0.271,14.8,0.0
2025-11-28 09:00:00,20.9,0.0,0.27,14.0,0.0
2025-11-28 10:00:00,22.9,0.0,0.27,15.1,0.0
2025-11-28 11:00:00,24.1,0.0,0.271,16.6,0.0
2025-11-28 12:00:00,25.1,0.0,0.271,19.1,0.0
2025-11-28 13:00:00,25.6,0.0,0.27,21.2,0.0
2025-11-28 14:00:00,25.9,0.0,0.269,22.0,0.0
2025-11-28 15:00:00,25.9,0.0,0.268,22.0,0.0
2025-11-28 16:00:00,24.5,0.0,0.268,21.2,0.0
2025-11-28 17:00:00,20.8,0.0,0.265,15.8,0.0
2025-11-28 18:00:00,19.3,0.0,0.265,10.1,0.0
2025-11-28 19:00:00,18.5,0.0,0.265,14.0,0.0
2025-11-28 20:00:00,17.4,0.0,0.265,13.7,0.0
2025-11-28 21:00:00,17.1,0.0,0.265,15.1,0.0
2025-11-28 22:00:00,16.0,0.0,0.265,14.4,0.0
2025-11-28 23:00:00,14.2,0.0,0.265,11.9,0.0
2025-11-29 00:00:00,13.2,0.0,0.265,11.2,0.0
2025-11-29 01:00:00,12.7,0.0,0.265,11.2,0.0
2025-11-29 02:00:00,12.3,0.0,0.265,12.2,0.0
2025-11-29 03:00:00,12.1,0.0,0.265,14.4,0.0
2025-11-29 04:00:00,11.9,0.0,0.265,15.1,0.0
2025-11-29 05:00:00,11.4,0.0,0.257,15.5,0.0
2025-11-29 06:00:00,11.7,0.0,0.257,15.1,0.0
2025-11-29 07:00:00,13.5,0.0,0.257,16.2,0.0
2025-11-29 08:00:00,17.5,0.0,0.257,16.6,0.0
2025-11-29 09:00:00,20.9,0.0,0.257,16.2,0.0
2025-11-29 10:00:00,23.1,0.0,0.256,16.9,0.0
2025-11-29 11:00:00,24.4,0.0,0.262,17.6,0.0
2025-11-29 12:00:00,25.3,0.0,0.261,20.2,0.0
2025-11-29 13:00:00,25.9,0.0,0.261,22.0,0.0
2025-11-29 14:00:00,26.2,0.0,0.26,22.0,0.0
2025-11-29 15:00:00,26.3,0.0,0.26,21.2,0.0
2025-11-29 16:00:00,25.0,0.0,0.259,19.8,0.0
2025-11-29 17:00:00,21.0,0.0,0.256,15.1,0.0
2025-11-29 18:00:00,19.5,0.0,0.256,10.8,0.0
2025-11-29 19:00:00,19.0,0.0,0.256,13.3,0.0
2025-11-29 20:00:00,17.7,0.0,0.256,13.0,0.0
2025-11-29 21:00:00,17.1,0.0,0.256,14.0,0.0
2025-11-29 22:00:00,16.1,0.0,0.256,13.7,0.0
2025-11-29 23:00:00,15.0,0.0,0.256,12.6,0.0
2025-11-30 00:00:00,14.2,0.0,0.256,14.0,0.0
2025-11-30 01:00:00,13.7,0.0,0.256,14.8,0.0
2025-11-30 02:00:00,13.5,0.0,0.256,16.6,0.0
2025-11-30 03:00:00,13.1,0.0,0.256,16.6,0.0
2025-11-30 04:00:00,12.5,0.0,0.256,14.4,0.0
2025-11-30 05:00:00,12.0,0.0,0.255,14.0,0.0
2025-11-30 06:00:00,12.6,0.0,0.255,15.8,0.0
2025-11-30 07:00:00,14.0,0.0,0.255,19.8,0.0
2025-11-30 08:00:00,17.6,0.0,0.255,20.2,0.0
2025-11-30 09:00:00,21.4,0.0,0.255,20.2,0.0
2025-11-30 10:00:00,23.8,0.0,0.255,20.5,0.0
2025-11-30 11:00:00,25.0,0.0,0.254,18.0,0.0
2025-11-30 12:00:00,26.0,0.0,0.253,18.0,0.0
2025-11-30 13:00:00,26.3,0.0,0.253,19.4,0.0
2025-11-30 14:00:00,26.3,0.0,0.252,20.5,0.0
2025-11-30 15:00:00,26.0,0.0,0.252,20.5,0.0
2025-11-30 16:00:00,24.8,0.0,0.251,19.1,0.0
2025-11-30 17:00:00,22.5,0.0,0.251,13.3,0.0
2025-11-30 18:00:00,20.7,0.0,0.251,5.4,0.0
2025-11-30 19:00:00,19.8,0.0,0.251,9.4,0.0
2025-11-30 20:00:00,18.3,0.0,0.251,12.2,0.0
2025-11-30 21:00:00,17.5,0.0,0.251,12.6,0.0
2025-11-30 22:00:00,17.3,0.0,0.251,10.4,0.0
2025-11-30 23:00:00,16.4,0.0,0.251,9.4,0.0
2025-12-01 00:00:00,16.1,0.0,0.251,8.3,0.0
2025-12-01 01:00:00,15.4,0.0,0.251,8.6,0.0
2025-12-01 02:00:00,14.8,0.0,0.251,5.4,0.0
2025-12-01 03:00:00,14.3,0.0,0.251,9.4,0.0
2025-12-01 04:00:00,13.9,0.0,0.251,15.5,0.0
2025-12-01 05:00:00,13.8,0.0,0.255,16.6,0.0
2025-12-01 06:00:00,14.1,0.0,0.255,15.8,0.0
2025-12-01 07:00:00,15.2,0.0,0.255,15.8,0.0
2025-12-01 08:00:00,18.3,0.0,0.254,19.1,0.0
2025-12-01 09:00:00,21.9,0.0,0.254,19.1,0.0
2025-12-01 10:00:00,24.4,0.0,0.254,18.0,0.0
2025-12-01 11:00:00,25.7,0.0,0.259,16.6,0.0
2025-12-01 12:00:00,26.7,0.0,0.258,18.7,0.0
2025-12-01 13:00:00,26.9,0.0,0.257,21.2,0.0
2025-12-01 14:00:00,26.9,0.0,0.256,21.2,0.0
2025-12-01 15:00:00,26.7,0.0,0.256,20.2,0.0
2025-12-01 16:00:00,25.3,0.0,0.255,18.0,0.0
2025-12-01 17:00:00,22.2,0.0,0.251,10.8,0.0
2025-12-01 18:00:00,21.3,0.0,0.251,6.8,0.0
2025-12-01 19:00:00,19.8,0.0,0.251,10.4,0.0
2025-12-01 20:00:00,18.6,0.0,0.251,14.8,0.0
2025-12-01 21:00:00,17.6,0.0,0.251,14.8,0.0
2025-12-01 22:00:00,16.9,0.0,0.251,13.7,0.0
2025-12-01 23:00:00,16.0,0.0,0.263,11.9,0.0
2025-12-02 00:00:00,15.1,0.0,0.263,11.2,0.0
2025-12-02 01:00:00,14.8,0.0,0.263,11.2,0.0
2025-12-02 02:00:00,14.5,0.0,0.263,10.4,0.0
2025-12-02 03:00:00,14.3,0.0,0.263,11.9,0.0
2025-12-02 04:00:00,14.3,0.0,0.263,15.5,0.0
2025-12-02 05:00:00,14.1,0.0,0.248,15.8,0.0
2025-12-02 06:00:00,13.9,0.0,0.248,16.9,0.0
2025-12-02 07:00:00,14.9,0.0,0.248,19.1,0.0
2025-12-02 08:00:00,18.5,0.0,0.248,19.1,0.0
2025-12-02 09:00:00,22.1,0.0,0.248,17.3,0.0
2025-12-02 10:00:00,24.5,0.0,0.248,17.3,0.0
2025-12-02 11:00:00,25.9,0.0,0.257,18.7,0.0
2025-12-02 12:00:00,26.9,0.0,0.256,20.5,0.0
2025-12-02 13:00:00,27.3,0.0,0.256,21.6,0.0
2025-12-02 14:00:00,27.5,0.0,0.255,21.6,0.0
2025-12-02 15:00:00,27.0,0.0,0.254,19.8,0.0
2025-12-02 16:00:00,25.5,0.0,0.254,18.4,0.0
2025-12-02 17:00:00,22.0,0.0,0.252,13.7,0.0
2025-12-02 18:00:00,20.4,0.0,0.252,13.7,0.0
2025-12-02 19:00:00,18.8,0.0,0.252,12.6,0.0
2025-12-02 20:00:00,17.4,0.0,0.252,13.0,0.0
2025-12-02 21:00:00,16.2,0.0,0.252,12.2,0.0
2025-12-02 22:00:00,15.3,0.0,0.252,12.2,0.0
2025-12-02 23:00:00,14.7,0.0,0.252,10.8,0.0
2025-12-03 00:00:00,13.9,0.0,0.252,11.2,0.0
2025-12-03 01:00:00,13.7,0.0,0.252,13.0,0.0
2025-12-03 02:00:00,14.0,0.0,0.252,16.9,0.0
2025-12-03 03:00:00,13.9,0.0,0.252,16.9,0.0
2025-12-03 04:00:00,13.5,0.0,0.252,18.4,0.0
2025-12-03 05:00:00,12.8,0.0,0.244,18.4,0.0
2025-12-03 06:00:00,13.1,0.0,0.244,16.9,0.0
2025-12-03 07:00:00,14.4,0.0,0.244,14.8,0.0
2025-12-03 08:00:00,17.9,0.0,0.244,15.1,0.0
2025-12-03 09:00:00,21.9,0.0,0.244,14.8,0.0
2025-12-03 10:00:00,24.3,0.0,0.244,14.0,0.0
2025-12-03 11:00:00,25.2,0.0,0.256,13.7,0.0
2025-12-03 12:00:00,26.4,0.0,0.255,15.1,0.0
2025-12-03 13:00:00,26.9,0.0,0.254,16.9,0.0
2025-12-03 14:00:00,27.1,0.0,0.254,17.6,0.0
2025-12-03 15:00:00,27.0,0.0,0.253,17.6,0.0
2025-12-03 16:00:00,25.7,0.0,0.253,16.6,0.0
2025-12-03 17:00:00,22.0,0.0,0.247,11.2,0.0
2025-12-03 18:00:00,20.1,0.0,0.247,9.4,0.0
2025-12-03 19:00:00,18.7,0.0,0.247,12.2,0.0
2025-12-03 20:00:00,17.5,0.0,0.247,15.8,0.0
2025-12-03 21:00:00,17.0,0.0,0.247,16.2,0.0
2025-12-03 22:00:00,15.8,0.0,0.247,12.2,0.0
2025-12-03 23:00:00,15.1,0.0,0.247,10.1,0.0
2025-12-04 00:00:00,14.7,0.0,0.247,10.8,0.0
2025-12-04 01:00:00,14.4,0.0,0.247,11.5,0.0
2025-12-04 02:00:00,13.7,0.0,0.247,13.3,0.0
2025-12-04 03:00:00,13.4,0.0,0.247,14.8,0.0
2025-12-04 04:00:00,13.0,0.0,0.247,15.8,0.0
2025-12-04 05:00:00,12.4,0.0,0.247,15.8,0.0
2025-12-04 06:00:00,12.5,0.0,0.247,15.5,0.0
2025-12-04 07:00:00,13.8,0.0,0.247,16.2,0.0
2025-12-04 08:00:00,17.2,0.0,0.247,16.2,0.0
2025-12-04 09:00:00,20.8,0.0,0.247,13.7,0.0
2025-12-04 10:00:00,23.4,0.0,0.247,14.8,0.0
2025-12-04 11:00:00,24.8,0.0,0.246,14.8,0.0
2025-12-04 12:00:00,26.1,0.0,0.246,14.8,0.0
2025-12-04 13:00:00,26.7,0.0,0.246,15.8,0.0
2025-12-04 14:00:00,27.1,0.0,0.245,17.6,0.0
2025-12-04 15:00:00,26.7,0.0,0.245,19.4,0.0
2025-12-04 16:00:00,25.2,0.0,0.245,19.4,0.0
2025-12-04 17:00:00,21.9,0.0,0.245,15.1,0.0
2025-12-04 18:00:00,20.5,0.0,0.244,16.2,0.0
2025-12-04 19:00:00,19.1,0.0,0.244,15.8,0.0
2025-12-04 20:00:00,17.7,0.0,0.244,15.8,0.0
2025-12-04 21:00:00,17.4,0.0,0.244,19.8,0.0
2025-12-04 22:00:00,16.7,0.0,0.244,20.2,0.0
2025-12-04 23:00:00,15.2,0.0,0.244,14.4,0.0
2025-12-05 00:00:00,14.5,0.0,0.244,11.9,0.0
2025-12-05 01:00:00,14.0,0.0,0.244,14.0,0.0
2025-12-05 02:00:00,13.5,0.0,0.244,16.6,0.0
2025-12-05 03:00:00,13.1,0.0,0.244,16.9,0.0
2025-12-05 04:00:00,12.7,0.0,0.245,16.9,0.0
2025-12-05 05:00:00,12.2,0.0,0.245,16.6,0.0
2025-12-05 06:00:00,12.3,0.0,0.245,15.5,0.0
2025-12-05 07:00:00,13.7,0.0,0.245,18.0,0.0
2025-12-05 08:00:00,17.3,0.0,0.245,18.0,0.0
2025-12-05 09:00:00,21.0,0.0,0.244,15.1,0.0
2025-12-05 10:00:00,23.6,0.0,0.244,17.6,0.0
2025-12-05 11:00:00,25.0,0.0,0.244,19.8,0.0
2025-12-05 12:00:00,26.1,0.0,0.244,22.0,0.0
2025-12-05 13:00:00,26.5,0.0,0.243,22.7,0.0
2025-12-05 14:00:00,26.6,0.0,0.243,22.7,0.0
2025-12-05 15:00:00,26.2,0.0,0.243,23.4,0.0
2025-12-05 16:00:00,24.7,0.0,0.243,23.4,0.0
2025-12-05 17:00:00,21.5,0.0,0.243,18.7,0.0
2025-12-05 18:00:00,20.0,0.0,0.242,15.8,0.0
2025-12-05 19:00:00,18.5,0.0,0.242,16.2,0.0
2025-12-05 20:00:00,17.5,0.0,0.242,18.4,0.0
2025-12-05 21:00:00,16.9,0.0,0.242,20.9,0.0
2025-12-05 22:00:00,16.2,0.0,0.242,20.9,0.0
2025-12-05 23:00:00,15.3,0.0,0.242,19.4,0.0
2025-12-06 00:00:00,14.1,0.0,0.242,17.3,0.0
2025-12-06 01:00:00,13.2,0.0,0.242,16.9,0.0
2025-12-06 02:00:00,12.4,0.0,0.242,16.9,0.0
2025-12-06 03:00:00,11.9,0.0,0.242,17.6,0.0
2025-12-06 04:00:00,11.4,0.0,0.242,18.0,0.0
2025-12-06 05:00:00,11.3,0.0,0.242,18.4,0.0
2025-12-06 06:00:00,11.3,0.0,0.242,19.4,0.0
2025-12-06 07:00:00,12.4,0.0,0.242,18.7,0.0
2025-12-06 08:00:00,15.8,0.0,0.242,19.1,0.0
2025-12-06 09:00:00,19.4,0.0,0.242,15.5,0.0
2025-12-06 10:00:00,22.0,0.0,0.242,16.9,0.0
2025-12-06 11:00:00,23.5,0.0,0.242,18.4,0.0
2025-12-06 12:00:00,24.7,0.0,0.242,19.1,0.0
2025-12-06 13:00:00,25.4,0.0,0.241,20.2,0.0
2025-12-06 14:00:00,25.7,0.0,0.241,22.3,0.0
2025-12-06 15:00:00,25.4,0.0,0.241,22.7,0.0
2025-12-06 16:00:00,23.9,0.0,0.241,22.3,0.0
2025-12-06 17:00:00,20.7,0.0,0.241,16.2,0.0
2025-12-06 18:00:00,18.9,0.0,0.241,13.0,0.0
2025-12-06 19:00:00,17.1,0.0,0.241,14.8,0.0
2025-12-06 20:00:00,16.7,0.0,0.241,19.8,0.0
2025-12-06 21:00:00,16.7,0.0,0.241,22.3,0.0
2025-12-06 22:00:00,16.0,0.0,0.241,23.0,0.0
2025-12-06 23:00:00,14.8,0.0,0.241,22.3,0.0
2025-12-07 00:00:00,13.8,0.0,0.241,20.2,0.0
2025-12-07 01:00:00,12.9,0.0,0.241,15.5,0.0
2025-12-07 02:00:00,12.2,0.0,0.241,18.4,0.0
2025-12-07 03:00:00,11.5,0.0,0.241,18.4,0.0
2025-12-07 04:00:00,11.1,0.0,0.241,16.6,0.0
2025-12-07 05:00:00,10.3,0.0,0.241,13.0,0.0
2025-12-07 06:00:00,10.2,0.0,0.241,7.6,0.0
2025-12-07 07:00:00,11.4,0.0,0.241,17.3,0.0
2025-12-07 08:00:00,15.5,0.0,0.241,18.0,0.0
2025-12-07 09:00:00,19.2,0.0,0.241,15.8,0.0
2025-12-07 10:00:00,22.1,0.0,0.241,16.6,0.0
2025-12-07 11:00:00,24.1,0.0,0.241,18.0,0.0
2025-12-07 12:00:00,25.9,0.0,0.241,18.4,0.0
2025-12-07 13:00:00,27.2,0.0,0.24,19.1,0.0
2025-12-07 14:00:00,28.0,0.0,0.24,21.2,0.0
2025-12-07 15:00:00,27.6,0.0,0.24,22.0,0.0
2025-12-07 16:00:00,25.4,0.0,0.24,21.6,0.0
2025-12-07 17:00:00,22.9,0.0,0.24,17.3,0.0
2025-12-07 18:00:00,20.9,0.0,0.24,16.9,0.0
2025-12-07 19:00:00,19.2,0.0,0.24,18.0,0.0
2025-12-07 20:00:00,18.9,0.0,0.24,20.2,0.0
2025-12-07 21:00:00,18.1,0.0,0.24,20.9,0.0
2025-12-07 22:00:00,16.8,0.0,0.24,19.4,0.0
2025-12-07 23:00:00,15.2,0.0,0.24,14.8,0.0
2025-12-08 00:00:00,13.6,0.0,0.24,14.0,0.0
2025-12-08 01:00:00,12.4,0.0,0.24,14.4,0.0
2025-12-08 02:00:00,11.7,0.0,0.24,14.4,0.0
2025-12-08 03:00:00,11.3,0.0,0.24,15.5,0.0
2025-12-08 04:00:00,11.1,0.0,0.24,16.9,0.0
2025-12-08 05:00:00,10.9,0.0,0.24,19.4,0.0
2025-12-08 06:00:00,11.6,0.0,0.24,20.5,0.0
2025-12-08 07:00:00,13.1,0.0,0.24,20.2,0.0
2025-12-08 08:00:00,16.9,0.0,0.24,19.1,0.0
2025-12-08 09:00:00,20.5,0.0,0.24,17.3,0.0
2025-12-08 10:00:00,23.5,0.0,0.24,20.5,0.0
2025-12-08 11:00:00,26.0,0.0,0.24,20.9,0.0
2025-12-08 12:00:00,27.8,0.0,0.24,21.2,0.0
2025-12-08 13:00:00,28.6,0.0,0.24,23.4,0.0
2025-12-08 14:00:00,28.5,0.0,0.24,25.9,0.0
2025-12-08 15:00:00,27.9,0.0,0.239,25.9,0.0
2025-12-08 16:00:00,25.8,0.0,0.239,23.0,0.0
2025-12-08 17:00:00,21.6,0.0,0.239,11.9,0.0
2025-12-08 18:00:00,20.2,0.0,0.239,15.5,0.0
2025-12-08 19:00:00,19.7,0.0,0.239,20.2,0.0
2025-12-08 20:00:00,18.4,0.0,0.239,19.8,0.0
2025-12-08 21:00:00,16.9,0.0,0.239,16.9,0.0
2025-12-08 22:00:00,15.4,0.0,0.239,16.2,0.0
2025-12-08 23:00:00,14.3,0.0,0.239,16.9,0.0
2025-12-09 00:00:00,13.1,0.0,0.239,18.0,0.0
2025-12-09 01:00:00,12.9,0.0,0.239,19.4,0.0
2025-12-09 02:00:00,12.7,0.0,0.239,20.9,0.0
2025-12-09 03:00:00,12.6,0.0,0.239,20.9,0.0
2025-12-09 04:00:00,11.9,0.0,0.239,17.3,0.0
2025-12-09 05:00:00,11.0,0.0,0.25,12.2,0.0
2025-12-09 06:00:00,11.3,0.0,0.25,11.5,0.0
2025-12-09 07:00:00,13.0,0.0,0.25,14.0,0.0
2025-12-09 08:00:00,16.9,0.0,0.249,16.6,0.0
2025-12-09 09:00:00,20.7,0.0,0.249,18.7,0.0
2025-12-09 10:00:00,23.5,0.0,0.249,23.8,0.0
2025-12-09 11:00:00,25.9,0.0,0.249,27.7,0.0
2025-12-09 12:00:00,27.4,0.0,0.248,29.9,0.0
2025-12-09 13:00:00,28.1,0.0,0.247,30.2,0.0
2025-12-09 14:00:00,28.3,0.0,0.247,29.5,0.0
2025-12-09 15:00:00,27.6,0.0,0.247,28.1,0.0
2025-12-09 16:00:00,25.5,0.0,0.246,24.5,0.0
2025-12-09 17:00:00,21.7,0.0,0.239,12.2,0.0
2025-12-09 18:00:00,20.1,0.0,0.239,14.8,0.0
2025-12-09 19:00:00,18.8,0.0,0.239,19.4,0.0
2025-12-09 20:00:00,18.0,0.0,0.239,20.5,0.0
2025-12-09 21:00:00,16.9,0.0,0.239,20.5,0.0
2025-12-09 22:00:00,15.9,0.0,0.239,20.5,0.0
2025-12-09 23:00:00,15.3,0.0,0.239,20.9,0.0
2025-12-10 00:00:00,14.2,0.0,0.239,21.6,0.0
2025-12-10 01:00:00,13.6,0.0,0.239,22.7,0.0
2025-12-10 02:00:00,13.2,0.0,0.239,23.0,0.0
2025-12-10 03:00:00,12.8,0.0,0.239,22.7,0.0
2025-12-10 04:00:00,12.2,0.0,0.239,21.2,0.0
2025-12-10 05:00:00,11.4,0.0,0.254,19.1,0.0
2025-12-10 06:00:00,11.4,0.0,0.254,18.0,0.0
2025-12-10 07:00:00,12.5,0.0,0.254,16.2,0.0
2025-12-10 08:00:00,16.3,0.0,0.254,16.9,0.0
2025-12-10 09:00:00,20.3,0.0,0.254,14.0,0.0
2025-12-10 10:00:00,23.4,0.0,0.253,17.3,0.0
2025-12-10 11:00:00,25.6,0.0,0.257,23.0,0.0
2025-12-10 12:00:00,26.9,0.0,0.257,24.5,0.0
2025-12-10 13:00:00,27.3,0.0,0.256,24.5,0.0
2025-12-10 14:00:00,27.3,0.0,0.255,23.4,0.0
2025-12-10 15:00:00,26.9,0.0,0.254,20.2,0.0
2025-12-10 16:00:00,24.9,0.0,0.254,15.1,0.0
2025-12-10 17:00:00,21.4,0.0,0.239,11.5,0.0
2025-12-10 18:00:00,19.8,0.0,0.239,16.9,0.0
2025-12-10 19:00:00,18.6,0.0,0.239,18.0,0.0
2025-12-10 20:00:00,17.6,0.0,0.239,17.3,0.0
2025-12-10 21:00:00,16.9,0.0,0.239,19.8,0.0
2025-12-10 22:00:00,16.3,0.0,0.239,22.3,0.0
2025-12-10 23:00:00,15.7,0.0,0.239,22.7,0.0
2025-12-11 00:00:00,14.6,0.0,0.239,22.0,0.0
2025-12-11 01:00:00,13.4,0.0,0.239,20.5,0.0
2025-12-11 02:00:00,12.7,0.0,0.239,18.0,0.0
2025-12-11 03:00:00,11.8,0.0,0.239,17.3,0.0
2025-12-11 04:00:00,10.6,0.0,0.239,12.2,0.0
2025-12-11 05:00:00,10.0,0.0,0.248,10.1,0.0
2025-12-11 06:00:00,10.0,0.0,0.248,12.2,0.0
2025-12-11 07:00:00,11.4,0.0,0.248,13.7,0.0
2025-12-11 08:00:00,15.5,0.0,0.247,13.7,0.0
2025-12-11 09:00:00,19.4,0.0,0.247,13.0,0.0
2025-12-11 10:00:00,22.3,0.0,0.247,17.6,0.0
2025-12-11 11:00:00,24.4,0.0,0.244,18.4,0.0
2025-12-11 12:00:00,26.0,0.0,0.244,15.5,0.0
2025-12-11 13:00:00,26.7,0.0,0.244,18.4,0.0
2025-12-11 14:00:00,27.0,0.0,0.243,18.7,0.0
2025-12-11 15:00:00,26.7,0.0,0.243,18.0,0.0
2025-12-11 16:00:00,25.2,0.0,0.243,16.6,0.0
2025-12-11 17:00:00,22.1,0.0,0.238,9.4,0.0
2025-12-11 18:00:00,20.9,0.0,0.238,10.4,0.0
2025-12-11 19:00:00,19.1,0.0,0.238,14.0,0.0
2025-12-11 20:00:00,17.5,0.0,0.238,14.4,0.0
2025-12-11 21:00:00,16.9,0.0,0.238,18.4,0.0
2025-12-11 22:00:00,16.5,0.0,0.238,18.4,0.0
2025-12-11 23:00:00,15.4,0.0,0.238,18.0,0.0
2025-12-12 00:00:00,13.3,0.0,0.238,13.3,0.0
2025-12-12 01:00:00,12.2,0.0,0.238,9.7,0.0
2025-12-12 02:00:00,11.4,0.0,0.239,9.0,0.0
2025-12-12 03:00:00,11.1,0.0,0.239,9.7,0.0
2025-12-12 04:00:00,11.0,0.0,0.239,12.2,0.0
2025-12-12 05:00:00,10.5,0.0,0.239,14.4,0.0
2025-12-12 06:00:00,10.8,0.0,0.239,16.2,0.0
2025-12-12 07:00:00,12.1,0.0,0.239,17.6,0.0
2025-12-12 08:00:00,15.9,0.0,0.239,18.0,0.0
2025-12-12 09:00:00,19.7,0.0,0.239,14.4,0.0
2025-12-12 10:00:00,22.8,0.0,0.239,17.3,0.0
2025-12-12 11:00:00,24.7,0.0,0.239,17.6,0.0
2025-12-12 12:00:00,26.1,0.0,0.238,16.9,0.0
2025-12-12 13:00:00,26.7,0.0,0.238,18.7,0.0
2025-12-12 14:00:00,27.0,0.0,0.238,21.2,0.0
2025-12-12 15:00:00,26.6,0.0,0.238,23.4,0.0
2025-12-12 16:00:00,25.1,0.0,0.238,23.4,0.0
2025-12-12 17:00:00,22.4,0.0,0.238,16.9,0.0
2025-12-12 18:00:00,20.4,0.0,0.238,14.4,0.0
2025-12-12 19:00:00,18.3,0.0,0.238,15.8,0.0
2025-12-12 20:00:00,17.5,0.0,0.238,16.6,0.0
2025-12-12 21:00:00,17.4,0.0,0.238,18.4,0.0
2025-12-12 22:00:00,16.6,0.0,0.238,18.4,0.0
2025-12-12 23:00:00,15.4,0.0,0.238,17.3,0.0
2025-12-13 00:00:00,13.8,0.0,0.238,16.6,0.0
2025-12-13 01:00:00,12.7,0.0,0.238,14.4,0.0
2025-12-13 02:00:00,12.2,0.0,0.238,12.6,0.0
2025-12-13 03:00:00,11.7,0.0,0.238,12.6,0.0
2025-12-13 04:00:00,11.2,0.0,0.238,13.0,0.0
2025-12-13 05:00:00,10.6,0.0,0.238,13.0,0.0
2025-12-13 06:00:00,10.5,0.0,0.239,12.6,0.0
2025-12-13 07:00:00,11.4,0.0,0.239,12.2,0.0
2025-12-13 08:00:00,15.8,0.0,0.239,13.3,0.0
2025-12-13 09:00:00,19.9,0.0,0.239,12.6,0.0
2025-12-13 10:00:00,22.7,0.0,0.238,12.6,0.0
2025-12-13 11:00:00,24.3,0.0,0.238,14.4,0.0
2025-12-13 12:00:00,25.8,0.0,0.238,16.6,0.0
2025-12-13 13:00:00,26.5,0.0,0.238,16.9,0.0
2025-12-13 14:00:00,26.8,0.0,0.238,16.6,0.0
2025-12-13 15:00:00,26.6,0.0,0.238,18.7,0.0
2025-12-13 16:00:00,25.1,0.0,0.238,18.7,0.0
2025-12-13 17:00:00,22.2,0.0,0.238,12.2,0.0
2025-12-13 18:00:00,20.7,0.0,0.238,14.0,0.0
2025-12-13 19:00:00,18.8,0.0,0.238,15.1,0.0
2025-12-13 20:00:00,18.4,0.0,0.238,18.4,0.0
2025-12-13 21:00:00,18.1,0.0,0.238,19.1,0.0
2025-12-13 22:00:00,17.1,0.0,0.238,20.2,0.0
2025-12-13 23:00:00,16.0,0.0,0.238,20.2,0.0
2025-12-14 00:00:00,14.8,0.0,0.238,18.0,0.0
2025-12-14 01:00:00,14.0,0.0,0.238,16.9,0.0
2025-12-14 02:00:00,13.2,0.0,0.238,15.8,0.0
2025-12-14 03:00:00,12.4,0.0,0.238,13.3,0.0
2025-12-14 04:00:00,11.7,0.0,0.238,11.9,0.0
2025-12-14 05:00:00,10.8,0.0,0.238,12.2,0.0
2025-12-14 06:00:00,10.8,0.0,0.238,14.4,0.0
2025-12-14 07:00:00,11.6,0.0,0.238,14.8,0.0
2025-12-14 08:00:00,15.8,0.0,0.238,14.8,0.0
2025-12-14 09:00:00,19.8,0.0,0.238,13.3,0.0
2025-12-14 10:00:00,22.6,0.0,0.238,13.3,0.0
2025-12-14 11:00:00,23.9,0.0,0.238,15.1,0.0
2025-12-14 12:00:00,25.0,0.0,0.238,17.3,0.0
2025-12-14 13:00:00,25.6,0.0,0.238,17.3,0.0
2025-12-14 14:00:00,25.9,0.0,0.238,17.6,0.0
2025-12-14 15:00:00,25.6,0.0,0.238,17.6,0.0
2025-12-14 16:00:00,24.6,0.0,0.238,16.6,0.0
2025-12-14 17:00:00,21.5,0.0,0.238,11.2,0.0
2025-12-14 18:00:00,20.6,0.0,0.238,13.0,0.0
2025-12-14 19:00:00,19.0,0.0,0.238,16.9,0.0
2025-12-14 20:00:00,18.2,0.0,0.238,17.6,0.0
2025-12-14 21:00:00,17.5,0.0,0.238,18.7,0.0
2025-12-14 22:00:00,16.9,0.0,0.238,18.4,0.0
2025-12-14 23:00:00,15.9,0.0,0.238,18.0,0.0
2025-12-15 00:00:00,14.8,0.0,0.238,17.3,0.0
2025-12-15 01:00:00,13.8,0.0,0.238,15.8,0.0
2025-12-15 02:00:00,13.0,0.0,0.238,15.8,0.0
2025-12-15 03:00:00,12.2,0.0,0.238,14.4,0.0
2025-12-15 04:00:00,11.7,0.0,0.238,15.1,0.0
2025-12-15 05:00:00,11.2,0.0,0.238,17.3,0.0
2025-12-15 06:00:00,11.4,0.0,0.238,16.9,0.0
2025-12-15 07:00:00,12.2,0.0,0.238,14.4,0.0
2025-12-15 08:00:00,15.9,0.0,0.238,13.7,0.0
2025-12-15 09:00:00,19.4,0.0,0.238,14.0,0.0
2025-12-15 10:00:00,22.0,0.0,0.238,13.3,0.0
2025-12-15 11:00:00,23.6,0.0,0.238,15.5,0.0
2025-12-15 12:00:00,24.9,0.0,0.238,17.6,0.0
2025-12-15 13:00:00,25.4,0.0,0.238,17.6,0.0
2025-12-15 14:00:00,25.6,0.0,0.238,16.9,0.0
2025-12-15 15:00:00,25.5,0.0,0.238,14.8,0.0
2025-12-15 16:00:00,24.6,0.0,0.238,12.6,0.0
2025-12-15 17:00:00,22.0,0.0,0.238,5.8,0.0
2025-12-15 18:00:00,20.4,0.0,0.238,6.5,0.0
2025-12-15 19:00:00,19.6,0.0,0.238,8.6,0.0
2025-12-15 20:00:00,17.9,0.0,0.238,14.4,0.0
2025-12-15 21:00:00,16.5,0.0,0.238,15.5,0.0
2025-12-15 22:00:00,15.6,0.0,0.238,17.3,0.0
2025-12-15 23:00:00,14.5,0.0,0.238,16.9,0.0
2025-12-16 00:00:00,13.4,0.0,0.238,16.6,0.0
2025-12-16 01:00:00,12.9,0.0,0.238,18.0,0.0
2025-12-16 02:00:00,12.6,0.0,0.238,19.4,0.0
2025-12-16 03:00:00,12.4,0.0,0.238,20.5,0.0
2025-12-16 04:00:00,12.1,0.0,0.238,20.2,0.0
2025-12-16 05:00:00,11.4,0.0,0.238,17.6,0.0
2025-12-16 06:00:00,11.1,0.0,0.238,13.0,0.0
2025-12-16 07:00:00,11.9,0.0,0.238,13.0,0.0
2025-12-16 08:00:00,15.3,0.0,0.238,13.3,0.0
2025-12-16 09:00:00,18.9,0.0,0.238,13.7,0.0
2025-12-16 10:00:00,21.5,0.0,0.238,14.4,0.0
2025-12-16 11:00:00,23.1,0.0,0.238,18.0,0.0
2025-12-16 12:00:00,24.5,0.0,0.238,18.4,0.0
2025-12-16 13:00:00,25.4,0.0,0.238,17.6,0.0
2025-12-16 14:00:00,25.9,0.0,0.238,15.5,0.0
2025-12-16 15:00:00,25.8,0.0,0.238,13.7,0.0
2025-12-16 16:00:00,24.9,0.0,0.238,10.4,0.0
2025-12-16 17:00:00,22.3,0.0,0.238,2.9,0.0
2025-12-16 18:00:00,21.1,0.0,0.238,2.2,0.0
2025-12-16 19:00:00,19.7,0.0,0.238,3.6,0.0
2025-12-16 20:00:00,18.4,0.0,0.238,7.2,0.0
2025-12-16 21:00:00,17.6,0.0,0.238,14.0,0.0
2025-12-16 22:00:00,16.5,0.0,0.238,16.9,0.0
2025-12-16 23:00:00,14.5,0.0,0.238,16.9,0.0
2025-12-17 00:00:00,12.6,0.0,0.238,15.5,0.0
2025-12-17 01:00:00,11.5,0.0,0.238,15.8,0.0
2025-12-17 02:00:00,11.1,0.0,0.238,17.3,0.0
2025-12-17 03:00:00,10.8,0.0,0.238,17.6,0.0
2025-12-17 04:00:00,10.7,0.0,0.238,18.4,0.0
2025-12-17 05:00:00,10.1,0.0,0.238,18.0,0.0
2025-12-17 06:00:00,10.2,0.0,0.238,16.6,0.0
2025-12-17 07:00:00,11.1,0.0,0.238,18.4,0.0
2025-12-17 08:00:00,14.9,0.0,0.238,20.2,0.0
2025-12-17 09:00:00,19.1,0.0,0.238,19.4,0.0
2025-12-17 10:00:00,22.4,0.0,0.238,20.5,0.0
2025-12-17 11:00:00,24.4,0.0,0.238,21.6,0.0
2025-12-17 12:00:00,26.1,0.0,0.238,21.2,0.0
2025-12-17 13:00:00,27.3,0.0,0.238,22.0,0.0
2025-12-17 14:00:00,28.0,0.0,0.238,22.7,0.0
2025-12-17 15:00:00,27.9,0.0,0.238,23.4,0.0
2025-12-17 16:00:00,26.2,0.0,0.238,23.4,0.0
2025-12-17 17:00:00,23.3,0.0,0.238,16.2,0.0
2025-12-17 18:00:00,21.7,0.0,0.238,21.2,0.0
2025-12-17 19:00:00,20.2,0.0,0.238,20.9,0.0
2025-12-17 20:00:00,18.9,0.0,0.238,20.9,0.0
2025-12-17 21:00:00,17.7,0.0,0.238,21.2,0.0
2025-12-17 22:00:00,16.5,0.0,0.238,21.2,0.0
2025-12-17 23:00:00,15.4,0.0,0.238,21.6,0.0
2025-12-18 00:00:00,14.3,0.0,0.238,20.5,0.0
2025-12-18 01:00:00,13.6,0.0,0.238,19.1,0.0
2025-12-18 02:00:00,12.9,0.0,0.238,17.3,0.0
2025-12-18 03:00:00,12.1,0.0,0.238,14.8,0.0
2025-12-18 04:00:00,11.2,0.0,0.238,13.7,0.0
2025-12-18 05:00:00,11.0,0.0,0.238,14.8,0.0
2025-12-18 06:00:00,11.3,0.0,0.238,15.8,0.0
2025-12-18 07:00:00,12.5,0.0,0.238,18.0,0.0
2025-12-18 08:00:00,16.4,0.0,0.238,19.8,0.0
2025-12-18 09:00:00,20.4,0.0,0.238,20.2,0.0
2025-12-18 10:00:00,23.2,0.0,0.238,23.4,0.0
2025-12-18 11:00:00,25.0,0.0,0.238,23.8,0.0
2025-12-18 12:00:00,26.2,0.0,0.238,24.5,0.0
2025-12-18 13:00:00,26.8,0.0,0.238,27.0,0.0
2025-12-18 14:00:00,27.1,0.0,0.238,28.8,0.0
2025-12-18 15:00:00,26.9,0.0,0.238,31.7,0.0
2025-12-18 16:00:00,25.2,0.0,0.238,32.0,0.0
2025-12-18 17:00:00,22.4,0.0,0.238,25.6,0.0
2025-12-18 18:00:00,21.4,0.0,0.238,26.6,0.0
2025-12-18 19:00:00,20.1,0.0,0.238,26.6,0.0
2025-12-18 20:00:00,19.0,0.0,0.238,22.3,0.0
2025-12-18 21:00:00,17.6,0.0,0.238,18.0,0.0
2025-12-18 22:00:00,16.3,0.0,0.238,13.7,0.0
2025-12-18 23:00:00,14.9,0.0,0.238,10.8,0.0
2025-12-19 00:00:00,13.2,0.0,0.238,11.2,0.0
2025-12-19 01:00:00,12.6,0.0,0.238,14.0,0.0
2025-12-19 02:00:00,12.0,0.0,0.238,14.8,0.0
2025-12-19 03:00:00,11.3,0.0,0.238,14.8,0.0
2025-12-19 04:00:00,10.6,0.0,0.238,14.0,0.0
2025-12-19 05:00:00,10.3,0.0,0.238,13.0,0.0
2025-12-19 06:00:00,10.8,0.0,0.238,13.7,0.0
2025-12-19 07:00:00,12.0,0.0,0.238,14.0,0.0
2025-12-19 08:00:00,15.5,0.0,0.238,16.2,0.0
2025-12-19 09:00:00,18.6,0.0,0.238,20.5,0.0
2025-12-19 10:00:00,20.7,0.0,0.238,25.2,0.0
2025-12-19 11:00:00,22.4,0.0,0.238,26.3,0.0
2025-12-19 12:00:00,23.8,0.0,0.238,28.4,0.0
2025-12-19 13:00:00,24.7,0.0,0.238,30.2,0.0
2025-12-19 14:00:00,25.3,0.0,0.238,31.0,0.0
2025-12-19 15:00:00,25.2,0.0,0.238,31.0,0.0
2025-12-19 16:00:00,24.1,0.0,0.238,28.8,0.0
2025-12-19 17:00:00,21.2,0.0,0.238,21.6,0.0
2025-12-19 18:00:00,19.5,0.0,0.238,19.8,0.0
2025-12-19 19:00:00,18.4,0.0,0.238,19.8,0.0
2025-12-19 20:00:00,17.4,0.0,0.238,20.2,0.0
2025-12-19 21:00:00,16.4,0.0,0.238,20.5,0.0
2025-12-19 22:00:00,15.6,0.0,0.238,20.5,0.0
2025-12-19 23:00:00,14.7,0.0,0.238,20.5,0.0
2025-12-20 00:00:00,13.3,0.0,0.238,18.7,0.0
2025-12-20 01:00:00,12.1,0.0,0.238,15.5,0.0
2025-12-20 02:00:00,11.3,0.0,0.238,14.4,0.0
2025-12-20 03:00:00,10.9,0.0,0.238,14.4,0.0
2025-12-20 04:00:00,10.6,0.0,0.238,16.2,0.0
2025-12-20 05:00:00,10.2,0.0,0.238,16.9,0.0
2025-12-20 06:00:00,10.2,0.0,0.238,16.6,0.0
2025-12-20 07:00:00,11.1,0.0,0.238,17.3,0.0
2025-12-20 08:00:00,14.5,0.0,0.238,18.4,0.0
2025-12-20 09:00:00,18.0,0.0,0.238,18.7,0.0
2025-12-20 10:00:00,20.8,0.0,0.238,21.6,0.0
2025-12-20 11:00:00,22.7,0.0,0.238,23.0,0.0
2025-12-20 12:00:00,24.4,0.0,0.238,23.0,0.0
2025-12-20 13:00:00,25.6,0.0,0.238,23.4,0.0
2025-12-20 14:00:00,26.4,0.0,0.238,24.8,0.0
2025-12-20 15:00:00,26.3,0.0,0.238,25.2,0.0
2025-12-20 16:00:00,25.0,0.0,0.238,24.5,0.0
2025-12-20 17:00:00,21.1,0.0,0.238,15.8,0.0
2025-12-20 18:00:00,19.5,0.0,0.238,16.6,0.0
2025-12-20 19:00:00,18.9,0.0,0.238,23.8,0.0
2025-12-20 20:00:00,18.1,0.0,0.238,24.5,0.0
2025-12-20 21:00:00,16.9,0.0,0.238,24.1,0.0
2025-12-20 22:00:00,15.8,0.0,0.238,21.2,0.0
2025-12-20 23:00:00,14.4,0.0,0.238,17.6,0.0
2025-12-21 00:00:00,12.4,0.0,0.238,14.4,0.0
2025-12-21 01:00:00,11.4,0.0,0.238,16.6,0.0
2025-12-21 02:00:00,10.8,0.0,0.238,16.9,0.0
2025-12-21 03:00:00,10.4,0.0,0.238,16.6,0.0
2025-12-21 04:00:00,10.1,0.0,0.238,16.2,0.0
2025-12-21 05:00:00,9.4,0.0,0.238,14.4,0.0
2025-12-21 06:00:00,9.5,0.0,0.238,14.8,0.0
2025-12-21 07:00:00,10.3,0.0,0.238,14.4,0.0
2025-12-21 08:00:00,14.5,0.0,0.238,14.8,0.0
2025-12-21 09:00:00,18.1,0.0,0.238,15.1,0.0
2025-12-21 10:00:00,21.0,0.0,0.238,15.8,0.0
2025-12-21 11:00:00,22.7,0.0,0.238,18.0,0.0
2025-12-21 12:00:00,24.4,0.0,0.238,18.7,0.0
2025-12-21 13:00:00,25.6,0.0,0.238,20.5,0.0
2025-12-21 14:00:00,26.2,0.0,0.238,22.3,0.0
2025-12-21 15:00:00,26.3,0.0,0.238,23.4,0.0
2025-12-21 16:00:00,25.2,0.0,0.238,23.0,0.0
2025-12-21 17:00:00,21.4,0.0,0.238,14.4,0.0
2025-12-21 18:00:00,19.7,0.0,0.238,13.3,0.0
2025-12-21 19:00:00,18.3,0.0,0.238,19.1,0.0
2025-12-21 20:00:00,18.0,0.0,0.238,21.6,0.0
2025-12-21 21:00:00,17.2,0.0,0.238,21.6,0.0
2025-12-21 22:00:00,16.2,0.0,0.238,23.0,0.0
2025-12-21 23:00:00,14.9,0.0,0.238,23.0,0.0
2025-12-22 00:00:00,14.0,0.0,0.238,18.7,0.0
2025-12-22 01:00:00,13.2,0.0,0.238,17.6,0.0
2025-12-22 02:00:00,12.4,0.0,0.238,16.9,0.0
2025-12-22 03:00:00,11.9,0.0,0.238,15.8,0.0
2025-12-22 04:00:00,11.6,0.0,0.238,15.5,0.0
2025-12-22 05:00:00,10.9,0.0,0.238,15.8,0.0
2025-12-22 06:00:00,11.2,0.0,0.238,16.2,0.0
2025-12-22 07:00:00,12.0,0.0,0.238,18.7,0.0
2025-12-22 08:00:00,15.6,0.0,0.238,19.1,0.0
2025-12-22 09:00:00,19.4,0.0,0.238,18.0,0.0
2025-12-22 10:00:00,22.2,0.0,0.238,19.1,0.0
2025-12-22 11:00:00,23.9,0.0,0.238,19.8,0.0
2025-12-22 12:00:00,25.2,0.0,0.238,23.4,0.0
2025-12-22 13:00:00,26.3,0.0,0.238,26.3,0.0
2025-12-22 14:00:00,26.7,0.0,0.238,27.7,0.0
2025-12-22 15:00:00,26.4,0.0,0.238,27.7,0.0
2025-12-22 16:00:00,25.2,0.0,0.238,26.3,0.0
2025-12-22 17:00:00,22.0,0.0,0.238,18.7,0.0
2025-12-22 18:00:00,20.4,0.0,0.238,20.2,0.0
2025-12-22 19:00:00,19.4,0.0,0.238,25.9,0.0
2025-12-22 20:00:00,18.3,0.0,0.238,25.9,0.0
2025-12-22 21:00:00,17.2,0.0,0.238,24.8,0.0
2025-12-22 22:00:00,16.3,0.0,0.238,22.3,0.0
2025-12-22 23:00:00,15.6,0.0,0.238,21.2,0.0
2025-12-23 00:00:00,14.6,0.0,0.238,21.6,0.0
2025-12-23 01:00:00,13.7,0.0,0.238,19.4,0.0
2025-12-23 02:00:00,12.9,0.0,0.238,18.0,0.0
2025-12-23 03:00:00,12.3,0.0,0.238,17.3,0.0
2025-12-23 04:00:00,11.9,0.0,0.238,16.2,0.0
2025-12-23 05:00:00,11.1,0.0,0.238,14.4,0.0
2025-12-23 06:00:00,11.2,0.0,0.238,14.0,0.0
2025-12-23 07:00:00,11.9,0.0,0.238,13.3,0.0
2025-12-23 08:00:00,15.4,0.0,0.238,15.1,0.0
2025-12-23 09:00:00,19.1,0.0,0.238,19.4,0.0
2025-12-23 10:00:00,22.1,0.0,0.238,23.4,0.0
2025-12-23 11:00:00,24.3,0.0,0.238,25.9,0.0
2025-12-23 12:00:00,26.0,0.0,0.238,26.6,0.0
2025-12-23 13:00:00,27.0,0.0,0.238,28.1,0.0
2025-12-23 14:00:00,27.4,0.0,0.238,27.7,0.0
2025-12-23 15:00:00,27.2,0.0,0.238,27.0,0.0
2025-12-23 16:00:00,25.9,0.0,0.238,24.8,0.0
2025-12-23 17:00:00,21.9,0.0,0.238,16.2,0.0
2025-12-23 18:00:00,20.6,0.0,0.238,16.2,0.0
2025-12-23 19:00:00,19.3,0.0,0.238,18.7,0.0
2025-12-23 20:00:00,18.5,0.0,0.238,22.0,0.0
2025-12-23 21:00:00,17.8,0.0,0.238,22.0,0.0
2025-12-23 22:00:00,17.1,0.0,0.238,22.0,0.0
2025-12-23 23:00:00,16.3,0.0,0.238,20.5,0.0
2025-12-24 00:00:00,14.8,0.0,0.238,18.0,0.0
2025-12-24 01:00:00,13.6,0.0,0.238,14.8,0.0
2025-12-24 02:00:00,13.0,0.0,0.238,13.7,0.0
2025-12-24 03:00:00,12.5,0.0,0.238,13.7,0.0
2025-12-24 04:00:00,11.9,0.0,0.238,13.7,0.0
2025-12-24 05:00:00,11.2,0.0,0.238,14.0,0.0
2025-12-24 06:00:00,11.5,0.0,0.238,14.8,0.0
2025-12-24 07:00:00,12.7,0.0,0.238,16.2,0.0
2025-12-24 08:00:00,16.5,0.0,0.238,17.3,0.0
2025-12-24 09:00:00,20.6,0.0,0.238,17.6,0.0
2025-12-24 10:00:00,23.7,0.0,0.238,23.4,0.0
2025-12-24 11:00:00,25.4,0.0,0.238,27.4,0.0
2025-12-24 12:00:00,26.5,0.0,0.238,27.4,0.0
2025-12-24 13:00:00,27.0,0.0,0.238,26.6,0.0
2025-12-24 14:00:00,27.0,0.0,0.238,24.5,0.0
2025-12-24 15:00:00,26.6,0.0,0.238,23.4,0.0
2025-12-24 16:00:00,25.5,0.0,0.238,22.0,0.0
2025-12-24 17:00:00,22.1,0.0,0.238,13.0,0.0
2025-12-24 18:00:00,20.5,0.0,0.238,11.9,0.0
2025-12-24 19:00:00,19.5,0.0,0.238,20.2,0.0
2025-12-24 20:00:00,19.2,0.0,0.238,23.0,0.0
2025-12-24 21:00:00,18.6,0.0,0.238,23.4,0.0
2025-12-24 22:00:00,17.2,0.0,0.238,21.6,0.0
2025-12-24 23:00:00,16.0,0.0,0.238,13.3,0.0
2025-12-25 00:00:00,14.9,0.0,0.238,14.0,0.0
2025-12-25 01:00:00,14.0,0.0,0.238,13.0,0.0
2025-12-25 02:00:00,13.4,0.0,0.238,12.2,0.0
2025-12-25 03:00:00,13.0,0.0,0.238,14.4,0.0
2025-12-25 04:00:00,12.7,0.0,0.238,14.4,0.0
2025-12-25 05:00:00,11.8,0.0,0.238,14.0,0.0
2025-12-25 06:00:00,11.9,0.0,0.238,13.7,0.0
2025-12-25 07:00:00,12.7,0.0,0.238,15.5,0.0
2025-12-25 08:00:00,16.3,0.0,0.238,16.2,0.0
2025-12-25 09:00:00,20.2,0.0,0.238,14.0,0.0
2025-12-25 10:00:00,23.0,0.0,0.238,15.8,0.0
2025-12-25 11:00:00,24.5,0.0,0.238,17.3,0.0
2025-12-25 12:00:00,25.6,0.0,0.238,18.7,0.0
2025-12-25 13:00:00,26.1,0.0,0.238,20.2,0.0
2025-12-25 14:00:00,26.2,0.0,0.238,20.9,0.0
2025-12-25 15:00:00,26.0,0.0,0.238,20.9,0.0
2025-12-25 16:00:00,25.1,0.0,0.238,20.2,0.0
2025-12-25 17:00:00,21.8,0.0,0.238,13.3,0.0
2025-12-25 18:00:00,20.5,0.0,0.238,10.1,0.0
2025-12-25 19:00:00,18.9,0.0,0.238,13.7,0.0
2025-12-25 20:00:00,17.4,0.0,0.238,15.5,0.0
2025-12-25 21:00:00,16.4,0.0,0.238,14.8,0.0
2025-12-25 22:00:00,15.6,0.0,0.238,15.5,0.0
2025-12-25 23:00:00,15.0,0.0,0.238,15.8,0.0
2025-12-26 00:00:00,13.1,0.0,0.238,12.2,0.0
2025-12-26 01:00:00,12.4,0.0,0.238,10.1,0.0
2025-12-26 02:00:00,11.8,0.0,0.238,13.7,0.0
2025-12-26 03:00:00,11.5,0.0,0.238,15.1,0.0
2025-12-26 04:00:00,11.4,0.0,0.238,15.5,0.0
2025-12-26 05:00:00,10.8,0.0,0.238,15.1,0.0
2025-12-26 06:00:00,11.2,0.0,0.238,14.8,0.0
2025-12-26 07:00:00,12.0,0.0,0.238,16.6,0.0
2025-12-26 08:00:00,15.6,0.0,0.238,17.3,0.0
2025-12-26 09:00:00,19.4,0.0,0.238,16.9,0.0
2025-12-26 10:00:00,22.4,0.0,0.238,17.3,0.0
2025-12-26 11:00:00,24.0,0.0,0.238,18.7,0.0
2025-12-26 12:00:00,25.1,0.0,0.238,22.0,0.0
2025-12-26 13:00:00,25.7,0.0,0.238,23.8,0.0
2025-12-26 14:00:00,25.9,0.0,0.238,23.8,0.0
2025-12-26 15:00:00,25.8,0.0,0.238,24.1,0.0
2025-12-26 16:00:00,24.9,0.0,0.238,24.1,0.0
2025-12-26 17:00:00,22.4,0.0,0.238,19.8,0.0
2025-12-26 18:00:00,20.9,0.0,0.238,18.7,0.0
2025-12-26 19:00:00,19.6,0.0,0.238,20.5,0.0
2025-12-26 20:00:00,18.2,0.0,0.238,20.2,0.0
2025-12-26 21:00:00,17.1,0.0,0.238,20.2,0.0
2025-12-26 22:00:00,16.2,0.0,0.238,20.2,0.0
2025-12-26 23:00:00,15.1,0.0,0.238,19.1,0.0
2025-12-27 00:00:00,13.8,0.0,0.238,18.4,0.0
2025-12-27 01:00:00,12.4,0.0,0.238,17.3,0.0
2025-12-27 02:00:00,11.5,0.0,0.238,17.3,0.0
2025-12-27 03:00:00,10.8,0.0,0.238,16.2,0.0
2025-12-27 04:00:00,10.5,0.0,0.238,15.5,0.0
2025-12-27 05:00:00,10.1,0.0,0.238,15.8,0.0
2025-12-27 06:00:00,10.4,0.0,0.238,17.6,0.0
2025-12-27 07:00:00,10.9,0.0,0.238,16.6,0.0
2025-12-27 08:00:00,14.5,0.0,0.238,18.0,0.0
2025-12-27 09:00:00,18.2,0.0,0.238,18.4,0.0
2025-12-27 10:00:00,21.4,0.0,0.238,19.8,0.0
2025-12-27 11:00:00,23.1,0.0,0.238,20.2,0.0
2025-12-27 12:00:00,24.6,0.0,0.238,19.4,0.0
2025-12-27 13:00:00,25.3,0.0,0.238,22.0,0.0
2025-12-27 14:00:00,25.6,0.0,0.238,22.3,0.0
2025-12-27 15:00:00,25.5,0.0,0.238,22.3,0.0
2025-12-27 16:00:00,24.6,0.0,0.238,22.0,0.0
2025-12-27 17:00:00,21.7,0.0,0.238,17.3,0.0
2025-12-27 18:00:00,20.3,0.0,0.238,17.6,0.0
2025-12-27 19:00:00,19.0,0.0,0.238,19.1,0.0
2025-12-27 20:00:00,17.8,0.0,0.238,19.1,0.0
2025-12-27 21:00:00,16.4,0.0,0.238,18.4,0.0
2025-12-27 22:00:00,15.1,0.0,0.238,18.7,0.0
2025-12-27 23:00:00,13.9,0.0,0.238,18.7,0.0
2025-12-28 00:00:00,12.3,0.0,0.238,17.6,0.0
2025-12-28 01:00:00,11.3,0.0,0.238,18.0,0.0
2025-12-28 02:00:00,10.6,0.0,0.238,18.0,0.0
2025-12-28 03:00:00,10.1,0.0,0.238,16.2,0.0
2025-12-28 04:00:00,9.7,0.0,0.238,16.6,0.0
2025-12-28 05:00:00,8.9,0.0,0.238,17.3,0.0
2025-12-28 06:00:00,9.3,0.0,0.238,16.9,0.0
2025-12-28 07:00:00,9.9,0.0,0.238,16.6,0.0
2025-12-28 08:00:00,14.1,0.0,0.238,18.7,0.0
2025-12-28 09:00:00,18.1,0.0,0.238,18.4,0.0
2025-12-28 10:00:00,21.3,0.0,0.238,19.1,0.0
2025-12-28 11:00:00,23.0,0.0,0.238,18.7,0.0
2025-12-28 12:00:00,24.6,0.0,0.238,18.4,0.0
2025-12-28 13:00:00,25.5,0.0,0.238,20.9,0.0
2025-12-28 14:00:00,26.0,0.0,0.238,22.3,0.0
2025-12-28 15:00:00,25.9,0.0,0.238,22.3,0.0
2025-12-28 16:00:00,24.8,0.0,0.238,22.0,0.0
2025-12-28 17:00:00,21.4,0.0,0.238,15.8,0.0
2025-12-28 18:00:00,20.5,0.0,0.238,15.1,0.0
2025-12-28 19:00:00,18.7,0.0,0.238,15.5,0.0
2025-12-28 20:00:00,17.3,0.0,0.238,15.8,0.0
2025-12-28 21:00:00,16.0,0.0,0.238,16.2,0.0
2025-12-28 22:00:00,14.9,0.0,0.238,17.3,0.0
2025-12-28 23:00:00,13.8,0.0,0.238,17.6,0.0
2025-12-29 00:00:00,12.7,0.0,0.238,17.6,0.0
2025-12-29 01:00:00,11.8,0.0,0.238,18.0,0.0
2025-12-29 02:00:00,11.1,0.0,0.238,18.4,0.0
2025-12-29 03:00:00,10.6,0.0,0.238,18.4,0.0
2025-12-29 04:00:00,10.1,0.0,0.238,17.3,0.0
2025-12-29 05:00:00,9.8,0.0,0.238,15.1,0.0
2025-12-29 06:00:00,9.5,0.0,0.238,14.8,0.0
2025-12-29 07:00:00,10.2,0.0,0.238,16.9,0.0
2025-12-29 08:00:00,14.2,0.0,0.238,18.0,0.0
2025-12-29 09:00:00,18.0,0.0,0.238,18.7,0.0
2025-12-29 10:00:00,21.2,0.0,0.238,18.7,0.0
2025-12-29 11:00:00,23.0,0.0,0.238,17.3,0.0
2025-12-29 12:00:00,24.8,0.0,0.238,17.6,0.0
2025-12-29 13:00:00,25.9,0.0,0.238,18.4,0.0
2025-12-29 14:00:00,26.4,0.0,0.238,18.0,0.0
2025-12-29 15:00:00,26.4,0.0,0.238,18.4,0.0
2025-12-29 16:00:00,25.3,0.0,0.238,18.0,0.0
2025-12-29 17:00:00,21.7,0.0,0.238,13.0,0.0
2025-12-29 18:00:00,19.8,0.0,0.238,8.6,0.0
2025-12-29 19:00:00,18.1,0.0,0.238,12.6,0.0
2025-12-29 20:00:00,15.5,0.0,0.238,14.4,0.0
2025-12-29 21:00:00,14.8,0.0,0.238,16.6,0.0
2025-12-29 22:00:00,14.2,0.0,0.238,16.6,0.0
2025-12-29 23:00:00,13.1,0.0,0.238,14.4,0.0
2025-12-30 00:00:00,11.7,0.0,0.238,11.5,0.0
2025-12-30 01:00:00,11.0,0.0,0.238,13.0,0.0
2025-12-30 02:00:00,10.1,0.0,0.238,14.8,0.0
2025-12-30 03:00:00,9.9,0.0,0.238,16.6,0.0
2025-12-30 04:00:00,9.8,0.0,0.238,17.3,0.0
2025-12-30 05:00:00,9.1,0.0,0.238,17.6,0.0
2025-12-30 06:00:00,9.3,0.0,0.238,17.6,0.0
2025-12-30 07:00:00,9.8,0.0,0.238,17.3,0.0
2025-12-30 08:00:00,13.6,0.0,0.238,18.0,0.0
2025-12-30 09:00:00,17.5,0.0,0.238,16.6,0.0
2025-12-30 10:00:00,20.9,0.0,0.238,14.4,0.0
2025-12-30 11:00:00,23.4,0.0,0.238,15.8,0.0
2025-12-30 12:00:00,25.3,0.0,0.238,16.9,0.0
2025-12-30 13:00:00,26.4,0.0,0.238,16.9,0.0
2025-12-30 14:00:00,26.7,0.0,0.238,16.6,0.0
2025-12-30 15:00:00,26.7,0.0,0.238,15.8,0.0
2025-12-30 16:00:00,25.5,0.0,0.238,13.0,0.0
2025-12-30 17:00:00,22.9,0.0,0.238,4.7,0.0
2025-12-30 18:00:00,20.9,0.0,0.238,4.0,0.0
2025-12-30 19:00:00,19.3,0.0,0.238,5.0,0.0
2025-12-30 20:00:00,18.6,0.0,0.238,4.0,0.0
2025-12-30 21:00:00,17.3,0.0,0.238,2.5,0.0
2025-12-30 22:00:00,16.6,0.0,0.238,4.3,0.0
2025-12-30 23:00:00,15.5,0.0,0.238,10.1,0.0
2025-12-31 00:00:00,14.5,0.0,0.238,6.8,0.0
2025-12-31 01:00:00,14.0,0.0,0.238,7.6,0.0
2025-12-31 02:00:00,14.0,0.0,0.238,6.5,0.0
2025-12-31 03:00:00,13.4,0.0,0.238,5.0,0.0
2025-12-31 04:00:00,12.9,0.0,0.238,5.4,0.0
2025-12-31 05:00:00,12.6,0.0,0.238,7.2,0.0
2025-12-31 06:00:00,12.2,0.0,0.238,9.7,0.0
2025-12-31 07:00:00,13.1,0.0,0.238,11.9,0.0
2025-12-31 08:00:00,16.3,0.0,0.238,14.4,0.0
2025-12-31 09:00:00,20.1,0.0,0.238,14.8,0.0
2025-12-31 10:00:00,23.1,0.0,0.238,13.7,0.0
2025-12-31 11:00:00,24.4,0.0,0.238,15.1,0.0
2025-12-31 12:00:00,25.9,0.0,0.238,17.3,0.0
2025-12-31 13:00:00,26.5,0.0,0.238,18.7,0.0
2025-12-31 14:00:00,26.7,0.0,0.238,18.7,0.0
2025-12-31 15:00:00,26.5,0.0,0.238,18.0,0.0
2025-12-31 16:00:00,25.6,0.0,0.237,14.8,0.0
2025-12-31 17:00:00,22.3,0.0,0.237,5.8,0.0
2025-12-31 18:00:00,20.1,0.0,0.237,11.2,0.0
2025-12-31 19:00:00,18.8,0.0,0.238,11.9,0.0
2025-12-31 20:00:00,18.3,0.0,0.238,9.0,0.0
2025-12-31 21:00:00,17.9,0.0,0.238,4.0,0.0
2025-12-31 22:00:00,17.0,0.0,0.238,3.6,0.0
2025-12-31 23:00:00,16.3,0.0,0.238,8.3,0.0
2026-01-01 00:00:00,15.2,0.0,0.238,6.1,0.0
2026-01-01 01:00:00,13.5,0.0,0.238,6.8,0.0
2026-01-01 02:00:00,12.6,0.0,0.238,10.1,0.0
2026-01-01 03:00:00,12.0,0.0,0.238,10.8,0.0
2026-01-01 04:00:00,11.9,0.0,0.238,11.2,0.0
2026-01-01 05:00:00,11.3,0.0,0.238,10.8,0.0
2026-01-01 06:00:00,12.3,0.0,0.238,12.2,0.0
2026-01-01 07:00:00,13.7,0.0,0.238,8.6,0.0
2026-01-01 08:00:00,16.7,0.0,0.238,11.5,0.0
2026-01-01 09:00:00,19.9,0.0,0.238,12.6,0.0
2026-01-01 10:00:00,22.6,0.0,0.238,12.6,0.0
2026-01-01 11:00:00,24.3,0.0,0.238,14.0,0.0
2026-01-01 12:00:00,25.7,0.0,0.238,17.3,0.0
2026-01-01 13:00:00,26.5,0.0,0.238,17.6,0.0
2026-01-01 14:00:00,26.7,0.0,0.237,17.6,0.0
2026-01-01 15:00:00,26.5,0.0,0.237,15.5,0.0
2026-01-01 16:00:00,25.8,0.0,0.237,11.5,0.0
2026-01-01 17:00:00,23.2,0.0,0.237,18.0,0.0
2026-01-01 18:00:00,21.5,0.0,0.237,17.6,0.0
2026-01-01 19:00:00,19.9,0.0,0.237,15.1,0.0
2026-01-01 20:00:00,19.6,0.0,0.237,7.6,0.0
2026-01-01 21:00:00,18.7,0.0,0.237,5.8,0.0
2026-01-01 22:00:00,18.0,0.0,0.237,13.7,0.0
2026-01-01 23:00:00,16.5,0.0,0.237,14.0,0.0
2026-01-02 00:00:00,15.0,0.0,0.238,9.4,0.0
2026-01-02 01:00:00,13.4,0.0,0.238,9.4,0.0
2026-01-02 02:00:00,12.5,0.0,0.238,11.2,0.0
2026-01-02 03:00:00,12.4,0.0,0.238,11.5,0.0
2026-01-02 04:00:00,12.8,0.0,0.238,14.8,0.0
2026-01-02 05:00:00,14.7,0.0,0.238,15.1,0.0
2026-01-02 06:00:00,14.7,0.0,0.238,12.6,0.0
2026-01-02 07:00:00,15.0,0.0,0.238,13.7,0.0
2026-01-02 08:00:00,17.6,0.0,0.238,15.5,0.0
2026-01-02 09:00:00,20.6,0.0,0.238,14.8,0.0
2026-01-02 10:00:00,23.3,0.0,0.238,13.3,0.0
2026-01-02 11:00:00,25.1,0.0,0.238,12.6,0.0
2026-01-02 12:00:00,26.3,0.0,0.238,16.9,0.0
2026-01-02 13:00:00,26.7,0.0,0.237,19.4,0.0
2026-01-02 14:00:00,27.1,0.0,0.237,20.2,0.0
2026-01-02 15:00:00,27.2,0.0,0.237,20.5,0.0
2026-01-02 16:00:00,26.5,0.0,0.237,18.7,0.0
2026-01-02 17:00:00,24.7,0.0,0.231,15.5,0.0
2026-01-02 18:00:00,22.1,0.0,0.231,13.7,0.0
2026-01-02 19:00:00,20.2,0.0,0.231,11.9,0.0
2026-01-02 20:00:00,19.1,0.0,0.231,6.5,0.0
2026-01-02 21:00:00,17.8,0.0,0.231,14.4,0.0
2026-01-02 22:00:00,17.4,0.0,0.231,15.1,0.0
2026-01-02 23:00:00,16.7,0.0,0.229,15.1,0.0
2026-01-03 00:00:00,16.4,0.0,0.229,16.2,0.0
2026-01-03 01:00:00,15.9,0.0,0.229,14.8,0.0
2026-01-03 02:00:00,15.7,0.0,0.229,15.1,0.0
2026-01-03 03:00:00,15.1,0.0,0.229,14.8,0.0
2026-01-03 04:00:00,14.5,0.0,0.229,15.5,0.0
2026-01-03 05:00:00,13.7,0.0,0.238,16.6,0.0
2026-01-03 06:00:00,13.8,0.0,0.238,16.6,0.0
2026-01-03 07:00:00,14.3,0.0,0.238,17.6,0.0
2026-01-03 08:00:00,17.5,0.0,0.238,18.7,0.0
2026-01-03 09:00:00,20.9,0.0,0.238,18.0,0.0
2026-01-03 10:00:00,23.6,0.0,0.238,16.6,0.0
2026-01-03 11:00:00,24.4,0.0,0.238,14.8,0.0
2026-01-03 12:00:00,25.7,0.0,0.237,17.3,0.0
2026-01-03 13:00:00,26.5,0.0,0.237,20.9,0.0
2026-01-03 14:00:00,26.7,0.0,0.237,21.6,0.0
2026-01-03 15:00:00,26.9,0.0,0.237,16.6,0.0
2026-01-03 16:00:00,26.6,0.0,0.237,11.5,0.0
2026-01-03 17:00:00,23.5,0.0,0.237,7.2,0.0
2026-01-03 18:00:00,21.5,0.0,0.237,13.3,0.0
2026-01-03 19:00:00,19.7,0.0,0.237,13.3,0.0
2026-01-03 20:00:00,18.9,0.0,0.237,15.1,0.0
2026-01-03 21:00:00,18.8,0.0,0.237,21.6,0.0
2026-01-03 22:00:00,18.4,0.0,0.237,23.0,0.0
2026-01-03 23:00:00,17.7,0.0,0.237,21.2,0.0
2026-01-04 00:00:00,16.8,0.0,0.237,16.2,0.0
2026-01-04 01:00:00,16.1,0.0,0.237,17.6,0.0
2026-01-04 02:00:00,15.4,0.0,0.238,19.4,0.0
2026-01-04 03:00:00,15.0,0.0,0.238,20.5,0.0
2026-01-04 04:00:00,14.7,0.0,0.238,20.9,0.0
2026-01-04 05:00:00,14.8,0.0,0.238,19.8,0.0
2026-01-04 06:00:00,14.1,0.0,0.238,17.3,0.0
2026-01-04 07:00:00,14.2,0.0,0.238,16.9,0.0
2026-01-04 08:00:00,16.9,0.0,0.238,16.9,0.0
2026-01-04 09:00:00,20.1,0.0,0.238,17.3,0.0
2026-01-04 10:00:00,22.8,0.0,0.238,17.3,0.0
2026-01-04 11:00:00,23.9,0.0,0.238,18.0,0.0
2026-01-04 12:00:00,25.3,0.0,0.238,19.4,0.0
2026-01-04 13:00:00,25.9,0.0,0.237,24.1,0.0
2026-01-04 14:00:00,26.2,0.0,0.237,24.5,0.0
2026-01-04 15:00:00,26.3,0.0,0.237,23.4,0.0
2026-01-04 16:00:00,25.3,0.0,0.237,26.3,0.0
2026-01-04 17:00:00,23.0,0.0,0.237,25.2,0.0
2026-01-04 18:00:00,21.8,0.0,0.237,19.4,0.0
2026-01-04 19:00:00,20.5,0.0,0.237,26.3,0.0
2026-01-04 20:00:00,19.1,0.0,0.237,27.0,0.0
2026-01-04 21:00:00,18.0,0.0,0.237,23.0,0.0
2026-01-04 22:00:00,17.3,0.0,0.237,19.1,0.0
2026-01-04 23:00:00,16.2,0.0,0.237,17.6,0.0
2026-01-05 00:00:00,15.3,0.0,0.238,17.3,0.0
2026-01-05 01:00:00,14.3,0.0,0.238,18.0,0.0
2026-01-05 02:00:00,13.6,0.0,0.238,19.4,0.0
2026-01-05 03:00:00,13.1,0.0,0.238,19.8,0.0
2026-01-05 04:00:00,12.6,0.0,0.238,20.9,0.0
2026-01-05 05:00:00,12.1,0.0,0.238,22.7,0.0
2026-01-05 06:00:00,12.6,0.0,0.238,23.8,0.0
2026-01-05 07:00:00,13.4,0.0,0.238,24.8,0.0
2026-01-05 08:00:00,15.8,0.0,0.238,23.4,0.0
2026-01-05 09:00:00,18.5,0.0,0.238,25.6,0.0
2026-01-05 10:00:00,20.8,0.0,0.238,27.7,0.0
2026-01-05 11:00:00,22.0,0.0,0.238,28.1,0.0
2026-01-05 12:00:00,23.4,0.0,0.238,28.1,0.0
2026-01-05 13:00:00,24.4,0.0,0.237,27.4,0.0
2026-01-05 14:00:00,24.7,0.0,0.237,27.0,0.0
2026-01-05 15:00:00,24.5,0.0,0.237,27.4,0.0
2026-01-05 16:00:00,23.6,0.0,0.237,27.0,0.0
2026-01-05 17:00:00,21.0,0.0,0.237,23.4,0.0
2026-01-05 18:00:00,18.9,0.0,0.237,19.1,0.0
2026-01-05 19:00:00,17.5,0.0,0.237,20.9,0.0
2026-01-05 20:00:00,16.6,0.0,0.237,24.8,0.0
2026-01-05 21:00:00,15.6,0.0,0.237,25.2,0.0
2026-01-05 22:00:00,14.6,0.0,0.237,23.8,0.0
2026-01-05 23:00:00,13.5,0.0,0.237,20.2,0.0
2026-01-06 00:00:00,12.1,0.0,0.237,16.9,0.0
2026-01-06 01:00:00,11.0,0.0,0.237,15.8,0.0
2026-01-06 02:00:00,10.5,0.0,0.237,16.9,0.0
2026-01-06 03:00:00,10.0,0.0,0.237,16.9,0.0
2026-01-06 04:00:00,9.3,0.0,0.238,15.1,0.0
2026-01-06 05:00:00,8.5,0.0,0.238,13.7,0.0
2026-01-06 06:00:00,8.7,0.0,0.238,15.8,0.0
2026-01-06 07:00:00,9.3,0.0,0.238,16.9,0.0
2026-01-06 08:00:00,13.3,0.0,0.238,18.4,0.0
2026-01-06 09:00:00,17.1,0.0,0.238,19.1,0.0
2026-01-06 10:00:00,20.3,0.0,0.238,18.7,0.0
2026-01-06 11:00:00,21.8,0.0,0.238,18.4,0.0
2026-01-06 12:00:00,23.6,0.0,0.238,18.4,0.0
2026-01-06 13:00:00,24.8,0.0,0.237,20.2,0.0
2026-01-06 14:00:00,25.4,0.0,0.237,20.9,0.0
2026-01-06 15:00:00,25.5,0.0,0.237,20.9,0.0
2026-01-06 16:00:00,24.6,0.0,0.237,20.5,0.0
2026-01-06 17:00:00,21.6,0.0,0.237,14.0,0.0
2026-01-06 18:00:00,19.8,0.0,0.237,5.8,0.0
2026-01-06 19:00:00,18.1,0.0,0.237,13.0,0.0
2026-01-06 20:00:00,15.6,0.0,0.237,15.1,0.0
2026-01-06 21:00:00,13.8,0.0,0.237,14.8,0.0
2026-01-06 22:00:00,12.8,0.0,0.237,15.8,0.0
2026-01-06 23:00:00,11.5,0.0,0.237,14.8,0.0
2026-01-07 00:00:00,10.2,0.0,0.237,10.4,0.0
2026-01-07 01:00:00,9.6,0.0,0.237,13.3,0.0
2026-01-07 02:00:00,9.7,0.0,0.237,16.6,0.0
2026-01-07 03:00:00,9.9,0.0,0.238,17.6,0.0
2026-01-07 04:00:00,10.3,0.0,0.238,17.3,0.0
2026-01-07 05:00:00,10.4,0.0,0.238,13.0,0.0
2026-01-07 06:00:00,11.0,0.0,0.238,13.7,0.0
2026-01-07 07:00:00,11.9,0.0,0.238,13.3,0.0
2026-01-07 08:00:00,14.6,0.0,0.238,15.5,0.0
2026-01-07 09:00:00,18.2,0.0,0.238,15.1,0.0
2026-01-07 10:00:00,21.4,0.0,0.238,14.0,0.0
2026-01-07 11:00:00,23.2,0.0,0.237,14.8,0.0
2026-01-07 12:00:00,25.1,0.0,0.237,16.2,0.0
2026-01-07 13:00:00,26.1,0.0,0.237,20.5,0.0
2026-01-07 14:00:00,26.6,0.0,0.237,24.1,0.0
2026-01-07 15:00:00,26.3,0.0,0.237,26.6,0.0
2026-01-07 16:00:00,25.4,0.0,0.237,26.6,0.0
2026-01-07 17:00:00,22.8,0.0,0.237,19.1,0.0
2026-01-07 18:00:00,20.9,0.0,0.237,17.3,0.0
2026-01-07 19:00:00,19.4,0.0,0.237,18.0,0.0
2026-01-07 20:00:00,17.8,0.0,0.237,15.5,0.0
2026-01-07 21:00:00,17.6,0.0,0.237,19.4,0.0
2026-01-07 22:00:00,16.9,0.0,0.237,19.8,0.0
2026-01-07 23:00:00,15.1,0.0,0.237,13.3,0.0
2026-01-08 00:00:00,14.5,0.0,0.237,12.6,0.0
2026-01-08 01:00:00,13.6,0.0,0.237,13.3,0.0
2026-01-08 02:00:00,12.6,0.0,0.237,9.0,0.0
2026-01-08 03:00:00,12.4,0.0,0.237,10.4,0.0
2026-01-08 04:00:00,11.6,0.0,0.237,11.5,0.0
2026-01-08 05:00:00,11.3,0.0,0.237,12.2,0.0
2026-01-08 06:00:00,11.7,0.0,0.238,16.2,0.0
2026-01-08 07:00:00,12.0,0.0,0.238,14.4,0.0
2026-01-08 08:00:00,15.8,0.0,0.238,13.7,0.0
2026-01-08 09:00:00,19.6,0.0,0.238,14.0,0.0
2026-01-08 10:00:00,22.5,0.0,0.238,15.1,0.0
2026-01-08 11:00:00,24.2,0.0,0.237,17.6,0.0
2026-01-08 12:00:00,25.6,0.0,0.237,18.7,0.0
2026-01-08 13:00:00,26.2,0.0,0.237,24.8,0.0
2026-01-08 14:00:00,26.2,0.0,0.237,26.6,0.0
2026-01-08 15:00:00,26.1,0.0,0.237,29.2,0.0
2026-01-08 16:00:00,25.1,0.0,0.237,30.6,0.0
2026-01-08 17:00:00,22.9,0.0,0.237,28.1,0.0
2026-01-08 18:00:00,21.2,0.0,0.237,18.4,0.0
2026-01-08 19:00:00,19.6,0.0,0.237,17.3,0.0
2026-01-08 20:00:00,18.5,0.0,0.237,17.6,0.0
2026-01-08 21:00:00,17.4,0.0,0.237,19.1,0.0
2026-01-08 22:00:00,16.2,0.0,0.237,19.4,0.0
2026-01-08 23:00:00,14.9,0.0,0.237,10.1,0.0
2026-01-09 00:00:00,14.0,0.0,0.237,11.5,0.0
2026-01-09 01:00:00,13.2,0.0,0.237,13.0,0.0
2026-01-09 02:00:00,12.5,0.0,0.237,10.8,0.0
2026-01-09 03:00:00,12.0,0.0,0.237,9.0,0.0
2026-01-09 04:00:00,11.5,0.0,0.237,9.0,0.0
2026-01-09 05:00:00,11.7,0.0,0.237,9.4,0.0
2026-01-09 06:00:00,11.4,0.0,0.237,9.0,0.0
2026-01-09 07:00:00,11.7,0.0,0.237,9.4,0.0
2026-01-09 08:00:00,16.1,0.0,0.237,11.5,0.0
2026-01-09 09:00:00,19.7,0.0,0.237,11.5,0.0
2026-01-09 10:00:00,22.3,0.0,0.237,13.3,0.0
2026-01-09 11:00:00,23.7,0.0,0.237,15.5,0.0
2026-01-09 12:00:00,25.1,0.0,0.237,19.1,0.0
2026-01-09 13:00:00,26.0,0.0,0.237,21.2,0.0
2026-01-09 14:00:00,26.6,0.0,0.237,22.0,0.0
2026-01-09 15:00:00,26.7,0.0,0.237,22.0,0.0
2026-01-09 16:00:00,25.6,0.0,0.237,23.0,0.0
2026-01-09 17:00:00,22.7,0.0,0.237,23.4,0.0
2026-01-09 18:00:00,21.1,0.0,0.237,18.7,0.0
2026-01-09 19:00:00,19.2,0.0,0.237,13.7,0.0
2026-01-09 20:00:00,17.9,0.0,0.237,18.0,0.0
2026-01-09 21:00:00,17.5,0.0,0.237,19.1,0.0
2026-01-09 22:00:00,16.7,0.0,0.237,18.4,0.0
2026-01-09 23:00:00,15.2,0.0,0.237,13.0,0.0
2026-01-10 00:00:00,13.6,0.0,0.237,11.2,0.0
2026-01-10 01:00:00,12.5,0.0,0.237,12.2,0.0
2026-01-10 02:00:00,11.9,0.0,0.237,13.3,0.0
2026-01-10 03:00:00,11.3,0.0,0.237,13.3,0.0
2026-01-10 04:00:00,10.7,0.0,0.237,11.9,0.0
2026-01-10 05:00:00,9.8,0.0,0.237,10.1,0.0
2026-01-10 06:00:00,9.5,0.0,0.237,11.2,0.0
2026-01-10 07:00:00,9.9,0.0,0.237,12.6,0.0
2026-01-10 08:00:00,14.8,0.0,0.237,14.0,0.0
2026-01-10 09:00:00,19.1,0.0,0.237,13.0,0.0
2026-01-10 10:00:00,21.9,0.0,0.237,15.8,0.0
2026-01-10 11:00:00,23.8,0.0,0.237,16.9,0.0
2026-01-10 12:00:00,25.5,0.0,0.237,17.6,0.0
2026-01-10 13:00:00,26.4,0.0,0.237,17.3,0.0
2026-01-10 14:00:00,26.9,0.0,0.237,18.0,0.0
2026-01-10 15:00:00,26.9,0.0,0.237,17.6,0.0
2026-01-10 16:00:00,26.2,0.0,0.237,16.6,0.0
2026-01-10 17:00:00,23.0,0.0,0.237,16.2,0.0
2026-01-10 18:00:00,20.5,0.0,0.237,12.6,0.0
2026-01-10 19:00:00,18.6,0.0,0.237,15.8,0.0
2026-01-10 20:00:00,16.6,0.0,0.237,14.4,0.0
2026-01-10 21:00:00,15.2,0.0,0.237,11.5,0.0
2026-01-10 22:00:00,14.5,0.0,0.237,4.7,0.0
2026-01-10 23:00:00,14.5,0.0,0.237,5.8,0.0
2026-01-11 00:00:00,13.7,0.0,0.237,6.8,0.0
2026-01-11 01:00:00,13.3,0.0,0.237,9.0,0.0
2026-01-11 02:00:00,12.0,0.0,0.237,11.2,0.0
2026-01-11 03:00:00,11.0,0.0,0.237,11.2,0.0
2026-01-11 04:00:00,10.4,0.0,0.237,9.7,0.0
2026-01-11 05:00:00,10.9,0.0,0.237,10.1,0.0
2026-01-11 06:00:00,11.6,0.0,0.237,12.2,0.0
2026-01-11 07:00:00,12.5,0.0,0.237,14.0,0.0
2026-01-11 08:00:00,16.2,0.0,0.237,15.1,0.0
2026-01-11 09:00:00,20.4,0.0,0.237,14.4,0.0
2026-01-11 10:00:00,23.2,0.0,0.237,14.0,0.0
2026-01-11 11:00:00,24.4,0.0,0.237,12.6,0.0
2026-01-11 12:00:00,25.9,0.0,0.237,14.4,0.0
2026-01-11 13:00:00,26.6,0.0,0.237,17.6,0.0
2026-01-11 14:00:00,26.8,0.0,0.237,19.1,0.0
2026-01-11 15:00:00,26.6,0.0,0.237,19.1,0.0
2026-01-11 16:00:00,25.9,0.0,0.237,18.7,0.0
2026-01-11 17:00:00,23.4,0.0,0.237,17.6,0.0
2026-01-11 18:00:00,21.0,0.0,0.237,16.2,0.0
2026-01-11 19:00:00,19.4,0.0,0.237,17.3,0.0
2026-01-11 20:00:00,17.4,0.0,0.237,16.2,0.0
2026-01-11 21:00:00,15.9,0.0,0.237,11.2,0.0
2026-01-11 22:00:00,15.1,0.0,0.237,7.2,0.0
2026-01-11 23:00:00,14.3,0.0,0.237,5.8,0.0
2026-01-12 00:00:00,13.1,0.0,0.237,6.5,0.0
2026-01-12 01:00:00,12.7,0.0,0.237,13.3,0.0
2026-01-12 02:00:00,12.6,0.0,0.237,14.0,0.0
2026-01-12 03:00:00,12.5,0.0,0.237,11.5,0.0
2026-01-12 04:00:00,12.2,0.0,0.237,10.8,0.0
2026-01-12 05:00:00,12.3,0.0,0.237,9.0,0.0
2026-01-12 06:00:00,12.5,0.0,0.237,11.2,0.0
2026-01-12 07:00:00,13.3,0.0,0.237,10.1,0.0
2026-01-12 08:00:00,16.8,0.0,0.237,11.9,0.0
2026-01-12 09:00:00,20.8,0.0,0.237,11.2,0.0
2026-01-12 10:00:00,23.5,0.0,0.237,12.2,0.0
2026-01-12 11:00:00,24.9,0.0,0.237,14.8,0.0
2026-01-12 12:00:00,26.2,0.0,0.237,15.1,0.0
2026-01-12 13:00:00,26.8,0.0,0.237,15.8,0.0
2026-01-12 14:00:00,26.9,0.0,0.237,18.0,0.0
2026-01-12 15:00:00,26.6,0.0,0.237,18.0,0.0
2026-01-12 16:00:00,25.8,0.0,0.237,18.0,0.0
2026-01-12 17:00:00,23.2,0.0,0.237,15.8,0.0
2026-01-12 18:00:00,22.3,0.0,0.237,6.5,0.0
2026-01-12 19:00:00,20.5,0.0,0.237,10.4,0.0
2026-01-12 20:00:00,17.8,0.0,0.237,11.2,0.0
2026-01-12 21:00:00,16.4,0.0,0.237,8.3,0.0
2026-01-12 22:00:00,15.0,0.0,0.237,11.2,0.0
2026-01-12 23:00:00,13.8,0.0,0.237,12.2,0.0
2026-01-13 00:00:00,12.4,0.0,0.237,13.7,0.0
2026-01-13 01:00:00,12.2,0.0,0.237,14.4,0.0
2026-01-13 02:00:00,12.3,0.0,0.237,15.8,0.0
2026-01-13 03:00:00,12.6,0.0,0.237,16.2,0.0
2026-01-13 04:00:00,12.6,0.0,0.237,19.4,0.0
2026-01-13 05:00:00,12.3,0.0,0.237,21.6,0.0
2026-01-13 06:00:00,12.6,0.0,0.237,22.0,0.0
2026-01-13 07:00:00,12.8,0.0,0.237,18.7,0.0
2026-01-13 08:00:00,15.8,0.0,0.237,14.0,0.0
2026-01-13 09:00:00,19.8,0.0,0.237,12.2,0.0
2026-01-13 10:00:00,22.7,0.0,0.237,14.0,0.0
2026-01-13 11:00:00,24.2,0.0,0.237,15.8,0.0
2026-01-13 12:00:00,25.9,0.0,0.237,18.0,0.0
2026-01-13 13:00:00,26.9,0.0,0.237,22.0,0.0
2026-01-13 14:00:00,27.1,0.0,0.237,27.4,0.0
2026-01-13 15:00:00,26.8,0.0,0.237,27.7,0.0
2026-01-13 16:00:00,26.6,0.0,0.237,25.6,0.0
2026-01-13 17:00:00,24.3,0.0,0.237,26.3,0.0
2026-01-13 18:00:00,22.3,0.0,0.237,25.9,0.0
2026-01-13 19:00:00,21.2,0.0,0.237,23.4,0.0
2026-01-13 20:00:00,20.2,0.0,0.237,23.0,0.0
2026-01-13 21:00:00,19.4,0.0,0.237,23.4,0.0
2026-01-13 22:00:00,17.8,0.0,0.237,18.4,0.0
2026-01-13 23:00:00,16.8,0.0,0.237,2.9,0.0
2026-01-14 00:00:00,15.0,0.0,0.237,4.3,0.0
2026-01-14 01:00:00,13.9,0.0,0.237,8.6,0.0
2026-01-14 02:00:00,12.9,0.0,0.237,12.2,0.0
2026-01-14 03:00:00,12.6,0.0,0.237,12.6,0.0
2026-01-14 04:00:00,12.2,0.0,0.237,12.2,0.0
2026-01-14 05:00:00,11.4,0.0,0.237,12.2,0.0
2026-01-14 06:00:00,11.6,0.0,0.237,12.2,0.0
2026-01-14 07:00:00,12.3,0.0,0.237,12.6,0.0
2026-01-14 08:00:00,16.7,0.0,0.237,13.3,0.0
2026-01-14 09:00:00,20.5,0.0,0.237,13.0,0.0
2026-01-14 10:00:00,23.2,0.0,0.237,13.0,0.0
2026-01-14 11:00:00,24.4,0.0,0.237,14.8,0.0
2026-01-14 12:00:00,26.1,0.0,0.237,16.2,0.0
2026-01-14 13:00:00,27.2,0.0,0.237,18.4,0.0
2026-01-14 14:00:00,26.9,0.0,0.237,20.9,0.0
2026-01-14 15:00:00,26.8,0.0,0.237,18.4,0.0
2026-01-14 16:00:00,26.5,0.0,0.237,18.7,0.0
2026-01-14 17:00:00,24.5,0.0,0.237,25.6,0.0
2026-01-14 18:00:00,22.3,0.0,0.237,25.2,0.0
2026-01-14 19:00:00,20.7,0.0,0.237,14.0,0.0
2026-01-14 20:00:00,19.8,0.0,0.237,13.0,0.0
2026-01-14 21:00:00,18.8,0.0,0.237,15.5,0.0
2026-01-14 22:00:00,17.8,0.0,0.237,16.2,0.0
2026-01-14 23:00:00,16.6,0.0,0.237,19.4,0.0
2026-01-15 00:00:00,15.8,0.0,0.237,17.6,0.0
2026-01-15 01:00:00,14.9,0.0,0.237,15.1,0.0
2026-01-15 02:00:00,14.3,0.0,0.237,16.9,0.0
2026-01-15 03:00:00,13.9,0.0,0.237,15.8,0.0
2026-01-15 04:00:00,13.4,0.0,0.237,14.8,0.0
2026-01-15 05:00:00,12.7,0.0,0.237,14.0,0.0
2026-01-15 06:00:00,12.6,0.0,0.237,14.8,0.0
2026-01-15 07:00:00,13.1,0.0,0.237,15.8,0.0
2026-01-15 08:00:00,16.5,0.0,0.237,17.3,0.0
2026-01-15 09:00:00,20.9,0.0,0.237,16.9,0.0
2026-01-15 10:00:00,24.2,0.0,0.237,19.4,0.0
2026-01-15 11:00:00,25.4,0.0,0.237,22.7,0.0
2026-01-15 12:00:00,26.6,0.0,0.237,24.1,0.0
2026-01-15 13:00:00,26.8,0.0,0.237,29.9,0.0
2026-01-15 14:00:00,26.9,0.0,0.237,30.2,0.0
2026-01-15 15:00:00,27.0,0.0,0.237,27.4,0.0
2026-01-15 16:00:00,26.2,0.0,0.237,25.9,0.0
2026-01-15 17:00:00,23.6,0.0,0.237,25.2,0.0
2026-01-15 18:00:00,21.3,0.0,0.237,15.1,0.0
2026-01-15 19:00:00,20.1,0.0,0.237,19.4,0.0
2026-01-15 20:00:00,19.2,0.0,0.237,20.2,0.0
2026-01-15 21:00:00,17.7,0.0,0.237,18.0,0.0
2026-01-15 22:00:00,16.5,0.0,0.237,17.6,0.0
2026-01-15 23:00:00,14.8,0.0,0.237,17.3,0.0
2026-01-16 00:00:00,13.7,0.0,0.237,18.4,0.0
2026-01-16 01:00:00,12.8,0.0,0.237,19.1,0.0
2026-01-16 02:00:00,12.1,0.0,0.237,19.1,0.0
2026-01-16 03:00:00,11.3,0.0,0.237,17.6,0.0
2026-01-16 04:00:00,10.8,0.0,0.237,16.2,0.0
2026-01-16 05:00:00,10.3,0.0,0.237,15.5,0.0
2026-01-16 06:00:00,10.2,0.0,0.237,15.1,0.0
2026-01-16 07:00:00,10.8,0.0,0.237,16.2,0.0
2026-01-16 08:00:00,14.9,0.0,0.237,17.6,0.0
2026-01-16 09:00:00,19.2,0.0,0.237,16.2,0.0
2026-01-16 10:00:00,22.3,0.0,0.237,16.6,0.0
2026-01-16 11:00:00,23.8,0.0,0.237,17.3,0.0
2026-01-16 12:00:00,25.6,0.0,0.237,18.4,0.0
2026-01-16 13:00:00,26.8,0.0,0.237,20.2,0.0
2026-01-16 14:00:00,27.5,0.0,0.237,20.5,0.0
2026-01-16 15:00:00,27.5,0.0,0.237,20.5,0.0
2026-01-16 16:00:00,26.9,0.0,0.237,19.8,0.0
2026-01-16 17:00:00,23.5,0.0,0.237,16.6,0.0
2026-01-16 18:00:00,22.0,0.0,0.237,15.5,0.0
2026-01-16 19:00:00,20.4,0.0,0.237,18.0,0.0
2026-01-16 20:00:00,18.4,0.0,0.237,18.0,0.0
2026-01-16 21:00:00,16.9,0.0,0.237,16.6,0.0
2026-01-16 22:00:00,15.8,0.0,0.237,15.8,0.0
2026-01-16 23:00:00,14.5,0.0,0.237,13.3,0.0
2026-01-17 00:00:00,12.9,0.0,0.237,12.2,0.0
2026-01-17 01:00:00,11.8,0.0,0.237,11.5,0.0
2026-01-17 02:00:00,11.0,0.0,0.237,13.7,0.0
2026-01-17 03:00:00,10.8,0.0,0.237,14.8,0.0
2026-01-17 04:00:00,11.0,0.0,0.237,14.8,0.0
2026-01-17 05:00:00,10.9,0.0,0.237,14.4,0.0
2026-01-17 06:00:00,11.2,0.0,0.237,14.4,0.0
2026-01-17 07:00:00,11.8,0.0,0.237,13.3,0.0
2026-01-17 08:00:00,15.5,0.0,0.237,15.5,0.0
2026-01-17 09:00:00,19.7,0.0,0.237,15.1,0.0
2026-01-17 10:00:00,23.3,0.0,0.237,15.1,0.0
2026-01-17 11:00:00,25.5,0.0,0.237,16.6,0.0
2026-01-17 12:00:00,27.3,0.0,0.237,18.4,0.0
2026-01-17 13:00:00,28.3,0.0,0.237,20.5,0.0
2026-01-17 14:00:00,28.9,0.0,0.237,20.5,0.0
2026-01-17 15:00:00,29.0,0.0,0.237,20.5,0.0
2026-01-17 16:00:00,28.3,0.0,0.237,17.6,0.0
2026-01-17 17:00:00,25.6,0.0,0.237,10.1,0.0
2026-01-17 18:00:00,23.5,0.0,0.237,2.2,0.0
2026-01-17 19:00:00,21.9,0.0,0.237,2.2,0.0
2026-01-17 20:00:00,20.0,0.0,0.237,5.0,0.0
2026-01-17 21:00:00,18.5,0.0,0.237,4.0,0.0
2026-01-17 22:00:00,18.2,0.0,0.237,10.8,0.0
2026-01-17 23:00:00,17.6,0.0,0.237,11.2,0.0
2026-01-18 00:00:00,17.0,0.0,0.237,6.5,0.0
2026-01-18 01:00:00,16.3,0.0,0.237,5.8,0.0
2026-01-18 02:00:00,15.3,0.0,0.237,7.6,0.0
2026-01-18 03:00:00,14.5,0.0,0.237,10.8,0.0
2026-01-18 04:00:00,14.4,0.0,0.237,16.9,0.0
2026-01-18 05:00:00,13.1,0.0,0.237,17.6,0.0
2026-01-18 06:00:00,13.1,0.0,0.237,17.6,0.0
2026-01-18 07:00:00,13.8,0.0,0.237,15.5,0.0
2026-01-18 08:00:00,17.3,0.0,0.237,13.0,0.0
2026-01-18 09:00:00,21.5,0.0,0.237,11.9,0.0
2026-01-18 10:00:00,24.8,0.0,0.237,15.5,0.0
2026-01-18 11:00:00,26.6,0.0,0.237,17.3,0.0
2026-01-18 12:00:00,28.0,0.0,0.237,17.6,0.0
2026-01-18 13:00:00,28.6,0.0,0.237,17.6,0.0
2026-01-18 14:00:00,29.0,0.0,0.237,16.9,0.0
2026-01-18 15:00:00,28.8,0.0,0.237,15.5,0.0
2026-01-18 16:00:00,28.2,0.0,0.237,12.2,0.0
2026-01-18 17:00:00,24.9,0.0,0.237,6.5,0.0
2026-01-18 18:00:00,22.9,0.0,0.237,10.4,0.0
2026-01-18 19:00:00,21.5,0.0,0.237,10.8,0.0
2026-01-18 20:00:00,20.9,0.0,0.237,7.6,0.0
2026-01-18 21:00:00,19.8,0.0,0.237,6.1,0.0
2026-01-18 22:00:00,19.0,0.0,0.237,4.3,0.0
2026-01-18 23:00:00,17.5,0.0,0.237,5.4,0.0
2026-01-19 00:00:00,17.4,0.0,0.237,5.4,0.0
2026-01-19 01:00:00,16.9,0.0,0.237,4.0,0.0
2026-01-19 02:00:00,16.2,0.0,0.237,5.4,0.0
2026-01-19 03:00:00,15.6,0.0,0.237,6.8,0.0
2026-01-19 04:00:00,16.1,0.0,0.237,6.5,0.0
2026-01-19 05:00:00,16.0,0.0,0.237,4.7,0.0
2026-01-19 06:00:00,15.0,0.0,0.237,2.2,0.0
2026-01-19 07:00:00,15.0,0.0,0.237,6.8,0.0
2026-01-19 08:00:00,18.6,0.0,0.237,10.4,0.0
2026-01-19 09:00:00,22.4,0.0,0.237,13.0,0.0
2026-01-19 10:00:00,24.7,0.0,0.237,15.5,0.0
2026-01-19 11:00:00,26.7,0.0,0.237,18.7,0.0
2026-01-19 12:00:00,28.1,0.0,0.237,23.0,0.0
2026-01-19 13:00:00,28.7,0.0,0.237,23.0,0.0
2026-01-19 14:00:00,29.0,0.0,0.237,21.6,0.0
2026-01-19 15:00:00,28.9,0.0,0.237,17.6,0.0
2026-01-19 16:00:00,28.3,0.0,0.237,13.0,0.0
2026-01-19 17:00:00,25.8,0.0,0.237,6.5,0.0
2026-01-19 18:00:00,23.9,0.0,0.237,4.0,0.0
2026-01-19 19:00:00,22.0,0.0,0.237,7.9,0.0
2026-01-19 20:00:00,20.9,0.0,0.237,10.4,0.0
2026-01-19 21:00:00,19.7,0.0,0.237,7.9,0.0
2026-01-19 22:00:00,19.0,0.0,0.237,16.2,0.0
2026-01-19 23:00:00,18.8,0.0,0.237,15.1,0.0
2026-01-20 00:00:00,17.7,0.0,0.237,8.3,0.0
2026-01-20 01:00:00,17.1,0.0,0.237,9.0,0.0
2026-01-20 02:00:00,16.4,0.0,0.237,19.1,0.0
2026-01-20 03:00:00,15.8,0.0,0.237,17.3,0.0
2026-01-20 04:00:00,16.1,0.0,0.237,19.4,0.0
2026-01-20 05:00:00,16.0,0.0,0.237,20.5,0.0
2026-01-20 06:00:00,16.1,0.0,0.237,19.4,0.0
2026-01-20 07:00:00,15.9,0.0,0.237,16.9,0.0
2026-01-20 08:00:00,19.0,0.0,0.237,14.8,0.0
2026-01-20 09:00:00,22.4,0.0,0.237,14.0,0.0
2026-01-20 10:00:00,25.2,0.0,0.237,13.3,0.0
2026-01-20 11:00:00,26.6,0.0,0.237,14.8,0.0
2026-01-20 12:00:00,28.3,0.0,0.237,15.8,0.0
2026-01-20 13:00:00,29.2,0.0,0.237,18.0,0.0
2026-01-20 14:00:00,28.9,0.0,0.237,18.4,0.0
2026-01-20 15:00:00,28.9,0.0,0.237,18.0,0.0
2026-01-20 16:00:00,28.0,0.0,0.237,19.4,0.0
2026-01-20 17:00:00,25.7,0.0,0.237,18.7,0.0
2026-01-20 18:00:00,24.0,0.0,0.237,4.3,0.0
2026-01-20 19:00:00,23.0,0.0,0.237,4.3,0.0
2026-01-20 20:00:00,21.3,0.0,0.237,16.2,0.0
2026-01-20 21:00:00,19.0,0.0,0.237,17.6,0.0
2026-01-20 22:00:00,17.6,0.0,0.237,10.4,0.0
2026-01-20 23:00:00,16.6,0.0,0.237,13.0,0.0
2026-01-21 00:00:00,16.3,0.0,0.237,16.2,0.0
2026-01-21 01:00:00,16.3,0.0,0.237,16.9,0.0
2026-01-21 02:00:00,15.9,0.0,0.237,16.9,0.0
2026-01-21 03:00:00,15.7,0.0,0.237,18.7,0.0
2026-01-21 04:00:00,15.4,0.0,0.237,18.4,0.0
2026-01-21 05:00:00,14.3,0.0,0.237,15.8,0.0
2026-01-21 06:00:00,14.6,0.0,0.237,15.5,0.0
2026-01-21 07:00:00,15.1,0.0,0.237,13.3,0.0
2026-01-21 08:00:00,18.2,0.0,0.237,17.3,0.0
2026-01-21 09:00:00,22.0,0.0,0.237,17.6,0.0
2026-01-21 10:00:00,25.1,0.0,0.237,18.0,0.0
2026-01-21 11:00:00,26.5,0.0,0.237,16.9,0.0
2026-01-21 12:00:00,27.9,0.0,0.237,16.9,0.0
2026-01-21 13:00:00,27.9,0.0,0.237,19.1,0.0
2026-01-21 14:00:00,27.7,0.0,0.237,19.1,0.0
2026-01-21 15:00:00,27.9,0.0,0.237,15.8,0.0
2026-01-21 16:00:00,27.5,0.0,0.237,14.8,0.0
2026-01-21 17:00:00,25.0,0.0,0.237,14.4,0.0
2026-01-21 18:00:00,23.3,0.0,0.237,8.3,0.0
2026-01-21 19:00:00,22.8,0.0,0.237,4.3,0.0
2026-01-21 20:00:00,21.2,0.0,0.237,7.9,0.0
2026-01-21 21:00:00,20.1,0.0,0.237,13.0,0.0
2026-01-21 22:00:00,19.3,0.0,0.237,12.2,0.0
2026-01-21 23:00:00,18.8,0.0,0.237,13.0,0.0
2026-01-22 00:00:00,18.1,0.0,0.237,12.2,0.0
2026-01-22 01:00:00,16.9,0.0,0.237,13.3,0.0
2026-01-22 02:00:00,15.7,0.0,0.237,16.6,0.0
2026-01-22 03:00:00,14.9,0.0,0.237,15.5,0.0
2026-01-22 04:00:00,14.5,0.0,0.237,16.2,0.0
2026-01-22 05:00:00,14.0,0.0,0.237,16.2,0.0
2026-01-22 06:00:00,14.1,0.0,0.237,13.3,0.0
2026-01-22 07:00:00,14.4,0.0,0.237,10.1,0.0
2026-01-22 08:00:00,17.6,0.0,0.237,8.3,0.0
2026-01-22 09:00:00,21.1,0.0,0.237,11.9,0.0
2026-01-22 10:00:00,24.0,0.0,0.237,15.5,0.0
2026-01-22 11:00:00,26.2,0.0,0.237,17.6,0.0
2026-01-22 12:00:00,27.6,0.0,0.237,18.0,0.0
2026-01-22 13:00:00,28.0,0.0,0.237,22.7,0.0
2026-01-22 14:00:00,27.8,0.0,0.237,27.0,0.0
2026-01-22 15:00:00,27.5,0.0,0.237,27.0,0.0
2026-01-22 16:00:00,27.2,0.0,0.237,21.6,0.0
2026-01-22 17:00:00,25.0,0.0,0.237,9.0,0.0
2026-01-22 18:00:00,22.9,0.0,0.237,7.6,0.0
2026-01-22 19:00:00,22.1,0.0,0.237,19.4,0.0
2026-01-22 20:00:00,21.3,0.0,0.237,22.3,0.0
2026-01-22 21:00:00,19.8,0.0,0.237,12.2,0.0
2026-01-22 22:00:00,19.0,0.0,0.237,11.9,0.0
2026-01-22 23:00:00,18.8,0.0,0.237,12.2,0.0
2026-01-23 00:00:00,17.2,0.0,0.237,9.7,0.0
2026-01-23 01:00:00,16.5,0.0,0.237,5.0,0.0
2026-01-23 02:00:00,16.2,0.0,0.237,12.6,0.0
2026-01-23 03:00:00,16.1,0.0,0.237,15.1,0.0
2026-01-23 04:00:00,15.7,0.0,0.237,14.8,0.0
2026-01-23 05:00:00,16.0,0.0,0.237,10.1,0.0
2026-01-23 06:00:00,15.6,0.0,0.237,5.4,0.0
2026-01-23 07:00:00,16.0,0.0,0.237,5.0,0.0
2026-01-23 08:00:00,19.5,0.0,0.237,9.0,0.0
2026-01-23 09:00:00,23.2,0.0,0.237,14.0,0.0
2026-01-23 10:00:00,26.0,0.0,0.237,20.9,0.0
2026-01-23 11:00:00,27.6,0.0,0.237,23.8,0.0
2026-01-23 12:00:00,28.1,0.0,0.237,24.8,0.0
2026-01-23 13:00:00,28.5,0.0,0.237,26.3,0.0
2026-01-23 14:00:00,28.8,0.0,0.237,27.7,0.0
2026-01-23 15:00:00,28.5,0.0,0.237,27.7,0.0
2026-01-23 16:00:00,27.7,0.0,0.237,23.0,0.0
2026-01-23 17:00:00,25.5,0.0,0.237,28.1,0.0
2026-01-23 18:00:00,23.1,0.0,0.237,7.9,0.0
2026-01-23 19:00:00,21.9,0.0,0.237,8.6,0.0
2026-01-23 20:00:00,22.0,0.0,0.237,8.6,0.0
2026-01-23 21:00:00,20.3,0.0,0.237,4.7,0.0
2026-01-23 22:00:00,19.3,0.0,0.237,18.7,0.0
2026-01-23 23:00:00,19.2,0.0,0.237,18.7,0.0
2026-01-24 00:00:00,18.3,0.0,0.237,15.8,0.0
2026-01-24 01:00:00,17.1,0.0,0.237,15.1,0.0
2026-01-24 02:00:00,16.5,0.0,0.237,8.3,0.0
2026-01-24 03:00:00,15.8,0.0,0.237,5.0,0.0
2026-01-24 04:00:00,15.7,0.0,0.237,4.0,0.0
2026-01-24 05:00:00,16.2,0.0,0.237,3.2,0.0
2026-01-24 06:00:00,15.9,0.0,0.237,2.2,0.0
2026-01-24 07:00:00,16.5,0.0,0.237,6.8,0.0
2026-01-24 08:00:00,18.5,0.0,0.237,9.4,0.0
2026-01-24 09:00:00,21.4,0.0,0.237,11.5,0.0
2026-01-24 10:00:00,24.2,0.0,0.237,16.2,0.0
2026-01-24 11:00:00,26.0,0.0,0.237,21.2,0.0
2026-01-24 12:00:00,27.4,0.0,0.237,22.3,0.0
2026-01-24 13:00:00,28.0,0.0,0.237,22.0,0.0
2026-01-24 14:00:00,28.1,0.0,0.237,19.8,0.0
2026-01-24 15:00:00,27.8,0.0,0.237,19.4,0.0
2026-01-24 16:00:00,27.2,0.0,0.237,15.5,0.0
2026-01-24 17:00:00,25.3,0.0,0.237,13.7,0.0
2026-01-24 18:00:00,23.4,0.0,0.237,14.8,0.0
2026-01-24 19:00:00,22.1,0.0,0.237,16.6,0.0
2026-01-24 20:00:00,21.5,0.0,0.237,16.9,0.0
2026-01-24 21:00:00,20.4,0.0,0.237,14.0,0.0
2026-01-24 22:00:00,19.7,0.0,0.237,16.6,0.0
2026-01-24 23:00:00,18.9,0.0,0.237,16.2,0.0
2026-01-25 00:00:00,17.1,0.0,0.237,10.4,0.0
2026-01-25 01:00:00,16.3,0.0,0.237,19.4,0.0
2026-01-25 02:00:00,15.8,0.0,0.237,19.4,0.0
2026-01-25 03:00:00,15.0,0.0,0.237,18.7,0.0
2026-01-25 04:00:00,14.4,0.0,0.237,18.4,0.0
2026-01-25 05:00:00,13.7,0.0,0.237,15.8,0.0
2026-01-25 06:00:00,13.1,0.0,0.237,15.8,0.0
2026-01-25 07:00:00,13.5,0.0,0.237,12.2,0.0
2026-01-25 08:00:00,17.7,0.0,0.237,16.2,0.0
2026-01-25 09:00:00,21.6,0.0,0.237,16.2,0.0
2026-01-25 10:00:00,24.9,0.0,0.237,14.8,0.0
2026-01-25 11:00:00,26.2,0.0,0.237,15.5,0.0
2026-01-25 12:00:00,27.7,0.0,0.237,18.4,0.0
2026-01-25 13:00:00,28.2,0.0,0.237,18.7,0.0
2026-01-25 14:00:00,28.4,0.0,0.237,18.7,0.0
2026-01-25 15:00:00,28.4,0.0,0.237,17.3,0.0
2026-01-25 16:00:00,28.0,0.0,0.237,14.8,0.0
2026-01-25 17:00:00,26.2,0.0,0.237,10.1,0.0
2026-01-25 18:00:00,24.0,0.0,0.237,1.8,0.0
2026-01-25 19:00:00,22.2,0.0,0.237,6.5,0.0
2026-01-25 20:00:00,21.9,0.0,0.237,6.1,0.0
2026-01-25 21:00:00,20.0,0.0,0.237,5.8,0.0
2026-01-25 22:00:00,18.9,0.0,0.237,5.8,0.0
2026-01-25 23:00:00,18.0,0.0,0.237,16.2,0.0
2026-01-26 00:00:00,17.5,0.0,0.237,18.7,0.0
2026-01-26 01:00:00,17.1,0.0,0.237,18.0,0.0
2026-01-26 02:00:00,17.1,0.0,0.237,16.9,0.0
2026-01-26 03:00:00,16.5,0.0,0.237,15.8,0.0
2026-01-26 04:00:00,14.6,0.0,0.237,13.7,0.0
2026-01-26 05:00:00,13.9,0.0,0.237,9.7,0.0
2026-01-26 06:00:00,14.0,0.0,0.237,7.2,0.0
2026-01-26 07:00:00,14.2,0.0,0.237,12.6,0.0
2026-01-26 08:00:00,18.4,0.0,0.237,15.5,0.0
2026-01-26 09:00:00,22.5,0.0,0.237,14.8,0.0
2026-01-26 10:00:00,25.5,0.0,0.237,14.8,0.0
2026-01-26 11:00:00,26.9,0.0,0.237,21.6,0.0
2026-01-26 12:00:00,28.1,0.0,0.237,23.8,0.0
2026-01-26 13:00:00,28.7,0.0,0.237,23.0,0.0
2026-01-26 14:00:00,28.8,0.0,0.237,20.9,0.0
2026-01-26 15:00:00,28.7,0.0,0.237,16.2,0.0
2026-01-26 16:00:00,28.1,0.0,0.237,11.5,0.0
2026-01-26 17:00:00,25.6,0.0,0.237,5.8,0.0
2026-01-26 18:00:00,23.2,0.0,0.237,7.6,0.0
2026-01-26 19:00:00,22.5,0.0,0.237,7.6,0.0
2026-01-26 20:00:00,21.2,0.0,0.237,16.9,0.0
2026-01-26 21:00:00,21.1,0.0,0.237,21.2,0.0
2026-01-26 22:00:00,20.0,0.0,0.237,13.7,0.0
2026-01-26 23:00:00,18.6,0.0,0.237,11.9,0.0
2026-01-27 00:00:00,18.2,0.0,0.237,7.6,0.0
2026-01-27 01:00:00,17.6,0.0,0.237,5.0,0.0
2026-01-27 02:00:00,17.3,0.0,0.237,7.2,0.0
2026-01-27 03:00:00,17.1,0.0,0.237,8.3,0.0
2026-01-27 04:00:00,16.5,0.0,0.237,9.4,0.0
2026-01-27 05:00:00,16.0,0.0,0.237,5.0,0.0
2026-01-27 06:00:00,15.7,0.0,0.237,4.3,0.0
2026-01-27 07:00:00,16.4,0.0,0.237,7.6,0.0
2026-01-27 08:00:00,19.3,0.0,0.237,11.2,0.0
2026-01-27 09:00:00,22.6,0.0,0.237,12.2,0.0
2026-01-27 10:00:00,25.2,0.0,0.237,15.5,0.0
2026-01-27 11:00:00,27.3,0.0,0.237,22.7,0.0
2026-01-27 12:00:00,28.6,0.0,0.237,24.8,0.0
2026-01-27 13:00:00,29.2,0.0,0.237,24.1,0.0
2026-01-27 14:00:00,29.4,0.0,0.237,22.3,0.0
2026-01-27 15:00:00,29.4,0.0,0.237,19.1,0.0
2026-01-27 16:00:00,28.9,0.0,0.237,16.9,0.0
2026-01-27 17:00:00,26.5,0.0,0.237,13.7,0.0
2026-01-27 18:00:00,24.0,0.0,0.237,7.6,0.0
2026-01-27 19:00:00,22.8,0.0,0.237,6.5,0.0
2026-01-27 20:00:00,22.3,0.0,0.237,5.8,0.0
2026-01-27 21:00:00,20.8,0.0,0.237,14.0,0.0
2026-01-27 22:00:00,20.3,0.0,0.237,17.6,0.0
2026-01-27 23:00:00,19.1,0.0,0.237,11.9,0.0
2026-01-28 00:00:00,18.2,0.0,0.237,11.2,0.0
2026-01-28 01:00:00,18.4,0.0,0.237,8.6,0.0
2026-01-28 02:00:00,18.4,0.0,0.237,4.7,0.0
2026-01-28 03:00:00,18.2,0.0,0.237,2.9,0.0
2026-01-28 04:00:00,17.7,0.0,0.237,1.4,0.0
2026-01-28 05:00:00,16.4,0.0,0.237,1.8,0.0
2026-01-28 06:00:00,16.8,0.0,0.237,4.3,0.0
2026-01-28 07:00:00,17.3,0.0,0.237,6.8,0.0
2026-01-28 08:00:00,20.0,0.0,0.237,26.3,0.0
2026-01-28 09:00:00,23.6,0.0,0.237,19.8,0.0
2026-01-28 10:00:00,25.5,0.0,0.237,24.8,0.0
2026-01-28 11:00:00,26.2,0.0,0.237,24.8,0.0
2026-01-28 12:00:00,27.0,0.0,0.237,20.9,0.0
2026-01-28 13:00:00,27.5,0.0,0.237,21.2,0.0
2026-01-28 14:00:00,27.8,0.0,0.237,19.4,0.0
2026-01-28 15:00:00,27.7,0.0,0.237,17.6,0.0
2026-01-28 16:00:00,27.3,0.0,0.237,14.8,0.0
2026-01-28 17:00:00,25.7,0.0,0.237,11.5,0.0
2026-01-28 18:00:00,24.0,0.0,0.237,16.9,0.0
2026-01-28 19:00:00,23.0,0.0,0.237,15.5,0.0
2026-01-28 20:00:00,22.5,0.0,0.237,14.4,0.0
2026-01-28 21:00:00,22.4,0.0,0.237,23.0,0.0
2026-01-28 22:00:00,21.4,0.0,0.237,22.7,0.0
2026-01-28 23:00:00,20.3,0.0,0.237,21.6,0.0
2026-01-29 00:00:00,19.5,0.0,0.237,22.3,0.0
2026-01-29 01:00:00,18.8,0.0,0.237,23.0,0.0
2026-01-29 02:00:00,18.2,0.0,0.237,24.1,0.0
2026-01-29 03:00:00,17.6,0.0,0.237,24.8,0.0
2026-01-29 04:00:00,17.1,0.0,0.237,25.2,0.0
2026-01-29 05:00:00,16.6,0.0,0.237,25.2,0.0
2026-01-29 06:00:00,16.6,0.0,0.237,25.2,0.0
2026-01-29 07:00:00,17.1,0.0,0.237,27.4,0.0
2026-01-29 08:00:00,18.7,0.0,0.237,30.6,0.0
2026-01-29 09:00:00,21.4,0.0,0.237,30.6,0.0
2026-01-29 10:00:00,24.0,0.0,0.237,29.2,0.0
2026-01-29 11:00:00,25.2,0.0,0.237,26.6,0.0
2026-01-29 12:00:00,26.6,0.0,0.237,22.3,0.0
2026-01-29 13:00:00,27.4,0.0,0.237,22.0,0.0
2026-01-29 14:00:00,27.7,0.0,0.237,23.8,0.0
2026-01-29 15:00:00,27.8,0.0,0.237,23.8,0.0
2026-01-29 16:00:00,27.3,0.0,0.237,24.1,0.0
2026-01-29 17:00:00,25.8,0.0,0.237,24.8,0.0
2026-01-29 18:00:00,23.8,0.0,0.237,23.8,0.0
2026-01-29 19:00:00,22.5,0.0,0.237,24.1,0.0
2026-01-29 20:00:00,21.2,0.0,0.237,20.5,0.0
2026-01-29 21:00:00,20.3,0.0,0.237,21.6,0.0
2026-01-29 22:00:00,19.4,0.0,0.237,20.5,0.0
2026-01-29 23:00:00,18.5,0.0,0.237,20.5,0.0
2026-01-30 00:00:00,17.8,0.0,0.237,20.9,0.0
2026-01-30 01:00:00,17.3,0.0,0.237,20.5,0.0
2026-01-30 02:00:00,16.3,0.0,0.237,19.4,0.0
2026-01-30 03:00:00,15.5,0.0,0.237,18.7,0.0
2026-01-30 04:00:00,14.9,0.0,0.237,16.2,0.0
2026-01-30 05:00:00,14.4,0.0,0.237,16.9,0.0
2026-01-30 06:00:00,14.5,0.0,0.237,16.6,0.0
2026-01-30 07:00:00,15.0,0.0,0.237,15.1,0.0
2026-01-30 08:00:00,17.9,0.0,0.237,13.7,0.0
2026-01-30 09:00:00,21.3,0.0,0.237,14.0,0.0
2026-01-30 10:00:00,24.3,0.0,0.237,14.0,0.0
2026-01-30 11:00:00,25.4,0.0,0.237,15.5,0.0
2026-01-30 12:00:00,27.2,0.0,0.237,17.6,0.0
2026-01-30 13:00:00,28.2,0.0,0.237,19.1,0.0
2026-01-30 14:00:00,28.6,0.0,0.237,20.9,0.0
2026-01-30 15:00:00,28.5,0.0,0.237,22.0,0.0
2026-01-30 16:00:00,28.1,0.0,0.237,22.0,0.0
2026-01-30 17:00:00,26.3,0.0,0.237,20.9,0.0
2026-01-30 18:00:00,23.6,0.0,0.237,13.7,0.0
2026-01-30 19:00:00,21.8,0.0,0.237,12.2,0.0
2026-01-30 20:00:00,20.5,0.0,0.237,10.1,0.0
2026-01-30 21:00:00,19.3,0.0,0.237,13.3,0.0
2026-01-30 22:00:00,18.3,0.0,0.237,15.8,0.0
2026-01-30 23:00:00,17.0,0.0,0.237,17.3,0.0
2026-01-31 00:00:00,16.4,0.0,0.237,17.3,0.0
2026-01-31 01:00:00,15.8,0.0,0.237,19.4,0.0
2026-01-31 02:00:00,15.1,0.0,0.237,20.5,0.0
2026-01-31 03:00:00,14.7,0.0,0.237,21.6,0.0
2026-01-31 04:00:00,14.1,0.0,0.237,22.0,0.0
2026-01-31 05:00:00,14.2,0.0,0.237,20.2,0.0
2026-01-31 06:00:00,14.7,0.0,0.237,20.5,0.0
2026-01-31 07:00:00,15.1,0.0,0.237,19.8,0.0
2026-01-31 08:00:00,18.2,0.0,0.237,21.6,0.0
2026-01-31 09:00:00,22.2,0.0,0.237,22.7,0.0
2026-01-31 10:00:00,25.5,0.0,0.237,22.0,0.0
2026-01-31 11:00:00,26.9,0.0,0.237,21.6,0.0
2026-01-31 12:00:00,28.6,0.0,0.237,20.5,0.0
2026-01-31 13:00:00,29.9,0.0,0.237,19.1,0.0
2026-01-31 14:00:00,30.6,0.0,0.237,22.0,0.0
2026-01-31 15:00:00,30.4,0.0,0.237,25.2,0.0
2026-01-31 16:00:00,29.5,0.0,0.237,26.3,0.0
2026-01-31 17:00:00,27.0,0.0,0.237,26.3,0.0
2026-01-31 18:00:00,24.6,0.0,0.237,24.8,0.0
2026-01-31 19:00:00,23.1,0.0,0.237,27.4,0.0
2026-01-31 20:00:00,22.1,0.0,0.237,28.4,0.0
2026-01-31 21:00:00,20.7,0.0,0.237,26.3,0.0
2026-01-31 22:00:00,19.6,0.0,0.237,14.0,0.0
2026-01-31 23:00:00,18.2,0.0,0.237,14.8,0.0
2026-02-01 00:00:00,17.5,0.0,0.237,15.5,0.0
2026-02-01 01:00:00,16.8,0.0,0.237,14.8,0.0
2026-02-01 02:00:00,16.4,0.0,0.237,13.3,0.0
2026-02-01 03:00:00,15.7,0.0,0.237,14.4,0.0
2026-02-01 04:00:00,15.2,0.0,0.237,16.6,0.0
2026-02-01 05:00:00,15.5,0.0,0.237,16.6,0.0
2026-02-01 06:00:00,15.8,0.0,0.237,18.4,0.0
2026-02-01 07:00:00,16.1,0.0,0.237,15.1,0.0
2026-02-01 08:00:00,19.3,0.0,0.237,15.8,0.0
2026-02-01 09:00:00,23.0,0.0,0.237,13.3,0.0
2026-02-01 10:00:00,26.0,0.0,0.237,16.6,0.0
2026-02-01 11:00:00,27.3,0.0,0.237,20.9,0.0
2026-02-01 12:00:00,28.7,0.0,0.237,23.0,0.0
2026-02-01 13:00:00,29.6,0.0,0.237,27.4,0.0
2026-02-01 14:00:00,29.4,0.0,0.237,28.1,0.0
2026-02-01 15:00:00,29.9,0.0,0.237,25.9,0.0
2026-02-01 16:00:00,29.6,0.0,0.237,22.3,0.0
2026-02-01 17:00:00,27.8,0.0,0.237,18.4,0.0
2026-02-01 18:00:00,25.5,0.0,0.237,15.1,0.0
2026-02-01 19:00:00,23.9,0.0,0.237,18.4,0.0
2026-02-01 20:00:00,22.4,0.0,0.237,19.1,0.0
2026-02-01 21:00:00,21.2,0.0,0.237,15.8,0.0
2026-02-01 22:00:00,20.3,0.0,0.237,10.8,0.0
2026-02-01 23:00:00,19.0,0.0,0.237,11.5,0.0
2026-02-02 00:00:00,18.5,0.0,0.237,14.4,0.0
2026-02-02 01:00:00,18.1,0.0,0.237,14.4,0.0
2026-02-02 02:00:00,17.5,0.0,0.237,11.5,0.0
2026-02-02 03:00:00,16.8,0.0,0.237,10.1,0.0
2026-02-02 04:00:00,15.8,0.0,0.237,10.1,0.0
2026-02-02 05:00:00,15.9,0.0,0.237,13.7,0.0
2026-02-02 06:00:00,15.7,0.0,0.237,15.8,0.0
2026-02-02 07:00:00,16.0,0.0,0.237,14.4,0.0
2026-02-02 08:00:00,20.3,0.0,0.237,14.4,0.0
2026-02-02 09:00:00,24.2,0.0,0.237,13.3,0.0
2026-02-02 10:00:00,26.9,0.0,0.237,14.0,0.0
2026-02-02 11:00:00,28.3,0.0,0.237,16.2,0.0
2026-02-02 12:00:00,29.5,0.0,0.237,20.5,0.0
2026-02-02 13:00:00,29.9,0.0,0.237,26.6,0.0
2026-02-02 14:00:00,29.6,0.0,0.237,29.2,0.0
2026-02-02 15:00:00,29.5,0.0,0.237,28.1,0.0
2026-02-02 16:00:00,29.1,0.0,0.237,24.5,0.0
2026-02-02 17:00:00,27.4,0.0,0.237,18.4,0.0
2026-02-02 18:00:00,25.2,0.0,0.237,12.6,0.0
2026-02-02 19:00:00,23.8,0.0,0.237,7.6,0.0
2026-02-02 20:00:00,22.7,0.0,0.237,13.0,0.0
2026-02-02 21:00:00,21.2,0.0,0.237,12.6,0.0
2026-02-02 22:00:00,19.8,0.0,0.237,9.4,0.0
2026-02-02 23:00:00,18.9,0.0,0.237,13.7,0.0
2026-02-03 00:00:00,17.9,0.0,0.237,15.1,0.0
2026-02-03 01:00:00,17.7,0.0,0.237,15.1,0.0
2026-02-03 02:00:00,17.4,0.0,0.237,16.9,0.0
2026-02-03 03:00:00,17.5,0.0,0.237,20.9,0.0
2026-02-03 04:00:00,16.9,0.0,0.237,20.9,0.0
2026-02-03 05:00:00,15.6,0.0,0.237,17.6,0.0
2026-02-03 06:00:00,15.4,0.0,0.237,13.7,0.0
2026-02-03 07:00:00,16.2,0.0,0.237,6.5,0.0
2026-02-03 08:00:00,19.8,0.0,0.237,9.0,0.0
2026-02-03 09:00:00,23.6,0.0,0.237,11.9,0.0
2026-02-03 10:00:00,26.6,0.0,0.237,16.9,0.0
2026-02-03 11:00:00,28.0,0.0,0.237,21.2,0.0
2026-02-03 12:00:00,28.9,0.0,0.237,25.2,0.0
2026-02-03 13:00:00,28.9,0.0,0.237,25.6,0.0
2026-02-03 14:00:00,29.4,0.0,0.237,23.4,0.0
2026-02-03 15:00:00,29.9,0.0,0.237,19.1,0.0
2026-02-03 16:00:00,29.6,0.0,0.237,14.4,0.0
2026-02-03 17:00:00,27.1,0.0,0.237,11.5,0.0
2026-02-03 18:00:00,25.0,0.0,0.237,4.0,0.0
2026-02-03 19:00:00,23.9,0.0,0.237,12.2,0.0
2026-02-03 20:00:00,23.1,0.0,0.237,15.1,0.0
2026-02-03 21:00:00,22.2,0.0,0.237,11.5,0.0
2026-02-03 22:00:00,20.7,0.0,0.237,15.8,0.0
2026-02-03 23:00:00,20.2,0.0,0.237,19.8,0.0
2026-02-04 00:00:00,19.4,0.0,0.237,20.2,0.0
2026-02-04 01:00:00,18.8,0.0,0.237,20.5,0.0
2026-02-04 02:00:00,17.7,0.0,0.237,17.3,0.0
2026-02-04 03:00:00,17.1,0.0,0.237,16.6,0.0
2026-02-04 04:00:00,16.8,0.0,0.237,10.8,0.0
2026-02-04 05:00:00,16.5,0.0,0.237,11.2,0.0
2026-02-04 06:00:00,16.5,0.0,0.237,14.8,0.0
2026-02-04 07:00:00,17.0,0.0,0.237,14.8,0.0
2026-02-04 08:00:00,20.2,0.0,0.237,15.5,0.0
2026-02-04 09:00:00,23.7,0.0,0.237,14.8,0.0
2026-02-04 10:00:00,26.4,0.0,0.237,13.7,0.0
2026-02-04 11:00:00,27.1,0.0,0.237,14.4,0.0
2026-02-04 12:00:00,28.9,0.0,0.237,15.5,0.0
2026-02-04 13:00:00,29.3,0.0,0.237,20.2,0.0
2026-02-04 14:00:00,29.3,0.0,0.237,24.5,0.0
2026-02-04 15:00:00,29.1,0.0,0.237,25.2,0.0
2026-02-04 16:00:00,28.5,0.0,0.237,24.8,0.0
2026-02-04 17:00:00,26.7,0.0,0.237,18.0,0.0
2026-02-04 18:00:00,23.9,0.0,0.237,11.2,0.0
2026-02-04 19:00:00,23.2,0.0,0.237,9.4,0.0
2026-02-04 20:00:00,22.1,0.0,0.237,13.0,0.0
2026-02-04 21:00:00,20.9,0.0,0.237,10.8,0.0
2026-02-04 22:00:00,19.4,0.0,0.237,13.0,0.0
2026-02-04 23:00:00,18.8,0.0,0.237,15.8,0.0
2026-02-05 00:00:00,18.1,0.0,0.237,15.5,0.0
2026-02-05 01:00:00,17.5,0.0,0.237,15.5,0.0
2026-02-05 02:00:00,16.9,0.0,0.237,16.6,0.0
2026-02-05 03:00:00,16.3,0.0,0.237,16.6,0.0
2026-02-05 04:00:00,15.6,0.0,0.237,14.8,0.0
2026-02-05 05:00:00,16.0,0.0,0.237,18.0,0.0
2026-02-05 06:00:00,16.4,0.0,0.237,20.5,0.0
2026-02-05 07:00:00,16.9,0.0,0.237,22.3,0.0
2026-02-05 08:00:00,19.9,0.0,0.237,22.3,0.0
2026-02-05 09:00:00,23.4,0.0,0.237,22.7,0.0
2026-02-05 10:00:00,26.0,0.0,0.237,20.5,0.0
2026-02-05 11:00:00,27.2,0.0,0.237,17.6,0.0
2026-02-05 12:00:00,28.5,0.0,0.237,18.7,0.0
2026-02-05 13:00:00,29.1,0.0,0.237,19.8,0.0
2026-02-05 14:00:00,29.3,0.0,0.237,20.2,0.0
2026-02-05 15:00:00,29.4,0.0,0.237,21.2,0.0
2026-02-05 16:00:00,29.1,0.0,0.237,20.5,0.0
2026-02-05 17:00:00,27.0,0.0,0.237,16.9,0.0
2026-02-05 18:00:00,25.1,0.0,0.237,18.4,0.0
2026-02-05 19:00:00,23.9,0.0,0.237,21.2,0.0
2026-02-05 20:00:00,22.4,0.0,0.237,16.2,0.0
2026-02-05 21:00:00,21.4,0.0,0.237,16.9,0.0
2026-02-05 22:00:00,20.0,0.0,0.237,16.2,0.0
2026-02-05 23:00:00,18.8,0.0,0.237,11.2,0.0
2026-02-06 00:00:00,17.9,0.0,0.237,13.0,0.0
2026-02-06 01:00:00,17.0,0.0,0.237,14.4,0.0
2026-02-06 02:00:00,16.4,0.0,0.237,15.8,0.0
2026-02-06 03:00:00,16.0,0.0,0.237,15.8,0.0
2026-02-06 04:00:00,15.8,0.0,0.237,15.8,0.0
2026-02-06 05:00:00,15.7,0.0,0.237,16.6,0.0
2026-02-06 06:00:00,16.0,0.0,0.237,16.9,0.0
2026-02-06 07:00:00,16.7,0.0,0.237,15.5,0.0
2026-02-06 08:00:00,20.1,0.0,0.237,15.8,0.0
2026-02-06 09:00:00,23.7,0.0,0.237,17.6,0.0
2026-02-06 10:00:00,26.6,0.0,0.237,21.6,0.0
2026-02-06 11:00:00,28.3,0.0,0.237,27.0,0.0
2026-02-06 12:00:00,28.9,0.0,0.237,29.2,0.0
2026-02-06 13:00:00,29.4,0.0,0.237,31.3,0.0
2026-02-06 14:00:00,29.7,0.0,0.237,33.8,0.0
2026-02-06 15:00:00,29.4,0.0,0.237,35.3,0.0
2026-02-06 16:00:00,28.8,0.0,0.237,34.9,0.0
2026-02-06 17:00:00,26.6,0.0,0.237,29.9,0.0
2026-02-06 18:00:00,24.1,0.0,0.237,17.3,0.0
2026-02-06 19:00:00,22.7,0.0,0.237,18.7,0.0
2026-02-06 20:00:00,21.9,0.0,0.237,23.4,0.0
2026-02-06 21:00:00,21.3,0.0,0.237,24.5,0.0
2026-02-06 22:00:00,20.5,0.0,0.237,24.5,0.0
2026-02-06 23:00:00,19.6,0.0,0.237,22.7,0.0
2026-02-07 00:00:00,18.9,0.0,0.237,19.1,0.0
2026-02-07 01:00:00,17.9,0.0,0.237,16.2,0.0
2026-02-07 02:00:00,17.0,0.0,0.237,14.8,0.0
2026-02-07 03:00:00,16.4,0.0,0.237,17.3,0.0
2026-02-07 04:00:00,15.8,0.0,0.237,17.6,0.0
2026-02-07 05:00:00,15.4,0.0,0.237,18.0,0.0
2026-02-07 06:00:00,15.2,0.0,0.237,19.1,0.0
2026-02-07 07:00:00,15.9,0.0,0.237,17.3,0.0
2026-02-07 08:00:00,19.1,0.0,0.237,16.6,0.0
2026-02-07 09:00:00,22.6,0.0,0.237,19.1,0.0
2026-02-07 10:00:00,25.6,0.0,0.237,25.6,0.0
2026-02-07 11:00:00,27.0,0.0,0.237,33.8,0.0
2026-02-07 12:00:00,27.9,0.0,0.237,35.3,0.0
2026-02-07 13:00:00,28.7,0.0,0.237,36.0,0.0
2026-02-07 14:00:00,29.0,0.0,0.237,36.4,0.0
2026-02-07 15:00:00,28.8,0.0,0.237,35.3,0.0
2026-02-07 16:00:00,28.1,0.0,0.237,33.5,0.0
2026-02-07 17:00:00,25.9,0.0,0.237,33.1,0.0
2026-02-07 18:00:00,23.8,0.0,0.237,22.3,0.0
2026-02-07 19:00:00,22.7,0.0,0.237,24.1,0.0
2026-02-07 20:00:00,21.6,0.0,0.237,23.8,0.0
2026-02-07 21:00:00,20.7,0.0,0.237,21.2,0.0
2026-02-07 22:00:00,19.9,0.0,0.237,19.1,0.0
2026-02-07 23:00:00,19.4,0.0,0.237,18.4,0.0
2026-02-08 00:00:00,18.0,0.0,0.237,16.2,0.0
2026-02-08 01:00:00,16.8,0.0,0.237,13.7,0.0
2026-02-08 02:00:00,15.8,0.0,0.237,13.3,0.0
2026-02-08 03:00:00,15.1,0.0,0.237,11.9,0.0
2026-02-08 04:00:00,14.5,0.0,0.237,11.9,0.0
2026-02-08 05:00:00,13.7,0.0,0.237,12.2,0.0
2026-02-08 06:00:00,13.6,0.0,0.237,15.1,0.0
2026-02-08 07:00:00,14.2,0.0,0.237,14.0,0.0
2026-02-08 08:00:00,18.7,0.0,0.237,14.0,0.0
2026-02-08 09:00:00,22.9,0.0,0.237,12.6,0.0
2026-02-08 10:00:00,25.6,0.0,0.237,16.9,0.0
2026-02-08 11:00:00,27.1,0.0,0.237,21.6,0.0
2026-02-08 12:00:00,28.1,0.0,0.237,27.0,0.0
2026-02-08 13:00:00,28.6,0.0,0.237,27.7,0.0
2026-02-08 14:00:00,28.9,0.0,0.237,26.6,0.0
2026-02-08 15:00:00,29.0,0.0,0.237,24.5,0.0
2026-02-08 16:00:00,28.6,0.0,0.237,22.3,0.0
2026-02-08 17:00:00,26.5,0.0,0.237,20.5,0.0
2026-02-08 18:00:00,24.4,0.0,0.237,20.2,0.0
2026-02-08 19:00:00,23.6,0.0,0.237,20.9,0.0
2026-02-08 20:00:00,22.2,0.0,0.237,19.4,0.0
2026-02-08 21:00:00,20.5,0.0,0.237,20.2,0.0
2026-02-08 22:00:00,20.0,0.0,0.237,20.2,0.0
2026-02-08 23:00:00,18.3,0.0,0.237,19.1,0.0
2026-02-09 00:00:00,17.2,0.0,0.237,8.3,0.0
2026-02-09 01:00:00,16.3,0.0,0.237,2.2,0.0
2026-02-09 02:00:00,15.3,0.0,0.237,10.1,0.0
2026-02-09 03:00:00,14.4,0.0,0.237,14.0,0.0
2026-02-09 04:00:00,13.9,0.0,0.237,14.8,0.0
2026-02-09 05:00:00,13.4,0.0,0.237,14.0,0.0
2026-02-09 06:00:00,13.5,0.0,0.237,13.0,0.0
2026-02-09 07:00:00,14.2,0.0,0.237,13.3,0.0
2026-02-09 08:00:00,19.0,0.0,0.237,13.3,0.0
2026-02-09 09:00:00,23.0,0.0,0.237,11.9,0.0
2026-02-09 10:00:00,26.0,0.0,0.237,14.8,0.0
2026-02-09 11:00:00,27.2,0.0,0.237,15.5,0.0
2026-02-09 12:00:00,28.5,0.0,0.237,18.0,0.0
2026-02-09 13:00:00,29.0,0.0,0.237,19.1,0.0
2026-02-09 14:00:00,29.2,0.0,0.237,19.1,0.0
2026-02-09 15:00:00,29.2,0.0,0.237,17.3,0.0
2026-02-09 16:00:00,29.0,0.0,0.237,11.5,0.0
2026-02-09 17:00:00,26.8,0.0,0.237,12.2,0.0
2026-02-09 18:00:00,24.1,0.0,0.237,6.1,0.0
2026-02-09 19:00:00,22.6,0.0,0.237,9.4,0.0
2026-02-09 20:00:00,22.5,0.0,0.237,16.2,0.0
2026-02-09 21:00:00,20.5,0.0,0.237,15.8,0.0
2026-02-09 22:00:00,19.5,0.0,0.237,8.6,0.0
2026-02-09 23:00:00,18.2,0.0,0.237,6.5,0.0
2026-02-10 00:00:00,17.1,0.0,0.237,10.1,0.0
2026-02-10 01:00:00,16.3,0.0,0.237,12.6,0.0
2026-02-10 02:00:00,15.6,0.0,0.237,14.0,0.0
2026-02-10 03:00:00,14.8,0.0,0.237,14.4,0.0
2026-02-10 04:00:00,14.0,0.0,0.237,14.4,0.0
2026-02-10 05:00:00,13.4,0.0,0.237,12.6,0.0
2026-02-10 06:00:00,13.7,0.0,0.237,12.6,0.0
2026-02-10 07:00:00,14.7,0.0,0.237,13.7,0.0
2026-02-10 08:00:00,19.7,0.0,0.237,13.7,0.0
2026-02-10 09:00:00,24.0,0.0,0.237,11.5,0.0
2026-02-10 10:00:00,26.7,0.0,0.237,15.8,0.0
2026-02-10 11:00:00,28.0,0.0,0.237,17.6,0.0
2026-02-10 12:00:00,29.4,0.0,0.237,21.2,0.0
2026-02-10 13:00:00,30.0,0.0,0.237,24.5,0.0
2026-02-10 14:00:00,30.5,0.0,0.237,24.5,0.0
2026-02-10 15:00:00,30.7,0.0,0.237,22.3,0.0
2026-02-10 16:00:00,30.4,0.0,0.237,20.2,0.0
2026-02-10 17:00:00,27.9,0.0,0.237,18.4,0.0
2026-02-10 18:00:00,24.7,0.0,0.237,10.8,0.0
2026-02-10 19:00:00,24.1,0.0,0.237,13.7,0.0
2026-02-10 20:00:00,22.7,0.0,0.237,17.3,0.0
2026-02-10 21:00:00,21.3,0.0,0.237,18.7,0.0
2026-02-10 22:00:00,19.7,0.0,0.237,13.3,0.0
2026-02-10 23:00:00,18.7,0.0,0.237,9.0,0.0
2026-02-11 00:00:00,17.5,0.0,0.237,8.6,0.0
2026-02-11 01:00:00,17.1,0.0,0.237,9.7,0.0
2026-02-11 02:00:00,17.0,0.0,0.237,9.0,0.0
2026-02-11 03:00:00,16.7,0.0,0.237,5.8,0.0
2026-02-11 04:00:00,16.1,0.0,0.237,4.7,0.0
2026-02-11 05:00:00,16.1,0.0,0.237,7.2,0.0
2026-02-11 06:00:00,15.8,0.0,0.237,8.3,0.0
2026-02-11 07:00:00,17.3,0.0,0.237,6.1,0.0
2026-02-11 08:00:00,21.3,0.0,0.237,9.4,0.0
2026-02-11 09:00:00,25.1,0.0,0.237,11.2,0.0
2026-02-11 10:00:00,27.7,0.0,0.237,16.2,0.0
2026-02-11 11:00:00,29.4,0.0,0.237,19.1,0.0
2026-02-11 12:00:00,30.7,0.0,0.237,21.6,0.0
2026-02-11 13:00:00,31.5,0.0,0.237,29.5,0.0
2026-02-11 14:00:00,31.8,0.0,0.237,35.3,0.0
2026-02-11 15:00:00,31.6,0.0,0.237,36.4,0.0
2026-02-11 16:00:00,30.8,0.0,0.237,35.6,0.0
2026-02-11 17:00:00,28.9,0.0,0.237,33.5,0.0
2026-02-11 18:00:00,26.8,0.0,0.237,23.4,0.0
2026-02-11 19:00:00,24.8,0.0,0.237,18.4,0.0
2026-02-11 20:00:00,22.5,0.0,0.237,14.8,0.0
2026-02-11 21:00:00,20.7,0.0,0.237,14.4,0.0
2026-02-11 22:00:00,19.6,0.0,0.237,10.1,0.0
2026-02-11 23:00:00,18.9,0.0,0.239,14.8,0.0
2026-02-12 00:00:00,18.4,0.0,0.239,14.8,0.0
2026-02-12 01:00:00,17.4,0.0,0.239,12.6,0.0
2026-02-12 02:00:00,16.7,0.0,0.239,9.0,0.0
2026-02-12 03:00:00,16.7,0.0,0.239,6.8,0.0
2026-02-12 04:00:00,17.3,0.0,0.239,10.4,0.0
2026-02-12 05:00:00,18.3,0.0,0.237,13.7,0.0
2026-02-12 06:00:00,18.4,0.0,0.237,14.0,0.0
2026-02-12 07:00:00,17.9,0.0,0.237,14.0,0.0
2026-02-12 08:00:00,21.8,0.0,0.237,14.0,0.0
2026-02-12 09:00:00,25.0,0.0,0.237,13.3,0.0
2026-02-12 10:00:00,27.5,0.0,0.237,15.8,0.0
2026-02-12 11:00:00,29.1,0.0,0.237,19.1,0.0
2026-02-12 12:00:00,30.2,0.0,0.237,21.6,0.0
2026-02-12 13:00:00,30.9,0.0,0.237,20.5,0.0
2026-02-12 14:00:00,31.0,0.0,0.237,22.7,0.0
2026-02-12 15:00:00,30.9,0.0,0.237,22.7,0.0
2026-02-12 16:00:00,30.7,0.0,0.237,21.6,0.0
2026-02-12 17:00:00,29.2,0.0,0.237,15.1,0.0
2026-02-12 18:00:00,26.0,0.0,0.237,11.2,0.0
2026-02-12 19:00:00,25.2,0.0,0.237,11.9,0.0
2026-02-12 20:00:00,23.6,0.0,0.237,17.3,0.0
2026-02-12 21:00:00,21.8,0.0,0.237,15.1,0.0
2026-02-12 22:00:00,20.6,0.0,0.237,8.3,0.0
2026-02-12 23:00:00,19.3,0.0,0.237,13.7,0.0
2026-02-13 00:00:00,18.1,0.0,0.237,15.1,0.0
2026-02-13 01:00:00,17.7,0.0,0.237,15.8,0.0
2026-02-13 02:00:00,17.2,0.0,0.237,14.8,0.0
2026-02-13 03:00:00,16.7,0.0,0.237,14.4,0.0
2026-02-13 04:00:00,16.0,0.0,0.237,10.1,0.0
2026-02-13 05:00:00,15.2,0.0,0.237,9.7,0.0
2026-02-13 06:00:00,15.3,0.0,0.237,10.4,0.0
2026-02-13 07:00:00,16.4,0.0,0.237,11.2,0.0
2026-02-13 08:00:00,21.2,0.0,0.237,11.2,0.0
2026-02-13 09:00:00,24.7,0.0,0.237,13.7,0.0
2026-02-13 10:00:00,27.3,0.0,0.237,20.2,0.0
2026-02-13 11:00:00,28.8,0.0,0.237,21.6,0.0
2026-02-13 12:00:00,30.2,0.0,0.237,19.1,0.0
2026-02-13 13:00:00,30.8,0.0,0.237,22.0,0.0
2026-02-13 14:00:00,30.6,0.0,0.237,24.5,0.0
2026-02-13 15:00:00,30.4,0.0,0.237,23.8,0.0
2026-02-13 16:00:00,29.9,0.0,0.237,22.3,0.0
2026-02-13 17:00:00,28.5,0.0,0.237,24.8,0.0
2026-02-13 18:00:00,26.3,0.0,0.237,16.2,0.0
2026-02-13 19:00:00,25.9,0.0,0.237,8.6,0.0
2026-02-13 20:00:00,23.5,0.0,0.237,8.6,0.0
2026-02-13 21:00:00,23.6,0.0,0.237,14.8,0.0
2026-02-13 22:00:00,23.0,0.0,0.237,14.0,0.0
2026-02-13 23:00:00,21.6,0.0,0.237,15.5,0.0
2026-02-14 00:00:00,20.7,0.0,0.237,13.0,0.0
2026-02-14 01:00:00,19.7,0.0,0.237,9.4,0.0
2026-02-14 02:00:00,18.7,0.0,0.237,9.4,0.0
2026-02-14 03:00:00,18.1,0.0,0.237,7.6,0.0
2026-02-14 04:00:00,17.6,0.0,0.237,8.3,0.0
2026-02-14 05:00:00,16.7,0.0,0.237,12.6,0.0
2026-02-14 06:00:00,16.5,0.0,0.237,11.5,0.0
2026-02-14 07:00:00,17.3,0.0,0.237,12.2,0.0
2026-02-14 08:00:00,22.0,0.0,0.237,13.7,0.0
2026-02-14 09:00:00,25.5,0.0,0.237,14.4,0.0
2026-02-14 10:00:00,28.2,0.0,0.237,15.1,0.0
2026-02-14 11:00:00,29.3,0.0,0.237,16.6,0.0
2026-02-14 12:00:00,30.7,0.0,0.237,21.2,0.0
2026-02-14 13:00:00,31.3,0.0,0.237,22.7,0.0
2026-02-14 14:00:00,31.7,0.0,0.237,22.0,0.0
2026-02-14 15:00:00,31.9,0.0,0.237,23.8,0.0
2026-02-14 16:00:00,31.5,0.0,0.237,26.3,0.0
2026-02-14 17:00:00,29.9,0.0,0.237,25.9,0.0
2026-02-14 18:00:00,26.9,0.0,0.237,18.4,0.0
2026-02-14 19:00:00,25.6,0.0,0.237,5.0,0.0
2026-02-14 20:00:00,24.1,0.0,0.237,9.4,0.0
2026-02-14 21:00:00,22.9,0.0,0.237,5.8,0.0
2026-02-14 22:00:00,21.6,0.0,0.237,11.5,0.0
2026-02-14 23:00:00,20.7,0.0,0.237,17.3,0.0
2026-02-15 00:00:00,20.1,0.0,0.237,16.2,0.0
2026-02-15 01:00:00,19.6,0.0,0.237,16.6,0.0
2026-02-15 02:00:00,19.1,0.0,0.237,13.7,0.0
2026-02-15 03:00:00,18.4,0.0,0.237,11.5,0.0
2026-02-15 04:00:00,17.9,0.0,0.237,11.2,0.0
2026-02-15 05:00:00,17.1,0.0,0.237,13.7,0.0
2026-02-15 06:00:00,16.9,0.0,0.237,15.1,0.0
2026-02-15 07:00:00,17.7,0.0,0.237,17.6,0.0
2026-02-15 08:00:00,21.8,0.0,0.237,20.2,0.0
2026-02-15 09:00:00,25.8,0.0,0.237,18.0,0.0
2026-02-15 10:00:00,28.6,0.0,0.237,20.2,0.0
2026-02-15 11:00:00,30.0,0.0,0.237,33.1,0.0
2026-02-15 12:00:00,30.6,0.0,0.237,37.1,0.0
2026-02-15 13:00:00,31.5,0.0,0.237,36.0,0.0
2026-02-15 14:00:00,31.6,0.0,0.237,32.0,0.0
2026-02-15 15:00:00,31.4,0.0,0.237,32.0,0.0
2026-02-15 16:00:00,31.0,0.0,0.237,26.3,0.0
2026-02-15 17:00:00,28.9,0.0,0.237,20.2,0.0
2026-02-15 18:00:00,26.6,0.0,0.237,21.6,0.0
2026-02-15 19:00:00,25.2,0.0,0.237,23.8,0.0
2026-02-15 20:00:00,23.6,0.0,0.237,19.4,0.0
2026-02-15 21:00:00,23.0,0.0,0.237,19.8,0.0
2026-02-15 22:00:00,22.5,0.0,0.237,20.5,0.0
2026-02-15 23:00:00,21.8,0.0,0.237,21.6,0.0
2026-02-16 00:00:00,21.4,0.0,0.237,20.5,0.0
2026-02-16 01:00:00,20.7,0.0,0.237,19.1,0.0
2026-02-16 02:00:00,19.2,0.0,0.237,15.8,0.0
2026-02-16 03:00:00,17.9,0.0,0.237,10.4,0.0
2026-02-16 04:00:00,16.7,0.0,0.237,8.6,0.0
2026-02-16 05:00:00,16.7,0.0,0.237,10.1,0.0
2026-02-16 06:00:00,16.2,0.0,0.237,9.7,0.0
2026-02-16 07:00:00,17.6,0.0,0.237,8.3,0.0
2026-02-16 08:00:00,21.4,0.0,0.237,12.6,0.0
2026-02-16 09:00:00,25.4,0.0,0.237,13.3,0.0
2026-02-16 10:00:00,28.5,0.0,0.237,14.0,0.0
2026-02-16 11:00:00,29.7,0.0,0.237,14.8,0.0
2026-02-16 12:00:00,31.0,0.0,0.237,20.2,0.0
2026-02-16 13:00:00,31.5,0.0,0.237,25.6,0.0
2026-02-16 14:00:00,31.7,0.0,0.237,28.8,0.0
2026-02-16 15:00:00,31.5,0.0,0.237,30.2,0.0
2026-02-16 16:00:00,31.0,0.0,0.237,30.2,0.0
2026-02-16 17:00:00,29.1,0.0,0.237,27.4,0.0
2026-02-16 18:00:00,26.2,0.0,0.237,15.8,0.0
2026-02-16 19:00:00,24.5,0.0,0.237,13.7,0.0
2026-02-16 20:00:00,22.5,0.0,0.237,14.8,0.0
2026-02-16 21:00:00,21.4,0.0,0.237,16.6,0.0
2026-02-16 22:00:00,20.5,0.0,0.237,13.3,0.0
2026-02-16 23:00:00,20.5,0.0,0.237,11.2,0.0
2026-02-17 00:00:00,19.3,0.0,0.237,8.6,0.0
2026-02-17 01:00:00,18.2,0.0,0.237,10.8,0.0
2026-02-17 02:00:00,17.5,0.0,0.237,13.7,0.0
2026-02-17 03:00:00,17.3,0.0,0.237,19.4,0.0
2026-02-17 04:00:00,17.2,0.0,0.237,19.8,0.0
2026-02-17 05:00:00,16.6,0.0,0.237,18.7,0.0
2026-02-17 06:00:00,15.2,0.0,0.237,13.0,0.0
2026-02-17 07:00:00,15.4,0.0,0.237,11.5,0.0
2026-02-17 08:00:00,20.8,0.0,0.237,11.9,0.0
2026-02-17 09:00:00,25.4,0.0,0.237,12.2,0.0
2026-02-17 10:00:00,28.5,0.0,0.237,16.9,0.0
2026-02-17 11:00:00,30.1,0.0,0.237,19.4,0.0
2026-02-17 12:00:00,31.3,0.0,0.237,22.0,0.0
2026-02-17 13:00:00,32.0,0.0,0.237,28.8,0.0
2026-02-17 14:00:00,32.3,0.0,0.237,32.0,0.0
2026-02-17 15:00:00,32.2,0.0,0.237,33.5,0.0
2026-02-17 16:00:00,31.5,0.0,0.237,33.5,0.0
2026-02-17 17:00:00,29.5,0.0,0.237,32.4,0.0
2026-02-17 18:00:00,27.2,0.0,0.237,22.3,0.0
2026-02-17 19:00:00,25.6,0.0,0.237,19.8,0.0
2026-02-17 20:00:00,23.5,0.0,0.237,19.4,0.0
2026-02-17 21:00:00,22.1,0.0,0.237,16.6,0.0
2026-02-17 22:00:00,21.3,0.0,0.237,11.2,0.0
2026-02-17 23:00:00,20.3,0.0,0.237,10.8,0.0
2026-02-18 00:00:00,18.6,0.0,0.237,8.6,0.0
2026-02-18 01:00:00,17.8,0.0,0.237,13.7,0.0
2026-02-18 02:00:00,17.9,0.0,0.237,14.0,0.0
2026-02-18 03:00:00,18.2,0.0,0.237,16.2,0.0
2026-02-18 04:00:00,18.0,0.0,0.237,16.2,0.0
2026-02-18 05:00:00,17.7,0.0,0.237,15.5,0.0
2026-02-18 06:00:00,16.8,0.0,0.237,11.5,0.0
2026-02-18 07:00:00,18.0,0.0,0.237,11.9,0.0
2026-02-18 08:00:00,21.6,0.0,0.237,13.0,0.0
2026-02-18 09:00:00,25.1,0.0,0.237,20.2,0.0
2026-02-18 10:00:00,28.2,0.0,0.237,23.0,0.0
2026-02-18 11:00:00,29.7,0.0,0.237,27.7,0.0
2026-02-18 12:00:00,30.6,0.0,0.237,27.7,0.0
2026-02-18 13:00:00,31.1,0.0,0.237,24.1,0.0
2026-02-18 14:00:00,31.3,0.0,0.237,18.4,0.0
2026-02-18 15:00:00,30.8,0.0,0.237,15.5,0.0
2026-02-18 16:00:00,30.4,0.0,0.237,14.0,0.0
2026-02-18 17:00:00,29.2,0.0,0.237,11.5,0.0
2026-02-18 18:00:00,27.4,0.0,0.237,6.8,0.0
2026-02-18 19:00:00,26.5,0.0,0.237,19.1,0.0
2026-02-18 20:00:00,25.4,0.0,0.237,21.2,0.0
2026-02-18 21:00:00,23.9,0.0,0.237,14.0,0.0
2026-02-18 22:00:00,22.4,0.0,0.237,17.6,0.0
2026-02-18 23:00:00,21.0,0.0,0.237,9.0,0.0
2026-02-19 00:00:00,19.4,0.0,0.237,12.2,0.0
2026-02-19 01:00:00,17.8,0.0,0.237,14.0,0.0
2026-02-19 02:00:00,16.7,0.0,0.237,14.4,0.0
2026-02-19 03:00:00,16.2,0.0,0.237,14.4,0.0
2026-02-19 04:00:00,15.8,0.0,0.237,13.3,0.0
2026-02-19 05:00:00,15.4,0.0,0.237,10.8,0.0
2026-02-19 06:00:00,15.8,0.0,0.237,11.9,0.0
2026-02-19 07:00:00,17.1,0.0,0.237,19.1,0.0
2026-02-19 08:00:00,20.8,0.0,0.237,20.9,0.0
2026-02-19 09:00:00,24.6,0.0,0.237,20.9,0.0
2026-02-19 10:00:00,27.5,0.0,0.237,20.9,0.0
2026-02-19 11:00:00,28.7,0.0,0.237,19.8,0.0
2026-02-19 12:00:00,30.3,0.0,0.237,21.6,0.0
2026-02-19 13:00:00,31.2,0.0,0.237,22.3,0.0
2026-02-19 14:00:00,31.6,0.0,0.237,22.3,0.0
2026-02-19 15:00:00,31.6,0.0,0.237,21.2,0.0
2026-02-19 16:00:00,31.1,0.0,0.237,19.1,0.0
2026-02-19 17:00:00,29.8,0.0,0.237,18.7,0.0
2026-02-19 18:00:00,26.5,0.0,0.237,15.1,0.0
2026-02-19 19:00:00,26.0,0.0,0.237,23.0,0.0
2026-02-19 20:00:00,24.8,0.0,0.237,23.4,0.0
2026-02-19 21:00:00,23.2,0.0,0.237,18.0,0.0
2026-02-19 22:00:00,22.0,0.0,0.237,11.5,0.0
2026-02-19 23:00:00,20.9,0.0,0.237,16.6,0.0
2026-02-20 00:00:00,19.9,0.0,0.237,14.4,0.0
2026-02-20 01:00:00,19.3,0.0,0.237,15.1,0.0
2026-02-20 02:00:00,18.3,0.0,0.237,14.0,0.0
2026-02-20 03:00:00,17.3,0.0,0.237,13.3,0.0
2026-02-20 04:00:00,16.6,0.0,0.237,11.2,0.0
2026-02-20 05:00:00,16.9,0.0,0.237,13.0,0.0
2026-02-20 06:00:00,17.0,0.0,0.237,13.7,0.0
2026-02-20 07:00:00,18.2,0.0,0.237,14.0,0.0
2026-02-20 08:00:00,22.3,0.0,0.237,13.7,0.0
2026-02-20 09:00:00,26.3,0.0,0.237,12.2,0.0
2026-02-20 10:00:00,29.3,0.0,0.237,16.6,0.0
2026-02-20 11:00:00,30.7,0.0,0.237,19.8,0.0
2026-02-20 12:00:00,31.9,0.0,0.237,20.5,0.0
2026-02-20 13:00:00,32.5,0.0,0.237,22.0,0.0
2026-02-20 14:00:00,32.6,0.0,0.237,23.0,0.0
2026-02-20 15:00:00,32.5,0.0,0.237,23.4,0.0
2026-02-20 16:00:00,32.1,0.0,0.237,23.4,0.0
2026-02-20 17:00:00,29.9,0.0,0.237,21.2,0.0
2026-02-20 18:00:00,26.6,0.0,0.237,9.7,0.0
2026-02-20 19:00:00,25.2,0.0,0.237,7.9,0.0
2026-02-20 20:00:00,24.7,0.0,0.237,17.6,0.0
2026-02-20 21:00:00,24.2,0.0,0.237,22.3,0.0
2026-02-20 22:00:00,22.7,0.0,0.237,21.2,0.0
2026-02-20 23:00:00,21.1,0.0,0.237,10.4,0.0
2026-02-21 00:00:00,20.2,0.0,0.237,9.4,0.0
2026-02-21 01:00:00,19.6,0.0,0.237,12.6,0.0
2026-02-21 02:00:00,19.0,0.0,0.237,13.3,0.0
2026-02-21 03:00:00,18.3,0.0,0.237,15.5,0.0
2026-02-21 04:00:00,17.7,0.0,0.237,17.3,0.0
2026-02-21 05:00:00,17.0,0.0,0.237,18.4,0.0
2026-02-21 06:00:00,17.4,0.0,0.237,22.3,0.0
2026-02-21 07:00:00,18.7,0.0,0.237,22.3,0.0
2026-02-21 08:00:00,22.6,0.0,0.237,20.9,0.0
2026-02-21 09:00:00,26.4,0.0,0.237,21.2,0.0
2026-02-21 10:00:00,29.3,0.0,0.237,19.4,0.0
2026-02-21 11:00:00,30.1,0.0,0.237,18.0,0.0
2026-02-21 12:00:00,31.2,0.0,0.237,20.2,0.0
2026-02-21 13:00:00,31.8,0.0,0.237,23.8,0.0
2026-02-21 14:00:00,31.8,0.0,0.237,25.2,0.0
2026-02-21 15:00:00,32.7,0.0,0.237,22.3,0.0
2026-02-21 16:00:00,30.9,0.0,0.237,36.7,0.0
2026-02-21 17:00:00,29.6,0.0,0.237,37.8,0.0
2026-02-21 18:00:00,27.4,0.0,0.237,18.4,0.0
2026-02-21 19:00:00,26.5,0.0,0.237,19.1,0.0
2026-02-21 20:00:00,25.2,0.0,0.237,15.5,0.0
2026-02-21 21:00:00,24.4,0.0,0.237,19.8,0.0
2026-02-21 22:00:00,23.4,0.0,0.237,19.8,0.0
2026-02-21 23:00:00,21.9,0.0,0.237,19.1,0.0
2026-02-22 00:00:00,20.5,0.0,0.237,14.0,0.0
2026-02-22 01:00:00,19.2,0.0,0.237,9.7,0.0
2026-02-22 02:00:00,18.3,0.0,0.237,10.4,0.0
2026-02-22 03:00:00,17.5,0.0,0.237,10.4,0.0
2026-02-22 04:00:00,16.9,0.0,0.237,11.9,0.0
2026-02-22 05:00:00,17.3,0.0,0.263,12.2,0.0
2026-02-22 06:00:00,17.5,0.0,0.263,10.8,0.0
2026-02-22 07:00:00,18.7,0.0,0.262,12.2,0.0
2026-02-22 08:00:00,23.3,0.0,0.262,12.6,0.0
2026-02-22 09:00:00,27.0,0.0,0.262,11.5,0.0
2026-02-22 10:00:00,29.5,0.0,0.261,16.9,0.0
2026-02-22 11:00:00,30.5,0.0,0.26,18.7,0.0
2026-02-22 12:00:00,31.8,0.0,0.259,23.4,0.0
2026-02-22 13:00:00,32.0,0.0,0.257,25.6,0.0
2026-02-22 14:00:00,32.3,0.0,0.256,24.5,0.0
2026-02-22 15:00:00,33.3,0.0,0.255,19.4,0.0
2026-02-22 16:00:00,33.2,0.0,0.255,23.0,0.0
2026-02-22 17:00:00,31.0,0.0,0.254,29.9,0.0
2026-02-22 18:00:00,28.4,0.0,0.254,19.4,0.0
2026-02-22 19:00:00,27.7,0.0,0.254,9.4,0.0
2026-02-22 20:00:00,26.1,0.0,0.254,12.6,0.0
2026-02-22 21:00:00,25.3,0.0,0.253,13.3,0.0
2026-02-22 22:00:00,24.5,0.0,0.253,14.0,0.0
2026-02-22 23:00:00,23.2,0.0,0.253,9.7,0.0
2026-02-23 00:00:00,22.4,0.0,0.253,13.3,0.0
2026-02-23 01:00:00,21.0,0.0,0.253,10.8,0.0
2026-02-23 02:00:00,19.9,0.0,0.253,7.2,0.0
2026-02-23 03:00:00,18.5,0.0,0.252,9.7,0.0
2026-02-23 04:00:00,18.1,0.0,0.252,13.3,0.0
2026-02-23 05:00:00,18.9,0.0,0.252,13.3,0.0
2026-02-23 06:00:00,19.0,0.0,0.252,9.7,0.0
2026-02-23 07:00:00,20.3,0.0,0.252,15.5,0.0
2026-02-23 08:00:00,22.9,0.0,0.252,17.6,0.0
2026-02-23 09:00:00,24.1,0.0,0.252,22.3,0.0
2026-02-23 10:00:00,26.2,0.0,0.251,21.6,0.0
2026-02-23 11:00:00,27.4,0.0,0.25,26.3,0.0
2026-02-23 12:00:00,29.5,0.0,0.25,31.7,0.0
2026-02-23 13:00:00,30.6,0.0,0.249,28.4,0.0
2026-02-23 14:00:00,30.6,0.0,0.248,23.0,0.0
2026-02-23 15:00:00,28.1,0.0,0.248,25.6,0.0
2026-02-23 16:00:00,26.6,0.0,0.248,36.7,0.0
2026-02-23 17:00:00,29.1,0.0,0.246,31.3,0.0
2026-02-23 18:00:00,26.5,0.0,0.246,12.2,0.0
2026-02-23 19:00:00,25.7,0.0,0.246,10.8,0.0
2026-02-23 20:00:00,25.1,0.0,0.246,22.7,0.0
2026-02-23 21:00:00,23.7,0.0,0.246,16.6,0.0
2026-02-23 22:00:00,22.2,0.0,0.246,14.8,0.0
2026-02-23 23:00:00,22.3,0.0,0.246,10.4,0.0
2026-02-24 00:00:00,21.0,0.0,0.246,11.2,0.0
2026-02-24 01:00:00,19.9,0.0,0.245,9.7,0.0
2026-02-24 02:00:00,19.1,0.0,0.245,10.4,0.0
2026-02-24 03:00:00,18.9,0.0,0.245,9.7,0.0
2026-02-24 04:00:00,18.2,0.0,0.245,10.1,0.0
2026-02-24 05:00:00,17.6,0.0,0.245,11.2,0.0
2026-02-24 06:00:00,18.2,0.0,0.245,18.4,0.0
2026-02-24 07:00:00,19.5,0.0,0.245,18.4,0.0
2026-02-24 08:00:00,23.3,0.0,0.245,18.4,0.0
2026-02-24 09:00:00,26.8,0.0,0.245,13.7,0.0
2026-02-24 10:00:00,29.4,0.0,0.244,14.0,0.0
2026-02-24 11:00:00,30.1,0.0,0.244,17.6,0.0
2026-02-24 12:00:00,30.9,0.0,0.243,27.0,0.0
2026-02-24 13:00:00,30.8,0.0,0.243,28.4,0.0
2026-02-24 14:00:00,31.2,0.0,0.242,27.7,0.0
2026-02-24 15:00:00,31.5,0.0,0.242,28.4,0.0
2026-02-24 16:00:00,30.1,0.0,0.242,33.8,0.0
2026-02-24 17:00:00,28.9,0.0,0.241,32.0,0.0
2026-02-24 18:00:00,26.9,0.0,0.241,18.7,0.0
2026-02-24 19:00:00,24.8,0.0,0.241,16.9,0.0
2026-02-24 20:00:00,22.9,0.0,0.241,13.7,0.0
2026-02-24 21:00:00,22.0,0.0,0.241,6.8,0.0
2026-02-24 22:00:00,21.2,0.0,0.241,5.0,0.0
2026-02-24 23:00:00,21.5,0.0,0.241,18.0,0.0
2026-02-25 00:00:00,21.2,0.0,0.241,15.8,0.0
2026-02-25 01:00:00,19.8,0.0,0.241,9.7,0.0
2026-02-25 02:00:00,18.6,0.0,0.241,10.8,0.0
2026-02-25 03:00:00,17.6,0.0,0.241,9.7,0.0
2026-02-25 04:00:00,16.9,0.0,0.241,14.4,0.0
2026-02-25 05:00:00,17.1,0.0,0.24,14.8,0.0
2026-02-25 06:00:00,17.0,0.0,0.24,14.8,0.0
2026-02-25 07:00:00,18.7,0.0,0.24,15.8,0.0
2026-02-25 08:00:00,23.0,0.0,0.24,15.5,0.0
2026-02-25 09:00:00,27.2,0.0,0.24,11.5,0.0
2026-02-25 10:00:00,29.7,0.0,0.24,17.3,0.0
2026-02-25 11:00:00,30.4,0.0,0.24,19.1,0.0
2026-02-25 12:00:00,31.3,0.0,0.24,25.2,0.0
2026-02-25 13:00:00,31.6,0.0,0.239,31.7,0.0
2026-02-25 14:00:00,31.1,0.0,0.239,31.7,0.0
2026-02-25 15:00:00,31.0,0.0,0.239,29.2,0.0
2026-02-25 16:00:00,30.7,0.0,0.239,29.5,0.0
2026-02-25 17:00:00,29.5,0.0,0.239,28.4,0.0
2026-02-25 18:00:00,26.5,0.0,0.239,22.0,0.0
2026-02-25 19:00:00,25.6,0.0,0.239,11.2,0.0
2026-02-25 20:00:00,24.2,0.0,0.239,13.3,0.0
2026-02-25 21:00:00,23.2,0.0,0.239,17.6,0.0
2026-02-25 22:00:00,22.3,0.0,0.239,17.3,0.0
2026-02-25 23:00:00,20.7,0.0,0.239,17.3,0.0
2026-02-26 00:00:00,19.4,0.0,0.239,15.8,0.0
2026-02-26 01:00:00,18.6,0.0,0.239,14.4,0.0
2026-02-26 02:00:00,17.7,0.0,0.239,13.0,0.0
2026-02-26 03:00:00,17.2,0.0,0.239,10.1,0.0
2026-02-26 04:00:00,16.6,0.0,0.239,10.4,0.0
2026-02-26 05:00:00,16.0,0.0,0.238,6.8,0.0
2026-02-26 06:00:00,16.3,0.0,0.238,6.8,0.0
2026-02-26 07:00:00,17.9,0.0,0.238,10.8,0.0
2026-02-26 08:00:00,22.5,0.0,0.238,12.6,0.0
2026-02-26 09:00:00,25.8,0.0,0.238,13.0,0.0
2026-02-26 10:00:00,28.6,0.0,0.238,16.9,0.0
2026-02-26 11:00:00,30.4,0.0,0.238,18.7,0.0
2026-02-26 12:00:00,31.6,0.0,0.238,32.4,0.0
2026-02-26 13:00:00,32.5,0.0,0.238,32.4,0.0
2026-02-26 14:00:00,33.8,0.0,0.238,32.0,0.0
2026-02-26 15:00:00,32.4,0.0,0.238,47.9,0.0
2026-02-26 16:00:00,31.3,0.0,0.238,48.2,0.0
2026-02-26 17:00:00,30.5,0.0,0.238,33.5,0.0
2026-02-26 18:00:00,28.1,0.0,0.238,17.6,0.0
2026-02-26 19:00:00,27.0,0.0,0.238,20.5,0.0
2026-02-26 20:00:00,25.6,0.0,0.238,22.3,0.0
2026-02-26 21:00:00,24.2,0.0,0.238,22.7,0.0
2026-02-26 22:00:00,22.6,0.0,0.238,11.5,0.0
2026-02-26 23:00:00,21.3,0.0,0.238,3.2,0.0
2026-02-27 00:00:00,20.4,0.0,0.238,8.3,0.0
2026-02-27 01:00:00,18.9,0.0,0.238,10.1,0.0
2026-02-27 02:00:00,18.0,0.0,0.238,8.6,0.0
2026-02-27 03:00:00,17.6,0.0,0.238,8.6,0.0
2026-02-27 04:00:00,17.2,0.0,0.238,8.3,0.0
2026-02-27 05:00:00,18.1,0.0,0.238,7.2,0.0
2026-02-27 06:00:00,19.0,0.0,0.238,14.4,0.0
2026-02-27 07:00:00,20.2,0.0,0.238,14.8,0.0
2026-02-27 08:00:00,23.5,0.0,0.238,15.1,0.0
2026-02-27 09:00:00,27.1,0.0,0.237,14.8,0.0
2026-02-27 10:00:00,29.4,0.0,0.237,19.1,0.0
2026-02-27 11:00:00,31.2,0.0,0.237,21.2,0.0
2026-02-27 12:00:00,32.3,0.0,0.237,22.3,0.0
2026-02-27 13:00:00,32.6,0.0,0.237,24.5,0.0
2026-02-27 14:00:00,33.3,0.0,0.237,21.6,0.0
2026-02-27 15:00:00,33.2,0.0,0.237,22.0,0.0
2026-02-27 16:00:00,33.1,0.0,0.237,22.0,0.0
2026-02-27 17:00:00,31.4,0.0,0.237,22.7,0.0
2026-02-27 18:00:00,28.0,0.0,0.237,13.0,0.0
2026-02-27 19:00:00,26.8,0.0,0.237,4.7,0.0
2026-02-27 20:00:00,25.2,0.0,0.237,6.8,0.0
2026-02-27 21:00:00,25.0,0.0,0.237,7.9,0.0
2026-02-27 22:00:00,23.6,0.0,0.237,9.0,0.0
2026-02-27 23:00:00,23.1,0.0,0.237,9.0,0.0
2026-02-28 00:00:00,22.1,0.0,0.237,6.8,0.0
2026-02-28 01:00:00,21.5,0.0,0.237,7.9,0.0
2026-02-28 02:00:00,21.4,0.0,0.237,10.1,0.0
2026-02-28 03:00:00,20.6,0.0,0.237,9.7,0.0
2026-02-28 04:00:00,19.7,0.0,0.237,11.2,0.0
2026-02-28 05:00:00,19.7,0.0,0.237,11.9,0.0
2026-02-28 06:00:00,21.1,0.0,0.237,12.2,0.0
2026-02-28 07:00:00,22.4,0.0,0.237,9.4,0.0
2026-02-28 08:00:00,25.5,0.0,0.237,10.8,0.0
2026-02-28 09:00:00,28.3,0.0,0.237,16.2,0.0
2026-02-28 10:00:00,30.6,0.0,0.237,22.3,0.0
2026-02-28 11:00:00,32.5,0.0,0.237,24.1,0.0
2026-02-28 12:00:00,33.2,0.0,0.237,27.0,0.0
2026-02-28 13:00:00,33.2,0.0,0.237,27.4,0.0
2026-02-28 14:00:00,33.3,0.0,0.237,28.4,0.0
2026-02-28 15:00:00,33.3,0.0,0.237,29.2,0.0
2026-02-28 16:00:00,33.4,0.0,0.237,22.7,0.0
2026-02-28 17:00:00,32.1,0.0,0.237,15.1,0.0
2026-02-28 18:00:00,29.4,0.0,0.237,17.3,0.0
2026-02-28 19:00:00,28.0,0.0,0.237,14.0,0.0
2026-02-28 20:00:00,26.8,0.0,0.237,14.4,0.0
2026-02-28 21:00:00,25.7,0.0,0.237,10.1,0.0
2026-02-28 22:00:00,25.5,0.0,0.237,9.7,0.0
2026-02-28 23:00:00,25.4,0.0,0.237,7.9,0.0
2026-03-01 00:00:00,24.7,0.0,0.237,8.6,0.0
2026-03-01 01:00:00,23.7,0.0,0.237,14.4,0.0
2026-03-01 02:00:00,23.3,0.0,0.237,13.7,0.0
2026-03-01 03:00:00,22.7,0.0,0.237,16.2,0.0
2026-03-01 04:00:00,22.1,0.0,0.237,15.8,0.0
2026-03-01 05:00:00,21.6,0.0,0.237,15.5,0.0
2026-03-01 06:00:00,21.9,0.0,0.237,16.9,0.0
2026-03-01 07:00:00,23.2,0.0,0.237,21.6,0.0
2026-03-01 08:00:00,26.2,0.0,0.237,25.2,0.0
2026-03-01 09:00:00,28.7,0.0,0.237,29.5,0.0
2026-03-01 10:00:00,31.1,0.0,0.237,29.5,0.0
2026-03-01 11:00:00,32.4,0.0,0.237,27.7,0.0
2026-03-01 12:00:00,33.9,0.0,0.237,25.6,0.0
2026-03-01 13:00:00,35.0,0.0,0.237,32.4,0.0
2026-03-01 14:00:00,35.1,0.0,0.237,38.2,0.0
2026-03-01 15:00:00,35.1,0.0,0.237,38.5,0.0
2026-03-01 16:00:00,34.8,0.0,0.237,33.5,0.0
2026-03-01 17:00:00,33.1,0.0,0.237,27.7,0.0
2026-03-01 18:00:00,28.9,0.0,0.237,15.5,0.0
2026-03-01 19:00:00,28.0,0.0,0.237,20.2,0.0
2026-03-01 20:00:00,27.2,0.0,0.237,34.6,0.0
2026-03-01 21:00:00,25.9,0.0,0.237,34.9,0.0
2026-03-01 22:00:00,24.5,0.0,0.237,26.3,0.0
2026-03-01 23:00:00,23.9,0.0,0.237,25.9,0.0
2026-03-02 00:00:00,23.8,0.0,0.237,25.6,0.0
2026-03-02 01:00:00,23.0,0.0,0.237,24.8,0.0
2026-03-02 02:00:00,22.7,0.0,0.237,24.8,0.0
2026-03-02 03:00:00,21.9,0.0,0.237,24.5,0.0
2026-03-02 04:00:00,20.9,0.0,0.237,18.4,0.0
2026-03-02 05:00:00,20.3,0.0,0.237,14.4,0.0
2026-03-02 06:00:00,19.8,0.0,0.237,12.6,0.0
2026-03-02 07:00:00,20.9,0.0,0.237,13.7,0.0
2026-03-02 08:00:00,24.4,0.0,0.237,14.0,0.0
2026-03-02 09:00:00,28.1,0.0,0.237,15.1,0.0
2026-03-02 10:00:00,31.0,0.0,0.237,18.7,0.0
2026-03-02 11:00:00,32.5,0.0,0.237,24.1,0.0
2026-03-02 12:00:00,33.6,0.0,0.237,31.3,0.0
2026-03-02 13:00:00,33.9,0.0,0.237,35.3,0.0
2026-03-02 14:00:00,34.2,0.0,0.237,35.3,0.0
2026-03-02 15:00:00,34.0,0.0,0.237,34.6,0.0
2026-03-02 16:00:00,33.6,0.0,0.237,33.1,0.0
2026-03-02 17:00:00,31.8,0.0,0.237,25.9,0.0
2026-03-02 18:00:00,29.1,0.0,0.237,20.5,0.0
2026-03-02 19:00:00,28.0,0.0,0.237,22.7,0.0
2026-03-02 20:00:00,26.4,0.0,0.237,19.1,0.0
2026-03-02 21:00:00,25.6,0.0,0.237,17.3,0.0
2026-03-02 22:00:00,24.7,0.0,0.237,18.4,0.0
2026-03-02 23:00:00,23.5,0.0,0.237,20.5,0.0
2026-03-03 00:00:00,22.6,0.0,0.237,18.4,0.0
2026-03-03 01:00:00,21.3,0.0,0.237,15.1,0.0
2026-03-03 02:00:00,19.8,0.0,0.237,11.2,0.0
2026-03-03 03:00:00,18.7,0.0,0.237,9.7,0.0
2026-03-03 04:00:00,17.6,0.0,0.237,10.1,0.0
2026-03-03 05:00:00,17.4,0.0,0.237,11.9,0.0
2026-03-03 06:00:00,17.3,0.0,0.237,12.6,0.0
2026-03-03 07:00:00,19.2,0.0,0.237,14.8,0.0
2026-03-03 08:00:00,24.2,0.0,0.237,16.9,0.0
2026-03-03 09:00:00,28.2,0.0,0.237,17.3,0.0
2026-03-03 10:00:00,31.2,0.0,0.237,16.6,0.0
2026-03-03 11:00:00,33.0,0.0,0.237,24.8,0.0
2026-03-03 12:00:00,33.7,0.0,0.237,34.6,0.0
2026-03-03 13:00:00,34.2,0.0,0.237,35.6,0.0
2026-03-03 14:00:00,34.4,0.0,0.237,34.9,0.0
2026-03-03 15:00:00,34.3,0.0,0.237,32.8,0.0
2026-03-03 16:00:00,34.5,0.0,0.237,25.6,0.0
2026-03-03 17:00:00,32.7,0.0,0.237,20.5,0.0
2026-03-03 18:00:00,29.9,0.0,0.237,25.6,0.0
2026-03-03 19:00:00,28.7,0.0,0.237,29.9,0.0
2026-03-03 20:00:00,27.7,0.0,0.237,28.4,0.0
2026-03-03 21:00:00,27.0,0.0,0.237,23.0,0.0
2026-03-03 22:00:00,26.0,0.0,0.237,21.2,0.0
2026-03-03 23:00:00,24.3,0.0,0.237,21.2,0.0
2026-03-04 00:00:00,23.1,0.0,0.237,20.5,0.0
2026-03-04 01:00:00,22.4,0.0,0.237,20.5,0.0
2026-03-04 02:00:00,21.6,0.0,0.237,19.1,0.0
2026-03-04 03:00:00,20.3,0.0,0.237,16.9,0.0
2026-03-04 04:00:00,19.0,0.0,0.237,16.2,0.0
2026-03-04 05:00:00,19.0,0.0,0.237,16.6,0.0
2026-03-04 06:00:00,18.9,0.0,0.237,17.6,0.0
2026-03-04 07:00:00,20.8,0.0,0.237,19.4,0.0
2026-03-04 08:00:00,25.3,0.0,0.237,20.2,0.0
2026-03-04 09:00:00,29.5,0.0,0.237,22.7,0.0
2026-03-04 10:00:00,32.3,0.0,0.237,30.6,0.0
2026-03-04 11:00:00,34.1,0.0,0.237,31.7,0.0
2026-03-04 12:00:00,35.3,0.0,0.237,29.2,0.0
2026-03-04 13:00:00,35.9,0.0,0.237,32.8,0.0
2026-03-04 14:00:00,36.1,0.0,0.237,37.1,0.0
2026-03-04 15:00:00,35.9,0.0,0.237,39.6,0.0
2026-03-04 16:00:00,35.0,0.0,0.237,40.0,0.0
2026-03-04 17:00:00,32.9,0.0,0.237,39.2,0.0
2026-03-04 18:00:00,30.4,0.0,0.237,27.4,0.0
2026-03-04 19:00:00,29.0,0.0,0.237,28.1,0.0
2026-03-04 20:00:00,28.1,0.0,0.237,27.0,0.0
2026-03-04 21:00:00,27.2,0.0,0.237,22.7,0.0
2026-03-04 22:00:00,25.7,0.0,0.237,20.5,0.0
2026-03-04 23:00:00,23.8,0.0,0.237,17.3,0.0
2026-03-05 00:00:00,22.6,0.0,0.237,19.1,0.0
2026-03-05 01:00:00,22.1,0.0,0.237,19.8,0.0
2026-03-05 02:00:00,21.4,0.0,0.237,20.5,0.0
2026-03-05 03:00:00,20.7,0.0,0.237,20.5,0.0
2026-03-05 04:00:00,20.2,0.0,0.237,19.8,0.0
2026-03-05 05:00:00,19.9,0.0,0.237,21.2,0.0
2026-03-05 06:00:00,20.3,0.0,0.237,22.3,0.0
2026-03-05 07:00:00,21.8,0.0,0.237,22.7,0.0
2026-03-05 08:00:00,25.3,0.0,0.237,23.0,0.0
2026-03-05 09:00:00,28.8,0.0,0.237,27.0,0.0
2026-03-05 10:00:00,31.8,0.0,0.237,31.0,0.0
2026-03-05 11:00:00,33.9,0.0,0.237,34.6,0.0
2026-03-05 12:00:00,34.8,0.0,0.237,34.9,0.0
2026-03-05 13:00:00,35.6,0.0,0.237,34.9,0.0
2026-03-05 14:00:00,36.4,0.0,0.236,34.2,0.0
2026-03-05 15:00:00,36.2,0.0,0.236,36.7,0.0
2026-03-05 16:00:00,35.5,0.0,0.236,36.7,0.0
2026-03-05 17:00:00,33.5,0.0,0.236,33.1,0.0
2026-03-05 18:00:00,30.6,0.0,0.236,22.0,0.0
2026-03-05 19:00:00,29.3,0.0,0.236,19.4,0.0
2026-03-05 20:00:00,27.7,0.0,0.236,16.6,0.0
2026-03-05 21:00:00,26.7,0.0,0.236,16.2,0.0
2026-03-05 22:00:00,25.7,0.0,0.236,17.6,0.0
2026-03-05 23:00:00,24.8,0.0,0.236,17.6,0.0
2026-03-06 00:00:00,24.2,0.0,0.236,20.2,0.0
2026-03-06 01:00:00,23.6,0.0,0.236,22.3,0.0
2026-03-06 02:00:00,22.9,0.0,0.236,23.8,0.0
2026-03-06 03:00:00,22.5,0.0,0.236,23.8,0.0
2026-03-06 04:00:00,22.4,0.0,0.236,24.1,0.0
2026-03-06 05:00:00,22.2,0.0,0.236,24.1,0.0
2026-03-06 06:00:00,22.4,0.0,0.236,23.4,0.0
2026-03-06 07:00:00,23.8,0.0,0.236,24.8,0.0
2026-03-06 08:00:00,26.8,0.0,0.236,26.6,0.0
2026-03-06 09:00:00,29.6,0.0,0.236,28.8,0.0
2026-03-06 10:00:00,32.3,0.0,0.236,28.4,0.0
2026-03-06 11:00:00,34.6,0.0,0.236,31.7,0.0
2026-03-06 12:00:00,35.7,0.0,0.236,34.6,0.0
2026-03-06 13:00:00,36.2,0.0,0.236,36.4,0.0
2026-03-06 14:00:00,36.8,0.0,0.236,35.3,0.0
2026-03-06 15:00:00,36.5,0.0,0.236,39.2,0.0
2026-03-06 16:00:00,35.7,0.0,0.236,39.6,0.0
2026-03-06 17:00:00,33.6,0.0,0.236,36.0,0.0
2026-03-06 18:00:00,31.1,0.0,0.236,23.4,0.0
2026-03-06 19:00:00,30.1,0.0,0.236,27.0,0.0
2026-03-06 20:00:00,29.2,0.0,0.236,27.0,0.0
2026-03-06 21:00:00,28.0,0.0,0.236,22.0,0.0
2026-03-06 22:00:00,25.9,0.0,0.236,16.9,0.0
2026-03-06 23:00:00,24.6,0.0,0.236,15.8,0.0
2026-03-07 00:00:00,24.2,0.0,0.236,18.7,0.0
2026-03-07 01:00:00,23.4,0.0,0.236,19.1,0.0
2026-03-07 02:00:00,22.7,0.0,0.236,20.5,0.0
2026-03-07 03:00:00,21.8,0.0,0.236,20.5,0.0
2026-03-07 04:00:00,20.9,0.0,0.236,20.2,0.0
2026-03-07 05:00:00,20.1,0.0,0.236,18.4,0.0
2026-03-07 06:00:00,19.5,0.0,0.236,19.8,0.0
2026-03-07 07:00:00,21.6,0.0,0.236,21.2,0.0
2026-03-07 08:00:00,26.4,0.0,0.236,21.2,0.0
2026-03-07 09:00:00,30.7,0.0,0.236,22.3,0.0
2026-03-07 10:00:00,33.2,0.0,0.236,28.8,0.0
2026-03-07 11:00:00,34.3,0.0,0.236,33.8,0.0
2026-03-07 12:00:00,35.0,0.0,0.236,35.6,0.0
2026-03-07 13:00:00,35.7,0.0,0.236,37.1,0.0
2026-03-07 14:00:00,36.1,0.0,0.236,37.1,0.0
2026-03-07 15:00:00,36.3,0.0,0.236,37.1,0.0
2026-03-07 16:00:00,35.3,0.0,0.236,37.4,0.0
2026-03-07 17:00:00,33.4,0.0,0.232,36.7,0.0
2026-03-07 18:00:00,30.8,0.0,0.232,25.9,0.0
2026-03-07 19:00:00,29.7,0.0,0.232,27.4,0.0
2026-03-07 20:00:00,28.9,0.0,0.232,27.7,0.0
2026-03-07 21:00:00,28.1,0.0,0.232,28.1,0.0
2026-03-07 22:00:00,26.8,0.0,0.232,26.6,0.0
2026-03-07 23:00:00,26.0,0.0,0.236,22.0,0.0
2026-03-08 00:00:00,25.6,0.0,0.236,18.7,0.0
2026-03-08 01:00:00,24.4,0.0,0.236,18.0,0.0
2026-03-08 02:00:00,23.1,0.0,0.236,16.9,0.0
2026-03-08 03:00:00,22.1,0.0,0.236,16.2,0.0
2026-03-08 04:00:00,21.1,0.0,0.236,14.0,0.0
2026-03-08 05:00:00,20.8,0.0,0.236,12.2,0.0
2026-03-08 06:00:00,20.2,0.0,0.236,13.0,0.0
2026-03-08 07:00:00,21.6,0.0,0.236,16.2,0.0
2026-03-08 08:00:00,25.6,0.0,0.236,16.6,0.0
2026-03-08 09:00:00,29.3,0.0,0.236,18.7,0.0
2026-03-08 10:00:00,32.1,0.0,0.236,21.6,0.0
2026-03-08 11:00:00,33.9,0.0,0.236,23.0,0.0
2026-03-08 12:00:00,35.7,0.0,0.236,23.0,0.0
2026-03-08 13:00:00,36.9,0.0,0.236,23.8,0.0
2026-03-08 14:00:00,37.5,0.0,0.236,24.5,0.0
2026-03-08 15:00:00,37.4,0.0,0.236,26.6,0.0
2026-03-08 16:00:00,36.6,0.0,0.236,30.2,0.0
2026-03-08 17:00:00,34.5,0.0,0.236,30.2,0.0
2026-03-08 18:00:00,31.3,0.0,0.236,19.8,0.0
2026-03-08 19:00:00,30.0,0.0,0.236,25.2,0.0
2026-03-08 20:00:00,29.0,0.0,0.236,27.4,0.0
2026-03-08 21:00:00,28.1,0.0,0.236,29.2,0.0
2026-03-08 22:00:00,27.5,0.0,0.236,29.5,0.0
2026-03-08 23:00:00,26.5,0.0,0.236,27.0,0.0
2026-03-09 00:00:00,25.5,0.0,0.236,20.2,0.0
2026-03-09 01:00:00,24.6,0.0,0.236,17.3,0.0
2026-03-09 02:00:00,23.6,0.0,0.236,16.2,0.0
2026-03-09 03:00:00,22.4,0.0,0.236,15.8,0.0
2026-03-09 04:00:00,21.5,0.0,0.236,16.2,0.0
2026-03-09 05:00:00,20.4,0.0,0.236,16.2,0.0
2026-03-09 06:00:00,20.4,0.0,0.236,14.0,0.0
2026-03-09 07:00:00,22.3,0.0,0.236,16.6,0.0
2026-03-09 08:00:00,26.8,0.0,0.236,16.6,0.0
2026-03-09 09:00:00,31.0,0.0,0.236,16.9,0.0
2026-03-09 10:00:00,34.4,0.0,0.236,19.1,0.0
2026-03-09 11:00:00,36.0,0.0,0.236,19.1,0.0
2026-03-09 12:00:00,37.3,0.0,0.236,21.2,0.0
2026-03-09 13:00:00,37.9,0.0,0.236,22.7,0.0
2026-03-09 14:00:00,38.3,0.0,0.236,22.3,0.0
2026-03-09 15:00:00,38.2,0.0,0.236,23.4,0.0
2026-03-09 16:00:00,37.4,0.0,0.236,27.4,0.0
2026-03-09 17:00:00,35.2,0.0,0.236,28.1,0.0
2026-03-09 18:00:00,31.7,0.0,0.236,15.8,0.0
2026-03-09 19:00:00,30.6,0.0,0.236,20.2,0.0
2026-03-09 20:00:00,30.0,0.0,0.236,30.6,0.0
2026-03-09 21:00:00,28.3,0.0,0.236,30.6,0.0
2026-03-09 22:00:00,26.2,0.0,0.236,19.1,0.0
2026-03-09 23:00:00,25.7,0.0,0.236,15.8,0.0
2026-03-10 00:00:00,25.5,0.0,0.236,16.2,0.0
2026-03-10 01:00:00,25.0,0.0,0.236,15.8,0.0
2026-03-10 02:00:00,24.2,0.0,0.236,14.8,0.0
2026-03-10 03:00:00,23.3,0.0,0.236,14.4,0.0
2026-03-10 04:00:00,22.3,0.0,0.236,15.1,0.0
2026-03-10 05:00:00,22.2,0.0,0.236,15.8,0.0
2026-03-10 06:00:00,21.9,0.0,0.236,13.3,0.0
2026-03-10 07:00:00,23.7,0.0,0.236,18.4,0.0
2026-03-10 08:00:00,26.3,0.0,0.236,19.1,0.0
2026-03-10 09:00:00,29.0,0.0,0.236,21.2,0.0
2026-03-10 10:00:00,32.0,0.0,0.236,21.2,0.0
2026-03-10 11:00:00,33.4,0.0,0.236,22.3,0.0
2026-03-10 12:00:00,34.9,0.0,0.236,20.5,0.0
2026-03-10 13:00:00,35.9,0.0,0.236,21.6,0.0
2026-03-10 14:00:00,37.1,0.0,0.236,28.8,0.0
2026-03-10 15:00:00,38.2,0.0,0.236,32.0,0.0
2026-03-10 16:00:00,37.4,0.0,0.236,39.2,0.0
2026-03-10 17:00:00,35.1,0.0,0.236,43.6,0.0
2026-03-10 18:00:00,32.7,0.0,0.236,32.8,0.0
2026-03-10 19:00:00,31.4,0.0,0.236,31.7,0.0
2026-03-10 20:00:00,30.3,0.0,0.236,29.5,0.0
2026-03-10 21:00:00,29.6,0.0,0.236,28.8,0.0
2026-03-10 22:00:00,28.7,0.0,0.236,25.9,0.0
2026-03-10 23:00:00,28.0,0.0,0.236,24.5,0.0
2026-03-11 00:00:00,26.7,0.0,0.236,21.6,0.0
2026-03-11 01:00:00,24.3,0.0,0.236,13.3,0.0
2026-03-11 02:00:00,23.0,0.0,0.236,13.0,0.0
2026-03-11 03:00:00,22.1,0.0,0.236,13.0,0.0
2026-03-11 04:00:00,21.3,0.0,0.236,13.0,0.0
2026-03-11 05:00:00,20.8,0.0,0.236,13.3,0.0
2026-03-11 06:00:00,20.9,0.0,0.236,16.9,0.0
2026-03-11 07:00:00,23.3,0.0,0.236,17.6,0.0
2026-03-11 08:00:00,27.9,0.0,0.236,16.6,0.0
2026-03-11 09:00:00,31.4,0.0,0.236,14.8,0.0
2026-03-11 10:00:00,34.0,0.0,0.236,16.2,0.0
2026-03-11 11:00:00,35.6,0.0,0.236,24.8,0.0
2026-03-11 12:00:00,36.8,0.0,0.236,35.6,0.0
2026-03-11 13:00:00,37.0,0.0,0.236,40.0,0.0
2026-03-11 14:00:00,37.5,0.0,0.236,38.9,0.0
2026-03-11 15:00:00,37.4,0.0,0.236,34.9,0.0
2026-03-11 16:00:00,36.5,0.0,0.236,36.7,0.0
2026-03-11 17:00:00,34.5,0.0,0.235,36.0,0.0
2026-03-11 18:00:00,31.5,0.0,0.235,19.8,0.0
2026-03-11 19:00:00,30.7,0.0,0.235,24.5,0.0
2026-03-11 20:00:00,29.8,0.0,0.235,24.1,0.0
2026-03-11 21:00:00,28.3,0.0,0.235,19.4,0.0
2026-03-11 22:00:00,27.3,0.0,0.235,16.9,0.0
2026-03-11 23:00:00,24.8,0.0,0.235,15.1,0.0
2026-03-12 00:00:00,23.3,0.0,0.235,10.8,0.0
2026-03-12 01:00:00,21.8,0.0,0.235,10.8,0.0
2026-03-12 02:00:00,20.9,0.0,0.235,9.0,0.0
2026-03-12 03:00:00,20.6,0.0,0.235,15.1,0.0
2026-03-12 04:00:00,20.8,0.0,0.235,15.8,0.0
2026-03-12 05:00:00,20.5,0.0,0.235,15.8,0.0
2026-03-12 06:00:00,20.5,0.0,0.235,7.2,0.0
2026-03-12 07:00:00,22.8,0.0,0.235,14.4,0.0
2026-03-12 08:00:00,26.9,0.0,0.235,16.2,0.0
2026-03-12 09:00:00,31.1,0.0,0.235,14.8,0.0
2026-03-12 10:00:00,33.9,0.0,0.235,16.9,0.0
2026-03-12 11:00:00,35.3,0.0,0.235,19.8,0.0
2026-03-12 12:00:00,36.4,0.0,0.235,23.0,0.0
2026-03-12 13:00:00,36.9,0.0,0.235,23.8,0.0
2026-03-12 14:00:00,37.3,0.0,0.235,22.7,0.0
2026-03-12 15:00:00,37.8,0.0,0.235,17.6,0.0
2026-03-12 16:00:00,37.7,0.0,0.235,14.8,0.0
2026-03-12 17:00:00,35.6,0.0,0.235,13.0,0.0
2026-03-12 18:00:00,31.0,0.0,0.235,5.4,0.0
2026-03-12 19:00:00,30.0,0.0,0.235,6.5,0.0
2026-03-12 20:00:00,28.7,0.0,0.235,6.8,0.0
2026-03-12 21:00:00,27.3,0.0,0.235,6.5,0.0
2026-03-12 22:00:00,25.6,0.0,0.235,7.2,0.0
2026-03-12 23:00:00,25.2,0.0,0.235,9.0,0.0
2026-03-13 00:00:00,23.1,0.0,0.235,12.2,0.0
2026-03-13 01:00:00,21.7,0.0,0.235,12.2,0.0
2026-03-13 02:00:00,21.3,0.0,0.235,11.9,0.0
2026-03-13 03:00:00,21.1,0.0,0.235,11.5,0.0
2026-03-13 04:00:00,21.0,0.0,0.235,11.9,0.0
2026-03-13 05:00:00,21.5,0.0,0.235,12.2,0.0
2026-03-13 06:00:00,22.0,0.0,0.235,10.8,0.0
2026-03-13 07:00:00,24.4,0.0,0.235,11.5,0.0
2026-03-13 08:00:00,28.5,0.0,0.235,12.6,0.0
2026-03-13 09:00:00,32.3,0.0,0.235,11.9,0.0
2026-03-13 10:00:00,35.3,0.0,0.235,16.2,0.0
2026-03-13 11:00:00,36.4,0.0,0.235,24.1,0.0
2026-03-13 12:00:00,37.1,0.0,0.235,25.2,0.0
2026-03-13 13:00:00,37.5,0.0,0.235,24.8,0.0
2026-03-13 14:00:00,37.8,0.0,0.235,19.1,0.0
2026-03-13 15:00:00,37.7,0.0,0.235,24.1,0.0
2026-03-13 16:00:00,37.1,0.0,0.235,26.3,0.0
2026-03-13 17:00:00,35.2,0.0,0.235,27.4,0.0
2026-03-13 18:00:00,32.1,0.0,0.235,26.6,0.0
2026-03-13 19:00:00,30.5,0.0,0.235,11.9,0.0
2026-03-13 20:00:00,29.0,0.0,0.235,6.5,0.0
2026-03-13 21:00:00,28.1,0.0,0.235,14.8,0.0
2026-03-13 22:00:00,26.2,0.0,0.235,16.6,0.0
2026-03-13 23:00:00,25.4,0.0,0.235,8.6,0.0
2026-03-14 00:00:00,24.5,0.0,0.235,7.6,0.0
2026-03-14 01:00:00,24.8,0.0,0.235,6.1,0.0
2026-03-14 02:00:00,23.9,0.0,0.235,10.1,0.0
2026-03-14 03:00:00,23.4,0.0,0.235,11.2,0.0
2026-03-14 04:00:00,22.8,0.0,0.235,14.8,0.0
2026-03-14 05:00:00,22.3,0.0,0.235,15.5,0.0
2026-03-14 06:00:00,22.0,0.0,0.235,8.6,0.0
2026-03-14 07:00:00,23.9,0.0,0.235,14.0,0.0
2026-03-14 08:00:00,26.5,0.0,0.235,16.6,0.0
2026-03-14 09:00:00,29.8,0.0,0.235,18.0,0.0
2026-03-14 10:00:00,32.6,0.0,0.235,24.1,0.0
2026-03-14 11:00:00,35.0,0.0,0.235,25.6,0.0
2026-03-14 12:00:00,36.8,0.0,0.235,29.2,0.0
2026-03-14 13:00:00,38.0,0.0,0.235,33.1,0.0
2026-03-14 14:00:00,38.1,0.0,0.235,34.2,0.0
2026-03-14 15:00:00,38.0,0.0,0.235,34.2,0.0
2026-03-14 16:00:00,37.4,0.0,0.235,31.0,0.0
2026-03-14 17:00:00,36.0,0.0,0.235,25.2,0.0
2026-03-14 18:00:00,32.3,0.0,0.235,14.4,0.0
2026-03-14 19:00:00,31.0,0.0,0.235,16.2,0.0
2026-03-14 20:00:00,29.7,0.0,0.235,16.9,0.0
2026-03-14 21:00:00,27.8,0.0,0.235,13.3,0.0
2026-03-14 22:00:00,27.4,0.0,0.235,9.4,0.0
2026-03-14 23:00:00,26.6,0.0,0.235,11.5,0.0
2026-03-15 00:00:00,26.2,0.0,0.235,7.6,0.0
2026-03-15 01:00:00,26.0,0.0,0.235,10.4,0.0
2026-03-15 02:00:00,25.2,0.0,0.235,10.8,0.0
2026-03-15 03:00:00,25.2,0.0,0.235,13.0,0.0
2026-03-15 04:00:00,24.2,0.0,0.235,13.3,0.0
2026-03-15 05:00:00,23.4,0.0,0.235,16.6,0.0
2026-03-15 06:00:00,23.3,0.0,0.235,18.4,0.0
2026-03-15 07:00:00,25.1,0.0,0.235,17.3,0.0
2026-03-15 08:00:00,27.8,0.0,0.235,21.6,0.0
2026-03-15 09:00:00,29.9,0.0,0.235,24.5,0.0
2026-03-15 10:00:00,32.3,0.0,0.235,25.9,0.0
2026-03-15 11:00:00,34.2,0.0,0.235,27.0,0.0
2026-03-15 12:00:00,35.8,0.0,0.235,26.6,0.0
2026-03-15 13:00:00,36.5,0.0,0.235,27.4,0.0
2026-03-15 14:00:00,37.2,0.0,0.235,28.4,0.0
2026-03-15 15:00:00,37.4,0.0,0.235,30.2,0.0
2026-03-15 16:00:00,36.9,0.0,0.235,30.2,0.0
2026-03-15 17:00:00,35.3,0.0,0.235,29.9,0.0
2026-03-15 18:00:00,31.7,0.0,0.235,11.5,0.0
2026-03-15 19:00:00,29.7,0.0,0.235,8.6,0.0
2026-03-15 20:00:00,29.8,0.0,0.235,17.6,0.0
2026-03-15 21:00:00,28.5,0.0,0.235,15.8,0.0
2026-03-15 22:00:00,27.7,0.0,0.235,4.0,0.0
2026-03-15 23:00:00,26.7,0.0,0.235,8.6,0.0
2026-03-16 00:00:00,25.7,0.0,0.235,9.0,0.0
2026-03-16 01:00:00,25.4,0.0,0.235,12.6,0.0
2026-03-16 02:00:00,24.5,0.0,0.235,14.8,0.0
2026-03-16 03:00:00,23.3,0.0,0.235,14.4,0.0
2026-03-16 04:00:00,22.7,0.0,0.235,7.2,0.0
2026-03-16 05:00:00,23.2,0.0,0.235,14.8,0.0
2026-03-16 06:00:00,23.7,0.0,0.235,15.8,0.0
2026-03-16 07:00:00,25.5,0.0,0.235,17.3,0.0
2026-03-16 08:00:00,27.5,0.0,0.235,17.6,0.0
2026-03-16 09:00:00,29.4,0.0,0.235,22.7,0.0
2026-03-16 10:00:00,31.5,0.0,0.235,23.8,0.0
2026-03-16 11:00:00,32.9,0.0,0.235,22.7,0.0
2026-03-16 12:00:00,34.6,0.0,0.235,24.8,0.0
2026-03-16 13:00:00,35.6,0.0,0.235,24.8,0.0
2026-03-16 14:00:00,36.1,0.0,0.235,29.9,0.0
2026-03-16 15:00:00,36.4,0.0,0.235,30.2,0.0
2026-03-16 16:00:00,36.1,0.0,0.235,28.1,0.0
2026-03-16 17:00:00,35.1,0.0,0.235,26.6,0.0
2026-03-16 18:00:00,32.3,0.0,0.235,20.5,0.0
2026-03-16 19:00:00,30.7,0.0,0.235,19.8,0.0
2026-03-16 20:00:00,29.3,0.0,0.235,19.8,0.0
2026-03-16 21:00:00,27.7,0.0,0.235,13.0,0.0
2026-03-16 22:00:00,26.4,0.0,0.235,16.6,0.0
2026-03-16 23:00:00,26.1,0.0,0.235,9.4,0.0
2026-03-17 00:00:00,25.9,0.0,0.235,14.4,0.0
2026-03-17 01:00:00,25.8,0.0,0.235,19.1,0.0
2026-03-17 02:00:00,24.9,0.0,0.235,15.1,0.0
2026-03-17 03:00:00,24.3,0.0,0.235,15.1,0.0
2026-03-17 04:00:00,23.8,0.0,0.235,12.6,0.0
2026-03-17 05:00:00,23.8,0.0,0.235,11.5,0.0
2026-03-17 06:00:00,24.4,0.0,0.235,18.0,0.0
2026-03-17 07:00:00,25.6,0.0,0.235,16.2,0.0
2026-03-17 08:00:00,27.3,0.0,0.235,21.2,0.0
2026-03-17 09:00:00,29.4,0.0,0.235,26.3,0.0
2026-03-17 10:00:00,31.4,0.0,0.235,27.4,0.0
2026-03-17 11:00:00,33.3,0.0,0.235,27.7,0.0
2026-03-17 12:00:00,34.9,0.0,0.235,30.2,0.0
2026-03-17 13:00:00,35.4,0.0,0.234,36.7,0.0
2026-03-17 14:00:00,35.3,0.0,0.234,35.6,0.0
2026-03-17 15:00:00,36.0,0.0,0.234,30.2,0.0
2026-03-17 16:00:00,35.7,0.0,0.234,29.5,0.0
2026-03-17 17:00:00,34.5,0.0,0.247,28.4,0.0
2026-03-17 18:00:00,30.7,0.0,0.247,16.2,0.0
2026-03-17 19:00:00,29.5,0.0,0.247,7.9,0.0
2026-03-17 20:00:00,28.7,0.0,0.247,5.4,0.0
2026-03-17 21:00:00,28.2,0.0,0.246,4.0,0.0
2026-03-17 22:00:00,27.2,0.0,0.246,15.8,0.0
2026-03-17 23:00:00,26.6,0.0,0.245,26.3,0.0
2026-03-18 00:00:00,27.0,0.0,0.245,23.8,0.0
2026-03-18 01:00:00,25.7,0.0,0.244,19.1,0.0
2026-03-18 02:00:00,25.0,0.0,0.244,26.6,0.0
2026-03-18 03:00:00,24.6,0.0,0.244,25.6,0.0
2026-03-18 04:00:00,23.4,0.0,0.244,23.8,0.0
2026-03-18 05:00:00,22.8,0.0,0.249,18.0,0.0
2026-03-18 06:00:00,22.9,0.0,0.249,13.3,0.0
2026-03-18 07:00:00,24.6,0.0,0.248,11.9,0.0
2026-03-18 08:00:00,26.0,0.0,0.248,12.2,0.0
2026-03-18 09:00:00,28.1,0.0,0.248,17.3,0.0
2026-03-18 10:00:00,30.2,0.0,0.247,23.4,0.0
2026-03-18 11:00:00,30.9,0.0,0.246,31.7,0.0
2026-03-18 12:00:00,32.1,0.0,0.246,36.4,0.0
2026-03-18 13:00:00,32.6,0.0,0.245,36.4,0.0
2026-03-18 14:00:00,33.3,0.0,0.245,33.5,0.0
2026-03-18 15:00:00,33.4,0.0,0.244,27.0,0.0
2026-03-18 16:00:00,32.8,0.0,0.244,25.6,0.0
2026-03-18 17:00:00,31.9,0.0,0.243,29.9,0.0
2026-03-18 18:00:00,30.1,0.0,0.243,19.1,0.0
2026-03-18 19:00:00,29.3,0.0,0.243,18.7,0.0
2026-03-18 20:00:00,28.6,0.0,0.242,19.8,0.0
2026-03-18 21:00:00,27.9,0.0,0.242,18.0,0.0
2026-03-18 22:00:00,27.2,0.0,0.242,24.1,0.0
2026-03-18 23:00:00,25.9,0.0,0.242,26.3,0.0
2026-03-19 00:00:00,24.6,0.0,0.242,18.0,0.0
2026-03-19 01:00:00,24.2,0.0,0.242,16.6,0.0
2026-03-19 02:00:00,23.2,0.0,0.242,17.3,0.0
2026-03-19 03:00:00,22.2,0.0,0.242,8.6,0.0
2026-03-19 04:00:00,21.6,0.0,0.242,5.4,0.0
2026-03-19 05:00:00,20.6,0.0,0.236,7.2,0.0
2026-03-19 06:00:00,20.5,0.0,0.236,9.0,0.0
2026-03-19 07:00:00,22.9,0.0,0.236,10.4,0.0
2026-03-19 08:00:00,25.4,0.0,0.236,15.5,0.0
2026-03-19 09:00:00,27.6,0.0,0.236,22.0,0.0
2026-03-19 10:00:00,29.8,0.0,0.236,25.2,0.0
2026-03-19 11:00:00,31.0,0.0,0.245,27.0,0.0
2026-03-19 12:00:00,32.6,0.0,0.244,27.0,0.0
2026-03-19 13:00:00,33.7,0.0,0.243,26.6,0.0
2026-03-19 14:00:00,34.2,0.0,0.243,21.2,0.0
2026-03-19 15:00:00,34.1,0.0,0.242,18.0,0.0
2026-03-19 16:00:00,33.7,0.0,0.242,19.1,0.0
2026-03-19 17:00:00,32.9,0.0,0.249,25.2,0.0
2026-03-19 18:00:00,29.1,0.0,0.249,29.9,0.0
2026-03-19 19:00:00,26.5,0.0,0.249,31.3,0.0
2026-03-19 20:00:00,25.9,0.0,0.248,22.0,0.0
2026-03-19 21:00:00,24.1,0.0,0.248,13.0,0.0
2026-03-19 22:00:00,23.4,0.0,0.248,7.2,0.0
2026-03-19 23:00:00,24.3,0.0,0.248,3.6,0.0
2026-03-20 00:00:00,23.5,0.0,0.248,6.1,0.0
2026-03-20 01:00:00,23.4,0.0,0.248,3.2,0.0
2026-03-20 02:00:00,22.9,0.0,0.248,9.0,0.0
2026-03-20 03:00:00,21.6,0.0,0.248,15.8,0.0
2026-03-20 04:00:00,21.2,0.0,0.247,6.8,0.0
2026-03-20 05:00:00,20.8,0.0,0.247,9.0,0.0
2026-03-20 06:00:00,20.4,0.0,0.247,6.5,0.0
2026-03-20 07:00:00,22.1,0.0,0.247,16.2,0.0
2026-03-20 08:00:00,23.8,0.0,0.247,29.5,0.0
2026-03-20 09:00:00,25.9,0.0,0.247,36.4,0.0
2026-03-20 10:00:00,26.9,0.0,0.246,36.4,0.0
2026-03-20 11:00:00,27.4,0.0,0.246,32.0,0.0
2026-03-20 12:00:00,28.0,0.0,0.246,20.9,0.0
2026-03-20 13:00:00,30.5,0.0,0.245,21.2,0.0
2026-03-20 14:00:00,32.0,0.4,0.249,36.4,0.4
2026-03-20 15:00:00,31.4,0.0,0.248,37.1,0.4
2026-03-20 16:00:00,31.1,0.0,0.248,32.8,0.4
2026-03-20 17:00:00,24.2,0.0,0.243,28.1,0.4
2026-03-20 18:00:00,24.0,0.0,0.243,16.2,0.4
2026-03-20 19:00:00,23.4,0.0,0.243,10.8,0.4
2026-03-20 20:00:00,22.8,0.0,0.243,13.0,0.4
2026-03-20 21:00:00,22.5,0.0,0.243,12.2,0.4
2026-03-20 22:00:00,21.7,0.0,0.243,12.2,0.4
2026-03-20 23:00:00,22.3,0.0,0.242,22.0,0.4
2026-03-21 00:00:00,22.1,0.0,0.242,19.1,0.4
2026-03-21 01:00:00,21.5,0.0,0.242,15.1,0.4
2026-03-21 02:00:00,21.0,0.0,0.242,19.8,0.4
2026-03-21 03:00:00,20.3,0.0,0.242,19.4,0.4
2026-03-21 04:00:00,19.3,0.0,0.242,15.8,0.4
2026-03-21 05:00:00,19.4,0.0,0.225,14.0,0.4
2026-03-21 06:00:00,19.5,0.0,0.225,17.6,0.4
2026-03-21 07:00:00,21.3,0.0,0.225,18.4,0.4
2026-03-21 08:00:00,24.2,0.0,0.225,22.3,0.4
2026-03-21 09:00:00,26.7,0.0,0.225,25.2,0.4
2026-03-21 10:00:00,28.7,0.0,0.225,28.1,0.4
2026-03-21 11:00:00,29.8,0.0,0.245,31.0,0.4
2026-03-21 12:00:00,30.9,0.0,0.245,34.2,0.4
2026-03-21 13:00:00,31.5,0.0,0.244,37.4,0.4
2026-03-21 14:00:00,31.9,0.0,0.243,37.1,0.4
2026-03-21 15:00:00,31.8,0.0,0.243,34.6,0.4
2026-03-21 16:00:00,31.0,0.0,0.242,34.6,0.4
2026-03-21 17:00:00,29.7,0.0,0.225,31.7,0.4
2026-03-21 18:00:00,27.2,0.0,0.225,23.0,0.4
2026-03-21 19:00:00,26.0,0.0,0.225,26.3,0.4
2026-03-21 20:00:00,24.8,0.0,0.225,25.2,0.4
2026-03-21 21:00:00,24.0,0.0,0.225,23.0,0.4
2026-03-21 22:00:00,23.3,0.0,0.225,22.0,0.4
2026-03-21 23:00:00,22.8,0.0,0.229,23.0,0.4
2026-03-22 00:00:00,22.6,0.0,0.229,25.9,0.4
2026-03-22 01:00:00,22.0,0.0,0.229,27.0,0.4
2026-03-22 02:00:00,21.4,0.0,0.229,26.6,0.4
2026-03-22 03:00:00,20.6,0.0,0.229,23.4,0.4
2026-03-22 04:00:00,19.2,0.0,0.229,15.8,0.4
2026-03-22 05:00:00,19.4,0.0,0.232,9.4,0.4
2026-03-22 06:00:00,19.2,0.0,0.232,7.9,0.4
2026-03-22 07:00:00,21.5,0.0,0.232,9.0,0.4
2026-03-22 08:00:00,24.6,0.0,0.232,11.5,0.4
2026-03-22 09:00:00,27.5,0.0,0.232,12.6,0.4
2026-03-22 10:00:00,29.7,0.0,0.232,17.6,0.4
2026-03-22 11:00:00,31.2,0.0,0.235,23.0,0.4
2026-03-22 12:00:00,32.3,0.0,0.235,28.8,0.4
2026-03-22 13:00:00,32.7,0.0,0.235,34.6,0.4
2026-03-22 14:00:00,32.8,0.0,0.235,34.6,0.4
2026-03-22 15:00:00,32.7,0.0,0.235,32.8,0.4
2026-03-22 16:00:00,31.7,0.0,0.235,37.8,0.4
2026-03-22 17:00:00,30.1,0.0,0.229,38.2,0.4
2026-03-22 18:00:00,28.6,0.0,0.229,34.2,0.4
2026-03-22 19:00:00,27.6,0.0,0.229,24.5,0.4
2026-03-22 20:00:00,26.3,0.0,0.229,24.1,0.4
2026-03-22 21:00:00,25.5,0.0,0.229,19.4,0.4
2026-03-22 22:00:00,24.8,0.0,0.229,20.5,0.4
2026-03-22 23:00:00,24.0,0.0,0.224,19.1,0.4
2026-03-23 00:00:00,23.3,0.0,0.224,17.6,0.4
2026-03-23 01:00:00,21.9,0.0,0.224,12.2,0.4
2026-03-23 02:00:00,20.8,0.0,0.224,9.7,0.4
2026-03-23 03:00:00,20.0,0.0,0.224,11.5,0.4
2026-03-23 04:00:00,19.4,0.0,0.224,11.2,0.4
2026-03-23 05:00:00,19.5,0.0,0.255,8.3,0.4
2026-03-23 06:00:00,19.5,0.0,0.255,7.9,0.4
2026-03-23 07:00:00,22.4,0.0,0.255,8.6,0.4
2026-03-23 08:00:00,26.3,0.0,0.254,12.2,0.4
2026-03-23 09:00:00,29.1,0.0,0.254,20.5,0.4
2026-03-23 10:00:00,31.5,0.0,0.253,24.8,0.4
2026-03-23 11:00:00,32.5,0.0,0.261,24.1,0.4
2026-03-23 12:00:00,33.6,0.0,0.26,19.8,0.4
2026-03-23 13:00:00,34.2,0.0,0.258,22.7,0.4
2026-03-23 14:00:00,34.0,0.0,0.257,23.4,0.0
2026-03-23 15:00:00,34.6,0.0,0.256,18.7,0.0
2026-03-23 16:00:00,34.0,0.0,0.255,15.1,0.0
2026-03-23 17:00:00,33.1,0.0,0.246,15.1,0.0
2026-03-23 18:00:00,30.3,0.0,0.246,10.8,0.0
2026-03-23 19:00:00,28.7,0.0,0.246,5.0,0.0
2026-03-23 20:00:00,28.8,0.0,0.246,3.6,0.0
2026-03-23 21:00:00,27.0,0.0,0.246,4.0,0.0
2026-03-23 22:00:00,26.9,0.0,0.245,7.9,0.0
2026-03-23 23:00:00,26.4,0.0,0.245,7.9,0.0
2026-03-24 00:00:00,25.2,0.0,0.245,5.8,0.0
2026-03-24 01:00:00,23.7,0.0,0.245,8.3,0.0
2026-03-24 02:00:00,22.6,0.0,0.245,4.3,0.0
2026-03-24 03:00:00,22.2,0.0,0.245,6.5,0.0
2026-03-24 04:00:00,21.4,0.0,0.245,6.5,0.0
2026-03-24 05:00:00,21.9,0.0,0.248,5.8,0.0
2026-03-24 06:00:00,22.2,0.0,0.248,5.0,0.0
2026-03-24 07:00:00,24.3,0.0,0.248,7.2,0.0
2026-03-24 08:00:00,27.6,0.0,0.247,18.4,0.0
2026-03-24 09:00:00,30.1,0.0,0.247,24.5,0.0
2026-03-24 10:00:00,32.4,0.0,0.246,26.6,0.0
2026-03-24 11:00:00,33.9,0.0,0.267,28.4,0.0
2026-03-24 12:00:00,34.7,0.0,0.265,28.1,0.0
2026-03-24 13:00:00,35.2,0.0,0.264,28.1,0.0
2026-03-24 14:00:00,34.5,0.0,0.263,28.1,0.0
2026-03-24 15:00:00,34.5,0.0,0.262,24.1,0.0
2026-03-24 16:00:00,35.0,0.0,0.261,20.2,0.0
2026-03-24 17:00:00,34.1,0.0,0.247,16.2,0.0
2026-03-24 18:00:00,30.6,0.0,0.247,3.2,0.0
2026-03-24 19:00:00,29.7,0.0,0.247,3.6,0.0
2026-03-24 20:00:00,29.1,0.0,0.247,2.2,0.0
2026-03-24 21:00:00,28.3,0.0,0.247,1.8,0.0
2026-03-24 22:00:00,27.6,0.0,0.247,3.2,0.0
2026-03-24 23:00:00,26.5,0.0,0.247,6.8,0.0
2026-03-25 00:00:00,25.8,0.0,0.247,19.8,0.0
2026-03-25 01:00:00,24.6,0.0,0.246,24.1,0.0
2026-03-25 02:00:00,24.3,0.0,0.246,23.8,0.0
2026-03-25 03:00:00,23.9,0.0,0.246,22.0,0.0
2026-03-25 04:00:00,22.4,0.0,0.246,14.8,0.0
2026-03-25 05:00:00,21.0,0.0,0.246,8.6,0.0
2026-03-25 06:00:00,21.4,0.0,0.245,14.0,0.0
2026-03-25 07:00:00,23.9,0.0,0.245,15.1,0.0
2026-03-25 08:00:00,28.0,0.0,0.245,13.0,0.0
2026-03-25 09:00:00,30.8,0.0,0.245,23.8,0.0
2026-03-25 10:00:00,33.1,0.0,0.244,26.3,0.0
2026-03-25 11:00:00,33.9,0.0,0.243,26.3,0.0
2026-03-25 12:00:00,35.0,0.0,0.243,20.5,0.0
2026-03-25 13:00:00,35.7,0.0,0.242,23.8,0.0
2026-03-25 14:00:00,35.9,0.0,0.241,23.8,0.0
2026-03-25 15:00:00,35.7,0.0,0.241,20.5,0.0
2026-03-25 16:00:00,35.3,0.0,0.241,14.8,0.0
2026-03-25 17:00:00,34.8,0.0,0.24,11.2,0.0
2026-03-25 18:00:00,31.8,0.0,0.24,13.3,0.0
2026-03-25 19:00:00,29.8,0.0,0.24,9.0,0.0
2026-03-25 20:00:00,28.6,0.0,0.24,10.8,0.0
2026-03-25 21:00:00,27.3,0.0,0.24,20.9,0.0
2026-03-25 22:00:00,27.3,0.0,0.24,21.2,0.0
2026-03-25 23:00:00,26.2,0.0,0.24,18.4,0.0
2026-03-26 00:00:00,25.3,0.0,0.24,17.6,0.0
2026-03-26 01:00:00,25.0,0.0,0.24,18.0,0.0
2026-03-26 02:00:00,25.2,0.0,0.24,19.1,0.0
2026-03-26 03:00:00,24.0,0.0,0.24,16.9,0.0
2026-03-26 04:00:00,22.9,0.0,0.24,9.4,0.0
2026-03-26 05:00:00,21.6,0.0,0.24,4.3,0.0
2026-03-26 06:00:00,21.9,0.0,0.24,8.3,0.0
2026-03-26 07:00:00,24.7,0.0,0.24,10.8,0.0
2026-03-26 08:00:00,28.4,0.0,0.239,12.6,0.0
2026-03-26 09:00:00,31.7,0.0,0.239,13.0,0.0
2026-03-26 10:00:00,34.2,0.0,0.239,18.7,0.0
2026-03-26 11:00:00,35.0,0.0,0.239,19.4,0.0
2026-03-26 12:00:00,36.2,0.0,0.239,20.9,0.0
2026-03-26 13:00:00,36.8,0.0,0.238,25.2,0.0
2026-03-26 14:00:00,36.9,0.0,0.238,28.4,0.0
2026-03-26 15:00:00,36.6,0.0,0.238,27.7,0.0
2026-03-26 16:00:00,36.3,0.0,0.238,18.4,0.0
2026-03-26 17:00:00,35.5,0.0,0.238,19.1,0.0
2026-03-26 18:00:00,33.3,0.0,0.238,25.2,0.0
2026-03-26 19:00:00,32.0,0.0,0.238,24.1,0.0
2026-03-26 20:00:00,30.5,0.0,0.238,9.7,0.0
2026-03-26 21:00:00,27.7,0.0,0.238,3.6,0.0
2026-03-26 22:00:00,26.5,0.0,0.238,11.9,0.0
2026-03-26 23:00:00,27.6,0.0,0.238,10.1,0.0
2026-03-27 00:00:00,26.7,0.0,0.238,6.8,0.0
2026-03-27 01:00:00,25.7,0.0,0.238,6.8,0.0
2026-03-27 02:00:00,25.2,0.0,0.238,7.6,0.0
2026-03-27 03:00:00,24.4,0.0,0.238,9.4,0.0
2026-03-27 04:00:00,24.1,0.0,0.238,8.6,0.0
2026-03-27 05:00:00,23.8,0.0,0.238,10.4,0.0
2026-03-27 06:00:00,24.9,0.0,0.238,10.4,0.0
2026-03-27 07:00:00,27.5,0.0,0.238,17.6,0.0
2026-03-27 08:00:00,30.5,0.0,0.238,18.4,0.0
2026-03-27 09:00:00,32.6,0.0,0.237,23.0,0.0
2026-03-27 10:00:00,34.4,0.0,0.237,23.4,0.0
2026-03-27 11:00:00,36.0,0.0,0.237,25.6,0.0
2026-03-27 12:00:00,37.2,0.0,0.237,28.8,0.0
2026-03-27 13:00:00,38.3,0.0,0.237,32.0,0.0
2026-03-27 14:00:00,38.8,0.0,0.237,36.7,0.0
2026-03-27 15:00:00,38.8,0.0,0.237,41.4,0.0
2026-03-27 16:00:00,38.1,0.0,0.237,43.2,0.0
2026-03-27 17:00:00,37.5,0.0,0.237,40.0,0.0
2026-03-27 18:00:00,33.9,0.0,0.237,31.3,0.0
2026-03-27 19:00:00,32.9,0.0,0.237,26.6,0.0
2026-03-27 20:00:00,31.1,0.0,0.237,26.6,0.0
2026-03-27 21:00:00,29.0,0.0,0.237,21.6,0.0
2026-03-27 22:00:00,28.4,0.0,0.237,18.4,0.0
2026-03-27 23:00:00,28.0,0.0,0.237,18.0,0.0
2026-03-28 00:00:00,26.3,0.0,0.237,13.0,0.0
2026-03-28 01:00:00,25.2,0.0,0.237,9.4,0.0
2026-03-28 02:00:00,24.6,0.0,0.237,7.2,0.0
2026-03-28 03:00:00,24.2,0.0,0.237,10.1,0.0
2026-03-28 04:00:00,24.2,0.0,0.237,16.9,0.0
2026-03-28 05:00:00,22.9,0.0,0.237,16.9,0.0
2026-03-28 06:00:00,23.5,0.0,0.237,9.0,0.0
2026-03-28 07:00:00,26.0,0.0,0.237,7.9,0.0
2026-03-28 08:00:00,28.6,0.0,0.237,10.4,0.0
2026-03-28 09:00:00,31.2,0.0,0.237,14.0,0.0
2026-03-28 10:00:00,33.7,0.0,0.237,18.4,0.0
2026-03-28 11:00:00,34.9,0.0,0.237,24.5,0.0
2026-03-28 12:00:00,36.0,0.0,0.237,22.7,0.0
2026-03-28 13:00:00,37.4,0.0,0.237,27.0,0.0
2026-03-28 14:00:00,38.6,0.0,0.237,27.0,0.0
2026-03-28 15:00:00,38.2,0.0,0.237,35.6,0.0
2026-03-28 16:00:00,37.5,0.0,0.237,36.4,0.0
2026-03-28 17:00:00,36.3,0.0,0.237,32.0,0.0
2026-03-28 18:00:00,33.8,0.0,0.237,23.0,0.0
2026-03-28 19:00:00,32.8,0.0,0.237,17.6,0.0
2026-03-28 20:00:00,31.3,0.0,0.237,24.8,0.0
2026-03-28 21:00:00,29.9,0.0,0.237,24.1,0.0
2026-03-28 22:00:00,28.6,0.0,0.237,19.1,0.0
2026-03-28 23:00:00,27.2,0.0,0.237,9.7,0.0
2026-03-29 00:00:00,25.8,0.0,0.237,6.1,0.0
2026-03-29 01:00:00,25.3,0.0,0.237,5.8,0.0
2026-03-29 02:00:00,24.6,0.0,0.237,9.4,0.0
2026-03-29 03:00:00,23.5,0.0,0.237,10.1,0.0
2026-03-29 04:00:00,23.1,0.0,0.237,13.7,0.0
2026-03-29 05:00:00,23.8,0.0,0.237,14.8,0.0
2026-03-29 06:00:00,24.3,0.0,0.237,12.6,0.0
2026-03-29 07:00:00,26.3,0.0,0.237,9.4,0.0
2026-03-29 08:00:00,29.8,0.0,0.237,16.6,0.0
2026-03-29 09:00:00,32.9,0.0,0.237,17.6,0.0
2026-03-29 10:00:00,35.0,0.0,0.237,17.6,0.0
2026-03-29 11:00:00,36.1,0.0,0.237,19.4,0.0
2026-03-29 12:00:00,37.4,0.0,0.237,23.8,0.0
2026-03-29 13:00:00,38.2,0.0,0.237,23.4,0.0
2026-03-29 14:00:00,39.1,0.0,0.237,27.0,0.0
2026-03-29 15:00:00,39.1,0.0,0.237,34.2,0.0
2026-03-29 16:00:00,38.5,0.0,0.237,35.6,0.0
2026-03-29 17:00:00,37.4,0.0,0.223,33.8,0.0
2026-03-29 18:00:00,34.9,0.0,0.223,24.8,0.0
2026-03-29 19:00:00,34.4,0.0,0.223,31.7,0.0
2026-03-29 20:00:00,33.2,0.0,0.223,30.6,0.0
2026-03-29 21:00:00,30.5,0.0,0.223,22.7,0.0
2026-03-29 22:00:00,28.4,0.0,0.223,14.0,0.0
2026-03-29 23:00:00,27.6,0.0,0.225,10.4,0.0
2026-03-30 00:00:00,26.2,0.0,0.225,7.2,0.0
2026-03-30 01:00:00,25.2,0.0,0.225,9.4,0.0
2026-03-30 02:00:00,24.3,0.0,0.225,9.0,0.0
2026-03-30 03:00:00,23.9,0.0,0.225,9.4,0.0
2026-03-30 04:00:00,23.8,0.0,0.225,9.7,0.0
2026-03-30 05:00:00,24.4,0.0,0.237,10.8,0.0
2026-03-30 06:00:00,25.6,0.0,0.237,15.1,0.0
2026-03-30 07:00:00,28.4,0.0,0.237,17.6,0.0
2026-03-30 08:00:00,31.5,0.0,0.237,24.5,0.0
2026-03-30 09:00:00,34.0,0.0,0.237,31.0,0.0
2026-03-30 10:00:00,36.2,0.0,0.237,31.7,0.0
2026-03-30 11:00:00,37.4,0.0,0.237,29.2,0.0
2026-03-30 12:00:00,38.3,0.0,0.237,23.4,0.0
2026-03-30 13:00:00,38.5,0.0,0.237,22.3,0.0
2026-03-30 14:00:00,38.5,0.0,0.237,23.0,0.0
2026-03-30 15:00:00,38.1,0.0,0.236,22.7,0.0
2026-03-30 16:00:00,37.6,0.0,0.236,19.1,0.0
2026-03-30 17:00:00,36.8,0.0,0.236,15.5,0.0
2026-03-30 18:00:00,34.0,0.0,0.236,13.3,0.0
2026-03-30 19:00:00,32.6,0.0,0.236,5.4,0.0
2026-03-30 20:00:00,31.3,0.0,0.236,5.8,0.0
2026-03-30 21:00:00,31.6,0.0,0.236,10.1,0.0
2026-03-30 22:00:00,31.3,0.0,0.236,34.9,0.0
2026-03-30 23:00:00,30.1,0.2,0.237,28.8,0.2
2026-03-31 00:00:00,27.6,0.2,0.239,13.7,0.4
2026-03-31 01:00:00,26.7,0.0,0.24,18.4,0.4
2026-03-31 02:00:00,26.1,0.0,0.24,30.2,0.4
2026-03-31 03:00:00,23.7,0.2,0.241,32.0,0.6000000000000001
2026-03-31 04:00:00,22.0,1.2,0.256,15.1,1.8
2026-03-31 05:00:00,22.6,0.1,0.244,9.7,1.9000000000000001
2026-03-31 06:00:00,23.1,0.0,0.244,10.4,1.9000000000000001
2026-03-31 07:00:00,23.6,0.0,0.244,6.8,1.9000000000000001
2026-03-31 08:00:00,25.1,0.0,0.244,16.6,1.9000000000000001
2026-03-31 09:00:00,28.2,0.0,0.244,17.6,1.9000000000000001
2026-03-31 10:00:00,30.5,0.0,0.243,18.0,1.9000000000000001
2026-03-31 11:00:00,31.0,0.0,0.265,19.4,1.9000000000000001
2026-03-31 12:00:00,33.3,0.0,0.264,24.8,1.9000000000000001
2026-03-31 13:00:00,34.3,0.0,0.262,27.4,1.9000000000000001
2026-03-31 14:00:00,34.7,0.0,0.261,26.6,1.9000000000000001
2026-03-31 15:00:00,34.7,0.0,0.26,22.3,1.9000000000000001
2026-03-31 16:00:00,34.3,0.0,0.259,20.2,1.9000000000000001
2026-03-31 17:00:00,34.2,0.0,0.254,16.9,1.9000000000000001
2026-03-31 18:00:00,31.8,0.0,0.253,14.4,1.9000000000000001
2026-03-31 19:00:00,30.7,0.0,0.253,20.2,1.9000000000000001
2026-03-31 20:00:00,29.7,0.0,0.253,19.1,1.9000000000000001
2026-03-31 21:00:00,28.3,0.0,0.252,17.3,1.9000000000000001
2026-03-31 22:00:00,26.9,0.0,0.252,13.0,1.9000000000000001
2026-03-31 23:00:00,26.1,0.0,0.264,4.7,1.9000000000000001
2026-04-01 00:00:00,25.8,0.0,0.264,5.8,1.9000000000000001
2026-04-01 01:00:00,25.4,0.0,0.264,8.3,1.9000000000000001
2026-04-01 02:00:00,24.8,0.0,0.264,9.4,1.9000000000000001
2026-04-01 03:00:00,24.2,0.0,0.263,7.2,1.9000000000000001
2026-04-01 04:00:00,24.2,0.0,0.263,6.8,1.9000000000000001
2026-04-01 05:00:00,24.1,0.0,0.26,3.6,1.9000000000000001
2026-04-01 06:00:00,24.6,0.0,0.26,7.9,1.9000000000000001
2026-04-01 07:00:00,26.8,0.0,0.26,14.8,1.9000000000000001
2026-04-01 08:00:00,29.5,0.0,0.26,20.2,1.9000000000000001
2026-04-01 09:00:00,31.7,0.0,0.259,22.7,1.9000000000000001
2026-04-01 10:00:00,33.7,0.0,0.258,23.8,1.9000000000000001
2026-04-01 11:00:00,35.0,0.0,0.267,24.5,1.9000000000000001
2026-04-01 12:00:00,35.9,0.0,0.265,24.5,1.9000000000000001
2026-04-01 13:00:00,36.4,0.0,0.264,20.9,1.9000000000000001
2026-04-01 14:00:00,36.6,0.0,0.262,19.8,1.9000000000000001
2026-04-01 15:00:00,36.4,0.0,0.261,22.0,1.9000000000000001
2026-04-01 16:00:00,34.9,0.0,0.26,21.2,1.9000000000000001
2026-04-01 17:00:00,34.8,0.0,0.267,31.3,1.9000000000000001
2026-04-01 18:00:00,31.7,0.0,0.267,11.5,1.9000000000000001
2026-04-01 19:00:00,30.7,0.0,0.266,7.2,1.9000000000000001
2026-04-01 20:00:00,28.8,0.0,0.266,9.7,1.9000000000000001
2026-04-01 21:00:00,27.6,0.0,0.266,7.6,1.9000000000000001
2026-04-01 22:00:00,27.0,0.0,0.266,8.3,1.9000000000000001
2026-04-01 23:00:00,25.8,0.0,0.281,5.0,1.9000000000000001
2026-04-02 00:00:00,25.6,0.0,0.281,12.6,1.9000000000000001
2026-04-02 01:00:00,25.0,0.0,0.281,10.4,1.9000000000000001
2026-04-02 02:00:00,24.7,0.0,0.28,12.2,1.9000000000000001
2026-04-02 03:00:00,24.1,0.0,0.28,12.2,1.9000000000000001
2026-04-02 04:00:00,23.6,0.0,0.28,9.0,1.9000000000000001
2026-04-02 05:00:00,23.9,0.0,0.255,7.9,1.9000000000000001
2026-04-02 06:00:00,24.4,0.0,0.255,15.1,1.9000000000000001
2026-04-02 07:00:00,25.8,0.0,0.255,9.4,1.9000000000000001
2026-04-02 08:00:00,27.0,0.0,0.255,10.8,1.9000000000000001
2026-04-02 09:00:00,28.2,0.0,0.254,14.4,1.9000000000000001
2026-04-02 10:00:00,29.3,0.0,0.254,14.8,1.9000000000000001
2026-04-02 11:00:00,30.9,0.0,0.281,16.2,1.9000000000000001
2026-04-02 12:00:00,32.7,0.0,0.279,24.8,1.9000000000000001
2026-04-02 13:00:00,33.8,0.0,0.277,26.3,1.9000000000000001
2026-04-02 14:00:00,34.6,0.0,0.276,28.4,1.9000000000000001
2026-04-02 15:00:00,34.6,0.0,0.274,26.3,1.9000000000000001
2026-04-02 16:00:00,34.2,0.0,0.273,25.6,1.9000000000000001
2026-04-02 17:00:00,33.2,0.0,0.281,25.6,1.9000000000000001
2026-04-02 18:00:00,30.9,0.0,0.281,18.0,1.9000000000000001
2026-04-02 19:00:00,29.3,0.0,0.281,11.5,1.9000000000000001
2026-04-02 20:00:00,28.7,0.0,0.28,9.4,1.9000000000000001
2026-04-02 21:00:00,27.9,0.0,0.28,4.0,1.9000000000000001
2026-04-02 22:00:00,26.7,0.0,0.28,6.8,1.9000000000000001
2026-04-02 23:00:00,26.3,0.0,0.296,7.6,1.7000000000000002
2026-04-03 00:00:00,26.5,0.0,0.296,6.8,1.5
2026-04-03 01:00:00,26.3,0.0,0.296,4.7,1.5
2026-04-03 02:00:00,25.6,0.0,0.295,9.7,1.5
2026-04-03 03:00:00,25.6,0.0,0.295,11.5,1.3
2026-04-03 04:00:00,25.1,0.0,0.295,15.1,0.1
2026-04-03 05:00:00,24.4,0.0,0.297,14.4,0.0
2026-04-03 06:00:00,24.8,0.0,0.297,22.0,0.0
2026-04-03 07:00:00,26.9,0.0,0.296,24.8,0.0
2026-04-03 08:00:00,29.2,0.0,0.295,28.8,0.0
2026-04-03 09:00:00,31.6,0.0,0.294,29.2,0.0
2026-04-03 10:00:00,33.8,0.0,0.292,29.2,0.0
2026-04-03 11:00:00,34.8,0.0,0.313,26.3,0.0
2026-04-03 12:00:00,35.7,0.0,0.309,23.8,0.0
2026-04-03 13:00:00,35.9,0.0,0.306,23.0,0.0
2026-04-03 14:00:00,35.8,0.0,0.304,18.7,0.0
2026-04-03 15:00:00,36.1,0.0,0.302,20.5,0.0
2026-04-03 16:00:00,34.0,0.0,0.3,27.0,0.0
2026-04-03 17:00:00,30.7,0.0,0.274,28.8,0.0
2026-04-03 18:00:00,29.9,0.0,0.273,33.8,0.0
2026-04-03 19:00:00,28.7,0.0,0.273,15.8,0.0
2026-04-03 20:00:00,27.3,0.0,0.272,7.6,0.0
2026-04-03 21:00:00,26.1,0.0,0.272,9.0,0.0
2026-04-03 22:00:00,25.4,0.0,0.272,12.2,0.0
2026-04-03 23:00:00,26.1,0.0,0.272,14.4,0.0
2026-04-04 00:00:00,25.4,0.0,0.271,16.9,0.0
2026-04-04 01:00:00,25.2,0.0,0.271,15.8,0.0
2026-04-04 02:00:00,25.1,0.0,0.271,15.8,0.0
2026-04-04 03:00:00,24.2,0.0,0.271,11.5,0.0
2026-04-04 04:00:00,23.1,0.0,0.271,10.4,0.0
2026-04-04 05:00:00,21.7,0.0,0.27,7.9,0.0
2026-04-04 06:00:00,22.4,0.0,0.27,11.5,0.0
2026-04-04 07:00:00,24.8,0.0,0.27,11.9,0.0
2026-04-04 08:00:00,27.8,0.0,0.269,18.4,0.0
2026-04-04 09:00:00,29.7,0.0,0.268,24.1,0.0
2026-04-04 10:00:00,32.1,0.0,0.267,32.8,0.0
2026-04-04 11:00:00,31.6,0.0,0.298,32.8,0.0
2026-04-04 12:00:00,32.6,0.0,0.295,31.0,0.0
2026-04-04 13:00:00,33.2,0.0,0.293,27.4,0.0
2026-04-04 14:00:00,33.5,0.0,0.291,19.1,0.0
2026-04-04 15:00:00,33.8,0.0,0.289,19.4,0.0
2026-04-04 16:00:00,32.9,0.0,0.288,18.4,0.0
2026-04-04 17:00:00,33.0,0.0,0.259,16.6,0.0
2026-04-04 18:00:00,30.6,0.0,0.258,10.1,0.0
2026-04-04 19:00:00,29.4,0.0,0.258,6.1,0.0
2026-04-04 20:00:00,27.8,0.0,0.258,9.4,0.0
2026-04-04 21:00:00,27.7,0.0,0.258,7.6,0.0
2026-04-04 22:00:00,27.0,0.0,0.258,3.2,0.0
2026-04-04 23:00:00,27.8,0.0,0.258,2.5,0.0
2026-04-05 00:00:00,25.8,0.0,0.258,17.6,0.0
2026-04-05 01:00:00,25.3,0.0,0.258,10.4,0.0
2026-04-05 02:00:00,25.0,0.0,0.257,14.8,0.0
2026-04-05 03:00:00,24.8,0.0,0.257,23.4,0.0
2026-04-05 04:00:00,23.5,0.0,0.257,23.4,0.0
2026-04-05 05:00:00,23.0,0.0,0.256,9.7,0.0
2026-04-05 06:00:00,24.1,0.0,0.256,15.1,0.0
2026-04-05 07:00:00,25.5,0.0,0.255,10.1,0.0
2026-04-05 08:00:00,27.8,0.0,0.255,14.8,0.0
2026-04-05 09:00:00,29.9,0.0,0.254,23.4,0.0
2026-04-05 10:00:00,31.8,0.0,0.253,23.8,0.0
2026-04-05 11:00:00,31.5,0.0,0.271,23.8,0.0
2026-04-05 12:00:00,33.1,0.0,0.269,26.3,0.0
2026-04-05 13:00:00,33.1,0.0,0.268,26.6,0.0
2026-04-05 14:00:00,33.6,0.0,0.266,28.1,0.0
2026-04-05 15:00:00,34.1,0.0,0.265,32.0,0.0
2026-04-05 16:00:00,33.5,0.0,0.264,33.8,0.0
2026-04-05 17:00:00,32.9,0.0,0.27,32.4,0.0
2026-04-05 18:00:00,29.8,0.0,0.27,19.8,0.0
2026-04-05 19:00:00,28.1,0.0,0.27,10.1,0.0
2026-04-05 20:00:00,26.9,0.0,0.269,8.3,0.0
2026-04-05 21:00:00,26.4,0.0,0.269,7.6,0.0
2026-04-05 22:00:00,25.7,0.0,0.269,6.8,0.0
2026-04-05 23:00:00,25.6,0.0,0.28,16.9,0.0
2026-04-06 00:00:00,25.3,0.0,0.28,16.9,0.0
2026-04-06 01:00:00,25.7,0.0,0.28,3.2,0.0
2026-04-06 02:00:00,24.6,0.0,0.28,16.6,0.0
2026-04-06 03:00:00,23.8,0.0,0.28,17.3,0.0
2026-04-06 04:00:00,23.2,0.0,0.279,19.1,0.0
2026-04-06 05:00:00,22.9,0.0,0.276,20.9,0.0
2026-04-06 06:00:00,22.6,0.0,0.276,21.2,0.0
2026-04-06 07:00:00,24.4,0.0,0.276,21.6,0.0
2026-04-06 08:00:00,27.6,0.0,0.275,23.8,0.0
2026-04-06 09:00:00,30.6,0.0,0.274,23.8,0.0
2026-04-06 10:00:00,32.8,0.0,0.272,22.7,0.0
2026-04-06 11:00:00,33.8,0.0,0.275,22.0,0.0
2026-04-06 12:00:00,34.5,0.0,0.273,28.1,0.0
2026-04-06 13:00:00,34.8,0.0,0.271,28.4,0.0
2026-04-06 14:00:00,35.2,0.0,0.269,25.2,0.0
2026-04-06 15:00:00,35.2,0.0,0.268,23.4,0.0
2026-04-06 16:00:00,34.8,0.0,0.267,23.8,0.0
2026-04-06 17:00:00,33.4,0.0,0.26,22.3,0.0
2026-04-06 18:00:00,29.9,0.0,0.259,16.6,0.0
2026-04-06 19:00:00,28.4,0.0,0.259,9.4,0.0
2026-04-06 20:00:00,26.7,0.0,0.259,4.0,0.0
2026-04-06 21:00:00,25.6,0.0,0.259,14.4,0.0
2026-04-06 22:00:00,24.4,0.0,0.259,14.4,0.0
2026-04-06 23:00:00,24.9,0.0,0.264,16.9,0.0
2026-04-07 00:00:00,24.0,0.0,0.263,16.2,0.0
2026-04-07 01:00:00,22.8,0.0,0.263,19.1,0.0
2026-04-07 02:00:00,22.6,0.0,0.263,20.9,0.0
2026-04-07 03:00:00,21.9,0.0,0.263,20.5,0.0
2026-04-07 04:00:00,21.1,0.0,0.262,17.3,0.0
2026-04-07 05:00:00,20.5,0.0,0.257,13.7,0.0
2026-04-07 06:00:00,21.2,0.0,0.257,10.4,0.0
2026-04-07 07:00:00,24.1,0.0,0.257,11.9,0.0
2026-04-07 08:00:00,26.9,0.0,0.256,15.5,0.0
2026-04-07 09:00:00,29.3,0.0,0.256,16.2,0.0
2026-04-07 10:00:00,31.7,0.0,0.255,17.6,0.0
2026-04-07 11:00:00,32.8,0.0,0.264,19.4,0.0
2026-04-07 12:00:00,34.0,0.0,0.262,20.2,0.0
2026-04-07 13:00:00,34.9,0.0,0.26,23.0,0.0
2026-04-07 14:00:00,35.5,0.0,0.259,26.3,0.0
2026-04-07 15:00:00,35.4,0.0,0.258,34.9,0.0
2026-04-07 16:00:00,35.1,0.0,0.257,36.4,0.0
2026-04-07 17:00:00,33.8,0.0,0.245,24.1,0.0
2026-04-07 18:00:00,31.2,0.0,0.245,23.4,0.0
2026-04-07 19:00:00,29.5,0.0,0.245,24.1,0.0
2026-04-07 20:00:00,27.8,0.0,0.244,11.9,0.0
2026-04-07 21:00:00,26.4,0.0,0.244,9.7,0.0
2026-04-07 22:00:00,25.7,0.0,0.244,11.9,0.0
2026-04-07 23:00:00,24.6,0.0,0.248,7.2,0.0
2026-04-08 00:00:00,24.1,0.0,0.248,10.4,0.0
2026-04-08 01:00:00,22.8,0.0,0.248,11.5,0.0
2026-04-08 02:00:00,21.8,0.0,0.248,11.9,0.0
2026-04-08 03:00:00,21.2,0.0,0.248,11.5,0.0
2026-04-08 04:00:00,20.8,0.0,0.247,11.5,0.0
2026-04-08 05:00:00,21.5,0.0,0.227,10.1,0.0
2026-04-08 06:00:00,22.7,0.0,0.227,10.1,0.0
2026-04-08 07:00:00,26.1,0.0,0.227,17.3,0.0
2026-04-08 08:00:00,29.1,0.0,0.227,22.0,0.0
2026-04-08 09:00:00,31.1,0.0,0.227,25.2,0.0
2026-04-08 10:00:00,32.4,0.0,0.227,31.7,0.0
2026-04-08 11:00:00,33.3,0.0,0.238,33.1,0.0
2026-04-08 12:00:00,34.7,0.0,0.238,32.8,0.0
2026-04-08 13:00:00,34.5,0.0,0.238,42.8,0.0
2026-04-08 14:00:00,33.7,0.0,0.238,49.0,0.0
2026-04-08 15:00:00,33.1,0.0,0.238,48.2,0.0
2026-04-08 16:00:00,32.9,0.0,0.238,37.1,0.0
2026-04-08 17:00:00,32.7,0.0,0.235,27.4,0.0
2026-04-08 18:00:00,31.7,0.0,0.235,21.6,0.0
2026-04-08 19:00:00,30.0,0.0,0.235,18.4,0.0
2026-04-08 20:00:00,28.3,0.0,0.235,15.8,0.0
2026-04-08 21:00:00,27.3,0.0,0.235,26.3,0.0
2026-04-08 22:00:00,26.4,0.0,0.235,27.7,0.0
2026-04-08 23:00:00,26.1,0.0,0.245,21.2,0.0
2026-04-09 00:00:00,25.7,0.0,0.245,21.2,0.0
2026-04-09 01:00:00,24.9,0.0,0.245,18.0,0.0
2026-04-09 02:00:00,24.1,0.0,0.245,15.5,0.0
2026-04-09 03:00:00,23.2,0.0,0.245,11.5,0.0
2026-04-09 04:00:00,22.3,0.0,0.245,11.2,0.0
2026-04-09 05:00:00,22.1,0.0,0.244,13.0,0.0
2026-04-09 06:00:00,22.1,0.0,0.244,11.9,0.0
2026-04-09 07:00:00,24.7,0.0,0.244,14.4,0.0
2026-04-09 08:00:00,28.0,0.0,0.244,15.8,0.0
2026-04-09 09:00:00,30.4,0.0,0.244,14.4,0.0
2026-04-09 10:00:00,31.9,0.0,0.243,18.7,0.0
2026-04-09 11:00:00,33.5,0.0,0.254,24.8,0.0
2026-04-09 12:00:00,33.7,0.0,0.253,27.7,0.0
2026-04-09 13:00:00,34.3,0.0,0.251,26.3,0.0
2026-04-09 14:00:00,34.6,0.0,0.25,22.7,0.0
2026-04-09 15:00:00,34.6,0.0,0.25,22.3,0.0
2026-04-09 16:00:00,33.5,0.0,0.249,30.6,0.0
2026-04-09 17:00:00,33.8,0.0,0.24,29.5,0.0
2026-04-09 18:00:00,31.3,0.0,0.24,18.7,0.0
2026-04-09 19:00:00,29.2,0.0,0.24,16.6,0.0
2026-04-09 20:00:00,27.4,0.0,0.24,17.3,0.0
2026-04-09 21:00:00,25.9,0.0,0.24,22.0,0.0
2026-04-09 22:00:00,25.9,0.0,0.24,22.0,0.0
2026-04-09 23:00:00,25.6,0.0,0.246,19.1,0.0
2026-04-10 00:00:00,25.0,0.0,0.246,18.4,0.0
2026-04-10 01:00:00,24.7,0.0,0.246,20.5,0.0
2026-04-10 02:00:00,24.2,0.0,0.246,20.5,0.0
2026-04-10 03:00:00,23.5,0.0,0.246,19.4,0.0
2026-04-10 04:00:00,22.8,0.0,0.245,15.8,0.0
2026-04-10 05:00:00,22.0,0.0,0.236,13.7,0.0
2026-04-10 06:00:00,22.7,0.0,0.236,18.7,0.0
2026-04-10 07:00:00,25.1,0.0,0.236,18.0,0.0
2026-04-10 08:00:00,28.0,0.0,0.236,14.8,0.0
2026-04-10 09:00:00,30.6,0.0,0.236,15.5,0.0
2026-04-10 10:00:00,32.4,0.0,0.236,16.2,0.0
2026-04-10 11:00:00,33.5,0.0,0.242,19.8,0.0
2026-04-10 12:00:00,34.7,0.0,0.242,25.9,0.0
2026-04-10 13:00:00,35.1,0.0,0.241,31.7,0.0
2026-04-10 14:00:00,35.3,0.0,0.241,32.0,0.0
2026-04-10 15:00:00,35.5,0.0,0.24,28.4,0.0
2026-04-10 16:00:00,35.2,0.0,0.24,29.5,0.0
2026-04-10 17:00:00,34.0,0.0,0.225,31.3,0.0
2026-04-10 18:00:00,31.0,0.0,0.225,25.2,0.0
2026-04-10 19:00:00,29.7,0.0,0.225,24.8,0.0
2026-04-10 20:00:00,28.1,0.0,0.225,24.8,0.0
2026-04-10 21:00:00,27.4,0.0,0.225,22.3,0.0
2026-04-10 22:00:00,26.7,0.0,0.225,23.4,0.0
2026-04-10 23:00:00,25.0,0.0,0.237,20.2,0.0
2026-04-11 00:00:00,23.7,0.0,0.237,11.2,0.0
2026-04-11 01:00:00,22.8,0.0,0.237,11.9,0.0
2026-04-11 02:00:00,22.1,0.0,0.237,11.5,0.0
2026-04-11 03:00:00,21.2,0.0,0.237,14.8,0.0
2026-04-11 04:00:00,20.4,0.0,0.237,19.4,0.0
2026-04-11 05:00:00,20.7,0.0,0.221,20.5,0.0
2026-04-11 06:00:00,21.2,0.0,0.221,18.0,0.0
2026-04-11 07:00:00,24.3,0.0,0.221,19.1,0.0
2026-04-11 08:00:00,28.2,0.0,0.221,18.7,0.0
2026-04-11 09:00:00,31.6,0.0,0.221,23.4,0.0
2026-04-11 10:00:00,33.5,0.0,0.221,24.5,0.0
2026-04-11 11:00:00,34.8,0.0,0.221,23.8,0.0
2026-04-11 12:00:00,35.8,0.0,0.221,24.1,0.0
2026-04-11 13:00:00,36.0,0.0,0.221,29.2,0.0
2026-04-11 14:00:00,36.3,0.0,0.221,30.6,0.0
2026-04-11 15:00:00,36.0,0.0,0.221,32.4,0.0
2026-04-11 16:00:00,35.6,0.0,0.221,31.3,0.0
2026-04-11 17:00:00,34.0,0.0,0.221,24.5,0.0
2026-04-11 18:00:00,31.4,0.0,0.221,18.0,0.0
2026-04-11 19:00:00,29.3,0.0,0.221,18.0,0.0
2026-04-11 20:00:00,27.1,0.0,0.221,15.8,0.0
2026-04-11 21:00:00,24.9,0.0,0.221,14.8,0.0
2026-04-11 22:00:00,23.0,0.0,0.221,14.0,0.0
2026-04-11 23:00:00,21.3,0.0,0.221,16.2,0.0
2026-04-12 00:00:00,20.7,0.0,0.221,15.5,0.0
2026-04-12 01:00:00,20.4,0.0,0.221,15.5,0.0
2026-04-12 02:00:00,19.8,0.0,0.221,14.0,0.0
2026-04-12 03:00:00,19.0,0.0,0.221,13.0,0.0
2026-04-12 04:00:00,19.1,0.0,0.221,11.5,0.0
2026-04-12 05:00:00,19.9,0.0,0.221,7.9,0.0
2026-04-12 06:00:00,21.3,0.0,0.221,7.9,0.0
2026-04-12 07:00:00,24.8,0.0,0.221,8.3,0.0
2026-04-12 08:00:00,28.7,0.0,0.221,11.2,0.0
2026-04-12 09:00:00,32.0,0.0,0.221,17.3,0.0
2026-04-12 10:00:00,34.7,0.0,0.221,24.1,0.0
2026-04-12 11:00:00,36.7,0.0,0.221,25.2,0.0
2026-04-12 12:00:00,37.7,0.0,0.221,26.3,0.0
2026-04-12 13:00:00,38.1,0.0,0.221,28.1,0.0
2026-04-12 14:00:00,38.1,0.0,0.221,28.1,0.0
2026-04-12 15:00:00,38.1,0.0,0.221,26.3,0.0
2026-04-12 16:00:00,38.0,0.0,0.221,24.8,0.0
2026-04-12 17:00:00,36.5,0.0,0.221,24.1,0.0
2026-04-12 18:00:00,32.2,0.0,0.221,18.0,0.0
2026-04-12 19:00:00,30.8,0.0,0.221,8.6,0.0
2026-04-12 20:00:00,30.4,0.0,0.221,3.2,0.0
2026-04-12 21:00:00,29.5,0.0,0.221,17.6,0.0
2026-04-12 22:00:00,28.1,0.0,0.221,18.4,0.0
2026-04-12 23:00:00,26.6,0.0,0.221,16.2,0.0
2026-04-13 00:00:00,26.3,0.0,0.221,4.0,0.0
2026-04-13 01:00:00,25.3,0.0,0.221,4.0,0.0
2026-04-13 02:00:00,24.5,0.0,0.221,5.4,0.0
2026-04-13 03:00:00,24.2,0.0,0.221,13.3,0.0
2026-04-13 04:00:00,22.9,0.0,0.221,13.0,0.0
2026-04-13 05:00:00,23.0,0.0,0.221,15.5,0.0
2026-04-13 06:00:00,23.0,0.0,0.221,20.2,0.0
2026-04-13 07:00:00,26.2,0.0,0.221,25.2,0.0
2026-04-13 08:00:00,30.2,0.0,0.221,25.9,0.0
2026-04-13 09:00:00,33.2,0.0,0.221,25.2,0.0
2026-04-13 10:00:00,35.1,0.0,0.221,15.5,0.0
2026-04-13 11:00:00,36.2,0.0,0.221,17.6,0.0
2026-04-13 12:00:00,37.5,0.0,0.221,20.9,0.0
2026-04-13 13:00:00,38.1,0.0,0.22,22.7,0.0
2026-04-13 14:00:00,38.4,0.0,0.22,22.3,0.0
2026-04-13 15:00:00,38.6,0.0,0.22,18.4,0.0
2026-04-13 16:00:00,38.4,0.0,0.22,21.2,0.0
2026-04-13 17:00:00,37.1,0.0,0.22,20.5,0.0
2026-04-13 18:00:00,33.3,0.0,0.22,9.0,0.0
2026-04-13 19:00:00,32.0,0.0,0.22,8.6,0.0
2026-04-13 20:00:00,30.8,0.0,0.22,17.3,0.0
2026-04-13 21:00:00,28.6,0.0,0.22,18.4,0.0
2026-04-13 22:00:00,28.5,0.0,0.22,21.6,0.0
2026-04-13 23:00:00,28.7,0.0,0.22,24.1,0.0
2026-04-14 00:00:00,28.5,0.0,0.22,22.7,0.0
2026-04-14 01:00:00,27.6,0.0,0.22,21.2,0.0
2026-04-14 02:00:00,26.0,0.0,0.22,14.8,0.0
2026-04-14 03:00:00,24.7,0.0,0.22,9.7,0.0
2026-04-14 04:00:00,23.7,0.0,0.22,5.4,0.0
2026-04-14 05:00:00,23.6,0.0,0.22,14.4,0.0
2026-04-14 06:00:00,24.1,0.0,0.22,16.2,0.0
2026-04-14 07:00:00,27.1,0.0,0.22,13.0,0.0
2026-04-14 08:00:00,30.7,0.0,0.22,10.1,0.0
2026-04-14 09:00:00,34.2,0.0,0.22,18.4,0.0
2026-04-14 10:00:00,35.9,0.0,0.22,25.2,0.0
2026-04-14 11:00:00,36.9,0.0,0.22,25.2,0.0
2026-04-14 12:00:00,38.3,0.0,0.22,20.9,0.0
2026-04-14 13:00:00,39.1,0.0,0.22,20.5,0.0
2026-04-14 14:00:00,39.1,0.0,0.22,25.2,0.0
2026-04-14 15:00:00,38.7,0.0,0.22,25.2,0.0
2026-04-14 16:00:00,38.3,0.0,0.22,18.0,0.0
2026-04-14 17:00:00,37.6,0.0,0.22,11.5,0.0
2026-04-14 18:00:00,34.1,0.0,0.22,8.3,0.0
2026-04-14 19:00:00,32.9,0.0,0.22,16.6,0.0
2026-04-14 20:00:00,31.5,0.0,0.22,16.2,0.0
2026-04-14 21:00:00,29.6,0.0,0.22,15.8,0.0
2026-04-14 22:00:00,27.7,0.0,0.22,20.5,0.0
2026-04-14 23:00:00,26.0,0.0,0.22,14.8,0.0
2026-04-15 00:00:00,25.6,0.0,0.22,13.7,0.0
2026-04-15 01:00:00,25.3,0.0,0.22,14.4,0.0
2026-04-15 02:00:00,25.4,0.0,0.22,15.1,0.0
2026-04-15 03:00:00,24.9,0.0,0.22,13.0,0.0
2026-04-15 04:00:00,24.9,0.0,0.22,7.9,0.0
2026-04-15 05:00:00,25.0,0.0,0.22,5.8,0.0
2026-04-15 06:00:00,25.5,0.0,0.22,2.9,0.0
2026-04-15 07:00:00,27.8,0.0,0.22,9.4,0.0
2026-04-15 08:00:00,30.4,0.0,0.22,10.1,0.0
2026-04-15 09:00:00,32.8,0.0,0.22,13.7,0.0
2026-04-15 10:00:00,35.4,0.0,0.22,15.1,0.0
2026-04-15 11:00:00,37.0,0.0,0.22,17.3,0.0
2026-04-15 12:00:00,38.7,0.0,0.22,18.7,0.0
2026-04-15 13:00:00,39.6,0.0,0.22,24.5,0.0
2026-04-15 14:00:00,40.7,0.0,0.22,29.5,0.0
2026-04-15 15:00:00,40.9,0.0,0.22,31.3,0.0
2026-04-15 16:00:00,40.0,0.0,0.22,33.1,0.0
2026-04-15 17:00:00,38.6,0.0,0.22,36.4,0.0
2026-04-15 18:00:00,36.0,0.0,0.22,31.3,0.0
2026-04-15 19:00:00,33.8,0.0,0.22,17.6,0.0
2026-04-15 20:00:00,32.5,0.0,0.22,4.0,0.0
2026-04-15 21:00:00,31.4,0.0,0.22,10.8,0.0
2026-04-15 22:00:00,29.7,0.0,0.22,13.7,0.0
2026-04-15 23:00:00,29.0,0.0,0.22,6.1,0.0
2026-04-16 00:00:00,27.0,0.0,0.22,9.4,0.0
2026-04-16 01:00:00,26.1,0.0,0.22,13.0,0.0
2026-04-16 02:00:00,25.5,0.0,0.22,11.9,0.0
2026-04-16 03:00:00,24.6,0.0,0.22,12.2,0.0
2026-04-16 04:00:00,23.5,0.0,0.22,5.4,0.0
2026-04-16 05:00:00,24.3,0.0,0.22,7.2,0.0
2026-04-16 06:00:00,25.7,0.0,0.22,8.3,0.0
2026-04-16 07:00:00,28.0,0.0,0.22,7.6,0.0
2026-04-16 08:00:00,31.5,0.0,0.22,10.1,0.0
2026-04-16 09:00:00,34.1,0.0,0.22,13.3,0.0
2026-04-16 10:00:00,36.5,0.0,0.22,14.8,0.0
2026-04-16 11:00:00,37.9,0.0,0.22,18.7,0.0
2026-04-16 12:00:00,39.5,0.0,0.22,21.6,0.0
2026-04-16 13:00:00,40.0,0.0,0.22,21.6,0.0
2026-04-16 14:00:00,40.0,0.0,0.22,23.8,0.0
2026-04-16 15:00:00,39.3,0.0,0.22,33.5,0.0
2026-04-16 16:00:00,40.2,0.0,0.22,31.3,0.0
2026-04-16 17:00:00,39.0,0.0,0.219,15.1,0.0
2026-04-16 18:00:00,35.7,0.0,0.219,20.5,0.0
2026-04-16 19:00:00,33.6,0.0,0.219,11.5,0.0
2026-04-16 20:00:00,33.4,0.0,0.219,12.6,0.0
2026-04-16 21:00:00,32.0,0.0,0.219,6.1,0.0
2026-04-16 22:00:00,31.0,0.0,0.219,5.4,0.0
2026-04-16 23:00:00,30.0,0.0,0.219,10.8,0.0
2026-04-17 00:00:00,28.8,0.0,0.219,6.5,0.0
2026-04-17 01:00:00,26.6,0.0,0.219,9.0,0.0
2026-04-17 02:00:00,24.8,0.0,0.219,7.9,0.0
2026-04-17 03:00:00,24.2,0.0,0.219,7.2,0.0
2026-04-17 04:00:00,23.6,0.0,0.219,14.8,0.0
2026-04-17 05:00:00,24.1,0.0,0.232,16.2,0.0
2026-04-17 06:00:00,25.8,0.0,0.232,12.6,0.0
2026-04-17 07:00:00,29.0,0.0,0.232,13.7,0.0
2026-04-17 08:00:00,32.4,0.0,0.232,19.1,0.0
2026-04-17 09:00:00,35.4,0.0,0.232,25.9,0.0
2026-04-17 10:00:00,37.6,0.0,0.232,28.8,0.0
2026-04-17 11:00:00,38.6,0.0,0.242,28.8,0.0
2026-04-17 12:00:00,39.6,0.0,0.241,28.4,0.0
2026-04-17 13:00:00,40.3,0.0,0.241,26.6,0.0
2026-04-17 14:00:00,40.7,0.0,0.24,21.2,0.0
2026-04-17 15:00:00,40.5,0.0,0.24,22.7,0.0
2026-04-17 16:00:00,40.0,0.0,0.24,22.0,0.0
2026-04-17 17:00:00,38.2,0.0,0.219,14.8,0.0
2026-04-17 18:00:00,35.6,0.0,0.219,18.7,0.0
2026-04-17 19:00:00,35.3,0.0,0.219,9.7,0.0
2026-04-17 20:00:00,33.2,0.0,0.219,8.6,0.0
2026-04-17 21:00:00,30.1,0.0,0.219,9.4,0.0
2026-04-17 22:00:00,28.6,0.0,0.219,8.3,0.0
2026-04-17 23:00:00,27.5,0.0,0.219,9.0,0.0
2026-04-18 00:00:00,26.7,0.0,0.219,13.7,0.0
2026-04-18 01:00:00,25.6,0.0,0.219,11.5,0.0
2026-04-18 02:00:00,25.0,0.0,0.219,15.8,0.0
2026-04-18 03:00:00,25.1,0.0,0.219,19.4,0.0
2026-04-18 04:00:00,24.6,0.0,0.219,19.1,0.0
2026-04-18 05:00:00,25.3,0.0,0.219,18.4,0.0
2026-04-18 06:00:00,26.0,0.0,0.219,18.4,0.0
2026-04-18 07:00:00,28.5,0.0,0.219,14.8,0.0
2026-04-18 08:00:00,32.0,0.0,0.219,10.8,0.0
2026-04-18 09:00:00,34.7,0.0,0.219,13.7,0.0
2026-04-18 10:00:00,36.9,0.0,0.219,19.4,0.0
2026-04-18 11:00:00,38.3,0.0,0.219,22.3,0.0
2026-04-18 12:00:00,39.8,0.0,0.219,23.0,0.0
2026-04-18 13:00:00,40.9,0.0,0.219,22.3,0.0
2026-04-18 14:00:00,41.2,0.0,0.219,23.4,0.0
2026-04-18 15:00:00,41.1,0.0,0.219,23.4,0.0
2026-04-18 16:00:00,40.6,0.0,0.219,19.8,0.0
2026-04-18 17:00:00,38.7,0.0,0.219,13.3,0.0
2026-04-18 18:00:00,35.3,0.0,0.219,10.4,0.0
2026-04-18 19:00:00,33.7,0.0,0.219,9.7,0.0
2026-04-18 20:00:00,32.1,0.0,0.219,6.5,0.0
2026-04-18 21:00:00,31.0,0.0,0.219,14.8,0.0
2026-04-18 22:00:00,30.9,0.0,0.219,13.0,0.0
2026-04-18 23:00:00,30.7,0.0,0.219,17.6,0.0
2026-04-19 00:00:00,29.8,0.0,0.219,16.9,0.0
2026-04-19 01:00:00,28.7,0.0,0.219,19.4,0.0
2026-04-19 02:00:00,28.6,0.0,0.219,19.4,0.0
2026-04-19 03:00:00,28.7,0.0,0.219,20.5,0.0
2026-04-19 04:00:00,28.4,0.0,0.219,25.9,0.0
2026-04-19 05:00:00,27.4,0.0,0.219,25.6,0.0
2026-04-19 06:00:00,26.6,0.0,0.219,12.6,0.0
2026-04-19 07:00:00,28.9,0.0,0.219,14.4,0.0
2026-04-19 08:00:00,31.9,0.0,0.219,13.0,0.0
2026-04-19 09:00:00,34.5,0.0,0.219,18.4,0.0
2026-04-19 10:00:00,36.6,0.0,0.219,19.8,0.0
2026-04-19 11:00:00,37.7,0.0,0.219,20.2,0.0
2026-04-19 12:00:00,39.1,0.0,0.219,20.9,0.0
2026-04-19 13:00:00,40.3,0.0,0.219,21.2,0.0
2026-04-19 14:00:00,40.6,0.0,0.219,21.2,0.0
2026-04-19 15:00:00,40.6,0.0,0.219,19.4,0.0
2026-04-19 16:00:00,40.2,0.0,0.219,18.4,0.0
2026-04-19 17:00:00,38.5,0.0,0.219,22.0,0.0
2026-04-19 18:00:00,35.7,0.0,0.219,15.5,0.0
2026-04-19 19:00:00,33.7,0.0,0.219,11.5,0.0
2026-04-19 20:00:00,32.8,0.0,0.219,13.3,0.0
2026-04-19 21:00:00,32.5,0.0,0.219,9.4,0.0
2026-04-19 22:00:00,31.6,0.0,0.219,11.2,0.0
2026-04-19 23:00:00,31.1,0.0,0.219,11.2,0.0
2026-04-20 00:00:00,31.0,0.0,0.219,19.8,0.0
2026-04-20 01:00:00,30.2,0.0,0.219,19.8,0.0
2026-04-20 02:00:00,29.1,0.0,0.219,11.2,0.0
2026-04-20 03:00:00,28.2,0.0,0.219,11.5,0.0
2026-04-20 04:00:00,27.4,0.0,0.219,23.8,0.0
2026-04-20 05:00:00,27.0,0.0,0.219,18.4,0.0
2026-04-20 06:00:00,27.8,0.0,0.219,13.0,0.0
2026-04-20 07:00:00,29.8,0.0,0.219,12.2,0.0
2026-04-20 08:00:00,33.2,0.0,0.219,11.5,0.0
2026-04-20 09:00:00,35.4,0.0,0.219,16.9,0.0
2026-04-20 10:00:00,37.7,0.0,0.219,24.5,0.0
2026-04-20 11:00:00,39.1,0.0,0.219,28.8,0.0
2026-04-20 12:00:00,40.4,0.0,0.219,27.7,0.0
2026-04-20 13:00:00,41.1,0.0,0.219,31.0,0.0
2026-04-20 14:00:00,39.1,0.0,0.219,45.7,0.0
2026-04-20 15:00:00,39.0,0.0,0.219,25.2,0.0
2026-04-20 16:00:00,36.9,0.0,0.219,36.4,0.0
2026-04-20 17:00:00,35.9,0.0,0.219,37.1,0.0
2026-04-20 18:00:00,33.2,0.0,0.219,11.9,0.0
2026-04-20 19:00:00,32.7,0.0,0.219,15.8,0.0
2026-04-20 20:00:00,30.8,0.0,0.219,8.3,0.0
2026-04-20 21:00:00,30.3,0.0,0.219,17.3,0.0
2026-04-20 22:00:00,29.0,0.0,0.219,17.3,0.0
2026-04-20 23:00:00,28.1,0.0,0.219,9.0,0.0
2026-04-21 00:00:00,28.1,0.0,0.219,4.0,0.0
2026-04-21 01:00:00,28.5,0.0,0.219,4.3,0.0
2026-04-21 02:00:00,28.7,0.0,0.219,2.5,0.0
2026-04-21 03:00:00,27.6,0.0,0.219,4.0,0.0
2026-04-21 04:00:00,27.0,0.0,0.219,7.2,0.0
2026-04-21 05:00:00,26.2,0.0,0.219,10.4,0.0
2026-04-21 06:00:00,27.5,0.0,0.219,19.8,0.0
2026-04-21 07:00:00,30.0,0.0,0.219,19.4,0.0
2026-04-21 08:00:00,32.2,0.0,0.218,16.9,0.0
2026-04-21 09:00:00,34.8,0.0,0.218,16.9,0.0
2026-04-21 10:00:00,36.7,0.0,0.218,19.8,0.0
2026-04-21 11:00:00,38.4,0.0,0.218,24.8,0.0
2026-04-21 12:00:00,39.7,0.0,0.218,27.7,0.0
2026-04-21 13:00:00,40.3,0.0,0.218,28.8,0.0
2026-04-21 14:00:00,40.6,0.0,0.218,30.2,0.0
2026-04-21 15:00:00,40.4,0.0,0.218,29.9,0.0
2026-04-21 16:00:00,39.6,0.0,0.218,29.2,0.0
2026-04-21 17:00:00,38.7,0.0,0.218,29.2,0.0
2026-04-21 18:00:00,35.3,0.0,0.218,9.4,0.0
2026-04-21 19:00:00,33.8,0.0,0.218,7.2,0.0
2026-04-21 20:00:00,32.4,0.0,0.218,10.4,0.0
2026-04-21 21:00:00,31.0,0.0,0.218,10.1,0.0
2026-04-21 22:00:00,29.2,0.0,0.218,7.2,0.0
2026-04-21 23:00:00,29.0,0.0,0.218,11.5,0.0
2026-04-22 00:00:00,28.3,0.0,0.218,11.5,0.0
2026-04-22 01:00:00,27.3,0.0,0.218,13.7,0.0
2026-04-22 02:00:00,26.3,0.0,0.218,10.8,0.0
2026-04-22 03:00:00,25.6,0.0,0.218,3.6,0.0
2026-04-22 04:00:00,25.8,0.0,0.218,11.2,0.0
2026-04-22 05:00:00,26.9,0.0,0.221,11.5,0.0
2026-04-22 06:00:00,27.0,0.0,0.221,12.2,0.0
2026-04-22 07:00:00,29.5,0.0,0.221,14.0,0.0
2026-04-22 08:00:00,32.5,0.0,0.221,15.8,0.0
2026-04-22 09:00:00,34.7,0.0,0.221,18.0,0.0
2026-04-22 10:00:00,36.5,0.0,0.221,18.0,0.0
2026-04-22 11:00:00,37.6,0.0,0.237,20.5,0.0
2026-04-22 12:00:00,38.8,0.0,0.237,24.1,0.0
2026-04-22 13:00:00,38.7,0.0,0.237,23.8,0.0
2026-04-22 14:00:00,39.0,0.0,0.237,28.8,0.0
2026-04-22 15:00:00,39.1,0.0,0.237,29.9,0.0
2026-04-22 16:00:00,39.0,0.0,0.237,22.7,0.0
2026-04-22 17:00:00,38.5,0.0,0.218,22.0,0.0
2026-04-22 18:00:00,34.7,0.0,0.218,10.1,0.0
2026-04-22 19:00:00,33.2,0.0,0.218,6.5,0.0
2026-04-22 20:00:00,32.3,0.0,0.218,6.5,0.0
2026-04-22 21:00:00,31.2,0.0,0.218,4.0,0.0
2026-04-22 22:00:00,30.5,0.0,0.218,4.0,0.0
2026-04-22 23:00:00,29.5,0.0,0.218,4.3,0.0
2026-04-23 00:00:00,28.7,0.0,0.218,7.6,0.0
2026-04-23 01:00:00,27.0,0.0,0.218,11.2,0.0
2026-04-23 02:00:00,25.1,0.0,0.218,17.3,0.0
2026-04-23 03:00:00,24.5,0.0,0.218,19.8,0.0
2026-04-23 04:00:00,23.7,0.0,0.218,20.9,0.0
2026-04-23 05:00:00,24.9,0.0,0.219,21.2,0.0
2026-04-23 06:00:00,25.5,0.0,0.219,15.1,0.0
2026-04-23 07:00:00,27.4,0.0,0.219,12.2,0.0
2026-04-23 08:00:00,30.7,0.0,0.219,14.4,0.0
2026-04-23 09:00:00,34.1,0.0,0.219,14.0,0.0
2026-04-23 10:00:00,37.0,0.0,0.219,21.2,0.0
2026-04-23 11:00:00,39.0,0.0,0.219,27.4,0.0
2026-04-23 12:00:00,40.0,0.0,0.219,33.1,0.0
2026-04-23 13:00:00,40.4,0.0,0.219,33.5,0.0
2026-04-23 14:00:00,40.6,0.0,0.219,32.8,0.0
2026-04-23 15:00:00,40.6,0.0,0.219,35.3,0.0
2026-04-23 16:00:00,40.2,0.0,0.219,35.3,0.0
2026-04-23 17:00:00,38.6,0.0,0.218,19.4,0.0
2026-04-23 18:00:00,35.9,0.0,0.218,26.6,0.0
2026-04-23 19:00:00,33.2,0.0,0.218,17.3,0.0
2026-04-23 20:00:00,29.6,0.0,0.218,17.6,0.0
2026-04-23 21:00:00,27.4,0.0,0.218,13.3,0.0
2026-04-23 22:00:00,25.9,0.0,0.218,9.7,0.0
2026-04-23 23:00:00,26.1,0.0,0.218,16.9,0.0
2026-04-24 00:00:00,27.0,0.0,0.218,15.5,0.0
2026-04-24 01:00:00,26.9,0.0,0.218,15.1,0.0
2026-04-24 02:00:00,27.2,0.0,0.218,16.9,0.0
2026-04-24 03:00:00,26.7,0.0,0.218,18.4,0.0
2026-04-24 04:00:00,26.4,0.0,0.218,18.4,0.0
2026-04-24 05:00:00,25.5,0.0,0.218,18.4,0.0
2026-04-24 06:00:00,26.9,0.0,0.218,24.8,0.0
2026-04-24 07:00:00,29.6,0.0,0.218,27.4,0.0
2026-04-24 08:00:00,32.8,0.0,0.218,18.0,0.0
2026-04-24 09:00:00,36.3,0.0,0.218,22.3,0.0
2026-04-24 10:00:00,39.4,0.0,0.218,27.7,0.0
2026-04-24 11:00:00,40.6,0.0,0.218,27.7,0.0
2026-04-24 12:00:00,40.8,0.0,0.217,23.8,0.0
2026-04-24 13:00:00,40.7,0.0,0.217,25.2,0.0
2026-04-24 14:00:00,40.5,0.0,0.217,24.8,0.0
2026-04-24 15:00:00,40.6,0.0,0.217,23.0,0.0
2026-04-24 16:00:00,40.7,0.0,0.217,19.8,0.0
2026-04-24 17:00:00,39.2,0.0,0.217,16.2,0.0
2026-04-24 18:00:00,35.9,0.0,0.217,9.0,0.0
2026-04-24 19:00:00,34.0,0.0,0.217,3.2,0.0
2026-04-24 20:00:00,32.7,0.0,0.217,4.0,0.0
2026-04-24 21:00:00,31.7,0.0,0.217,4.0,0.0
2026-04-24 22:00:00,30.7,0.0,0.217,7.6,0.0
2026-04-24 23:00:00,30.5,0.0,0.217,6.8,0.0
2026-04-25 00:00:00,29.6,0.0,0.217,6.8,0.0
2026-04-25 01:00:00,29.5,0.0,0.217,6.8,0.0
2026-04-25 02:00:00,28.1,0.0,0.217,5.4,0.0
2026-04-25 03:00:00,27.2,0.0,0.217,4.3,0.0
2026-04-25 04:00:00,26.2,0.0,0.217,6.5,0.0
2026-04-25 05:00:00,25.8,0.0,0.217,19.8,0.0
2026-04-25 06:00:00,26.9,0.0,0.217,11.9,0.0
2026-04-25 07:00:00,29.4,0.0,0.217,11.2,0.0
2026-04-25 08:00:00,32.7,0.0,0.217,10.8,0.0
2026-04-25 09:00:00,35.7,0.0,0.217,12.6,0.0
2026-04-25 10:00:00,38.0,0.0,0.217,16.2,0.0
2026-04-25 11:00:00,40.1,0.0,0.217,19.4,0.0
2026-04-25 12:00:00,41.3,0.0,0.217,25.9,0.0
2026-04-25 13:00:00,41.6,0.0,0.217,25.2,0.0
2026-04-25 14:00:00,42.0,0.0,0.217,20.9,0.0
2026-04-25 15:00:00,42.5,0.0,0.217,23.4,0.0
2026-04-25 16:00:00,42.0,0.0,0.217,22.3,0.0
2026-04-25 17:00:00,39.2,0.0,0.217,19.8,0.0
2026-04-25 18:00:00,36.3,0.0,0.217,31.3,0.0
2026-04-25 19:00:00,34.4,0.0,0.217,9.4,0.0
2026-04-25 20:00:00,33.5,0.0,0.217,7.2,0.0
2026-04-25 21:00:00,31.4,0.0,0.217,12.2,0.0
2026-04-25 22:00:00,29.5,0.0,0.217,13.0,0.0
2026-04-25 23:00:00,30.3,0.0,0.217,2.5,0.0
2026-04-26 00:00:00,30.7,0.0,0.217,2.2,0.0
2026-04-26 01:00:00,29.1,0.0,0.217,3.6,0.0
2026-04-26 02:00:00,28.1,0.0,0.217,4.0,0.0
2026-04-26 03:00:00,28.1,0.0,0.217,3.2,0.0
2026-04-26 04:00:00,27.3,0.0,0.217,5.4,0.0
2026-04-26 05:00:00,27.5,0.0,0.217,10.4,0.0
2026-04-26 06:00:00,28.3,0.0,0.217,16.2,0.0
2026-04-26 07:00:00,30.4,0.0,0.217,19.8,0.0
2026-04-26 08:00:00,33.3,0.0,0.217,20.2,0.0
2026-04-26 09:00:00,35.7,0.0,0.217,20.2,0.0
2026-04-26 10:00:00,37.7,0.0,0.217,23.0,0.0
2026-04-26 11:00:00,39.5,0.0,0.217,23.0,0.0
2026-04-26 12:00:00,41.0,0.0,0.217,22.3,0.0
2026-04-26 13:00:00,41.6,0.0,0.217,21.2,0.0
2026-04-26 14:00:00,41.8,0.0,0.217,20.5,0.0
2026-04-26 15:00:00,41.9,0.0,0.217,17.6,0.0
2026-04-26 16:00:00,41.6,0.0,0.217,17.6,0.0
2026-04-26 17:00:00,40.4,0.0,0.217,15.8,0.0
2026-04-26 18:00:00,37.6,0.0,0.217,15.1,0.0
2026-04-26 19:00:00,35.2,0.0,0.217,16.2,0.0
2026-04-26 20:00:00,33.9,0.0,0.217,17.6,0.0
2026-04-26 21:00:00,32.8,0.0,0.217,10.8,0.0
2026-04-26 22:00:00,32.2,0.0,0.217,6.1,0.0
2026-04-26 23:00:00,31.9,0.0,0.217,5.0,0.0
2026-04-27 00:00:00,31.3,0.0,0.217,6.8,0.0
2026-04-27 01:00:00,30.4,0.0,0.217,8.3,0.0
2026-04-27 02:00:00,29.9,0.0,0.217,11.2,0.0
2026-04-27 03:00:00,28.8,0.0,0.217,17.3,0.0
2026-04-27 04:00:00,28.1,0.0,0.217,21.6,0.0
2026-04-27 05:00:00,27.6,0.0,0.217,21.6,0.0
2026-04-27 06:00:00,28.5,0.0,0.217,13.0,0.0
2026-04-27 07:00:00,30.9,0.0,0.217,19.4,0.0
2026-04-27 08:00:00,33.2,0.0,0.217,23.0,0.0
2026-04-27 09:00:00,35.3,0.0,0.217,24.8,0.0
2026-04-27 10:00:00,37.3,0.0,0.217,25.2,0.0
2026-04-27 11:00:00,38.6,0.0,0.217,23.8,0.0
2026-04-27 12:00:00,40.2,0.0,0.217,21.6,0.0
2026-04-27 13:00:00,38.0,0.0,0.217,33.1,0.0
2026-04-27 14:00:00,40.4,0.0,0.217,27.4,0.0
2026-04-27 15:00:00,40.3,0.0,0.217,24.8,0.0
2026-04-27 16:00:00,38.5,0.0,0.217,25.6,0.0
2026-04-27 17:00:00,39.3,0.0,0.216,25.9,0.0
2026-04-27 18:00:00,37.6,0.0,0.216,16.6,0.0
2026-04-27 19:00:00,35.7,0.0,0.216,6.5,0.0
2026-04-27 20:00:00,33.6,0.0,0.216,26.3,0.0
2026-04-27 21:00:00,31.5,0.0,0.216,23.0,0.0
2026-04-27 22:00:00,29.8,0.0,0.216,15.5,0.0
2026-04-27 23:00:00,28.2,0.0,0.216,14.4,0.0
2026-04-28 00:00:00,26.9,0.0,0.216,11.5,0.0
2026-04-28 01:00:00,26.7,0.0,0.216,12.6,0.0
2026-04-28 02:00:00,27.0,0.0,0.216,11.2,0.0
2026-04-28 03:00:00,27.4,0.0,0.216,5.4,0.0
2026-04-28 04:00:00,27.2,0.0,0.216,12.2,0.0
2026-04-28 05:00:00,25.1,0.0,0.234,14.4,0.0
2026-04-28 06:00:00,26.4,0.0,0.234,7.9,0.0
2026-04-28 07:00:00,30.1,0.0,0.234,10.4,0.0
2026-04-28 08:00:00,32.7,0.0,0.234,16.9,0.0
2026-04-28 09:00:00,34.9,0.0,0.234,22.3,0.0
2026-04-28 10:00:00,37.3,0.0,0.234,25.2,0.0
2026-04-28 11:00:00,38.3,0.0,0.251,27.4,0.0
2026-04-28 12:00:00,40.2,0.0,0.25,29.5,0.0
2026-04-28 13:00:00,42.4,0.0,0.248,29.2,0.0
2026-04-28 14:00:00,42.1,0.0,0.247,44.3,0.0
2026-04-28 15:00:00,42.6,0.0,0.246,43.9,0.0
2026-04-28 16:00:00,41.7,0.0,0.245,33.8,0.0
2026-04-28 17:00:00,40.0,0.0,0.226,37.1,0.0
2026-04-28 18:00:00,37.5,0.0,0.226,24.8,0.0
2026-04-28 19:00:00,36.4,0.0,0.226,28.8,0.0
2026-04-28 20:00:00,35.1,0.0,0.226,29.5,0.0
2026-04-28 21:00:00,33.5,0.0,0.226,25.9,0.0
2026-04-28 22:00:00,33.1,0.0,0.226,21.6,0.0
2026-04-28 23:00:00,32.6,0.0,0.226,21.2,0.0
2026-04-29 00:00:00,31.2,0.0,0.226,15.8,0.0
2026-04-29 01:00:00,29.3,0.0,0.226,18.0,0.0
2026-04-29 02:00:00,29.1,0.0,0.226,24.8,0.0
2026-04-29 03:00:00,28.7,0.0,0.226,17.3,0.0
2026-04-29 04:00:00,27.7,0.0,0.226,17.3,0.0
2026-04-29 05:00:00,27.8,0.0,0.226,16.9,0.0
2026-04-29 06:00:00,28.7,0.0,0.226,14.8,0.0
2026-04-29 07:00:00,30.8,0.0,0.226,14.8,0.0
2026-04-29 08:00:00,32.7,0.0,0.226,19.1,0.0
2026-04-29 09:00:00,35.2,0.0,0.226,21.2,0.0
2026-04-29 10:00:00,37.6,0.0,0.226,20.5,0.0
2026-04-29 11:00:00,39.4,0.0,0.226,20.9,0.0
2026-04-29 12:00:00,40.7,0.0,0.226,31.7,0.0
2026-04-29 13:00:00,41.2,0.0,0.226,44.3,0.0
2026-04-29 14:00:00,41.4,0.0,0.226,48.6,0.0
2026-04-29 15:00:00,40.8,0.0,0.226,54.7,0.0
2026-04-29 16:00:00,39.9,0.0,0.226,55.1,0.0
2026-04-29 17:00:00,39.2,0.0,0.226,44.3,0.0
2026-04-29 18:00:00,37.8,0.0,0.226,31.0,0.0
2026-04-29 19:00:00,35.7,0.0,0.226,24.1,0.0
2026-04-29 20:00:00,33.7,0.0,0.226,16.6,0.0
2026-04-29 21:00:00,33.2,0.0,0.226,19.1,0.0
2026-04-29 22:00:00,31.9,0.0,0.226,15.5,0.0
2026-04-29 23:00:00,33.1,0.0,0.226,12.2,0.0
2026-04-30 00:00:00,30.7,0.0,0.226,21.6,0.0
2026-04-30 01:00:00,30.2,0.0,0.226,16.9,0.0
2026-04-30 02:00:00,29.7,0.0,0.226,17.6,0.0
2026-04-30 03:00:00,28.3,0.0,0.226,14.8,0.0
2026-04-30 04:00:00,27.1,0.0,0.226,16.2,0.0
2026-04-30 05:00:00,25.6,0.0,0.226,22.0,0.0
2026-04-30 06:00:00,25.8,0.0,0.226,20.5,0.0
2026-04-30 07:00:00,29.0,0.0,0.226,22.3,0.0
2026-04-30 08:00:00,32.3,0.0,0.226,20.9,0.0
2026-04-30 09:00:00,34.9,0.0,0.226,22.0,0.0
2026-04-30 10:00:00,36.3,0.0,0.226,18.7,0.0
2026-04-30 11:00:00,37.7,0.0,0.226,16.9,0.0
2026-04-30 12:00:00,39.7,0.0,0.226,23.0,0.0
2026-04-30 13:00:00,40.3,0.0,0.226,36.7,0.0
2026-04-30 14:00:00,39.0,0.0,0.226,37.8,0.0
2026-04-30 15:00:00,36.4,0.0,0.226,42.8,0.0
2026-04-30 16:00:00,36.2,0.0,0.226,44.6,0.0
2026-04-30 17:00:00,38.2,0.0,0.226,19.1,0.0
2026-04-30 18:00:00,35.9,0.0,0.226,15.5,0.0
2026-04-30 19:00:00,33.8,0.0,0.226,9.4,0.0
2026-04-30 20:00:00,31.8,0.0,0.226,22.7,0.0
2026-04-30 21:00:00,31.1,0.0,0.226,24.5,0.0
2026-04-30 22:00:00,31.3,0.0,0.226,36.7,0.0
2026-04-30 23:00:00,29.6,0.0,0.226,30.2,0.0
2026-05-01 00:00:00,28.0,0.0,0.226,23.0,0.0
2026-05-01 01:00:00,27.7,0.0,0.226,20.5,0.0
2026-05-01 02:00:00,26.7,0.0,0.226,19.8,0.0
2026-05-01 03:00:00,25.6,0.0,0.226,4.0,0.0
2026-05-01 04:00:00,24.9,0.0,0.226,2.5,0.0
2026-05-01 05:00:00,24.2,0.0,0.226,2.5,0.0
2026-05-01 06:00:00,25.0,0.0,0.226,9.0,0.0
2026-05-01 07:00:00,27.2,0.0,0.226,11.2,0.0
2026-05-01 08:00:00,29.3,0.0,0.226,23.0,0.0
2026-05-01 09:00:00,31.8,0.0,0.226,20.5,0.0
2026-05-01 10:00:00,33.7,0.0,0.226,20.9,0.0
2026-05-01 11:00:00,34.4,0.0,0.226,19.8,0.0
2026-05-01 12:00:00,36.0,0.0,0.225,22.7,0.0
2026-05-01 13:00:00,38.2,0.0,0.225,27.0,0.0
2026-05-01 14:00:00,38.7,0.0,0.225,36.4,0.0
2026-05-01 15:00:00,38.4,0.0,0.225,40.3,0.0
2026-05-01 16:00:00,38.3,0.0,0.225,33.1,0.0
2026-05-01 17:00:00,37.2,0.0,0.225,20.5,0.0
2026-05-01 18:00:00,35.0,0.0,0.225,17.3,0.0
2026-05-01 19:00:00,33.7,0.0,0.225,18.0,0.0
2026-05-01 20:00:00,32.4,0.0,0.225,14.0,0.0
2026-05-01 21:00:00,31.1,0.0,0.225,14.4,0.0
2026-05-01 22:00:00,29.6,0.0,0.225,15.5,0.0
2026-05-01 23:00:00,30.4,0.0,0.225,13.3,0.0
2026-05-02 00:00:00,29.7,0.0,0.225,5.0,0.0
2026-05-02 01:00:00,28.6,0.0,0.225,6.1,0.0
2026-05-02 02:00:00,28.1,0.0,0.225,6.1,0.0
2026-05-02 03:00:00,28.1,0.0,0.225,1.8,0.0
2026-05-02 04:00:00,27.9,0.0,0.225,1.8,0.0
2026-05-02 05:00:00,26.6,0.0,0.225,6.1,0.0
2026-05-02 06:00:00,28.3,0.0,0.225,8.6,0.0
2026-05-02 07:00:00,30.1,0.0,0.225,15.8,0.0
2026-05-02 08:00:00,32.7,0.0,0.225,20.9,0.0
2026-05-02 09:00:00,35.1,0.0,0.225,26.6,0.0
2026-05-02 10:00:00,36.9,0.0,0.225,26.3,0.0
2026-05-02 11:00:00,37.5,0.0,0.225,31.7,0.0
2026-05-02 12:00:00,39.5,0.0,0.225,35.3,0.0
2026-05-02 13:00:00,40.2,0.0,0.225,41.4,0.0
2026-05-02 14:00:00,40.1,0.0,0.225,41.4,0.0
2026-05-02 15:00:00,39.9,0.0,0.225,41.4,0.0
2026-05-02 16:00:00,39.2,0.0,0.225,41.8,0.0
2026-05-02 17:00:00,38.3,0.0,0.225,39.2,0.0
2026-05-02 18:00:00,31.6,0.0,0.225,68.0,0.0
2026-05-02 19:00:00,29.0,0.0,0.225,71.6,0.0
2026-05-02 20:00:00,26.9,0.3,0.227,44.6,0.3
2026-05-02 21:00:00,26.6,0.1,0.228,28.1,0.4
2026-05-02 22:00:00,26.6,0.0,0.228,13.0,0.4
2026-05-02 23:00:00,25.5,0.0,0.228,9.7,0.4
2026-05-03 00:00:00,25.0,0.0,0.228,6.1,0.4
2026-05-03 01:00:00,24.6,0.0,0.228,7.9,0.4
2026-05-03 02:00:00,23.9,0.0,0.228,9.7,0.4
2026-05-03 03:00:00,23.3,0.0,0.228,10.1,0.4
2026-05-03 04:00:00,23.0,0.0,0.228,6.8,0.4
2026-05-03 05:00:00,24.7,0.0,0.225,6.8,0.4
2026-05-03 06:00:00,26.3,0.0,0.225,11.2,0.4
2026-05-03 07:00:00,28.7,0.0,0.225,13.3,0.4
2026-05-03 08:00:00,31.2,0.0,0.225,16.9,0.4
2026-05-03 09:00:00,33.2,0.0,0.225,17.3,0.4
2026-05-03 10:00:00,35.3,0.0,0.225,16.6,0.4
2026-05-03 11:00:00,35.5,0.0,0.225,16.2,0.4
2026-05-03 12:00:00,37.6,0.0,0.225,19.1,0.4
2026-05-03 13:00:00,38.4,0.0,0.225,22.3,0.4
2026-05-03 14:00:00,38.6,0.0,0.225,24.5,0.4
2026-05-03 15:00:00,38.8,0.0,0.225,25.6,0.4
2026-05-03 16:00:00,39.1,0.0,0.225,25.2,0.4
2026-05-03 17:00:00,38.3,0.0,0.225,25.6,0.4
2026-05-03 18:00:00,34.7,0.0,0.225,13.3,0.4
2026-05-03 19:00:00,32.2,0.0,0.225,25.9,0.4
2026-05-03 20:00:00,32.4,0.0,0.225,26.6,0.4
2026-05-03 21:00:00,32.3,0.0,0.225,22.7,0.4
2026-05-03 22:00:00,31.5,0.0,0.225,21.6,0.4
2026-05-03 23:00:00,30.5,0.0,0.225,14.0,0.4
2026-05-04 00:00:00,29.6,0.0,0.225,9.4,0.4
2026-05-04 01:00:00,29.3,0.0,0.225,16.6,0.4
2026-05-04 02:00:00,28.8,0.0,0.225,24.1,0.4
2026-05-04 03:00:00,28.2,0.0,0.225,22.7,0.4
2026-05-04 04:00:00,27.1,0.0,0.225,19.8,0.4
2026-05-04 05:00:00,26.7,0.0,0.225,17.6,0.4
2026-05-04 06:00:00,27.5,0.0,0.225,18.4,0.4
2026-05-04 07:00:00,29.9,0.0,0.225,27.0,0.4
2026-05-04 08:00:00,31.5,0.0,0.225,30.2,0.4
2026-05-04 09:00:00,33.4,0.0,0.225,29.9,0.4
2026-05-04 10:00:00,35.3,0.0,0.225,27.7,0.4
2026-05-04 11:00:00,35.8,0.0,0.225,24.8,0.4
2026-05-04 12:00:00,37.8,0.0,0.225,19.8,0.4
2026-05-04 13:00:00,38.7,0.0,0.225,22.7,0.4
2026-05-04 14:00:00,39.4,0.0,0.225,23.0,0.4
2026-05-04 15:00:00,40.0,0.0,0.225,21.2,0.4
2026-05-04 16:00:00,39.5,0.0,0.225,22.3,0.4
2026-05-04 17:00:00,38.1,0.0,0.224,20.2,0.4
2026-05-04 18:00:00,34.8,0.0,0.224,20.2,0.4
2026-05-04 19:00:00,32.6,0.0,0.224,12.2,0.4
2026-05-04 20:00:00,30.9,0.0,0.224,19.4,0.4
2026-05-04 21:00:00,30.5,0.0,0.224,19.1,0.4
2026-05-04 22:00:00,30.0,0.0,0.224,17.3,0.4
2026-05-04 23:00:00,30.3,0.0,0.224,19.1,0.4
2026-05-05 00:00:00,29.7,0.0,0.224,25.6,0.4
2026-05-05 01:00:00,29.0,0.0,0.224,24.1,0.4
2026-05-05 02:00:00,28.1,0.0,0.224,15.1,0.4
2026-05-05 03:00:00,28.0,0.0,0.224,5.8,0.4
2026-05-05 04:00:00,28.0,0.0,0.224,20.9,0.4
2026-05-05 05:00:00,26.8,0.0,0.224,20.5,0.4
2026-05-05 06:00:00,27.2,0.0,0.224,20.5,0.4
2026-05-05 07:00:00,29.4,0.0,0.224,22.7,0.4
2026-05-05 08:00:00,31.6,0.0,0.224,34.6,0.4
2026-05-05 09:00:00,33.1,0.0,0.224,37.4,0.4
2026-05-05 10:00:00,34.7,0.0,0.224,37.8,0.4
2026-05-05 11:00:00,35.2,0.0,0.224,36.4,0.4
2026-05-05 12:00:00,36.7,0.0,0.224,30.2,0.4
2026-05-05 13:00:00,37.6,0.0,0.224,27.7,0.4
2026-05-05 14:00:00,37.9,0.0,0.224,25.6,0.4
2026-05-05 15:00:00,38.0,0.0,0.224,26.3,0.4
2026-05-05 16:00:00,37.5,0.0,0.224,26.3,0.4
2026-05-05 17:00:00,35.1,0.0,0.224,22.7,0.4
2026-05-05 18:00:00,33.8,0.0,0.224,16.9,0.4
2026-05-05 19:00:00,31.7,0.0,0.224,18.4,0.4
2026-05-05 20:00:00,30.0,0.0,0.224,18.7,0.1
2026-05-05 21:00:00,29.9,0.0,0.224,17.6,0.0
2026-05-05 22:00:00,29.2,0.0,0.224,17.3,0.0
2026-05-05 23:00:00,26.1,0.0,0.224,20.2,0.0
2026-05-06 00:00:00,24.7,0.0,0.224,15.1,0.0
2026-05-06 01:00:00,24.3,0.0,0.224,13.0,0.0
2026-05-06 02:00:00,24.4,0.0,0.224,14.0,0.0
2026-05-06 03:00:00,24.6,0.0,0.224,14.0,0.0
2026-05-06 04:00:00,24.4,0.0,0.224,12.2,0.0
2026-05-06 05:00:00,23.5,0.0,0.212,2.5,0.0
2026-05-06 06:00:00,24.7,0.0,0.212,7.6,0.0
2026-05-06 07:00:00,26.7,0.0,0.212,11.2,0.0
2026-05-06 08:00:00,28.9,0.0,0.212,18.4,0.0
2026-05-06 09:00:00,30.8,0.0,0.212,22.7,0.0
2026-05-06 10:00:00,32.9,0.0,0.212,26.3,0.0
2026-05-06 11:00:00,33.4,0.0,0.241,28.4,0.0
2026-05-06 12:00:00,34.8,0.0,0.241,27.4,0.0
2026-05-06 13:00:00,35.6,0.0,0.24,26.6,0.0
2026-05-06 14:00:00,35.9,0.0,0.24,28.8,0.0
2026-05-06 15:00:00,35.9,0.0,0.24,28.8,0.0
2026-05-06 16:00:00,35.8,0.0,0.24,25.9,0.0
2026-05-06 17:00:00,35.4,0.0,0.234,20.5,0.0
2026-05-06 18:00:00,33.5,0.0,0.234,14.8,0.0
2026-05-06 19:00:00,31.4,0.0,0.234,7.9,0.0
2026-05-06 20:00:00,30.8,0.0,0.234,9.7,0.0
2026-05-06 21:00:00,30.1,0.0,0.234,5.4,0.0
2026-05-06 22:00:00,28.7,0.0,0.234,3.2,0.0
2026-05-06 23:00:00,27.8,0.0,0.234,7.2,0.0
2026-05-07 00:00:00,26.4,0.0,0.234,8.3,0.0
2026-05-07 01:00:00,25.3,0.0,0.234,8.3,0.0
2026-05-07 02:00:00,23.3,0.0,0.234,10.4,0.0
2026-05-07 03:00:00,22.9,0.0,0.234,13.3,0.0
2026-05-07 04:00:00,22.2,0.0,0.234,12.6,0.0
2026-05-07 05:00:00,22.1,0.0,0.219,11.9,0.0
2026-05-07 06:00:00,24.6,0.0,0.219,14.0,0.0
2026-05-07 07:00:00,28.4,0.0,0.219,15.8,0.0
2026-05-07 08:00:00,31.4,0.0,0.219,25.9,0.0
2026-05-07 09:00:00,33.6,0.0,0.219,33.5,0.0
2026-05-07 10:00:00,35.3,0.0,0.219,33.5,0.0
2026-05-07 11:00:00,35.7,0.0,0.239,27.4,0.0
2026-05-07 12:00:00,36.4,0.0,0.239,25.9,0.0
2026-05-07 13:00:00,36.6,0.0,0.238,21.6,0.0
2026-05-07 14:00:00,36.9,0.0,0.238,20.9,0.0
2026-05-07 15:00:00,36.5,0.0,0.238,18.0,0.0
2026-05-07 16:00:00,36.5,0.0,0.238,13.7,0.0
2026-05-07 17:00:00,35.4,0.0,0.253,12.6,0.0
2026-05-07 18:00:00,33.2,0.0,0.252,17.3,0.0
2026-05-07 19:00:00,31.8,0.0,0.252,17.3,0.0
2026-05-07 20:00:00,30.1,0.0,0.252,13.0,0.0
2026-05-07 21:00:00,29.6,0.0,0.251,9.0,0.0
2026-05-07 22:00:00,29.7,0.0,0.251,15.5,0.0
2026-05-07 23:00:00,28.8,0.0,0.272,10.1,0.0
2026-05-08 00:00:00,28.0,0.0,0.272,4.3,0.0
2026-05-08 01:00:00,26.7,0.0,0.272,7.2,0.0
2026-05-08 02:00:00,25.8,0.0,0.272,11.2,0.0
2026-05-08 03:00:00,24.8,0.0,0.272,8.3,0.0
2026-05-08 04:00:00,24.3,0.0,0.271,11.9,0.0
2026-05-08 05:00:00,23.1,0.0,0.234,14.8,0.0
2026-05-08 06:00:00,24.2,0.0,0.234,13.0,0.0
2026-05-08 07:00:00,27.5,0.0,0.234,12.2,0.0
2026-05-08 08:00:00,30.3,0.0,0.234,17.3,0.0
2026-05-08 09:00:00,32.7,0.0,0.234,21.2,0.0
2026-05-08 10:00:00,34.6,0.0,0.234,23.0,0.0
2026-05-08 11:00:00,35.3,0.0,0.234,25.9,0.0
2026-05-08 12:00:00,36.5,0.0,0.234,28.8,0.0
2026-05-08 13:00:00,36.5,0.0,0.234,25.9,0.0
2026-05-08 14:00:00,37.2,0.0,0.234,22.3,0.0
2026-05-08 15:00:00,37.0,0.0,0.234,18.4,0.0
2026-05-08 16:00:00,36.5,0.0,0.234,14.0,0.0
2026-05-08 17:00:00,35.4,0.0,0.26,13.7,0.0
2026-05-08 18:00:00,33.5,0.0,0.259,16.2,0.0
2026-05-08 19:00:00,31.3,0.0,0.259,13.3,0.0
2026-05-08 20:00:00,30.3,0.0,0.258,12.2,0.0
2026-05-08 21:00:00,29.3,0.0,0.258,11.9,0.0
2026-05-08 22:00:00,28.0,0.0,0.258,11.9,0.0
2026-05-08 23:00:00,27.5,0.0,0.277,6.1,0.0
2026-05-09 00:00:00,27.3,0.0,0.277,8.6,0.0
2026-05-09 01:00:00,26.8,0.0,0.277,5.0,0.0
2026-05-09 02:00:00,26.4,0.0,0.277,14.0,0.0
2026-05-09 03:00:00,25.7,0.0,0.276,14.4,0.0
2026-05-09 04:00:00,25.2,0.0,0.276,14.0,0.0
2026-05-09 05:00:00,23.7,0.0,0.234,9.4,0.0
2026-05-09 06:00:00,24.7,0.0,0.234,27.0,0.0
2026-05-09 07:00:00,27.4,0.0,0.234,25.6,0.0
2026-05-09 08:00:00,29.7,0.0,0.234,27.0,0.0
2026-05-09 09:00:00,31.7,0.0,0.234,27.7,0.0
2026-05-09 10:00:00,33.9,0.0,0.234,29.2,0.0
2026-05-09 11:00:00,34.9,0.0,0.234,35.3,0.0
2026-05-09 12:00:00,36.3,0.0,0.234,34.9,0.0
2026-05-09 13:00:00,36.9,0.0,0.234,33.5,0.0
2026-05-09 14:00:00,37.5,0.0,0.234,28.8,0.0
2026-05-09 15:00:00,33.0,0.1,0.234,47.5,0.1
2026-05-09 16:00:00,29.4,0.6,0.241,61.2,0.7
2026-05-09 17:00:00,31.2,0.0,0.246,15.5,0.7
2026-05-09 18:00:00,30.0,0.0,0.246,19.1,0.7
2026-05-09 19:00:00,29.0,0.0,0.246,20.2,0.7
2026-05-09 20:00:00,28.4,0.0,0.246,19.8,0.7
2026-05-09 21:00:00,27.8,0.0,0.246,17.3,0.7
2026-05-09 22:00:00,27.3,0.0,0.245,14.8,0.7
2026-05-09 23:00:00,25.8,0.0,0.245,14.0,0.7
2026-05-10 00:00:00,25.3,0.0,0.245,16.9,0.7
2026-05-10 01:00:00,25.0,0.0,0.245,15.1,0.7
2026-05-10 02:00:00,24.4,0.0,0.245,14.4,0.7
2026-05-10 03:00:00,23.7,0.0,0.245,7.9,0.7
2026-05-10 04:00:00,23.6,0.0,0.245,6.5,0.7
2026-05-10 05:00:00,23.3,0.0,0.229,5.8,0.7
2026-05-10 06:00:00,25.3,0.0,0.229,14.8,0.7
2026-05-10 07:00:00,27.2,0.0,0.229,17.3,0.7
2026-05-10 08:00:00,29.3,0.0,0.229,20.9,0.7
2026-05-10 09:00:00,31.3,0.0,0.229,23.4,0.7
2026-05-10 10:00:00,33.2,0.0,0.229,25.6,0.7
2026-05-10 11:00:00,33.8,0.0,0.244,25.9,0.7
2026-05-10 12:00:00,35.2,0.0,0.243,26.6,0.7
2026-05-10 13:00:00,36.1,0.0,0.242,25.2,0.7
2026-05-10 14:00:00,36.6,0.0,0.241,20.9,0.7
2026-05-10 15:00:00,36.7,0.0,0.241,17.3,0.7
2026-05-10 16:00:00,36.6,0.0,0.241,16.9,0.7
2026-05-10 17:00:00,35.9,0.0,0.251,21.2,0.7
2026-05-10 18:00:00,33.8,0.0,0.251,10.1,0.7
2026-05-10 19:00:00,32.0,0.0,0.25,20.9,0.7
2026-05-10 20:00:00,31.1,0.0,0.25,20.5,0.7
2026-05-10 21:00:00,29.9,0.0,0.25,16.2,0.7
2026-05-10 22:00:00,29.1,0.0,0.25,16.6,0.7
2026-05-10 23:00:00,28.8,0.0,0.266,13.3,0.7
2026-05-11 00:00:00,28.4,0.0,0.266,7.6,0.7
2026-05-11 01:00:00,27.9,0.0,0.266,4.3,0.7
2026-05-11 02:00:00,27.1,0.0,0.265,5.8,0.7
2026-05-11 03:00:00,26.9,0.0,0.265,6.1,0.7
2026-05-11 04:00:00,26.6,0.0,0.265,2.9,0.7
2026-05-11 05:00:00,25.7,0.0,0.257,15.8,0.7
2026-05-11 06:00:00,27.2,0.0,0.257,19.8,0.7
2026-05-11 07:00:00,29.5,0.0,0.257,23.0,0.7
2026-05-11 08:00:00,30.9,0.0,0.256,25.9,0.7
2026-05-11 09:00:00,32.6,0.0,0.255,28.4,0.7
2026-05-11 10:00:00,34.5,0.0,0.254,30.6,0.7
2026-05-11 11:00:00,35.5,0.0,0.271,31.0,0.7
2026-05-11 12:00:00,36.9,0.0,0.27,32.0,0.7
2026-05-11 13:00:00,37.8,0.0,0.268,27.4,0.7
2026-05-11 14:00:00,38.2,0.0,0.266,23.4,0.7
2026-05-11 15:00:00,38.3,0.0,0.265,20.5,0.7
2026-05-11 16:00:00,38.1,0.0,0.263,19.4,0.7
2026-05-11 17:00:00,38.0,0.0,0.234,24.8,0.7
2026-05-11 18:00:00,35.6,0.0,0.234,20.5,0.7
2026-05-11 19:00:00,34.0,0.0,0.234,19.1,0.7
2026-05-11 20:00:00,33.1,0.0,0.234,19.4,0.7
2026-05-11 21:00:00,31.2,0.0,0.234,12.6,0.7
2026-05-11 22:00:00,30.2,0.0,0.234,7.6,0.7
2026-05-11 23:00:00,29.7,0.0,0.234,7.6,0.7
2026-05-12 00:00:00,29.7,0.0,0.234,8.3,0.7
2026-05-12 01:00:00,28.7,0.0,0.234,7.9,0.7
2026-05-12 02:00:00,28.6,0.0,0.234,3.6,0.7
2026-05-12 03:00:00,28.5,0.0,0.234,2.5,0.7
2026-05-12 04:00:00,28.2,0.0,0.234,2.5,0.7
2026-05-12 05:00:00,28.3,0.0,0.232,4.0,0.7
2026-05-12 06:00:00,29.7,0.0,0.232,4.0,0.7
2026-05-12 07:00:00,31.0,0.0,0.232,16.6,0.7
2026-05-12 08:00:00,33.1,0.0,0.231,21.2,0.7
2026-05-12 09:00:00,34.8,0.0,0.231,24.5,0.7
2026-05-12 10:00:00,36.4,0.0,0.231,25.9,0.7
2026-05-12 11:00:00,36.7,0.0,0.285,25.9,0.7
2026-05-12 12:00:00,38.0,0.0,0.283,25.2,0.7
2026-05-12 13:00:00,38.2,1.9,0.303,22.0,2.5999999999999996
2026-05-12 14:00:00,38.8,0.1,0.301,19.1,2.6999999999999997
2026-05-12 15:00:00,39.7,0.0,0.299,22.7,2.5999999999999996
2026-05-12 16:00:00,39.6,0.0,0.297,22.7,2.0
2026-05-12 17:00:00,38.6,0.0,0.286,18.7,2.0
2026-05-12 18:00:00,35.6,0.0,0.286,7.6,2.0
2026-05-12 19:00:00,34.4,0.0,0.285,19.8,2.0
2026-05-12 20:00:00,34.0,0.0,0.284,25.2,2.0
2026-05-12 21:00:00,32.1,0.0,0.283,24.5,2.0
2026-05-12 22:00:00,30.7,0.0,0.283,23.0,2.0
2026-05-12 23:00:00,30.4,0.0,0.282,19.8,2.0
2026-05-13 00:00:00,29.6,0.0,0.282,16.2,2.0
2026-05-13 01:00:00,29.7,0.0,0.281,14.4,2.0
2026-05-13 02:00:00,29.5,0.0,0.281,8.3,2.0
2026-05-13 03:00:00,29.1,0.0,0.281,16.9,2.0
2026-05-13 04:00:00,28.8,0.0,0.281,16.9,2.0
2026-05-13 05:00:00,27.9,0.0,0.281,19.1,2.0
2026-05-13 06:00:00,28.8,0.0,0.281,17.6,2.0
2026-05-13 07:00:00,30.7,0.0,0.28,20.5,2.0
2026-05-13 08:00:00,32.2,0.0,0.279,25.6,2.0
2026-05-13 09:00:00,33.9,0.0,0.278,30.6,2.0
2026-05-13 10:00:00,35.6,0.0,0.276,32.0,2.0
2026-05-13 11:00:00,37.1,0.0,0.274,32.0,2.0
2026-05-13 12:00:00,38.6,0.0,0.272,34.2,2.0
2026-05-13 13:00:00,39.4,0.0,0.271,33.5,2.0
2026-05-13 14:00:00,39.9,0.0,0.269,29.2,2.0
2026-05-13 15:00:00,39.6,0.0,0.267,26.6,2.0
2026-05-13 16:00:00,39.3,0.0,0.266,21.6,2.0
2026-05-13 17:00:00,35.9,0.0,0.267,25.9,2.0
2026-05-13 18:00:00,35.0,0.1,0.267,19.1,2.1
2026-05-13 19:00:00,33.7,0.0,0.266,18.0,2.1
2026-05-13 20:00:00,32.7,0.0,0.266,13.0,2.1
2026-05-13 21:00:00,31.9,0.0,0.265,9.4,2.1
2026-05-13 22:00:00,31.2,0.0,0.265,9.4,2.1
2026-05-13 23:00:00,30.2,0.0,0.265,6.5,2.1
2026-05-14 00:00:00,30.0,0.0,0.264,14.8,2.1
2026-05-14 01:00:00,29.6,0.0,0.264,22.3,2.1
2026-05-14 02:00:00,29.1,0.0,0.264,24.8,2.1
2026-05-14 03:00:00,28.5,0.0,0.263,19.8,2.1
2026-05-14 04:00:00,27.9,0.0,0.263,13.0,2.1
2026-05-14 05:00:00,27.5,0.0,0.263,15.8,2.1
2026-05-14 06:00:00,28.3,0.0,0.262,16.9,2.1
2026-05-14 07:00:00,30.2,0.0,0.262,27.7,2.1
2026-05-14 08:00:00,32.1,0.0,0.261,29.5,2.1
2026-05-14 09:00:00,34.0,0.0,0.26,28.8,2.1
2026-05-14 10:00:00,35.8,0.0,0.259,27.0,2.1
2026-05-14 11:00:00,36.6,0.0,0.257,26.6,2.1
2026-05-14 12:00:00,37.9,0.0,0.256,22.7,2.1
2026-05-14 13:00:00,38.8,0.0,0.254,22.7,2.1
2026-05-14 14:00:00,39.3,0.0,0.253,20.9,2.1
2026-05-14 15:00:00,39.2,0.0,0.251,17.6,2.1
2026-05-14 16:00:00,38.8,0.0,0.251,18.0,2.1
2026-05-14 17:00:00,38.5,0.1,0.25,17.3,2.1999999999999997
2026-05-14 18:00:00,36.6,0.0,0.25,9.7,2.1999999999999997
2026-05-14 19:00:00,34.9,0.0,0.25,15.1,2.1999999999999997
2026-05-14 20:00:00,33.9,0.0,0.249,16.2,2.1999999999999997
2026-05-14 21:00:00,33.0,0.0,0.249,14.8,2.1999999999999997
2026-05-14 22:00:00,32.5,0.0,0.249,6.8,2.1999999999999997
2026-05-14 23:00:00,31.9,0.0,0.248,12.2,2.1999999999999997
2026-05-15 00:00:00,31.1,0.0,0.248,11.9,2.1999999999999997
2026-05-15 01:00:00,30.9,0.0,0.248,7.9,2.1999999999999997
2026-05-15 02:00:00,30.1,0.0,0.248,14.4,2.1999999999999997
2026-05-15 03:00:00,30.3,0.0,0.248,15.8,2.1999999999999997
2026-05-15 04:00:00,29.5,0.1,0.249,12.6,2.3
2026-05-15 05:00:00,29.2,0.2,0.247,15.8,2.5
2026-05-15 06:00:00,30.1,0.0,0.247,22.3,2.5
2026-05-15 07:00:00,31.7,0.0,0.246,30.2,2.5
2026-05-15 08:00:00,33.3,0.0,0.246,33.8,2.5
2026-05-15 09:00:00,35.0,0.0,0.245,34.6,2.5
2026-05-15 10:00:00,36.6,0.0,0.245,33.8,2.5
2026-05-15 11:00:00,36.7,0.0,0.244,32.4,2.5
2026-05-15 12:00:00,37.8,0.0,0.243,33.8,2.5
2026-05-15 13:00:00,38.6,0.0,0.242,32.4,0.6000000000000001
2026-05-15 14:00:00,39.2,0.0,0.242,27.7,0.5
2026-05-15 15:00:00,39.1,0.0,0.241,25.2,0.5
2026-05-15 16:00:00,38.5,0.0,0.241,16.9,0.5
2026-05-15 17:00:00,38.9,0.0,0.241,19.4,0.5
2026-05-15 18:00:00,36.4,0.0,0.241,19.4,0.5
2026-05-15 19:00:00,34.9,0.0,0.241,20.5,0.5
2026-05-15 20:00:00,33.5,0.0,0.241,19.8,0.5
2026-05-15 21:00:00,32.9,0.0,0.24,19.8,0.5
2026-05-15 22:00:00,32.5,0.0,0.24,15.8,0.5
2026-05-15 23:00:00,31.9,0.0,0.24,25.6,0.5
2026-05-16 00:00:00,31.5,0.0,0.24,17.3,0.5
2026-05-16 01:00:00,30.7,0.0,0.24,20.2,0.5
2026-05-16 02:00:00,29.9,0.0,0.24,19.4,0.5
2026-05-16 03:00:00,29.5,0.0,0.24,15.1,0.5
2026-05-16 04:00:00,29.3,0.0,0.24,13.0,0.5
2026-05-16 05:00:00,29.3,0.0,0.259,12.6,0.5
2026-05-16 06:00:00,30.1,0.0,0.258,17.6,0.5
2026-05-16 07:00:00,32.2,0.0,0.258,22.0,0.5
2026-05-16 08:00:00,33.8,0.0,0.257,24.8,0.5
2026-05-16 09:00:00,35.1,0.0,0.256,24.1,0.5
2026-05-16 10:00:00,36.3,0.0,0.255,17.3,0.5
2026-05-16 11:00:00,37.5,0.0,0.271,19.4,0.5
2026-05-16 12:00:00,38.8,0.0,0.269,22.7,0.5
2026-05-16 13:00:00,39.3,0.0,0.267,23.4,0.5
2026-05-16 14:00:00,39.5,0.0,0.265,22.3,0.5
2026-05-16 15:00:00,39.6,0.0,0.264,22.7,0.5
2026-05-16 16:00:00,39.4,0.0,0.262,22.0,0.5
2026-05-16 17:00:00,39.1,0.0,0.248,16.9,0.5
2026-05-16 18:00:00,36.8,0.0,0.248,9.7,0.4
2026-05-16 19:00:00,35.2,0.0,0.247,7.9,0.4
2026-05-16 20:00:00,34.1,0.0,0.247,20.2,0.4
2026-05-16 21:00:00,32.9,0.0,0.247,21.6,0.4
2026-05-16 22:00:00,32.1,0.0,0.246,19.8,0.4
2026-05-16 23:00:00,31.1,0.0,0.246,21.2,0.4
2026-05-17 00:00:00,30.5,0.0,0.246,21.6,0.4
2026-05-17 01:00:00,29.9,0.0,0.246,18.7,0.4
2026-05-17 02:00:00,29.2,0.0,0.246,14.8,0.4
2026-05-17 03:00:00,28.7,0.0,0.245,14.4,0.4
2026-05-17 04:00:00,28.3,0.0,0.245,16.6,0.4
2026-05-17 05:00:00,27.6,0.0,0.245,15.8,0.4
2026-05-17 06:00:00,28.4,0.0,0.245,13.0,0.4
2026-05-17 07:00:00,30.1,0.0,0.245,17.3,0.4
2026-05-17 08:00:00,31.8,0.0,0.244,22.0,0.4
2026-05-17 09:00:00,33.7,0.0,0.244,24.8,0.4
2026-05-17 10:00:00,35.5,0.0,0.243,25.9,0.4
2026-05-17 11:00:00,36.5,0.0,0.242,25.6,0.4
2026-05-17 12:00:00,37.9,0.0,0.242,22.3,0.4
2026-05-17 13:00:00,38.7,0.0,0.241,21.2,0.4
2026-05-17 14:00:00,39.3,0.0,0.241,22.3,0.4
2026-05-17 15:00:00,39.6,0.0,0.24,15.5,0.4
2026-05-17 16:00:00,39.6,0.0,0.24,16.6,0.4
2026-05-17 17:00:00,38.1,0.0,0.24,26.3,0.30000000000000004
2026-05-17 18:00:00,35.9,0.0,0.24,29.5,0.30000000000000004
2026-05-17 19:00:00,34.7,0.0,0.239,14.4,0.30000000000000004
2026-05-17 20:00:00,34.0,0.0,0.239,15.8,0.30000000000000004
2026-05-17 21:00:00,32.7,0.0,0.239,14.8,0.30000000000000004
2026-05-17 22:00:00,32.5,0.0,0.239,14.8,0.30000000000000004
2026-05-17 23:00:00,31.8,0.0,0.239,6.5,0.30000000000000004
2026-05-18 00:00:00,31.4,0.0,0.239,4.7,0.30000000000000004
2026-05-18 01:00:00,30.5,0.0,0.239,17.3,0.30000000000000004
2026-05-18 02:00:00,29.8,0.0,0.239,17.3,0.30000000000000004
2026-05-18 03:00:00,29.3,0.0,0.239,15.8,0.30000000000000004
2026-05-18 04:00:00,29.1,0.0,0.239,15.8,0.2
2026-05-18 05:00:00,28.5,0.0,0.239,16.2,0.0
2026-05-18 06:00:00,29.5,0.0,0.239,17.3,0.0
2026-05-18 07:00:00,31.5,0.0,0.239,18.0,0.0
2026-05-18 08:00:00,33.4,0.0,0.239,19.8,0.0
2026-05-18 09:00:00,35.6,0.0,0.238,28.1,0.0
2026-05-18 10:00:00,37.4,0.0,0.238,31.0,0.0
2026-05-18 11:00:00,39.1,0.0,0.238,31.0,0.0
2026-05-18 12:00:00,40.5,0.0,0.238,35.6,0.0
2026-05-18 13:00:00,40.0,0.0,0.238,32.8,0.0
2026-05-18 14:00:00,40.3,0.0,0.238,30.2,0.0
2026-05-18 15:00:00,40.6,0.0,0.238,17.6,0.0
2026-05-18 16:00:00,40.4,0.0,0.238,17.6,0.0
2026-05-18 17:00:00,40.3,0.0,0.237,14.8,0.0
2026-05-18 18:00:00,37.5,0.0,0.237,20.2,0.0
2026-05-18 19:00:00,35.9,0.0,0.237,20.2,0.0
2026-05-18 20:00:00,35.0,0.0,0.237,19.1,0.0
2026-05-18 21:00:00,33.5,0.0,0.237,16.6,0.0
2026-05-18 22:00:00,32.7,0.0,0.237,7.6,0.0
2026-05-18 23:00:00,32.0,0.0,0.237,7.2,0.0
2026-05-19 00:00:00,31.4,0.0,0.237,7.6,0.0
2026-05-19 01:00:00,31.5,0.0,0.237,6.8,0.0
2026-05-19 02:00:00,31.1,0.0,0.237,15.1,0.0
2026-05-19 03:00:00,30.4,0.0,0.237,17.3,0.0
2026-05-19 04:00:00,29.8,0.0,0.237,15.5,0.0
2026-05-19 05:00:00,29.7,0.0,0.237,15.5,0.0
2026-05-19 06:00:00,30.4,0.0,0.237,18.4,0.0
2026-05-19 07:00:00,32.4,0.0,0.237,23.0,0.0
2026-05-19 08:00:00,34.2,0.0,0.237,27.7,0.0
2026-05-19 09:00:00,36.0,0.0,0.237,31.7,0.0
2026-05-19 10:00:00,37.4,0.0,0.237,31.7,0.0
2026-05-19 11:00:00,39.1,0.0,0.237,29.9,0.0
2026-05-19 12:00:00,39.6,0.0,0.237,26.3,0.0
2026-05-19 13:00:00,40.7,0.0,0.237,25.6,0.0
2026-05-19 14:00:00,41.1,0.0,0.237,24.5,0.0
2026-05-19 15:00:00,40.3,0.1,0.238,18.0,0.1
2026-05-19 16:00:00,39.9,0.0,0.238,20.5,0.1
2026-05-19 17:00:00,40.1,0.0,0.239,19.4,0.1
2026-05-19 18:00:00,37.6,0.0,0.239,10.4,0.1
2026-05-19 19:00:00,35.8,0.0,0.239,11.5,0.1
2026-05-19 20:00:00,34.5,0.0,0.239,11.9,0.1
2026-05-19 21:00:00,34.0,0.0,0.239,10.4,0.1
2026-05-19 22:00:00,32.9,0.0,0.239,10.8,0.1
2026-05-19 23:00:00,32.8,0.0,0.239,4.7,0.1
2026-05-20 00:00:00,31.9,0.0,0.239,7.2,0.1
2026-05-20 01:00:00,32.1,0.0,0.239,7.6,0.1
2026-05-20 02:00:00,32.4,0.0,0.238,4.0,0.1
2026-05-20 03:00:00,32.3,0.0,0.238,7.6,0.1
2026-05-20 04:00:00,31.6,0.0,0.238,9.0,0.1
2026-05-20 05:00:00,29.7,0.0,0.238,13.3,0.1
2026-05-20 06:00:00,30.4,0.0,0.238,19.1,0.1
2026-05-20 07:00:00,32.2,0.0,0.238,16.6,0.1
2026-05-20 08:00:00,34.1,0.0,0.238,18.7,0.1
2026-05-20 09:00:00,35.8,0.0,0.238,18.4,0.1
2026-05-20 10:00:00,37.7,0.0,0.238,16.9,0.1
2026-05-20 11:00:00,40.0,0.0,0.238,15.8,0.1
2026-05-20 12:00:00,41.9,0.0,0.238,18.7,0.1
2026-05-20 13:00:00,43.0,0.0,0.237,20.9,0.1
2026-05-20 14:00:00,42.5,0.0,0.237,23.0,0.1
2026-05-20 15:00:00,42.1,0.0,0.237,23.0,0.1
2026-05-20 16:00:00,41.4,0.0,0.237,20.5,0.1
2026-05-20 17:00:00,41.0,0.0,0.237,18.7,0.1
2026-05-20 18:00:00,38.2,0.0,0.237,15.8,0.1
2026-05-20 19:00:00,36.4,0.0,0.237,16.6,0.1
2026-05-20 20:00:00,35.5,0.0,0.237,9.7,0.1
2026-05-20 21:00:00,35.0,0.0,0.237,7.6,0.1
2026-05-20 22:00:00,33.8,0.0,0.237,7.2,0.1
2026-05-20 23:00:00,33.6,0.0,0.237,9.7,0.1
2026-05-21 00:00:00,32.8,0.0,0.237,18.0,0.1
2026-05-21 01:00:00,32.2,0.0,0.237,20.5,0.1
2026-05-21 02:00:00,31.4,0.0,0.237,23.8,0.1
2026-05-21 03:00:00,31.7,0.0,0.237,26.3,0.1
2026-05-21 04:00:00,31.4,0.0,0.237,27.0,0.1
2026-05-21 05:00:00,31.2,0.0,0.237,26.3,0.1
2026-05-21 06:00:00,32.0,0.0,0.237,33.5,0.1
2026-05-21 07:00:00,33.9,0.0,0.237,37.4,0.1
2026-05-21 08:00:00,36.2,0.0,0.237,43.9,0.1
2026-05-21 09:00:00,38.1,0.0,0.237,50.4,0.1
2026-05-21 10:00:00,39.9,0.0,0.237,51.5,0.1
2026-05-21 11:00:00,41.6,0.0,0.237,51.1,0.1
2026-05-21 12:00:00,42.5,0.0,0.237,47.5,0.1
2026-05-21 13:00:00,42.9,0.0,0.237,44.3,0.1
2026-05-21 14:00:00,42.8,0.0,0.237,41.0,0.1
2026-05-21 15:00:00,42.0,0.0,0.237,41.0,0.1
2026-05-21 16:00:00,40.9,0.0,0.237,35.6,0.1
2026-05-21 17:00:00,40.3,0.0,0.237,26.6,0.1
2026-05-21 18:00:00,39.3,0.0,0.237,15.8,0.1
2026-05-21 19:00:00,37.3,0.0,0.237,18.4,0.1
2026-05-21 20:00:00,34.1,0.0,0.237,18.7,0.1
2026-05-21 21:00:00,32.6,0.0,0.237,19.1,0.1
2026-05-21 22:00:00,33.6,0.0,0.237,19.1,0.1
2026-05-21 23:00:00,32.9,0.0,0.237,17.3,0.1
2026-05-22 00:00:00,32.3,0.0,0.237,19.1,0.1
2026-05-22 01:00:00,31.8,0.0,0.237,23.0,0.1
2026-05-22 02:00:00,31.2,0.0,0.237,23.4,0.1
2026-05-22 03:00:00,30.5,0.0,0.237,22.3,0.1
2026-05-22 04:00:00,30.2,0.0,0.237,22.0,0.1
2026-05-22 05:00:00,29.6,0.0,0.237,19.4,0.1
2026-05-22 06:00:00,30.2,0.0,0.237,18.7,0.1
2026-05-22 07:00:00,32.8,0.0,0.237,20.5,0.1
2026-05-22 08:00:00,35.9,0.0,0.237,27.7,0.1
2026-05-22 09:00:00,38.5,0.0,0.237,36.4,0.1
2026-05-22 10:00:00,40.9,0.0,0.237,37.1,0.1
2026-05-22 11:00:00,42.2,0.0,0.237,38.9,0.1
2026-05-22 12:00:00,42.8,0.0,0.237,41.4,0.1
2026-05-22 13:00:00,42.8,0.0,0.237,41.8,0.1
2026-05-22 14:00:00,42.8,0.0,0.237,40.7,0.1
2026-05-22 15:00:00,42.3,0.0,0.237,39.6,0.0
2026-05-22 16:00:00,42.1,0.0,0.237,35.6,0.0
2026-05-22 17:00:00,40.7,0.0,0.236,29.9,0.0
2026-05-22 18:00:00,38.0,0.0,0.236,17.6,0.0
2026-05-22 19:00:00,35.2,0.0,0.236,10.4,0.0
2026-05-22 20:00:00,32.8,0.0,0.236,10.8,0.0
2026-05-22 21:00:00,30.5,0.0,0.236,11.2,0.0
2026-05-22 22:00:00,30.1,0.0,0.236,12.2,0.0
2026-05-22 23:00:00,30.2,0.0,0.236,12.2,0.0
2026-05-23 00:00:00,30.2,0.0,0.236,10.8,0.0
2026-05-23 01:00:00,29.5,0.0,0.236,13.7,0.0
2026-05-23 02:00:00,28.8,0.0,0.236,15.8,0.0
2026-05-23 03:00:00,28.3,0.0,0.236,15.8,0.0
2026-05-23 04:00:00,28.7,0.0,0.236,17.6,0.0
2026-05-23 05:00:00,28.4,0.0,0.236,17.6,0.0
2026-05-23 06:00:00,30.2,0.0,0.236,24.8,0.0
2026-05-23 07:00:00,33.1,0.0,0.236,27.4,0.0
2026-05-23 08:00:00,36.0,0.0,0.236,31.7,0.0
2026-05-23 09:00:00,38.6,0.0,0.236,37.8,0.0
2026-05-23 10:00:00,40.5,0.0,0.236,41.4,0.0
2026-05-23 11:00:00,41.9,0.0,0.236,41.8,0.0
2026-05-23 12:00:00,42.3,0.0,0.236,40.3,0.0
2026-05-23 13:00:00,42.8,0.0,0.236,36.7,0.0
2026-05-23 14:00:00,43.0,0.0,0.236,35.6,0.0
2026-05-23 15:00:00,42.5,0.0,0.236,35.6,0.0
2026-05-23 16:00:00,42.0,0.0,0.236,32.4,0.0
2026-05-23 17:00:00,41.3,0.0,0.236,23.8,0.0
2026-05-23 18:00:00,38.7,0.0,0.236,15.8,0.0
2026-05-23 19:00:00,36.4,0.0,0.236,19.1,0.0
2026-05-23 20:00:00,36.0,0.0,0.236,22.7,0.0
2026-05-23 21:00:00,35.4,0.0,0.236,22.7,0.0
2026-05-23 22:00:00,33.5,0.0,0.236,21.6,0.0
2026-05-23 23:00:00,31.9,0.0,0.236,13.3,0.0
2026-05-24 00:00:00,30.8,0.0,0.236,8.3,0.0
2026-05-24 01:00:00,30.4,0.0,0.236,10.4,0.0
2026-05-24 02:00:00,29.6,0.0,0.236,6.1,0.0
2026-05-24 03:00:00,29.3,0.0,0.236,6.5,0.0
2026-05-24 04:00:00,29.1,0.0,0.236,9.0,0.0
2026-05-24 05:00:00,28.3,0.0,0.236,13.7,0.0
2026-05-24 06:00:00,29.4,0.0,0.236,11.2,0.0
2026-05-24 07:00:00,31.8,0.0,0.236,15.8,0.0
2026-05-24 08:00:00,35.3,0.0,0.236,27.7,0.0
2026-05-24 09:00:00,38.2,0.0,0.236,35.6,0.0
2026-05-24 10:00:00,40.2,0.0,0.236,36.7,0.0
2026-05-24 11:00:00,41.8,0.0,0.236,37.1,0.0
2026-05-24 12:00:00,41.7,0.0,0.236,37.4,0.0
2026-05-24 13:00:00,42.1,0.0,0.236,34.6,0.0
2026-05-24 14:00:00,42.6,0.0,0.236,32.8,0.0
2026-05-24 15:00:00,42.4,0.0,0.236,34.2,0.0
2026-05-24 16:00:00,41.7,0.0,0.236,36.7,0.0
2026-05-24 17:00:00,40.8,0.0,0.236,35.3,0.0
2026-05-24 18:00:00,39.1,0.0,0.236,12.6,0.0
2026-05-24 19:00:00,37.8,0.0,0.236,5.0,0.0
2026-05-24 20:00:00,35.9,0.0,0.236,9.4,0.0
2026-05-24 21:00:00,32.9,0.0,0.236,9.0,0.0
2026-05-24 22:00:00,30.5,0.0,0.236,10.4,0.0
2026-05-24 23:00:00,29.0,0.0,0.236,15.1,0.0
2026-05-25 00:00:00,29.5,0.0,0.236,14.8,0.0
2026-05-25 01:00:00,30.4,0.0,0.236,15.5,0.0
2026-05-25 02:00:00,30.2,0.0,0.236,15.1,0.0
2026-05-25 03:00:00,29.1,0.0,0.236,13.0,0.0
2026-05-25 04:00:00,28.9,0.0,0.236,15.1,0.0
2026-05-25 05:00:00,27.8,0.0,0.236,21.2,0.0
2026-05-25 06:00:00,29.2,0.0,0.236,18.4,0.0
2026-05-25 07:00:00,33.1,0.0,0.236,22.3,0.0
2026-05-25 08:00:00,36.0,0.0,0.236,29.2,0.0
2026-05-25 09:00:00,38.6,0.0,0.236,33.5,0.0
2026-05-25 10:00:00,41.1,0.0,0.236,36.0,0.0
2026-05-25 11:00:00,42.8,0.0,0.236,36.0,0.0
2026-05-25 12:00:00,43.4,0.0,0.236,29.2,0.0
2026-05-25 13:00:00,43.6,0.0,0.236,26.6,0.0
2026-05-25 14:00:00,43.2,0.0,0.236,31.3,0.0
2026-05-25 15:00:00,42.2,0.0,0.236,32.4,0.0
2026-05-25 16:00:00,42.3,0.0,0.236,29.5,0.0
2026-05-25 17:00:00,41.9,0.0,0.236,24.5,0.0
2026-05-25 18:00:00,39.7,0.0,0.236,13.7,0.0
2026-05-25 19:00:00,37.0,0.0,0.236,4.0,0.0
2026-05-25 20:00:00,34.6,0.0,0.236,11.9,0.0
2026-05-25 21:00:00,32.9,0.0,0.236,11.9,0.0
2026-05-25 22:00:00,33.5,0.0,0.236,11.5,0.0
2026-05-25 23:00:00,34.3,0.0,0.236,4.0,0.0
2026-05-26 00:00:00,34.0,0.0,0.236,6.1,0.0
2026-05-26 01:00:00,32.7,0.0,0.235,6.8,0.0
2026-05-26 02:00:00,32.0,0.0,0.235,10.1,0.0
2026-05-26 03:00:00,31.0,0.0,0.235,9.4,0.0
2026-05-26 04:00:00,30.4,0.0,0.235,11.2,0.0
2026-05-26 05:00:00,29.5,0.0,0.236,10.1,0.0
2026-05-26 06:00:00,30.7,0.0,0.236,12.6,0.0
2026-05-26 07:00:00,34.0,0.0,0.236,15.1,0.0
2026-05-26 08:00:00,36.0,0.0,0.235,20.9,0.0
2026-05-26 09:00:00,37.7,0.0,0.235,30.2,0.0
2026-05-26 10:00:00,39.2,0.0,0.235,31.7,0.0
2026-05-26 11:00:00,40.9,0.0,0.235,30.6,0.0
2026-05-26 12:00:00,41.9,0.0,0.235,36.0,0.0
2026-05-26 13:00:00,42.3,0.0,0.235,36.4,0.0
2026-05-26 14:00:00,42.7,0.0,0.235,31.7,0.0
2026-05-26 15:00:00,43.0,0.0,0.235,25.9,0.0
2026-05-26 16:00:00,42.6,0.0,0.235,25.6,0.0
2026-05-26 17:00:00,42.2,0.0,0.235,25.6,0.0
2026-05-26 18:00:00,39.3,0.0,0.235,15.1,0.0
2026-05-26 19:00:00,37.8,0.0,0.235,19.8,0.0
2026-05-26 20:00:00,37.4,0.0,0.235,26.3,0.0
2026-05-26 21:00:00,36.2,0.0,0.235,24.8,0.0
2026-05-26 22:00:00,34.4,0.0,0.235,14.4,0.0
2026-05-26 23:00:00,33.3,0.0,0.235,4.0,0.0
2026-05-27 00:00:00,32.2,0.0,0.235,3.2,0.0
2026-05-27 01:00:00,31.2,0.0,0.235,6.1,0.0
2026-05-27 02:00:00,30.7,0.0,0.235,5.0,0.0
2026-05-27 03:00:00,30.5,0.0,0.235,5.4,0.0
2026-05-27 04:00:00,30.1,0.0,0.235,5.4,0.0
2026-05-27 05:00:00,29.2,0.0,0.235,6.5,0.0
2026-05-27 06:00:00,30.4,0.0,0.235,7.9,0.0
2026-05-27 07:00:00,33.3,0.0,0.235,11.9,0.0
2026-05-27 08:00:00,36.1,0.0,0.235,22.0,0.0
2026-05-27 09:00:00,37.9,0.0,0.235,29.2,0.0
2026-05-27 10:00:00,39.9,0.0,0.235,31.0,0.0
2026-05-27 11:00:00,41.6,0.0,0.235,31.3,0.0
2026-05-27 12:00:00,42.5,0.0,0.235,28.4,0.0
2026-05-27 13:00:00,43.4,0.0,0.235,28.8,0.0
2026-05-27 14:00:00,43.6,0.0,0.235,29.5,0.0
2026-05-27 15:00:00,43.4,0.0,0.235,31.3,0.0
2026-05-27 16:00:00,42.7,0.0,0.235,31.3,0.0
2026-05-27 17:00:00,42.1,0.0,0.235,29.2,0.0
2026-05-27 18:00:00,39.6,0.0,0.235,16.6,0.0
2026-05-27 19:00:00,37.9,0.0,0.235,5.0,0.0
2026-05-27 20:00:00,36.1,0.0,0.235,6.1,0.0
2026-05-27 21:00:00,34.9,0.0,0.235,11.9,0.0
2026-05-27 22:00:00,34.8,0.0,0.235,11.9,0.0
2026-05-27 23:00:00,33.9,0.0,0.235,12.2,0.0
2026-05-28 00:00:00,33.1,0.0,0.235,17.3,0.0
2026-05-28 01:00:00,32.6,0.0,0.235,18.4,0.0
2026-05-28 02:00:00,32.3,0.0,0.235,18.4,0.0
2026-05-28 03:00:00,31.7,0.0,0.235,13.7,0.0
2026-05-28 04:00:00,31.1,0.0,0.235,5.4,0.0
2026-05-28 05:00:00,31.1,0.0,0.235,3.2,0.0
2026-05-28 06:00:00,32.0,0.0,0.235,6.8,0.0
2026-05-28 07:00:00,34.0,0.0,0.235,10.1,0.0
2026-05-28 08:00:00,36.7,0.0,0.235,15.8,0.0
2026-05-28 09:00:00,38.6,0.0,0.235,20.5,0.0
2026-05-28 10:00:00,40.1,0.0,0.235,21.2,0.0
2026-05-28 11:00:00,42.0,0.0,0.235,24.5,0.0
2026-05-28 12:00:00,43.0,0.0,0.235,23.8,0.0
2026-05-28 13:00:00,43.6,0.0,0.235,22.7,0.0
2026-05-28 14:00:00,43.8,0.0,0.235,22.7,0.0
2026-05-28 15:00:00,43.8,0.0,0.235,22.3,0.0
2026-05-28 16:00:00,43.2,0.0,0.235,23.0,0.0
2026-05-28 17:00:00,40.4,0.0,0.235,33.8,0.0
2026-05-28 18:00:00,39.0,0.0,0.235,32.8,0.0
2026-05-28 19:00:00,37.3,0.0,0.235,10.4,0.0
2026-05-28 20:00:00,37.1,0.0,0.235,15.8,0.0
2026-05-28 21:00:00,36.2,0.0,0.235,25.6,0.0
2026-05-28 22:00:00,35.2,0.0,0.235,19.4,0.0
2026-05-28 23:00:00,34.3,0.0,0.235,15.5,0.0
2026-05-29 00:00:00,33.0,0.0,0.235,17.3,0.0
2026-05-29 01:00:00,32.2,0.0,0.235,13.3,0.0
2026-05-29 02:00:00,31.7,0.0,0.235,18.4,0.0
2026-05-29 03:00:00,31.4,0.0,0.235,16.9,0.0
2026-05-29 04:00:00,30.7,0.0,0.235,12.2,0.0
2026-05-29 05:00:00,28.2,0.0,0.235,13.3,0.0
2026-05-29 06:00:00,29.3,0.0,0.235,18.7,0.0
2026-05-29 07:00:00,31.6,0.0,0.235,16.2,0.0
2026-05-29 08:00:00,34.3,0.0,0.235,18.0,0.0
2026-05-29 09:00:00,36.9,0.0,0.235,20.5,0.0
2026-05-29 10:00:00,38.6,0.0,0.235,24.1,0.0
2026-05-29 11:00:00,39.5,0.0,0.235,24.1,0.0
2026-05-29 12:00:00,40.9,0.0,0.234,31.3,0.0
2026-05-29 13:00:00,40.7,0.1,0.236,34.6,0.1
2026-05-29 14:00:00,41.3,0.0,0.236,35.6,0.1
2026-05-29 15:00:00,40.6,0.0,0.236,34.6,0.1
2026-05-29 16:00:00,40.5,0.0,0.236,32.0,0.1
2026-05-29 17:00:00,40.2,0.0,0.235,22.7,0.1
2026-05-29 18:00:00,38.0,0.0,0.235,15.1,0.1
2026-05-29 19:00:00,35.9,0.0,0.235,15.5,0.1
2026-05-29 20:00:00,35.3,0.0,0.235,7.2,0.1
2026-05-29 21:00:00,35.1,0.0,0.235,8.3,0.1
2026-05-29 22:00:00,33.1,0.0,0.235,13.0,0.1
2026-05-29 23:00:00,31.4,0.0,0.235,11.5,0.1
2026-05-30 00:00:00,31.1,0.0,0.235,16.6,0.1
2026-05-30 01:00:00,31.5,0.0,0.235,22.7,0.1
2026-05-30 02:00:00,31.2,0.0,0.235,22.0,0.1
2026-05-30 03:00:00,30.3,0.0,0.235,15.5,0.1
2026-05-30 04:00:00,29.8,0.0,0.235,24.8,0.1
2026-05-30 05:00:00,28.6,0.0,0.235,22.3,0.1
2026-05-30 06:00:00,26.7,0.2,0.237,36.7,0.30000000000000004
2026-05-30 07:00:00,28.7,0.3,0.239,37.1,0.6
2026-05-30 08:00:00,32.4,0.0,0.239,24.5,0.6
2026-05-30 09:00:00,34.6,0.0,0.239,20.9,0.6
2026-05-30 10:00:00,36.2,0.0,0.239,21.2,0.6
2026-05-30 11:00:00,37.4,0.0,0.238,24.1,0.6
2026-05-30 12:00:00,38.1,0.0,0.238,24.8,0.6
2026-05-30 13:00:00,38.6,0.0,0.238,23.8,0.6
2026-05-30 14:00:00,38.9,0.0,0.238,24.1,0.6
2026-05-30 15:00:00,38.8,0.1,0.239,24.5,0.7
2026-05-30 16:00:00,38.4,0.0,0.238,27.4,0.7
2026-05-30 17:00:00,25.4,1.2,0.238,47.2,1.9
2026-05-30 18:00:00,26.8,1.8,0.259,29.2,3.7
2026-05-30 19:00:00,28.2,0.0,0.259,21.2,3.7
2026-05-30 20:00:00,27.5,0.0,0.259,21.2,3.7
2026-05-30 21:00:00,27.1,0.0,0.259,16.9,3.7
2026-05-30 22:00:00,26.9,0.0,0.258,11.9,3.7
2026-05-30 23:00:00,26.2,0.0,0.258,12.2,3.7
2026-05-31 00:00:00,26.1,0.0,0.258,12.6,3.7
2026-05-31 01:00:00,26.0,0.0,0.258,4.0,3.7
2026-05-31 02:00:00,25.8,0.0,0.258,8.3,3.7
2026-05-31 03:00:00,25.7,0.0,0.258,8.3,3.7
2026-05-31 04:00:00,25.3,0.0,0.257,7.9,3.7
2026-05-31 05:00:00,24.6,0.0,0.214,7.2,3.7
2026-05-31 06:00:00,25.2,0.0,0.214,15.1,3.7
2026-05-31 07:00:00,26.9,0.0,0.214,17.3,3.7
2026-05-31 08:00:00,29.5,0.0,0.214,18.7,3.7
2026-05-31 09:00:00,32.2,0.0,0.214,19.1,3.7
2026-05-31 10:00:00,34.5,0.0,0.214,22.0,3.7
2026-05-31 11:00:00,35.5,0.0,0.227,23.0,3.7
2026-05-31 12:00:00,36.8,0.0,0.227,27.7,3.7
2026-05-31 13:00:00,37.7,0.0,0.227,27.4,3.7
2026-05-31 14:00:00,38.6,0.0,0.227,23.4,3.7
2026-05-31 15:00:00,38.6,0.0,0.227,33.1,3.7
2026-05-31 16:00:00,37.9,0.0,0.227,38.2,3.7
2026-05-31 17:00:00,36.6,0.0,0.236,36.0,3.7
2026-05-31 18:00:00,35.5,0.0,0.236,27.4,3.7
2026-05-31 19:00:00,34.6,0.0,0.236,20.2,3.7
2026-05-31 20:00:00,34.1,0.0,0.236,15.5,3.7
2026-05-31 21:00:00,33.4,0.0,0.236,10.8,3.7
2026-05-31 22:00:00,32.5,0.0,0.236,16.2,3.7
2026-05-31 23:00:00,31.3,0.0,0.261,16.2,3.7
2026-06-01 00:00:00,30.0,0.0,0.261,23.0,3.7
2026-06-01 01:00:00,29.7,0.0,0.261,11.2,3.7
2026-06-01 02:00:00,29.2,0.0,0.26,10.1,3.7
2026-06-01 03:00:00,28.1,0.0,0.26,10.4,3.7
2026-06-01 04:00:00,27.8,0.0,0.26,7.2,3.7
2026-06-01 05:00:00,26.6,0.0,0.246,4.3,3.7
2026-06-01 06:00:00,27.1,0.0,0.246,7.9,3.7
2026-06-01 07:00:00,28.8,0.0,0.245,12.6,3.7
2026-06-01 08:00:00,31.1,0.0,0.245,16.2,3.7
2026-06-01 09:00:00,33.1,0.0,0.244,19.1,3.7
2026-06-01 10:00:00,35.0,0.0,0.244,21.6,3.7
2026-06-01 11:00:00,36.1,0.0,0.243,21.6,3.7
2026-06-01 12:00:00,37.0,0.0,0.242,17.6,3.7
2026-06-01 13:00:00,37.7,0.0,0.242,16.6,3.5999999999999996
2026-06-01 14:00:00,37.7,0.0,0.241,16.2,3.5999999999999996
2026-06-01 15:00:00,37.9,0.0,0.24,16.6,3.5999999999999996
2026-06-01 16:00:00,37.8,0.0,0.24,17.6,3.5999999999999996
2026-06-01 17:00:00,37.0,0.0,0.261,17.3,3.5999999999999996
2026-06-01 18:00:00,35.7,0.0,0.26,11.2,3.5999999999999996
2026-06-01 19:00:00,34.2,0.0,0.26,1.8,3.5999999999999996
2026-06-01 20:00:00,32.9,0.0,0.26,6.1,3.5999999999999996
2026-06-01 21:00:00,31.4,0.0,0.259,15.1,3.5999999999999996
2026-06-01 22:00:00,30.1,0.0,0.259,14.8,3.5999999999999996
2026-06-01 23:00:00,29.5,0.0,0.259,12.2,3.5999999999999996
2026-06-02 00:00:00,29.5,0.0,0.258,17.3,3.5999999999999996
2026-06-02 01:00:00,29.2,0.0,0.258,18.4,3.5999999999999996
2026-06-02 02:00:00,28.9,0.0,0.258,17.6,3.5999999999999996
2026-06-02 03:00:00,28.4,0.0,0.257,13.7,3.5999999999999996
2026-06-02 04:00:00,28.1,0.0,0.257,18.7,3.5999999999999996
2026-06-02 05:00:00,27.2,0.0,0.239,19.1,3.5999999999999996
2026-06-02 06:00:00,28.0,0.0,0.239,16.6,3.4000000000000004
2026-06-02 07:00:00,29.5,0.0,0.239,22.0,3.0999999999999996
2026-06-02 08:00:00,31.1,0.0,0.239,29.2,3.0999999999999996
2026-06-02 09:00:00,33.3,0.0,0.239,28.1,3.0999999999999996
2026-06-02 10:00:00,35.3,0.0,0.238,23.8,3.0999999999999996
2026-06-02 11:00:00,36.8,0.0,0.238,25.2,3.0999999999999996
2026-06-02 12:00:00,37.5,0.0,0.238,26.3,3.0999999999999996
2026-06-02 13:00:00,38.0,0.0,0.238,26.3,3.0999999999999996
2026-06-02 14:00:00,38.2,0.0,0.238,27.4,3.0999999999999996
2026-06-02 15:00:00,37.8,0.0,0.238,29.2,3.0
2026-06-02 16:00:00,37.1,0.0,0.238,29.2,3.0
2026-06-02 17:00:00,37.3,0.0,0.245,24.8,1.8
2026-06-02 18:00:00,35.6,0.0,0.244,14.8,0.0
2026-06-02 19:00:00,33.0,0.0,0.244,10.8,0.0
2026-06-02 20:00:00,31.0,0.0,0.244,14.8,0.0
2026-06-02 21:00:00,29.6,0.0,0.244,13.3,0.0
2026-06-02 22:00:00,29.3,0.0,0.244,10.8,0.0
2026-06-02 23:00:00,28.5,0.0,0.254,10.8,0.0
2026-06-03 00:00:00,28.5,0.0,0.254,10.4,0.0
2026-06-03 01:00:00,28.7,0.0,0.254,6.5,0.0
2026-06-03 02:00:00,28.6,0.0,0.253,10.4,0.0
2026-06-03 03:00:00,28.4,0.0,0.253,13.0,0.0
2026-06-03 04:00:00,28.0,0.0,0.253,13.0,0.0
2026-06-03 05:00:00,28.1,0.0,0.238,6.5,0.0
2026-06-03 06:00:00,28.7,0.0,0.238,14.8,0.0
2026-06-03 07:00:00,31.0,0.0,0.237,14.8,0.0
2026-06-03 08:00:00,33.4,0.0,0.237,12.2,0.0
2026-06-03 09:00:00,35.2,0.0,0.237,15.5,0.0
2026-06-03 10:00:00,36.7,0.0,0.237,20.5,0.0
2026-06-03 11:00:00,37.2,0.1,0.238,25.9,0.1
2026-06-03 12:00:00,37.8,0.0,0.238,24.1,0.1
2026-06-03 13:00:00,38.3,0.0,0.238,24.5,0.1
2026-06-03 14:00:00,38.5,0.0,0.238,25.6,0.1
2026-06-03 15:00:00,38.3,0.0,0.237,25.6,0.1
2026-06-03 16:00:00,37.8,0.0,0.237,25.2,0.1
2026-06-03 17:00:00,38.0,0.0,0.232,22.7,0.1
2026-06-03 18:00:00,36.7,0.0,0.232,19.4,0.1
2026-06-03 19:00:00,35.5,0.0,0.232,13.3,0.1
2026-06-03 20:00:00,34.5,0.0,0.232,12.6,0.1
2026-06-03 21:00:00,33.8,0.0,0.232,9.4,0.1
2026-06-03 22:00:00,33.8,0.0,0.232,3.2,0.1
2026-06-03 23:00:00,32.8,0.0,0.233,6.8,0.1
2026-06-04 00:00:00,27.6,0.7,0.24,22.3,0.7999999999999999
2026-06-04 01:00:00,25.6,1.0,0.251,18.7,1.7999999999999998
2026-06-04 02:00:00,24.6,2.1,0.277,22.7,3.9
2026-06-04 03:00:00,25.6,0.3,0.281,15.5,4.2
2026-06-04 04:00:00,26.2,0.0,0.281,10.4,4.2
2026-06-04 05:00:00,29.1,0.0,0.233,10.4,4.2
2026-06-04 06:00:00,29.8,0.0,0.233,19.1,4.2
2026-06-04 07:00:00,31.7,0.0,0.233,22.0,4.2
2026-06-04 08:00:00,33.2,0.0,0.233,24.1,4.2
2026-06-04 09:00:00,35.0,0.0,0.233,24.1,4.2
2026-06-04 10:00:00,36.7,0.0,0.233,22.0,4.2
2026-06-04 11:00:00,38.1,0.0,0.241,23.4,4.2
2026-06-04 12:00:00,38.7,0.0,0.24,29.5,4.2
2026-06-04 13:00:00,39.1,0.0,0.24,29.5,4.2
2026-06-04 14:00:00,38.9,0.0,0.24,28.1,4.2
2026-06-04 15:00:00,38.7,0.0,0.24,25.2,4.2
2026-06-04 16:00:00,38.4,0.0,0.24,21.2,4.2
2026-06-04 17:00:00,37.9,0.0,0.232,24.1,4.2
2026-06-04 18:00:00,36.6,0.0,0.232,15.8,4.2
2026-06-04 19:00:00,35.5,0.0,0.232,7.6,4.2
2026-06-04 20:00:00,34.9,0.0,0.232,4.3,4.2
2026-06-04 21:00:00,34.1,0.0,0.232,5.8,4.2
2026-06-04 22:00:00,33.0,0.0,0.232,16.9,4.2
2026-06-04 23:00:00,31.9,0.0,0.241,18.4,4.2
2026-06-05 00:00:00,30.8,0.0,0.241,13.0,4.2
2026-06-05 01:00:00,29.9,0.0,0.241,3.6,4.2
2026-06-05 02:00:00,29.3,0.0,0.241,9.4,4.2
2026-06-05 03:00:00,28.6,0.0,0.241,15.5,4.2
2026-06-05 04:00:00,28.4,0.0,0.241,13.3,4.2
2026-06-05 05:00:00,27.8,0.0,0.271,5.0,4.2
2026-06-05 06:00:00,28.6,0.0,0.271,13.0,4.2
2026-06-05 07:00:00,30.6,0.0,0.27,16.9,4.2
2026-06-05 08:00:00,32.2,0.0,0.269,22.7,4.2
2026-06-05 09:00:00,33.8,0.0,0.268,22.7,4.2
2026-06-05 10:00:00,35.1,0.0,0.266,20.9,4.2
2026-06-05 11:00:00,36.2,0.0,0.274,28.1,4.2
2026-06-05 12:00:00,37.0,0.0,0.272,27.4,4.2
2026-06-05 13:00:00,36.7,0.0,0.27,35.6,4.2
2026-06-05 14:00:00,36.3,0.0,0.268,36.7,4.2
2026-06-05 15:00:00,36.4,0.0,0.267,32.4,4.2
2026-06-05 16:00:00,36.1,0.0,0.265,25.2,4.2
2026-06-05 17:00:00,36.5,0.0,0.258,20.2,4.2
2026-06-05 18:00:00,35.1,0.0,0.258,15.5,4.2
2026-06-05 19:00:00,33.4,0.0,0.258,7.6,4.2
2026-06-05 20:00:00,32.1,0.0,0.257,8.6,4.2
2026-06-05 21:00:00,31.3,0.0,0.257,9.0,4.2
2026-06-05 22:00:00,31.4,0.0,0.257,13.0,4.2
2026-06-05 23:00:00,32.1,0.0,0.261,20.2,4.2
2026-06-06 00:00:00,31.3,0.0,0.261,28.4,4.2
2026-06-06 01:00:00,30.1,0.0,0.26,28.8,4.2
2026-06-06 02:00:00,29.2,0.0,0.26,21.6,4.2
2026-06-06 03:00:00,28.8,0.0,0.26,17.6,4.2
2026-06-06 04:00:00,28.4,0.0,0.26,15.8,4.2
2026-06-06 05:00:00,28.0,0.0,0.242,15.8,4.2
2026-06-06 06:00:00,29.0,0.0,0.242,15.5,4.2
2026-06-06 07:00:00,30.7,0.0,0.242,18.4,4.2
2026-06-06 08:00:00,32.3,0.0,0.242,25.2,4.2
2026-06-06 09:00:00,33.9,0.0,0.241,27.7,4.2
2026-06-06 10:00:00,35.2,0.1,0.242,29.9,4.3
2026-06-06 11:00:00,35.7,0.0,0.248,36.0,4.2
2026-06-06 12:00:00,36.6,0.0,0.247,36.7,4.2
2026-06-06 13:00:00,37.2,0.0,0.246,40.0,4.2
2026-06-06 14:00:00,35.0,0.1,0.246,49.0,4.300000000000001
2026-06-06 15:00:00,35.3,0.0,0.245,46.1,4.300000000000001
2026-06-06 16:00:00,35.6,0.0,0.244,35.3,4.300000000000001
2026-06-06 17:00:00,35.9,0.0,0.243,32.4,4.300000000000001
2026-06-06 18:00:00,34.3,0.0,0.243,31.3,4.300000000000001
2026-06-06 19:00:00,33.1,0.0,0.242,19.4,4.300000000000001
2026-06-06 20:00:00,31.8,0.0,0.242,18.0,4.300000000000001
2026-06-06 21:00:00,31.2,0.0,0.242,13.3,4.300000000000001
2026-06-06 22:00:00,30.8,0.0,0.242,13.3,4.300000000000001
2026-06-06 23:00:00,29.9,0.0,0.239,7.2,4.300000000000001
2026-06-07 00:00:00,29.1,0.0,0.239,9.4,3.6
2026-06-07 01:00:00,28.3,0.0,0.239,17.6,2.6
2026-06-07 02:00:00,28.0,0.0,0.239,19.4,0.5
2026-06-07 03:00:00,27.9,0.0,0.239,21.6,0.2
2026-06-07 04:00:00,28.2,0.0,0.238,25.2,0.2
2026-06-07 05:00:00,28.5,0.0,0.242,26.3,0.2
2026-06-07 06:00:00,29.4,0.0,0.242,22.0,0.2
2026-06-07 07:00:00,31.4,0.0,0.242,27.0,0.2
2026-06-07 08:00:00,33.1,0.0,0.242,33.5,0.2
2026-06-07 09:00:00,34.9,0.0,0.241,33.5,0.2
2026-06-07 10:00:00,36.6,0.0,0.241,33.5,0.2
2026-06-07 11:00:00,38.0,0.0,0.254,31.7,0.2
2026-06-07 12:00:00,38.2,0.0,0.252,25.9,0.2
2026-06-07 13:00:00,38.6,0.0,0.251,24.1,0.2
2026-06-07 14:00:00,38.6,0.0,0.25,21.2,0.2
2026-06-07 15:00:00,38.2,0.0,0.249,16.9,0.2
2026-06-07 16:00:00,37.9,0.0,0.248,20.9,0.2
2026-06-07 17:00:00,38.3,0.0,0.234,21.2,0.2
2026-06-07 18:00:00,37.0,0.0,0.234,12.6,0.2
2026-06-07 19:00:00,36.0,0.0,0.234,5.4,0.2
2026-06-07 20:00:00,35.3,0.0,0.234,5.4,0.2
2026-06-07 21:00:00,34.7,0.0,0.234,6.8,0.2
2026-06-07 22:00:00,33.6,0.0,0.234,6.8,0.2
2026-06-07 23:00:00,33.2,0.0,0.234,5.0,0.2
2026-06-08 00:00:00,32.2,0.0,0.234,10.8,0.2
2026-06-08 01:00:00,31.3,0.0,0.234,12.2,0.2
2026-06-08 02:00:00,30.5,0.0,0.234,12.2,0.2
2026-06-08 03:00:00,30.2,0.0,0.234,8.6,0.2
2026-06-08 04:00:00,30.0,0.0,0.234,8.3,0.2
2026-06-08 05:00:00,29.9,0.0,0.238,11.5,0.2
2026-06-08 06:00:00,30.6,0.0,0.238,8.3,0.2
2026-06-08 07:00:00,32.6,0.0,0.238,11.5,0.2
2026-06-08 08:00:00,34.1,0.0,0.238,18.7,0.2
2026-06-08 09:00:00,35.8,0.0,0.238,21.2,0.2
2026-06-08 10:00:00,37.7,0.0,0.238,24.1,0.2
2026-06-08 11:00:00,39.2,0.0,0.246,25.2,0.2
2026-06-08 12:00:00,39.7,0.0,0.245,24.8,0.2
2026-06-08 13:00:00,40.0,0.0,0.244,24.8,0.2
2026-06-08 14:00:00,40.3,0.0,0.243,24.8,0.2
2026-06-08 15:00:00,39.8,0.0,0.243,24.5,0.2
2026-06-08 16:00:00,39.3,0.0,0.242,22.3,0.2
2026-06-08 17:00:00,39.2,0.0,0.24,18.7,0.2
2026-06-08 18:00:00,37.7,0.0,0.24,13.0,0.2
2026-06-08 19:00:00,36.7,0.0,0.24,4.7,0.2
2026-06-08 20:00:00,32.8,0.1,0.24,25.9,0.30000000000000004
2026-06-08 21:00:00,31.5,0.0,0.24,33.5,0.30000000000000004
2026-06-08 22:00:00,29.9,0.2,0.242,16.6,0.5
2026-06-08 23:00:00,31.1,0.8,0.267,13.0,1.3
2026-06-09 00:00:00,29.2,0.2,0.269,16.6,1.5
2026-06-09 01:00:00,25.9,0.8,0.276,27.4,2.3
2026-06-09 02:00:00,25.7,0.5,0.281,23.0,2.8
2026-06-09 03:00:00,26.4,0.0,0.281,13.7,2.8
2026-06-09 04:00:00,27.0,0.0,0.281,9.4,2.8
2026-06-09 05:00:00,29.9,0.0,0.244,5.8,2.8
2026-06-09 06:00:00,30.2,0.0,0.244,14.8,2.8
2026-06-09 07:00:00,31.6,0.0,0.244,16.9,2.8
2026-06-09 08:00:00,33.0,0.0,0.243,18.4,2.8
2026-06-09 09:00:00,34.9,0.0,0.243,18.4,2.8
2026-06-09 10:00:00,36.4,0.0,0.242,20.5,2.7
2026-06-09 11:00:00,37.3,0.0,0.256,27.0,2.7
2026-06-09 12:00:00,38.8,0.0,0.254,27.4,2.7
2026-06-09 13:00:00,39.9,0.0,0.253,27.7,2.7
2026-06-09 14:00:00,40.3,0.0,0.251,27.0,2.5999999999999996
2026-06-09 15:00:00,40.1,0.0,0.25,25.6,2.5999999999999996
2026-06-09 16:00:00,39.7,0.0,0.249,23.0,2.5999999999999996
2026-06-09 17:00:00,38.9,0.0,0.234,15.8,2.5999999999999996
2026-06-09 18:00:00,37.2,0.0,0.234,22.0,2.5999999999999996
2026-06-09 19:00:00,36.6,0.0,0.234,22.0,2.5999999999999996
2026-06-09 20:00:00,35.9,0.0,0.234,8.3,2.5999999999999996
2026-06-09 21:00:00,35.4,0.0,0.234,12.2,2.5999999999999996
2026-06-09 22:00:00,34.2,0.0,0.234,13.3,2.5999999999999996
2026-06-09 23:00:00,33.8,0.0,0.254,7.2,2.5999999999999996
2026-06-10 00:00:00,33.2,0.0,0.253,7.6,2.5999999999999996
2026-06-10 01:00:00,32.5,0.0,0.253,5.8,2.5999999999999996
2026-06-10 02:00:00,31.8,0.0,0.253,5.8,2.5999999999999996
2026-06-10 03:00:00,30.9,0.1,0.253,9.7,2.6999999999999997
2026-06-10 04:00:00,29.5,0.3,0.255,11.2,3.0
2026-06-10 05:00:00,29.8,0.0,0.245,10.1,3.0
2026-06-10 06:00:00,30.8,0.0,0.245,14.4,3.0
2026-06-10 07:00:00,32.6,0.0,0.245,19.8,3.0
2026-06-10 08:00:00,34.8,0.0,0.244,30.2,3.0
2026-06-10 09:00:00,36.7,0.0,0.244,36.7,3.0
2026-06-10 10:00:00,38.3,0.0,0.243,36.7,3.0
2026-06-10 11:00:00,39.6,0.0,0.26,33.5,3.0
2026-06-10 12:00:00,40.2,0.0,0.258,30.2,3.0
2026-06-10 13:00:00,39.5,0.2,0.259,32.8,3.1999999999999997
2026-06-10 14:00:00,39.4,0.1,0.258,32.8,3.3
2026-06-10 15:00:00,39.8,0.0,0.257,26.6,3.3
2026-06-10 16:00:00,39.4,0.0,0.256,26.6,3.3
2026-06-10 17:00:00,35.8,0.0,0.259,29.5,3.3
2026-06-10 18:00:00,34.1,0.0,0.258,31.3,3.3
2026-06-10 19:00:00,31.7,0.0,0.258,34.6,3.3
2026-06-10 20:00:00,31.5,0.0,0.257,21.2,3.3
2026-06-10 21:00:00,30.9,0.0,0.257,15.5,3.3
2026-06-10 22:00:00,30.7,0.0,0.257,16.6,3.3
2026-06-10 23:00:00,30.2,0.0,0.256,12.2,3.3
2026-06-11 00:00:00,29.8,0.0,0.256,11.5,3.3
2026-06-11 01:00:00,29.7,0.0,0.256,10.8,3.3
2026-06-11 02:00:00,29.7,0.0,0.256,11.2,3.3
2026-06-11 03:00:00,29.5,0.0,0.255,11.5,3.3
2026-06-11 04:00:00,29.4,0.0,0.255,11.5,3.3
2026-06-11 05:00:00,27.2,0.0,0.266,7.6,3.3
2026-06-11 06:00:00,27.9,0.0,0.265,13.3,3.3
2026-06-11 07:00:00,29.5,0.0,0.265,19.1,3.3
2026-06-11 08:00:00,31.2,0.0,0.264,21.2,3.3
2026-06-11 09:00:00,33.1,0.0,0.263,22.3,3.3
2026-06-11 10:00:00,34.8,0.0,0.262,22.3,3.3
2026-06-11 11:00:00,35.8,0.0,0.264,21.6,3.3
2026-06-11 12:00:00,37.3,0.0,0.262,20.9,3.3
2026-06-11 13:00:00,38.3,0.0,0.26,22.0,3.3
2026-06-11 14:00:00,39.0,0.0,0.258,22.0,3.3
2026-06-11 15:00:00,39.7,0.0,0.257,21.2,3.3
2026-06-11 16:00:00,39.5,0.0,0.256,23.4,3.3
2026-06-11 17:00:00,39.3,0.0,0.245,23.0,3.3
2026-06-11 18:00:00,37.3,0.0,0.245,18.7,3.3
2026-06-11 19:00:00,35.6,0.0,0.245,7.6,3.3
2026-06-11 20:00:00,34.8,0.0,0.244,19.1,3.2
2026-06-11 21:00:00,34.1,0.0,0.244,19.4,3.2
2026-06-11 22:00:00,33.1,0.1,0.245,20.9,3.1
2026-06-11 23:00:00,32.5,0.0,0.253,22.0,2.3
2026-06-12 00:00:00,31.0,0.0,0.253,34.6,2.1
2026-06-12 01:00:00,30.2,0.0,0.252,29.9,1.3
2026-06-12 02:00:00,29.6,0.0,0.252,19.1,0.8
2026-06-12 03:00:00,29.0,0.0,0.252,13.3,0.8
2026-06-12 04:00:00,28.7,0.0,0.252,16.2,0.8
2026-06-12 05:00:00,28.6,0.0,0.247,16.6,0.8
2026-06-12 06:00:00,29.5,0.0,0.247,18.0,0.8
2026-06-12 07:00:00,30.8,0.0,0.247,24.8,0.8
2026-06-12 08:00:00,32.3,0.0,0.246,28.4,0.8
2026-06-12 09:00:00,33.8,0.0,0.246,27.4,0.8
2026-06-12 10:00:00,35.0,0.0,0.245,28.1,0.8
2026-06-12 11:00:00,36.3,0.0,0.254,29.2,0.8
2026-06-12 12:00:00,37.5,0.0,0.253,32.8,0.8
2026-06-12 13:00:00,38.4,0.0,0.251,31.7,0.8
2026-06-12 14:00:00,37.9,0.0,0.25,28.4,0.8
2026-06-12 15:00:00,37.9,0.0,0.25,27.0,0.8
2026-06-12 16:00:00,34.3,0.0,0.249,26.3,0.8
2026-06-12 17:00:00,35.3,0.2,0.25,38.5,1.0
2026-06-12 18:00:00,33.6,0.0,0.249,30.6,1.0
2026-06-12 19:00:00,32.4,0.0,0.249,31.7,1.0
2026-06-12 20:00:00,31.7,0.0,0.248,23.4,1.0
2026-06-12 21:00:00,31.3,0.0,0.248,19.8,1.0
2026-06-12 22:00:00,31.0,0.0,0.248,14.0,1.0
2026-06-12 23:00:00,28.1,0.0,0.248,9.0,1.0
2026-06-13 00:00:00,28.0,0.0,0.248,18.7,1.0
2026-06-13 01:00:00,27.6,0.0,0.247,16.2,1.0
2026-06-13 02:00:00,27.5,0.0,0.248,9.7,1.0
2026-06-13 03:00:00,26.8,0.1,0.248,10.4,1.0
2026-06-13 04:00:00,26.8,0.0,0.248,10.4,0.7000000000000001
2026-06-13 05:00:00,27.5,0.0,0.271,12.2,0.7000000000000001
2026-06-13 06:00:00,27.8,0.0,0.271,16.6,0.7000000000000001
2026-06-13 07:00:00,28.7,0.0,0.271,21.6,0.7000000000000001
2026-06-13 08:00:00,30.2,0.0,0.27,19.4,0.7000000000000001
2026-06-13 09:00:00,31.6,0.0,0.269,19.1,0.7000000000000001
2026-06-13 10:00:00,32.1,0.0,0.268,20.2,0.7000000000000001
2026-06-13 11:00:00,32.8,0.0,0.268,19.8,0.7000000000000001
2026-06-13 12:00:00,34.2,0.1,0.267,31.3,0.8
2026-06-13 13:00:00,34.7,0.0,0.266,31.3,0.6000000000000001
2026-06-13 14:00:00,35.1,0.0,0.264,25.6,0.5
2026-06-13 15:00:00,35.2,0.0,0.263,22.7,0.5
2026-06-13 16:00:00,35.0,0.0,0.262,24.1,0.5
2026-06-13 17:00:00,34.6,0.0,0.293,23.8,0.5
2026-06-13 18:00:00,33.2,0.0,0.292,30.2,0.5
2026-06-13 19:00:00,32.3,0.0,0.292,18.7,0.5
2026-06-13 20:00:00,31.0,0.0,0.291,10.1,0.5
2026-06-13 21:00:00,29.5,0.0,0.291,19.4,0.5
2026-06-13 22:00:00,29.0,0.0,0.291,14.4,0.5
2026-06-13 23:00:00,27.9,0.0,0.291,9.4,0.5
2026-06-14 00:00:00,27.6,0.0,0.291,9.4,0.5
2026-06-14 01:00:00,27.4,0.0,0.29,9.0,0.5
2026-06-14 02:00:00,25.1,0.8,0.299,25.9,1.3
2026-06-14 03:00:00,23.7,6.0,0.381,24.5,7.3
2026-06-14 04:00:00,24.0,2.0,0.407,22.7,9.3
2026-06-14 05:00:00,24.6,0.0,0.295,15.8,9.3
2026-06-14 06:00:00,25.9,0.0,0.295,12.6,9.3
2026-06-14 07:00:00,27.6,0.0,0.294,13.3,9.3
2026-06-14 08:00:00,29.3,0.0,0.294,14.4,9.3
2026-06-14 09:00:00,32.1,0.0,0.292,23.0,9.3
2026-06-14 10:00:00,34.2,0.0,0.291,28.8,9.3
2026-06-14 11:00:00,36.1,0.0,0.309,32.4,9.3
2026-06-14 12:00:00,36.9,0.0,0.306,33.5,9.3
2026-06-14 13:00:00,34.7,0.1,0.304,45.7,9.4
2026-06-14 14:00:00,33.4,0.2,0.304,56.2,9.6
2026-06-14 15:00:00,35.3,0.0,0.302,35.3,9.6
2026-06-14 16:00:00,35.6,0.0,0.3,28.8,9.6
2026-06-14 17:00:00,35.5,0.3,0.321,19.8,9.9
2026-06-14 18:00:00,34.0,0.0,0.321,18.0,9.9
2026-06-14 19:00:00,28.5,0.1,0.321,50.0,10.0
2026-06-14 20:00:00,25.5,0.8,0.327,56.9,10.8
2026-06-14 21:00:00,26.2,0.3,0.329,24.5,11.1
2026-06-14 22:00:00,26.9,0.0,0.329,20.9,11.0
2026-06-14 23:00:00,27.7,0.0,0.335,20.2,11.0
2026-06-15 00:00:00,27.4,0.0,0.334,16.2,11.0
2026-06-15 01:00:00,27.1,0.0,0.334,18.4,11.0
2026-06-15 02:00:00,26.9,0.0,0.333,18.4,11.0
2026-06-15 03:00:00,27.1,0.0,0.333,17.3,11.0
2026-06-15 04:00:00,27.0,0.0,0.333,17.3,11.0
2026-06-15 05:00:00,27.2,0.0,0.307,15.8,11.0
2026-06-15 06:00:00,27.7,0.0,0.306,11.2,11.0
2026-06-15 07:00:00,29.2,0.0,0.305,18.4,11.0
2026-06-15 08:00:00,30.8,0.0,0.304,22.7,11.0
2026-06-15 09:00:00,32.1,0.0,0.302,25.2,11.0
2026-06-15 10:00:00,33.8,0.0,0.3,27.0,11.0
2026-06-15 11:00:00,35.8,0.0,0.316,28.8,11.0
2026-06-15 12:00:00,36.6,0.0,0.313,32.0,11.0
2026-06-15 13:00:00,37.1,0.0,0.31,32.4,11.0
2026-06-15 14:00:00,36.8,0.0,0.306,34.9,11.0
2026-06-15 15:00:00,36.5,0.0,0.304,34.9,11.0
2026-06-15 16:00:00,36.0,0.0,0.302,26.3,11.0
2026-06-15 17:00:00,36.9,0.0,0.276,18.0,10.799999999999999
2026-06-15 18:00:00,35.0,0.0,0.276,9.7,10.799999999999999
2026-06-15 19:00:00,32.6,0.0,0.275,6.1,10.799999999999999
2026-06-15 20:00:00,32.0,0.0,0.275,9.0,10.799999999999999
2026-06-15 21:00:00,31.3,0.0,0.274,21.6,10.799999999999999
2026-06-15 22:00:00,30.9,0.0,0.274,25.2,10.799999999999999
2026-06-15 23:00:00,30.1,0.0,0.271,25.9,10.799999999999999
2026-06-16 00:00:00,29.5,0.2,0.272,19.1,11.0
2026-06-16 01:00:00,29.7,0.0,0.271,19.8,11.0
2026-06-16 02:00:00,29.5,0.0,0.271,19.8,11.0
2026-06-16 03:00:00,29.0,0.0,0.271,15.1,10.899999999999999
2026-06-16 04:00:00,28.3,0.0,0.271,11.2,10.899999999999999
2026-06-16 05:00:00,27.7,0.0,0.273,15.5,10.899999999999999
2026-06-16 06:00:00,28.4,0.0,0.273,15.5,10.899999999999999
2026-06-16 07:00:00,30.0,0.0,0.272,19.4,10.899999999999999
2026-06-16 08:00:00,32.3,0.0,0.271,26.3,10.899999999999999
2026-06-16 09:00:00,34.2,0.0,0.27,29.5,10.899999999999999
2026-06-16 10:00:00,35.6,0.0,0.269,32.0,10.899999999999999
2026-06-16 11:00:00,36.7,0.0,0.279,31.7,10.899999999999999
2026-06-16 12:00:00,37.7,0.0,0.276,22.3,10.8
2026-06-16 13:00:00,38.3,0.0,0.274,23.0,10.8
2026-06-16 14:00:00,38.1,0.0,0.273,23.0,10.8
2026-06-16 15:00:00,37.9,0.0,0.271,25.2,10.8
2026-06-16 16:00:00,37.3,0.0,0.27,27.0,10.8
2026-06-16 17:00:00,38.5,0.0,0.259,26.3,10.8
2026-06-16 18:00:00,35.7,0.0,0.259,14.4,10.8
2026-06-16 19:00:00,33.2,0.0,0.258,9.7,10.8
2026-06-16 20:00:00,31.7,0.0,0.258,25.6,10.8
2026-06-16 21:00:00,30.3,0.0,0.258,26.3,10.8
2026-06-16 22:00:00,29.9,0.0,0.257,20.9,10.8
2026-06-16 23:00:00,29.0,0.0,0.251,20.9,10.8
2026-06-17 00:00:00,28.7,0.0,0.251,21.6,10.8
2026-06-17 01:00:00,28.2,0.0,0.25,18.0,10.8
2026-06-17 02:00:00,27.6,0.0,0.25,18.4,10.0
2026-06-17 03:00:00,27.1,0.0,0.25,18.4,4.0
2026-06-17 04:00:00,26.7,0.0,0.25,14.4,2.0
2026-06-17 05:00:00,27.0,0.0,0.257,7.6,2.0
2026-06-17 06:00:00,28.2,0.0,0.257,16.6,2.0
2026-06-17 07:00:00,30.1,0.0,0.256,23.4,2.0
2026-06-17 08:00:00,31.7,0.0,0.255,25.6,2.0
2026-06-17 09:00:00,33.6,0.0,0.255,24.8,2.0
2026-06-17 10:00:00,35.5,0.0,0.253,25.2,2.0
2026-06-17 11:00:00,36.5,0.0,0.276,23.4,2.0
2026-06-17 12:00:00,37.2,0.0,0.274,21.2,2.0
2026-06-17 13:00:00,37.6,0.0,0.272,22.0,1.9
2026-06-17 14:00:00,37.7,0.0,0.27,21.6,1.7
2026-06-17 15:00:00,37.7,0.0,0.268,17.6,1.7
2026-06-17 16:00:00,37.4,0.0,0.267,14.8,1.7
2026-06-17 17:00:00,35.0,0.8,0.244,47.5,2.2
2026-06-17 18:00:00,30.9,0.0,0.244,42.8,2.2
2026-06-17 19:00:00,30.6,0.0,0.243,19.1,2.0999999999999996
2026-06-17 20:00:00,30.5,0.0,0.243,13.7,1.3
2026-06-17 21:00:00,30.1,0.0,0.243,17.6,1.0
2026-06-17 22:00:00,30.0,0.0,0.243,16.2,1.0
2026-06-17 23:00:00,30.3,0.0,0.256,8.6,1.0
2026-06-18 00:00:00,30.0,0.0,0.256,15.8,1.0
2026-06-18 01:00:00,29.6,0.0,0.256,10.4,1.0
2026-06-18 02:00:00,28.9,0.0,0.256,6.5,1.0
2026-06-18 03:00:00,28.7,0.0,0.256,9.4,1.0
2026-06-18 04:00:00,28.6,0.0,0.255,11.9,1.0
2026-06-18 05:00:00,26.8,0.0,0.28,11.9,1.0
2026-06-18 06:00:00,27.8,0.0,0.279,13.0,1.0
2026-06-18 07:00:00,29.6,0.0,0.279,14.0,1.0
2026-06-18 08:00:00,30.8,0.0,0.278,22.0,1.0
2026-06-18 09:00:00,31.9,0.0,0.277,22.7,1.0
2026-06-18 10:00:00,34.0,0.1,0.276,33.1,1.1
2026-06-18 11:00:00,34.7,0.5,0.281,41.0,1.6
2026-06-18 12:00:00,35.6,0.0,0.279,33.5,1.6
2026-06-18 13:00:00,35.9,0.0,0.277,31.0,1.6
2026-06-18 14:00:00,35.9,0.1,0.276,30.2,1.7
2026-06-18 15:00:00,29.9,2.0,0.296,37.8,3.7
2026-06-18 16:00:00,32.2,0.4,0.298,27.4,4.1000000000000005
2026-06-18 17:00:00,33.6,0.0,0.285,20.5,4.1000000000000005
2026-06-18 18:00:00,32.5,0.0,0.285,21.6,4.1000000000000005
2026-06-18 19:00:00,31.6,0.0,0.284,10.4,4.1000000000000005
2026-06-18 20:00:00,31.6,0.0,0.284,4.7,4.1000000000000005
2026-06-18 21:00:00,31.2,0.0,0.284,4.3,4.1000000000000005
2026-06-18 22:00:00,30.8,0.0,0.284,4.3,4.1000000000000005
2026-06-18 23:00:00,29.5,0.0,0.293,4.0,4.1000000000000005
2026-06-19 00:00:00,28.7,0.0,0.293,11.9,3.9
2026-06-19 01:00:00,28.4,0.0,0.292,10.1,3.9000000000000004
2026-06-19 02:00:00,27.5,0.0,0.292,18.0,3.9000000000000004
2026-06-19 03:00:00,27.8,0.0,0.292,14.0,3.9000000000000004
2026-06-19 04:00:00,27.7,0.0,0.292,9.4,3.9000000000000004
2026-06-19 05:00:00,27.0,0.0,0.34,10.4,3.9000000000000004
2026-06-19 06:00:00,26.5,0.2,0.341,14.0,4.1000000000000005
2026-06-19 07:00:00,25.7,0.2,0.343,29.9,4.300000000000001
2026-06-19 08:00:00,29.0,0.1,0.342,25.2,4.4
2026-06-19 09:00:00,31.5,0.0,0.34,16.9,4.4
2026-06-19 10:00:00,32.9,0.0,0.337,15.1,4.4
2026-06-19 11:00:00,34.4,0.0,0.363,20.9,4.4
2026-06-19 12:00:00,35.5,0.0,0.359,24.1,4.4
2026-06-19 13:00:00,35.8,0.0,0.354,25.2,4.4
2026-06-19 14:00:00,35.7,0.0,0.351,32.0,4.4
2026-06-19 15:00:00,36.0,0.0,0.348,32.0,4.4
2026-06-19 16:00:00,36.2,0.2,0.346,19.8,4.6000000000000005
2026-06-19 17:00:00,35.6,0.1,0.319,13.3,4.7
2026-06-19 18:00:00,33.8,0.0,0.318,15.8,4.7
2026-06-19 19:00:00,32.6,0.0,0.318,14.0,4.7
2026-06-19 20:00:00,31.5,0.0,0.317,9.7,4.7
2026-06-19 21:00:00,31.2,0.0,0.317,14.8,4.7
2026-06-19 22:00:00,30.9,0.0,0.316,18.0,4.7
2026-06-19 23:00:00,28.0,0.0,0.318,9.4,4.7
2026-06-20 00:00:00,27.4,0.0,0.318,9.7,4.7
2026-06-20 01:00:00,27.1,0.0,0.318,6.8,4.7
2026-06-20 02:00:00,27.0,0.0,0.318,6.8,4.7
2026-06-20 03:00:00,26.6,0.0,0.317,7.2,4.7
2026-06-20 04:00:00,26.5,0.0,0.317,6.5,4.7
2026-06-20 05:00:00,26.2,0.0,0.32,10.1,4.7
2026-06-20 06:00:00,27.2,0.0,0.319,9.0,4.7
2026-06-20 07:00:00,30.0,0.0,0.319,11.2,4.7
2026-06-20 08:00:00,31.8,0.0,0.317,16.2,4.7
2026-06-20 09:00:00,33.0,0.0,0.315,23.4,4.7
2026-06-20 10:00:00,34.2,0.0,0.312,25.2,4.7
2026-06-20 11:00:00,35.7,0.0,0.291,30.6,4.7
2026-06-20 12:00:00,37.1,0.0,0.288,26.6,4.7
2026-06-20 13:00:00,37.6,0.0,0.286,25.9,4.7
2026-06-20 14:00:00,38.0,0.1,0.284,24.5,4.800000000000001
2026-06-20 15:00:00,38.3,0.0,0.282,24.1,4.800000000000001
2026-06-20 16:00:00,38.2,0.0,0.28,24.1,4.800000000000001
2026-06-20 17:00:00,38.3,0.0,0.27,24.5,4.0
2026-06-20 18:00:00,35.2,0.0,0.27,6.1,4.0
2026-06-20 19:00:00,33.6,0.0,0.27,4.7,4.0
2026-06-20 20:00:00,32.8,0.0,0.27,7.6,4.0
2026-06-20 21:00:00,32.3,0.0,0.269,22.7,4.0
2026-06-20 22:00:00,31.3,0.0,0.269,23.0,4.0
2026-06-20 23:00:00,31.2,0.0,0.256,21.6,4.0
2026-06-21 00:00:00,30.8,0.0,0.256,26.6,4.0
2026-06-21 01:00:00,30.2,0.0,0.255,27.4,4.0
2026-06-21 02:00:00,29.6,0.0,0.255,26.6,4.0
2026-06-21 03:00:00,29.1,0.0,0.255,25.9,4.0
2026-06-21 04:00:00,28.8,0.0,0.254,24.8,4.0
2026-06-21 05:00:00,28.1,0.0,0.25,22.3,4.0
2026-06-21 06:00:00,29.0,0.0,0.25,14.4,4.0
2026-06-21 07:00:00,30.4,0.0,0.25,16.9,4.0
2026-06-21 08:00:00,32.0,0.0,0.25,20.5,4.0
2026-06-21 09:00:00,33.6,0.0,0.249,23.4,4.0
2026-06-21 10:00:00,35.0,0.1,0.249,31.3,4.0
2026-06-21 11:00:00,36.8,0.1,0.241,30.2,3.6
2026-06-21 12:00:00,37.9,0.0,0.241,31.0,3.6
2026-06-21 13:00:00,37.9,0.0,0.24,32.8,3.6
2026-06-21 14:00:00,38.0,0.0,0.24,31.7,3.5
2026-06-21 15:00:00,37.8,0.0,0.24,29.5,1.5000000000000002
2026-06-21 16:00:00,36.3,0.0,0.24,30.2,1.1
2026-06-21 17:00:00,34.2,0.6,0.249,32.8,1.7000000000000002
2026-06-21 18:00:00,31.9,0.0,0.249,45.7,1.7000000000000002
2026-06-21 19:00:00,31.4,0.0,0.249,21.6,1.7000000000000002
2026-06-21 20:00:00,31.1,0.0,0.248,16.6,1.7000000000000002
2026-06-21 21:00:00,30.7,0.0,0.248,13.7,1.7000000000000002
2026-06-21 22:00:00,30.5,0.0,0.248,8.3,1.7000000000000002
2026-06-21 23:00:00,30.0,0.0,0.254,12.2,1.7000000000000002
2026-06-22 00:00:00,29.8,0.0,0.253,11.2,1.7000000000000002
2026-06-22 01:00:00,29.5,0.0,0.253,9.0,1.7000000000000002
2026-06-22 02:00:00,29.2,0.0,0.253,6.1,1.7000000000000002
2026-06-22 03:00:00,29.0,0.0,0.253,9.0,1.7000000000000002
2026-06-22 04:00:00,29.0,0.0,0.253,9.4,1.7000000000000002
2026-06-22 05:00:00,29.0,0.0,0.25,10.1,1.7000000000000002
2026-06-22 06:00:00,29.7,0.0,0.25,9.4,1.5000000000000002
2026-06-22 07:00:00,31.0,0.0,0.25,19.4,1.3000000000000003
2026-06-22 08:00:00,32.3,0.0,0.249,19.1,1.2000000000000002
2026-06-22 09:00:00,34.0,0.0,0.249,21.2,1.2000000000000002
2026-06-22 10:00:00,33.4,0.0,0.248,32.4,1.2000000000000002
2026-06-22 11:00:00,34.5,0.0,0.224,31.0,1.2000000000000002
2026-06-22 12:00:00,34.6,0.2,0.225,25.2,1.4000000000000001
2026-06-22 13:00:00,35.7,0.2,0.227,24.5,1.6
2026-06-22 14:00:00,35.8,0.1,0.228,23.0,1.7000000000000002
2026-06-22 15:00:00,36.0,0.0,0.228,22.3,1.7000000000000002
2026-06-22 16:00:00,34.0,0.3,0.23,27.0,1.8000000000000003
2026-06-22 17:00:00,32.9,0.9,0.287,41.8,2.6
2026-06-22 18:00:00,32.0,0.0,0.286,13.0,2.6
2026-06-22 19:00:00,31.1,0.0,0.286,17.6,2.6
2026-06-22 20:00:00,30.3,0.0,0.285,24.5,2.6
2026-06-22 21:00:00,28.8,0.0,0.285,29.2,2.6
2026-06-22 22:00:00,28.1,0.0,0.284,20.2,2.6
2026-06-22 23:00:00,26.7,0.0,0.344,9.4,2.6
2026-06-23 00:00:00,26.5,0.0,0.343,10.8,2.6
2026-06-23 01:00:00,26.4,0.0,0.343,8.6,2.6
2026-06-23 02:00:00,26.4,0.0,0.343,6.8,2.6
2026-06-23 03:00:00,26.5,0.0,0.342,11.9,2.6
2026-06-23 04:00:00,26.4,0.0,0.342,13.7,2.6
2026-06-23 05:00:00,26.5,0.0,0.302,14.8,2.6
2026-06-23 06:00:00,26.6,0.0,0.302,19.8,2.6
2026-06-23 07:00:00,27.6,0.0,0.301,18.4,2.6
2026-06-23 08:00:00,28.9,0.0,0.3,23.0,2.6
2026-06-23 09:00:00,30.4,0.0,0.299,26.6,2.6
2026-06-23 10:00:00,32.0,0.0,0.297,27.7,2.6
2026-06-23 11:00:00,33.1,0.0,0.316,29.5,2.6
2026-06-23 12:00:00,33.8,0.0,0.313,30.2,2.6
2026-06-23 13:00:00,34.3,0.0,0.31,28.8,2.6
2026-06-23 14:00:00,34.5,0.0,0.308,27.4,2.5
2026-06-23 15:00:00,33.3,0.2,0.307,26.3,2.7
2026-06-23 16:00:00,32.0,0.1,0.307,20.9,2.8000000000000003
2026-06-23 17:00:00,29.5,3.3,0.269,29.2,6.1
2026-06-23 18:00:00,29.1,0.0,0.269,16.6,6.1
2026-06-23 19:00:00,28.2,0.1,0.269,15.8,6.2
2026-06-23 20:00:00,26.7,0.6,0.274,9.7,6.8
2026-06-23 21:00:00,26.0,0.6,0.28,15.1,7.4
2026-06-23 22:00:00,25.6,0.8,0.289,13.3,8.2
2026-06-23 23:00:00,25.3,0.8,0.341,11.2,9.0
2026-06-24 00:00:00,25.1,0.0,0.341,7.6,9.0
2026-06-24 01:00:00,24.9,0.1,0.342,7.6,9.1
2026-06-24 02:00:00,24.7,0.0,0.342,12.6,9.1
2026-06-24 03:00:00,24.6,0.0,0.342,13.3,9.1
2026-06-24 04:00:00,24.7,0.0,0.342,14.8,9.1
2026-06-24 05:00:00,25.2,0.0,0.271,12.6,9.1
2026-06-24 06:00:00,25.6,0.0,0.271,14.0,9.1
2026-06-24 07:00:00,26.6,0.1,0.271,17.6,9.2
2026-06-24 08:00:00,28.0,0.2,0.273,22.7,9.4
2026-06-24 09:00:00,29.0,0.2,0.274,23.8,9.6
2026-06-24 10:00:00,30.2,0.1,0.274,26.3,9.6
2026-06-24 11:00:00,31.2,0.0,0.277,27.0,9.5
2026-06-24 12:00:00,32.4,0.1,0.276,30.6,9.600000000000001
2026-06-24 13:00:00,33.4,0.0,0.275,28.4,9.600000000000001
2026-06-24 14:00:00,34.2,0.0,0.274,25.9,9.600000000000001
2026-06-24 15:00:00,30.0,0.9,0.282,30.6,10.5
2026-06-24 16:00:00,28.8,1.6,0.298,30.6,12.100000000000001
2026-06-24 17:00:00,32.8,0.1,0.196,20.9,11.6
2026-06-24 18:00:00,31.8,0.0,0.196,22.7,11.600000000000001
2026-06-24 19:00:00,30.1,0.0,0.196,27.4,11.600000000000001
2026-06-24 20:00:00,29.8,0.0,0.196,18.7,11.600000000000001
2026-06-24 21:00:00,29.4,0.0,0.196,16.6,11.600000000000001
2026-06-24 22:00:00,28.7,0.0,0.196,16.2,11.600000000000001
2026-06-24 23:00:00,27.8,0.0,0.175,17.3,11.600000000000001
2026-06-25 00:00:00,27.3,0.0,0.175,19.4,11.600000000000001
2026-06-25 01:00:00,27.0,0.0,0.175,13.0,11.600000000000001
2026-06-25 02:00:00,26.8,0.0,0.175,7.6,11.600000000000001
2026-06-25 03:00:00,26.5,0.0,0.175,2.5,11.600000000000001
2026-06-25 04:00:00,26.4,0.0,0.175,4.7,11.600000000000001
2026-06-25 05:00:00,25.8,0.0,0.178,5.8,11.600000000000001
2026-06-25 06:00:00,26.3,0.0,0.178,11.9,11.600000000000001
2026-06-25 07:00:00,27.4,0.0,0.178,12.2,11.600000000000001
2026-06-25 08:00:00,29.4,0.0,0.178,14.4,11.600000000000001
2026-06-25 09:00:00,31.0,0.0,0.178,15.8,11.600000000000001
2026-06-25 10:00:00,32.4,0.0,0.179,18.0,11.600000000000001
2026-06-25 11:00:00,33.4,0.1,0.172,19.1,11.700000000000001
2026-06-25 12:00:00,34.4,0.1,0.173,21.6,11.6
2026-06-25 13:00:00,34.7,0.0,0.173,22.0,11.4
2026-06-25 14:00:00,35.2,0.0,0.173,18.7,11.299999999999999
2026-06-25 15:00:00,33.2,0.2,0.175,30.2,11.5
2026-06-25 16:00:00,30.8,0.6,0.18,33.5,11.8
2026-06-25 17:00:00,32.9,0.2,0.132,19.4,11.1
2026-06-25 18:00:00,31.6,0.0,0.132,24.1,11.1
2026-06-25 19:00:00,31.1,0.0,0.132,21.6,11.1
2026-06-25 20:00:00,30.7,0.0,0.132,14.4,11.1
2026-06-25 21:00:00,30.5,0.0,0.132,9.0,11.1
2026-06-25 22:00:00,30.1,0.0,0.132,8.3,11.1
2026-06-25 23:00:00,29.3,0.0,0.129,7.9,11.1
2026-06-26 00:00:00,29.1,0.0,0.129,9.4,11.1
2026-06-26 01:00:00,28.1,0.0,0.129,19.8,11.1
2026-06-26 02:00:00,27.3,0.0,0.129,20.5,11.1
2026-06-26 03:00:00,27.4,0.0,0.129,19.1,11.1
2026-06-26 04:00:00,27.4,0.0,0.129,17.3,11.1
2026-06-26 05:00:00,27.7,0.0,0.155,18.7,11.1
2026-06-26 06:00:00,28.0,0.0,0.155,18.7,11.1
2026-06-26 07:00:00,29.7,0.0,0.155,22.0,11.1
2026-06-26 08:00:00,31.5,0.0,0.155,23.0,11.1
2026-06-26 09:00:00,32.8,0.1,0.156,23.4,11.200000000000001
2026-06-26 10:00:00,34.1,0.1,0.157,22.0,11.3
2026-06-26 11:00:00,35.2,0.2,0.165,22.0,11.5
2026-06-26 12:00:00,31.6,0.4,0.169,26.6,11.9
2026-06-26 13:00:00,31.2,0.5,0.173,38.2,12.4
2026-06-26 14:00:00,31.6,1.1,0.182,24.8,13.5
2026-06-26 15:00:00,32.0,0.5,0.187,22.3,13.8
2026-06-26 16:00:00,30.7,0.8,0.193,21.6,14.5
2026-06-26 17:00:00,28.6,0.2,0.22,16.2,11.4
2026-06-26 18:00:00,28.7,0.1,0.221,11.5,11.5
2026-06-26 19:00:00,28.4,0.0,0.221,10.1,11.4
2026-06-26 20:00:00,28.3,0.0,0.221,4.7,10.8
2026-06-26 21:00:00,28.1,0.0,0.221,5.8,10.2
2026-06-26 22:00:00,27.7,0.0,0.221,6.1,9.4
2026-06-26 23:00:00,27.6,0.0,0.207,5.8,8.6
2026-06-27 00:00:00,27.1,0.0,0.207,7.2,8.6
2026-06-27 01:00:00,26.8,0.0,0.207,7.2,8.5
2026-06-27 02:00:00,26.8,0.0,0.207,6.8,8.5
2026-06-27 03:00:00,27.0,0.0,0.207,8.6,8.5
2026-06-27 04:00:00,27.0,0.0,0.207,8.6,8.5
2026-06-27 05:00:00,27.7,0.0,0.192,8.6,8.5
2026-06-27 06:00:00,28.0,0.0,0.192,7.9,8.5
2026-06-27 07:00:00,29.4,0.0,0.192,9.7,8.4
2026-06-27 08:00:00,31.0,0.0,0.192,13.7,8.2
2026-06-27 09:00:00,32.6,0.0,0.192,16.9,8.0
2026-06-27 10:00:00,34.1,0.0,0.191,17.6,7.900000000000001
2026-06-27 11:00:00,35.0,0.0,0.197,19.4,7.900000000000001
2026-06-27 12:00:00,36.3,0.0,0.198,18.7,7.800000000000001
2026-06-27 13:00:00,36.3,0.0,0.198,24.8,7.800000000000001
2026-06-27 14:00:00,30.6,1.0,0.208,31.0,8.8
2026-06-27 15:00:00,27.6,1.4,0.221,37.1,9.3
2026-06-27 16:00:00,28.8,1.4,0.234,19.8,9.100000000000001
2026-06-27 17:00:00,32.6,0.3,0.208,17.6,9.3
2026-06-27 18:00:00,31.6,0.0,0.208,24.8,9.3
2026-06-27 19:00:00,30.3,0.0,0.208,20.9,9.3
2026-06-27 20:00:00,29.5,0.0,0.208,18.7,9.3
2026-06-27 21:00:00,29.2,0.0,0.208,15.8,9.3
2026-06-27 22:00:00,28.8,0.0,0.208,13.3,9.3
2026-06-27 23:00:00,27.8,0.0,0.225,13.3,9.3
2026-06-28 00:00:00,27.6,0.0,0.225,9.0,9.3
2026-06-28 01:00:00,27.4,0.0,0.225,7.9,9.3
2026-06-28 02:00:00,27.2,0.0,0.225,7.9,9.3
2026-06-28 03:00:00,27.1,0.0,0.225,7.2,9.3
2026-06-28 04:00:00,27.0,0.0,0.225,6.1,9.3
2026-06-28 05:00:00,26.7,0.0,0.211,8.6,9.3
2026-06-28 06:00:00,27.4,0.0,0.211,9.0,9.3
2026-06-28 07:00:00,28.2,0.0,0.211,10.4,9.3
2026-06-28 08:00:00,29.6,0.0,0.211,11.5,9.3
2026-06-28 09:00:00,31.6,0.1,0.212,15.5,9.4
2026-06-28 10:00:00,32.8,0.1,0.213,16.9,9.5
2026-06-28 11:00:00,34.0,0.0,0.213,18.7,9.400000000000002
2026-06-28 12:00:00,35.2,0.0,0.213,22.0,9.3
2026-06-28 13:00:00,35.4,0.0,0.214,22.3,9.3
2026-06-28 14:00:00,35.5,0.0,0.214,22.7,9.3
2026-06-28 15:00:00,34.1,0.1,0.215,23.0,9.200000000000001
2026-06-28 16:00:00,33.6,0.1,0.216,14.8,8.700000000000001
2026-06-28 17:00:00,33.0,0.0,0.216,10.8,8.5
2026-06-28 18:00:00,32.4,0.0,0.216,14.0,8.5
2026-06-28 19:00:00,31.2,0.0,0.216,15.8,8.5
2026-06-28 20:00:00,30.3,0.0,0.216,22.3,8.5
2026-06-28 21:00:00,29.8,0.0,0.216,20.2,8.5
2026-06-28 22:00:00,29.4,0.0,0.216,15.1,8.5
2026-06-28 23:00:00,29.6,0.0,0.269,15.8,8.5
2026-06-29 00:00:00,26.6,1.4,0.284,26.6,9.9
2026-06-29 01:00:00,26.0,0.4,0.288,18.4,10.299999999999999
2026-06-29 02:00:00,25.7,0.2,0.289,18.0,10.5
2026-06-29 03:00:00,25.6,0.0,0.289,15.1,10.5
2026-06-29 04:00:00,25.5,0.0,0.289,10.4,10.5
2026-06-29 05:00:00,25.7,0.0,0.303,10.8,10.5
2026-06-29 06:00:00,25.9,0.7,0.312,14.8,11.2
2026-06-29 07:00:00,26.9,0.3,0.315,20.5,11.5
2026-06-29 08:00:00,28.9,0.1,0.316,22.0,11.6
2026-06-29 09:00:00,30.5,0.0,0.315,21.6,11.5
2026-06-29 10:00:00,32.7,0.0,0.313,23.0,11.4
2026-06-29 11:00:00,33.0,0.0,0.307,23.4,11.200000000000001
2026-06-29 12:00:00,33.6,0.3,0.307,22.0,11.100000000000001
2026-06-29 13:00:00,32.0,1.0,0.314,27.0,11.600000000000001
2026-06-29 14:00:00,33.2,0.1,0.313,25.9,10.6
2026-06-29 15:00:00,33.5,0.1,0.311,20.9,10.200000000000001
2026-06-29 16:00:00,32.9,0.0,0.31,22.0,9.4
2026-06-29 17:00:00,32.1,0.7,0.356,26.6,9.899999999999999
2026-06-29 18:00:00,31.4,0.0,0.355,15.5,9.799999999999999
2026-06-29 19:00:00,30.2,0.0,0.355,13.0,9.799999999999999
2026-06-29 20:00:00,29.8,0.0,0.354,13.3,9.799999999999999
2026-06-29 21:00:00,27.6,0.0,0.354,39.2,9.799999999999999
2026-06-29 22:00:00,27.2,0.0,0.354,28.1,9.799999999999999
2026-06-29 23:00:00,27.3,0.0,0.334,11.9,9.799999999999999
2026-06-30 00:00:00,27.2,0.0,0.334,15.5,9.799999999999999
2026-06-30 01:00:00,26.9,0.0,0.334,15.8,9.799999999999999
2026-06-30 02:00:00,26.7,0.0,0.334,14.4,9.799999999999999
2026-06-30 03:00:00,26.3,0.2,0.335,13.7,10.0
2026-06-30 04:00:00,26.2,0.4,0.339,12.2,10.4
2026-06-30 05:00:00,25.4,0.5,0.358,7.6,10.9
2026-06-30 06:00:00,25.5,0.7,0.367,9.4,11.6
2026-06-30 07:00:00,25.9,0.8,0.376,11.5,12.4
2026-06-30 08:00:00,26.5,0.6,0.382,17.3,13.0
2026-06-30 09:00:00,27.7,0.3,0.384,17.6,13.299999999999999
2026-06-30 10:00:00,29.0,0.3,0.385,19.1,13.6
2026-06-30 11:00:00,25.9,12.5,0.522,28.4,26.1
2026-06-30 12:00:00,26.0,1.6,0.491,22.3,27.7
2026-06-30 13:00:00,26.4,0.8,0.487,27.0,28.5
2026-06-30 14:00:00,27.2,0.5,0.482,22.7,28.0
2026-06-30 15:00:00,27.4,0.2,0.477,22.7,26.8
2026-06-30 16:00:00,27.2,0.2,0.472,20.2,25.599999999999998
2026-06-30 17:00:00,30.0,0.1,0.47,17.3,25.400000000000002
2026-06-30 18:00:00,26.9,0.3,0.467,24.1,25.700000000000003
2026-06-30 19:00:00,26.0,0.3,0.465,23.8,26.000000000000004
2026-06-30 20:00:00,25.1,4.8,0.52,12.2,30.8
2026-06-30 21:00:00,25.2,3.0,0.508,8.3,33.800000000000004
2026-06-30 22:00:00,25.1,2.2,0.507,10.8,36.0
2026-06-30 23:00:00,25.4,0.4,0.486,7.9,36.4
2026-07-01 00:00:00,25.2,0.9,0.49,5.8,37.300000000000004
2026-07-01 01:00:00,24.8,1.3,0.498,11.2,38.6
2026-07-01 02:00:00,24.5,0.3,0.49,12.2,38.9
2026-07-01 03:00:00,24.1,0.1,0.484,11.9,39.0
2026-07-01 04:00:00,24.2,0.8,0.488,9.7,39.800000000000004
2026-07-01 05:00:00,25.0,0.4,0.499,8.3,40.2
2026-07-01 06:00:00,25.1,4.7,0.511,15.1,44.900000000000006
2026-07-01 07:00:00,25.4,1.4,0.503,11.5,46.300000000000004
2026-07-01 08:00:00,25.8,0.6,0.496,15.5,46.9
2026-07-01 09:00:00,26.4,0.4,0.49,14.8,47.2
2026-07-01 10:00:00,28.2,0.1,0.483,16.2,47.199999999999996
2026-07-01 11:00:00,27.5,0.0,0.479,20.9,47.199999999999996
2026-07-01 12:00:00,27.1,0.7,0.48,23.8,47.9
2026-07-01 13:00:00,28.7,0.5,0.479,24.1,48.4
2026-07-01 14:00:00,29.4,0.1,0.474,22.7,48.5
2026-07-01 15:00:00,26.1,6.9,0.515,20.9,55.3
2026-07-01 16:00:00,26.3,2.0,0.509,10.1,57.2
2026-07-01 17:00:00,26.4,0.3,0.467,13.0,57.50000000000001
2026-07-01 18:00:00,26.1,0.7,0.471,13.7,58.2
2026-07-01 19:00:00,26.0,0.4,0.472,10.4,58.6
2026-07-01 20:00:00,26.0,1.0,0.481,6.8,59.6
2026-07-01 21:00:00,25.9,1.8,0.498,5.8,61.400000000000006
2026-07-01 22:00:00,25.7,1.2,0.501,8.6,62.6
2026-07-01 23:00:00,25.9,0.5,0.482,7.6,63.1
2026-07-02 00:00:00,25.9,0.0,0.478,8.3,61.699999999999996
2026-07-02 01:00:00,26.0,0.0,0.474,4.3,61.3
2026-07-02 02:00:00,25.5,0.1,0.471,5.4,61.2
2026-07-02 03:00:00,25.3,0.0,0.469,6.5,61.2
2026-07-02 04:00:00,25.0,0.5,0.472,12.2,61.7
2026-07-02 05:00:00,24.2,0.2,0.49,11.5,61.900000000000006
2026-07-02 06:00:00,24.1,4.2,0.495,14.0,65.4
2026-07-02 07:00:00,24.2,3.8,0.516,13.0,68.9
2026-07-02 08:00:00,24.6,3.0,0.515,13.3,71.8
2026-07-02 09:00:00,24.9,1.7,0.515,15.1,73.5
2026-07-02 10:00:00,25.3,7.3,0.52,15.5,80.8
2026-07-02 11:00:00,25.8,3.8,0.514,14.4,84.6
2026-07-02 12:00:00,26.7,0.6,0.507,22.0,84.89999999999999
2026-07-02 13:00:00,25.8,1.4,0.515,22.7,85.3
2026-07-02 14:00:00,26.4,1.7,0.514,19.8,86.9
2026-07-02 15:00:00,27.3,0.3,0.507,20.5,87.1
2026-07-02 16:00:00,27.6,0.0,0.502,21.2,87.1
2026-07-02 17:00:00,27.1,0.0,0.52,19.4,86.4
2026-07-02 18:00:00,26.8,0.0,0.491,13.3,86.4
2026-07-02 19:00:00,25.7,0.2,0.489,15.5,86.60000000000001
2026-07-02 20:00:00,25.2,1.7,0.507,12.2,88.30000000000001
2026-07-02 21:00:00,25.1,1.0,0.509,10.1,89.30000000000001
2026-07-02 22:00:00,24.9,2.3,0.516,10.8,91.60000000000001
2026-07-02 23:00:00,25.3,1.5,0.509,9.0,93.10000000000001
2026-07-03 00:00:00,24.9,2.6,0.519,13.3,95.7
2026-07-03 01:00:00,24.7,2.1,0.517,13.7,97.80000000000001
2026-07-03 02:00:00,24.7,1.7,0.517,13.7,99.5
2026-07-03 03:00:00,24.6,1.0,0.514,11.2,100.3
2026-07-03 04:00:00,24.6,0.5,0.511,10.4,100.39999999999999
2026-07-03 05:00:00,24.6,0.6,0.51,10.1,100.5
2026-07-03 06:00:00,24.8,0.5,0.512,16.6,100.3
2026-07-03 07:00:00,25.1,0.9,0.515,16.2,100.39999999999999
2026-07-03 08:00:00,26.1,0.4,0.511,14.8,100.2
2026-07-03 09:00:00,28.0,0.2,0.508,26.6,100.10000000000001
2026-07-03 10:00:00,28.8,0.1,0.505,26.6,99.89999999999999
2026-07-03 11:00:00,29.6,8.6,0.51,27.7,96.0
2026-07-03 12:00:00,27.7,0.8,0.512,28.8,95.2
2026-07-03 13:00:00,29.3,0.5,0.511,22.0,94.9
2026-07-03 14:00:00,26.9,3.1,0.518,27.7,97.5
2026-07-03 15:00:00,27.2,2.1,0.519,20.5,99.4
2026-07-03 16:00:00,26.7,1.7,0.514,14.4,100.89999999999999
2026-07-03 17:00:00,26.4,0.3,0.506,13.3,101.10000000000001
2026-07-03 18:00:00,26.0,0.4,0.508,9.4,101.2
2026-07-03 19:00:00,25.7,0.4,0.51,9.0,101.3
2026-07-03 20:00:00,25.7,0.3,0.511,7.6,96.8
2026-07-03 21:00:00,25.0,0.6,0.514,10.4,94.39999999999999
2026-07-03 22:00:00,25.3,0.4,0.512,10.8,92.6
2026-07-03 23:00:00,25.1,0.5,0.511,9.4,92.7
2026-07-04 00:00:00,24.8,1.0,0.515,8.6,92.8
2026-07-04 01:00:00,24.7,0.1,0.51,5.0,91.6
2026-07-04 02:00:00,24.8,0.1,0.508,4.0,91.4
2026-07-04 03:00:00,24.8,0.2,0.507,2.5,91.5
2026-07-04 04:00:00,24.4,1.3,0.518,6.5,92.0
2026-07-04 05:00:00,25.0,1.8,0.486,12.6,93.4
2026-07-04 06:00:00,25.0,0.8,0.495,20.9,89.5
2026-07-04 07:00:00,25.3,0.5,0.5,20.5,88.6
2026-07-04 08:00:00,26.0,0.7,0.505,23.0,88.7
2026-07-04 09:00:00,27.5,0.2,0.503,30.2,88.5
2026-07-04 10:00:00,28.3,0.3,0.502,29.2,88.7
2026-07-04 11:00:00,29.6,0.4,0.502,26.3,89.10000000000001
2026-07-04 12:00:00,30.3,0.3,0.5,22.3,88.7
2026-07-04 13:00:00,30.9,0.4,0.499,21.6,88.6
2026-07-04 14:00:00,29.6,0.9,0.504,19.1,89.4
2026-07-04 15:00:00,27.5,5.7,0.505,19.8,88.2
2026-07-04 16:00:00,27.4,0.9,0.511,13.7,87.1
2026-07-04 17:00:00,29.1,1.0,0.513,13.7,87.8
2026-07-04 18:00:00,28.1,0.2,0.509,9.7,87.3
2026-07-04 19:00:00,27.8,0.1,0.506,6.1,87.0
2026-07-04 20:00:00,27.1,1.3,0.502,13.0,87.3
2026-07-04 21:00:00,26.8,0.4,0.506,13.7,85.89999999999999
2026-07-04 22:00:00,26.3,0.1,0.505,11.9,84.8
2026-07-04 23:00:00,25.9,0.1,0.502,8.3,84.39999999999999
2026-07-05 00:00:00,25.9,0.6,0.508,12.6,85.0
2026-07-05 01:00:00,25.9,0.3,0.508,12.6,85.3
2026-07-05 02:00:00,25.7,0.1,0.506,9.4,85.3
2026-07-05 03:00:00,25.3,0.5,0.509,10.8,85.8
2026-07-05 04:00:00,24.9,1.0,0.515,16.9,86.3
2026-07-05 05:00:00,24.9,0.2,0.511,13.0,86.3
2026-07-05 06:00:00,24.9,0.1,0.508,15.5,82.19999999999999
2026-07-05 07:00:00,24.7,1.8,0.509,16.6,80.2
2026-07-05 08:00:00,24.7,1.9,0.513,18.0,79.1
2026-07-05 09:00:00,26.5,0.3,0.511,19.8,77.69999999999999
2026-07-05 10:00:00,28.1,0.1,0.508,20.5,70.5
2026-07-05 11:00:00,29.2,0.1,0.504,21.2,66.8
2026-07-05 12:00:00,30.0,0.0,0.5,18.4,66.2
2026-07-05 13:00:00,31.5,0.0,0.497,19.8,64.8
2026-07-05 14:00:00,29.5,0.8,0.502,27.7,63.9
2026-07-05 15:00:00,27.6,1.9,0.513,28.4,65.5
2026-07-05 16:00:00,27.4,1.2,0.518,13.7,66.7
2026-07-05 17:00:00,26.0,1.2,0.497,9.7,67.9
2026-07-05 18:00:00,25.4,0.5,0.502,15.1,68.4
2026-07-05 19:00:00,25.6,0.1,0.501,10.1,68.3
2026-07-05 20:00:00,25.8,0.0,0.5,3.2,66.6
2026-07-05 21:00:00,25.8,0.0,0.498,4.7,65.6
2026-07-05 22:00:00,25.7,0.0,0.497,5.4,63.3
2026-07-05 23:00:00,25.9,0.0,0.496,6.5,61.8
2026-07-06 00:00:00,25.7,0.2,0.498,7.2,59.400000000000006
2026-07-06 01:00:00,25.7,0.8,0.507,5.0,58.1
2026-07-06 02:00:00,25.8,1.3,0.517,4.7,57.7
2026-07-06 03:00:00,25.3,2.7,0.508,9.7,59.4
2026-07-06 04:00:00,25.2,3.8,0.506,11.5,62.7
2026-07-06 05:00:00,25.2,3.1,0.512,9.7,65.2
2026-07-06 06:00:00,25.2,1.2,0.517,16.2,65.89999999999999
2026-07-06 07:00:00,25.4,1.6,0.505,18.0,66.60000000000001
2026-07-06 08:00:00,25.5,3.0,0.506,20.5,69.2
2026-07-06 09:00:00,26.0,1.5,0.508,21.6,70.5
2026-07-06 10:00:00,27.2,0.4,0.508,21.6,70.8
2026-07-06 11:00:00,27.6,0.3,0.508,24.5,62.5
2026-07-06 12:00:00,27.4,0.6,0.51,23.0,62.3
2026-07-06 13:00:00,28.0,0.8,0.511,24.5,62.6
2026-07-06 14:00:00,28.6,0.6,0.511,23.0,60.099999999999994
2026-07-06 15:00:00,28.9,0.3,0.51,25.6,58.300000000000004
2026-07-06 16:00:00,29.5,0.1,0.507,25.2,56.7
2026-07-06 17:00:00,27.9,0.1,0.501,21.6,56.5
2026-07-06 18:00:00,27.3,0.3,0.502,16.2,56.4
2026-07-06 19:00:00,26.9,0.2,0.502,12.2,56.199999999999996
2026-07-06 20:00:00,26.2,0.8,0.51,12.2,56.7
2026-07-06 21:00:00,26.0,1.1,0.515,11.2,57.2
2026-07-06 22:00:00,25.9,0.4,0.513,9.7,57.2
2026-07-06 23:00:00,25.8,0.7,0.516,14.0,57.4
2026-07-07 00:00:00,25.1,1.7,0.511,14.0,58.1
2026-07-07 01:00:00,25.5,0.8,0.515,11.9,58.8
2026-07-07 02:00:00,25.3,0.4,0.514,19.4,59.1
2026-07-07 03:00:00,24.9,0.4,0.513,19.4,59.300000000000004
2026-07-07 04:00:00,24.7,1.0,0.518,18.7,59.0
2026-07-07 05:00:00,25.1,0.8,0.504,16.6,58.0
2026-07-07 06:00:00,25.4,0.1,0.503,27.7,57.3
2026-07-07 07:00:00,26.2,0.1,0.502,27.7,56.9
2026-07-07 08:00:00,27.4,0.1,0.501,34.2,56.300000000000004
2026-07-07 09:00:00,27.8,0.1,0.499,45.0,56.199999999999996
2026-07-07 10:00:00,28.2,0.1,0.497,46.8,56.0
2026-07-07 11:00:00,27.9,0.2,0.519,47.2,55.800000000000004
2026-07-07 12:00:00,28.3,0.4,0.51,42.5,55.9
2026-07-07 13:00:00,28.8,0.6,0.508,42.5,56.1
2026-07-07 14:00:00,30.3,0.1,0.503,42.5,55.300000000000004
2026-07-07 15:00:00,30.0,0.1,0.5,42.5,49.699999999999996
2026-07-07 16:00:00,30.3,0.0,0.496,41.4,48.8
2026-07-07 17:00:00,29.0,1.5,0.501,41.8,49.3
2026-07-07 18:00:00,26.0,5.8,0.515,36.0,54.9
2026-07-07 19:00:00,25.8,1.4,0.497,21.6,56.2
2026-07-07 20:00:00,25.7,0.0,0.496,21.6,54.9
2026-07-07 21:00:00,25.5,0.1,0.496,24.1,54.6
2026-07-07 22:00:00,25.4,0.9,0.506,25.6,55.4
2026-07-07 23:00:00,25.4,0.7,0.514,24.1,56.0
2026-07-08 00:00:00,25.0,1.9,0.517,30.6,57.300000000000004
2026-07-08 01:00:00,25.0,0.5,0.514,28.1,57.5
2026-07-08 02:00:00,25.0,0.1,0.511,26.3,57.5
2026-07-08 03:00:00,25.0,0.1,0.508,25.6,57.099999999999994
2026-07-08 04:00:00,24.7,0.2,0.507,23.4,56.3
2026-07-08 05:00:00,24.6,0.3,0.514,23.8,56.4
2026-07-08 06:00:00,25.0,0.2,0.51,24.5,56.5
2026-07-08 07:00:00,25.5,0.3,0.509,25.9,55.0
2026-07-08 08:00:00,25.7,0.3,0.508,29.2,53.4
2026-07-08 09:00:00,26.5,0.3,0.507,33.5,53.4
2026-07-08 10:00:00,28.3,0.2,0.505,41.4,53.5
2026-07-08 11:00:00,28.4,0.7,0.544,43.6,54.099999999999994
2026-07-08 12:00:00,29.8,0.4,0.502,45.4,54.5
2026-07-08 13:00:00,29.7,0.1,0.499,45.7,54.599999999999994
2026-07-08 14:00:00,30.1,0.3,0.497,41.4,54.1
2026-07-08 15:00:00,30.3,0.3,0.496,38.5,52.5
2026-07-08 16:00:00,30.4,0.3,0.496,36.0,51.6
2026-07-08 17:00:00,28.2,0.1,0.502,28.1,50.5
2026-07-08 18:00:00,27.2,0.3,0.502,24.1,50.300000000000004
2026-07-08 19:00:00,27.0,0.1,0.501,18.4,50.300000000000004
2026-07-08 20:00:00,26.3,0.2,0.5,20.2,50.5
2026-07-08 21:00:00,26.2,0.2,0.5,16.2,50.7
2026-07-08 22:00:00,26.1,0.1,0.499,13.0,50.800000000000004
2026-07-08 23:00:00,25.6,1.7,0.512,23.0,52.5
2026-07-09 00:00:00,25.2,0.9,0.514,24.1,53.199999999999996
2026-07-09 01:00:00,25.1,0.1,0.509,23.0,52.5
2026-07-09 02:00:00,25.1,0.1,0.506,15.5,51.3
2026-07-09 03:00:00,24.9,0.0,0.503,13.7,48.6
2026-07-09 04:00:00,24.8,0.0,0.501,7.9,44.8
2026-07-09 05:00:00,24.5,0.0,0.505,9.7,41.7
2026-07-09 06:00:00,25.2,0.0,0.503,17.6,40.5
2026-07-09 07:00:00,26.1,0.0,0.501,19.8,38.9
2026-07-09 08:00:00,27.0,0.0,0.5,23.8,35.9
2026-07-09 09:00:00,28.1,0.0,0.498,24.5,34.4
2026-07-09 10:00:00,29.5,0.0,0.495,31.0,34.0
2026-07-09 11:00:00,30.1,0.1,0.495,31.0,33.800000000000004
2026-07-09 12:00:00,30.6,0.1,0.493,32.4,33.300000000000004
2026-07-09 13:00:00,32.1,0.2,0.49,35.6,32.699999999999996
2026-07-09 14:00:00,31.4,0.1,0.488,35.6,32.2
2026-07-09 15:00:00,26.2,7.8,0.52,38.2,39.699999999999996
2026-07-09 16:00:00,25.9,6.6,0.515,39.6,46.199999999999996
2026-07-09 17:00:00,28.2,0.9,0.517,13.3,47.0
2026-07-09 18:00:00,27.9,0.0,0.512,6.5,46.699999999999996
2026-07-09 19:00:00,27.2,0.0,0.508,9.7,46.5
2026-07-09 20:00:00,27.0,0.0,0.506,10.4,45.699999999999996
2026-07-09 21:00:00,27.3,0.0,0.503,12.2,44.599999999999994
2026-07-09 22:00:00,26.9,0.0,0.502,11.9,44.199999999999996
2026-07-09 23:00:00,27.0,0.0,0.5,7.2,43.5
2026-07-10 00:00:00,25.8,0.6,0.505,11.5,42.4
2026-07-10 01:00:00,24.2,2.7,0.519,25.9,44.300000000000004
2026-07-10 02:00:00,24.3,1.8,0.517,19.1,45.699999999999996
2026-07-10 03:00:00,24.5,0.3,0.514,8.3,45.599999999999994
2026-07-10 04:00:00,24.7,0.0,0.51,3.6,44.599999999999994
2026-07-10 05:00:00,25.0,0.0,0.512,3.2,43.8
2026-07-10 06:00:00,25.2,0.1,0.509,6.5,43.8
2026-07-10 07:00:00,26.0,0.1,0.507,9.0,43.8
2026-07-10 08:00:00,27.7,0.0,0.505,17.6,43.699999999999996
2026-07-10 09:00:00,29.1,0.1,0.503,27.4,43.7
2026-07-10 10:00:00,30.4,0.0,0.499,29.9,43.6
2026-07-10 11:00:00,31.0,0.1,0.496,32.4,43.5
2026-07-10 12:00:00,32.0,0.1,0.492,29.2,43.199999999999996
2026-07-10 13:00:00,32.7,0.1,0.488,29.2,42.699999999999996
2026-07-10 14:00:00,33.1,0.1,0.485,29.2,42.699999999999996
2026-07-10 15:00:00,33.1,0.1,0.483,28.1,42.7
2026-07-10 16:00:00,32.1,0.1,0.481,30.6,42.800000000000004
2026-07-10 17:00:00,31.3,0.1,0.483,30.2,41.4
2026-07-10 18:00:00,29.9,0.0,0.482,27.7,35.599999999999994
2026-07-10 19:00:00,29.0,0.0,0.482,18.0,34.199999999999996
2026-07-10 20:00:00,28.3,0.0,0.482,11.9,34.199999999999996
2026-07-10 21:00:00,27.4,0.0,0.481,10.1,34.099999999999994
2026-07-10 22:00:00,27.3,0.0,0.481,8.6,33.199999999999996
2026-07-10 23:00:00,27.3,0.0,0.481,8.6,32.49999999999999
2026-07-11 00:00:00,26.9,0.0,0.481,10.4,30.6
2026-07-11 01:00:00,26.6,0.0,0.48,10.1,30.1
2026-07-11 02:00:00,26.0,0.1,0.481,10.1,30.099999999999998
2026-07-11 03:00:00,25.7,0.1,0.481,7.9,30.099999999999998
2026-07-11 04:00:00,25.5,0.0,0.481,10.8,29.9
2026-07-11 05:00:00,25.1,0.0,0.497,13.0,29.599999999999998
2026-07-11 06:00:00,25.7,0.1,0.497,10.4,29.5
2026-07-11 07:00:00,27.2,0.0,0.496,16.2,29.2
2026-07-11 08:00:00,28.4,0.0,0.494,28.8,28.900000000000002
2026-07-11 09:00:00,29.6,0.0,0.491,32.4,28.6
2026-07-11 10:00:00,30.3,0.1,0.489,32.4,28.5
2026-07-11 11:00:00,31.3,0.3,0.496,34.2,28.099999999999998
2026-07-11 12:00:00,32.0,0.2,0.493,33.8,27.9
2026-07-11 13:00:00,32.5,0.2,0.49,35.6,27.999999999999996
2026-07-11 14:00:00,32.6,0.1,0.486,37.4,27.8
2026-07-11 15:00:00,32.5,0.1,0.483,37.4,27.6
2026-07-11 16:00:00,32.3,0.0,0.479,38.5,27.3
2026-07-11 17:00:00,31.5,0.0,0.478,27.4,27.2
2026-07-11 18:00:00,30.3,0.0,0.477,25.2,26.900000000000002
2026-07-11 19:00:00,29.5,0.0,0.476,27.0,26.8
2026-07-11 20:00:00,28.5,0.0,0.476,22.3,26.6
2026-07-11 21:00:00,27.8,0.0,0.475,15.8,26.400000000000002
2026-07-11 22:00:00,27.2,0.0,0.475,11.5,26.3
2026-07-11 23:00:00,27.3,0.0,0.482,6.8,24.6
2026-07-12 00:00:00,27.2,0.0,0.481,9.7,23.7
2026-07-12 01:00:00,27.0,0.0,0.48,11.5,23.6
2026-07-12 02:00:00,26.5,0.0,0.48,11.5,23.5
2026-07-12 03:00:00,25.9,0.0,0.479,10.8,23.5
2026-07-12 04:00:00,25.5,0.0,0.479,10.1,23.5
2026-07-12 05:00:00,25.9,0.0,0.469,6.8,23.5
2026-07-12 06:00:00,26.3,0.0,0.469,11.2,23.5
2026-07-12 07:00:00,27.5,0.0,0.468,18.0,23.5
2026-07-12 08:00:00,28.3,0.0,0.467,24.8,23.5
2026-07-12 09:00:00,29.1,0.1,0.465,28.1,23.599999999999998
2026-07-12 10:00:00,29.2,0.1,0.464,27.0,23.7
2026-07-12 11:00:00,31.3,0.3,0.468,31.0,23.900000000000002
2026-07-12 12:00:00,32.4,0.0,0.464,31.7,23.8
2026-07-12 13:00:00,33.0,0.0,0.46,34.2,23.6
2026-07-12 14:00:00,33.0,0.0,0.456,37.1,23.5
2026-07-12 15:00:00,32.9,0.0,0.453,36.0,15.7
2026-07-12 16:00:00,32.6,0.0,0.45,33.8,9.1
2026-07-12 17:00:00,31.6,0.0,0.45,28.1,8.2
2026-07-12 18:00:00,30.2,0.0,0.449,28.8,8.2
2026-07-12 19:00:00,29.3,0.0,0.448,27.7,8.2
2026-07-12 20:00:00,28.4,0.0,0.448,23.8,8.2
2026-07-12 21:00:00,28.1,0.0,0.448,21.6,8.2
2026-07-12 22:00:00,27.7,0.0,0.448,20.2,8.2
2026-07-12 23:00:00,27.5,0.0,0.447,14.4,8.2
2026-07-13 00:00:00,27.0,0.0,0.447,13.3,7.6000000000000005
2026-07-13 01:00:00,26.6,0.0,0.447,12.6,4.9
2026-07-13 02:00:00,26.2,0.0,0.447,10.8,3.1000000000000005
2026-07-13 03:00:00,25.7,0.0,0.448,10.1,2.8
2026-07-13 04:00:00,25.5,0.0,0.448,7.9,2.8
2026-07-13 05:00:00,25.7,0.0,0.45,11.9,2.8
2026-07-13 06:00:00,26.2,0.0,0.45,12.6,2.7
2026-07-13 07:00:00,27.6,0.0,0.449,15.1,2.6000000000000005
2026-07-13 08:00:00,28.6,0.1,0.448,26.3,2.7
2026-07-13 09:00:00,29.9,0.2,0.448,32.0,2.8000000000000003
2026-07-13 10:00:00,31.0,0.1,0.446,32.0,2.9000000000000004
2026-07-13 11:00:00,32.2,0.2,0.446,31.3,3.0
2026-07-13 12:00:00,33.2,0.0,0.442,32.0,2.9
2026-07-13 13:00:00,33.8,0.0,0.438,28.4,2.8
2026-07-13 14:00:00,33.5,0.1,0.436,28.4,2.8
2026-07-13 15:00:00,33.6,0.1,0.434,25.9,2.8000000000000003
2026-07-13 16:00:00,33.1,0.1,0.433,22.7,2.8000000000000003
2026-07-13 17:00:00,32.4,0.0,0.435,20.9,2.7
2026-07-13 18:00:00,31.0,0.0,0.435,15.1,2.7
2026-07-13 19:00:00,30.0,0.0,0.435,7.9,2.7
2026-07-13 20:00:00,29.8,0.0,0.435,16.6,2.7
2026-07-13 21:00:00,29.5,0.0,0.434,23.8,2.7
2026-07-13 22:00:00,28.7,0.0,0.434,23.8,2.7
2026-07-13 23:00:00,28.5,0.0,0.436,16.6,2.7
2026-07-14 00:00:00,27.8,0.0,0.436,14.8,2.7
2026-07-14 01:00:00,27.8,0.0,0.436,15.5,2.7
2026-07-14 02:00:00,27.5,0.0,0.436,16.2,2.6
2026-07-14 03:00:00,27.0,0.0,0.436,15.1,2.5
2026-07-14 04:00:00,26.5,0.0,0.436,10.8,2.5
2026-07-14 05:00:00,25.9,0.0,0.435,8.6,2.5
2026-07-14 06:00:00,26.6,0.0,0.435,12.2,2.4000000000000004
2026-07-14 07:00:00,28.3,0.0,0.435,24.5,2.4000000000000004
2026-07-14 08:00:00,29.5,0.0,0.433,27.0,2.4000000000000004
2026-07-14 09:00:00,30.0,0.2,0.433,37.8,2.6
2026-07-14 10:00:00,31.3,0.4,0.433,39.6,2.9000000000000004
2026-07-14 11:00:00,32.5,0.1,0.43,38.5,2.7
2026-07-14 12:00:00,33.6,0.0,0.427,36.4,2.5000000000000004
2026-07-14 13:00:00,34.0,0.0,0.423,35.6,2.3000000000000003
2026-07-14 14:00:00,33.9,0.0,0.42,33.1,2.2
2026-07-14 15:00:00,33.9,0.0,0.417,31.3,2.1000000000000005
2026-07-14 16:00:00,33.8,0.0,0.415,26.6,2.1000000000000005
2026-07-14 17:00:00,32.7,0.0,0.388,25.6,2.1000000000000005
2026-07-14 18:00:00,31.2,0.0,0.387,17.6,2.1000000000000005
2026-07-14 19:00:00,30.3,0.0,0.388,12.2,2.1000000000000005
2026-07-14 20:00:00,29.2,0.1,0.389,12.6,2.2
2026-07-14 21:00:00,28.1,0.2,0.391,13.7,2.4000000000000004
2026-07-14 22:00:00,28.0,0.1,0.392,10.1,2.5000000000000004
2026-07-14 23:00:00,27.8,0.0,0.392,6.5,2.5
2026-07-15 00:00:00,27.4,0.0,0.393,9.0,2.5
2026-07-15 01:00:00,27.3,0.0,0.393,12.6,2.5
2026-07-15 02:00:00,26.8,0.0,0.393,13.0,2.5
2026-07-15 03:00:00,26.4,0.0,0.394,9.4,2.5
2026-07-15 04:00:00,26.3,0.0,0.394,7.9,2.5
2026-07-15 05:00:00,26.5,0.0,0.402,6.5,2.5
2026-07-15 06:00:00,26.9,0.0,0.402,9.7,2.5
2026-07-15 07:00:00,28.0,0.0,0.402,13.0,2.5
2026-07-15 08:00:00,28.5,0.0,0.402,14.0,2.5
2026-07-15 09:00:00,29.5,0.0,0.401,16.2,2.4000000000000004
2026-07-15 10:00:00,30.7,0.0,0.4,24.8,2.3000000000000003
2026-07-15 11:00:00,31.5,0.0,0.403,25.6,2.0
2026-07-15 12:00:00,31.9,0.0,0.402,26.6,2.0
2026-07-15 13:00:00,32.3,0.0,0.4,26.6,2.0
2026-07-15 14:00:00,31.9,0.1,0.399,24.8,2.1
2026-07-15 15:00:00,32.3,0.0,0.397,25.9,2.1000000000000005
2026-07-15 16:00:00,31.4,0.0,0.396,26.3,2.1000000000000005
2026-07-15 17:00:00,30.5,0.0,0.392,19.8,2.1000000000000005
2026-07-15 18:00:00,29.7,0.0,0.393,15.8,2.1000000000000005
2026-07-15 19:00:00,29.3,0.0,0.393,16.2,2.1000000000000005
2026-07-15 20:00:00,28.9,0.0,0.393,14.8,2.1000000000000005
2026-07-15 21:00:00,28.5,0.0,0.394,8.3,2.1000000000000005
2026-07-15 22:00:00,28.0,0.0,0.394,6.8,2.1000000000000005
2026-07-15 23:00:00,28.0,0.0,0.401,6.1,2.1000000000000005
2026-07-16 00:00:00,27.7,0.0,0.402,8.3,2.1000000000000005
2026-07-16 01:00:00,27.0,0.0,0.402,18.0,2.1000000000000005
2026-07-16 02:00:00,26.9,0.0,0.402,18.7,2.1000000000000005
2026-07-16 03:00:00,26.2,0.0,0.403,19.1,2.1000000000000005
2026-07-16 04:00:00,25.9,0.0,0.403,16.2,2.1000000000000005
2026-07-16 05:00:00,27.1,0.0,0.401,11.5,2.1000000000000005
2026-07-16 06:00:00,27.3,0.0,0.402,18.7,2.1000000000000005
2026-07-16 07:00:00,28.2,0.0,0.401,18.7,2.1000000000000005
2026-07-16 08:00:00,29.6,0.0,0.4,22.0,2.0000000000000004
2026-07-16 09:00:00,30.4,0.0,0.399,27.0,1.8
2026-07-16 10:00:00,30.7,0.0,0.398,31.7,1.7000000000000002
2026-07-16 11:00:00,32.3,0.0,0.397,33.1,1.5
2026-07-16 12:00:00,32.4,0.0,0.395,38.5,1.5
2026-07-16 13:00:00,30.3,2.0,0.415,33.5,3.5
2026-07-16 14:00:00,31.0,0.1,0.414,15.5,3.5
2026-07-16 15:00:00,28.8,2.7,0.444,25.2,6.1000000000000005
2026-07-16 16:00:00,28.2,1.6,0.462,22.7,7.6
2026-07-16 17:00:00,28.2,0.1,0.388,16.2,7.7
2026-07-16 18:00:00,26.2,3.2,0.43,22.0,10.9
2026-07-16 19:00:00,26.3,2.0,0.456,12.6,12.9
2026-07-16 20:00:00,25.9,2.1,0.484,9.0,15.0
2026-07-16 21:00:00,25.9,1.1,0.494,5.0,16.1
2026-07-16 22:00:00,25.9,0.4,0.495,6.1,16.5
2026-07-16 23:00:00,26.4,0.5,0.504,5.4,17.0
2026-07-17 00:00:00,26.0,0.4,0.501,6.1,17.400000000000002
2026-07-17 01:00:00,25.9,0.2,0.497,7.2,17.6
2026-07-17 02:00:00,25.6,0.3,0.496,10.1,17.900000000000002
2026-07-17 03:00:00,25.1,0.1,0.493,12.6,18.0
2026-07-17 04:00:00,24.7,3.3,0.52,10.4,21.3
2026-07-17 05:00:00,24.8,3.2,0.5,20.9,24.5
2026-07-17 06:00:00,25.0,1.5,0.511,16.6,26.0
2026-07-17 07:00:00,25.1,2.3,0.516,11.9,28.3
2026-07-17 08:00:00,25.5,1.8,0.518,11.9,30.1
2026-07-17 09:00:00,25.7,1.9,0.517,12.6,31.8
2026-07-17 10:00:00,26.1,2.3,0.516,10.4,33.699999999999996
2026-07-17 11:00:00,25.6,2.1,0.52,12.6,35.699999999999996
2026-07-17 12:00:00,25.8,2.5,0.519,13.3,38.199999999999996
2026-07-17 13:00:00,26.3,1.8,0.518,14.0,40.0
2026-07-17 14:00:00,26.9,0.7,0.515,19.8,40.699999999999996
2026-07-17 15:00:00,27.8,0.2,0.511,28.4,40.9
2026-07-17 16:00:00,28.1,0.0,0.507,28.8,40.9
2026-07-17 17:00:00,26.5,0.0,0.5,21.2,40.9
2026-07-17 18:00:00,26.0,3.5,0.52,13.0,44.4
2026-07-17 19:00:00,25.3,2.0,0.52,13.0,46.4
2026-07-17 20:00:00,24.8,1.9,0.516,14.4,48.2
2026-07-17 21:00:00,24.7,0.5,0.514,14.4,48.5
2026-07-17 22:00:00,24.7,0.1,0.51,10.1,48.5
2026-07-17 23:00:00,24.4,2.3,0.514,15.5,50.8
2026-07-18 00:00:00,24.3,2.5,0.506,15.8,53.3
2026-07-18 01:00:00,24.2,1.5,0.509,9.0,54.8
2026-07-18 02:00:00,24.0,0.7,0.514,12.2,55.5
2026-07-18 03:00:00,24.0,0.7,0.517,9.7,56.199999999999996
2026-07-18 04:00:00,24.1,0.6,0.515,8.3,56.8
2026-07-18 05:00:00,24.4,0.3,0.511,9.4,57.1
2026-07-18 06:00:00,24.7,1.0,0.518,11.5,58.1
2026-07-18 07:00:00,25.2,0.8,0.517,18.4,58.9
2026-07-18 08:00:00,25.8,1.1,0.507,20.9,60.0
2026-07-18 09:00:00,26.6,0.8,0.51,24.8,60.8
2026-07-18 10:00:00,27.5,0.7,0.512,24.8,61.5
2026-07-18 11:00:00,29.2,0.9,0.518,20.9,62.4
2026-07-18 12:00:00,29.8,0.1,0.511,34.9,62.5
2026-07-18 13:00:00,30.7,0.2,0.507,35.3,62.699999999999996
2026-07-18 14:00:00,30.6,0.1,0.503,33.1,62.699999999999996
2026-07-18 15:00:00,29.8,0.5,0.504,28.1,63.199999999999996
2026-07-18 16:00:00,27.0,1.3,0.513,20.9,64.5
2026-07-18 17:00:00,27.9,0.3,0.519,20.2,64.8
2026-07-18 18:00:00,27.0,0.1,0.513,18.0,64.89999999999999
2026-07-18 19:00:00,26.6,0.0,0.509,12.6,64.89999999999999
2026-07-18 20:00:00,26.4,0.0,0.506,4.0,64.89999999999999
2026-07-18 21:00:00,26.0,0.0,0.504,6.1,64.89999999999999
2026-07-18 22:00:00,25.6,0.0,0.502,6.1,64.89999999999999
2026-07-18 23:00:00,25.7,0.0,0.5,6.1,64.89999999999999
2026-07-19 00:00:00,25.5,0.0,0.499,6.5,64.89999999999999
2026-07-19 01:00:00,25.5,0.0,0.498,4.3,64.89999999999999
2026-07-19 02:00:00,25.0,0.5,0.502,15.1,65.39999999999999
2026-07-19 03:00:00,24.3,2.3,0.509,19.8,67.7
2026-07-19 04:00:00,24.3,0.3,0.51,9.7,68.0
2026-07-19 05:00:00,25.1,0.2,0.493,9.7,68.2
2026-07-19 06:00:00,25.4,0.0,0.493,11.5,68.2
2026-07-19 07:00:00,26.4,0.0,0.492,17.3,68.2
2026-07-19 08:00:00,27.7,0.1,0.492,18.0,68.3
2026-07-19 09:00:00,28.9,0.1,0.491,18.4,68.39999999999999
2026-07-19 10:00:00,30.3,0.1,0.489,19.4,68.5
2026-07-19 11:00:00,30.7,0.1,0.488,19.4,68.6
2026-07-19 12:00:00,31.1,0.0,0.486,22.0,68.6
2026-07-19 13:00:00,32.1,0.0,0.482,21.2,66.6
2026-07-19 14:00:00,29.0,2.2,0.504,27.0,68.7
2026-07-19 15:00:00,29.4,0.5,0.505,25.9,66.5
2026-07-19 16:00:00,28.3,1.8,0.519,20.5,66.7
2026-07-19 17:00:00,28.3,1.5,0.52,18.7,68.1
2026-07-19 18:00:00,26.3,3.2,0.514,10.1,68.1
2026-07-19 19:00:00,25.8,0.3,0.511,7.6,66.39999999999999
2026-07-19 20:00:00,25.7,0.1,0.508,6.5,64.4
2026-07-19 21:00:00,25.7,0.0,0.506,4.3,63.3
2026-07-19 22:00:00,25.8,0.0,0.504,2.9,62.9
2026-07-19 23:00:00,25.7,0.0,0.502,3.6,62.4
2026-07-20 00:00:00,25.7,0.0,0.5,2.9,62.0
2026-07-20 01:00:00,25.6,0.0,0.499,3.6,61.8
2026-07-20 02:00:00,25.4,0.0,0.498,2.2,61.5
2026-07-20 03:00:00,25.2,0.0,0.497,4.3,61.4
2026-07-20 04:00:00,25.0,0.0,0.496,4.7,58.1
2026-07-20 05:00:00,24.4,0.0,0.519,4.0,54.9
2026-07-20 06:00:00,25.0,0.0,0.512,8.6,53.4
2026-07-20 07:00:00,25.9,0.0,0.509,12.6,51.1
2026-07-20 08:00:00,27.1,0.0,0.506,18.0,49.3
2026-07-20 09:00:00,28.3,0.0,0.502,22.3,47.4
2026-07-20 10:00:00,29.1,0.2,0.5,22.7,45.300000000000004
2026-07-20 11:00:00,29.8,0.1,0.498,23.4,43.300000000000004
2026-07-20 12:00:00,27.9,1.1,0.506,27.7,41.9
2026-07-20 13:00:00,27.5,1.3,0.513,30.6,41.4
2026-07-20 14:00:00,28.0,0.7,0.512,17.3,41.4
2026-07-20 15:00:00,28.3,0.4,0.51,18.0,41.6
2026-07-20 16:00:00,26.3,5.0,0.508,22.7,46.6
2026-07-20 17:00:00,26.4,1.4,0.514,22.0,48.0
2026-07-20 18:00:00,26.3,0.9,0.514,9.0,45.4
2026-07-20 19:00:00,26.2,1.1,0.514,5.8,44.5
2026-07-20 20:00:00,26.0,0.9,0.514,5.8,43.5
2026-07-20 21:00:00,25.9,0.6,0.514,7.2,43.6
2026-07-20 22:00:00,25.6,0.7,0.513,10.4,44.199999999999996
2026-07-20 23:00:00,25.6,1.3,0.513,13.0,43.2
2026-07-21 00:00:00,25.3,1.1,0.513,13.7,41.800000000000004
2026-07-21 01:00:00,24.6,3.8,0.512,15.5,44.1
2026-07-21 02:00:00,24.3,2.7,0.512,17.6,46.1
2026-07-21 03:00:00,24.1,3.8,0.512,19.8,49.2
2026-07-21 04:00:00,24.3,2.8,0.512,14.4,51.4
2026-07-21 05:00:00,24.5,2.3,0.512,11.2,53.4
2026-07-21 06:00:00,24.8,1.8,0.511,11.9,54.199999999999996
2026-07-21 07:00:00,25.0,1.0,0.511,16.9,54.4
2026-07-21 08:00:00,25.1,0.9,0.511,18.7,54.199999999999996
2026-07-21 09:00:00,25.0,0.5,0.511,18.7,53.9
2026-07-21 10:00:00,25.6,0.6,0.511,20.2,53.8
2026-07-21 11:00:00,26.0,0.7,0.51,17.3,53.6
2026-07-21 12:00:00,26.2,1.8,0.51,18.7,55.3
2026-07-21 13:00:00,25.8,4.9,0.51,22.7,60.0
2026-07-21 14:00:00,25.8,2.2,0.51,19.8,62.1
2026-07-21 15:00:00,25.8,1.2,0.51,15.8,62.800000000000004
2026-07-21 16:00:00,25.8,1.1,0.51,18.4,62.599999999999994
2026-07-21 17:00:00,25.6,2.0,0.505,17.6,64.3
2026-07-21 18:00:00,25.3,1.8,0.51,19.8,66.0
2026-07-21 19:00:00,25.0,1.6,0.509,16.9,67.60000000000001
2026-07-21 20:00:00,24.5,2.4,0.509,15.8,70.0
2026-07-21 21:00:00,24.1,1.6,0.509,20.9,71.60000000000001
2026-07-21 22:00:00,24.1,1.8,0.509,20.9,73.4
2026-07-21 23:00:00,24.2,2.0,0.508,23.4,75.4
2026-07-22 00:00:00,24.2,1.5,0.509,26.3,76.9
2026-07-22 01:00:00,24.1,1.7,0.509,25.9,78.60000000000001
2026-07-22 02:00:00,23.9,2.3,0.509,25.9,80.4
2026-07-22 03:00:00,24.0,2.3,0.509,26.3,80.39999999999999
2026-07-22 04:00:00,23.8,1.9,0.509,20.9,82.0
2026-07-22 05:00:00,23.9,0.8,0.508,19.4,82.6
2026-07-22 06:00:00,23.9,0.9,0.508,24.1,83.5
2026-07-22 07:00:00,24.2,0.4,0.507,26.3,83.89999999999999
2026-07-22 08:00:00,25.0,0.2,0.506,28.4,84.0
2026-07-22 09:00:00,25.5,0.1,0.505,32.8,84.0
2026-07-22 10:00:00,25.9,0.0,0.503,33.5,83.89999999999999
2026-07-22 11:00:00,24.9,0.0,0.512,38.2,83.8
2026-07-22 12:00:00,26.0,0.2,0.509,27.0,84.0
2026-07-22 13:00:00,26.5,0.2,0.507,33.1,84.2
2026-07-22 14:00:00,24.9,1.6,0.51,30.2,83.6
2026-07-22 15:00:00,25.3,0.5,0.509,31.3,83.6
2026-07-22 16:00:00,25.7,0.3,0.507,32.4,82.10000000000001
2026-07-22 17:00:00,26.2,0.1,0.507,31.7,80.7
2026-07-22 18:00:00,24.9,0.9,0.509,28.1,78.4
2026-07-22 19:00:00,24.7,0.3,0.508,27.7,78.4
2026-07-22 20:00:00,24.7,0.1,0.506,27.4,78.39999999999999
2026-07-22 21:00:00,24.6,0.1,0.505,27.7,78.5
2026-07-22 22:00:00,24.5,0.1,0.504,27.4,78.6
2026-07-22 23:00:00,24.4,0.2,0.503,26.3,78.8
2026-07-23 00:00:00,24.0,2.5,0.509,28.1,81.3
2026-07-23 01:00:00,23.5,1.4,0.508,29.9,82.69999999999999
2026-07-23 02:00:00,23.6,0.6,0.508,29.2,83.3
2026-07-23 03:00:00,23.6,0.4,0.508,31.0,83.69999999999999
2026-07-23 04:00:00,23.6,0.4,0.507,29.9,84.1
2026-07-23 05:00:00,23.5,0.6,0.509,30.6,84.69999999999999
2026-07-23 06:00:00,23.5,0.3,0.507,31.7,85.0
2026-07-23 07:00:00,23.7,0.1,0.506,31.3,85.1
2026-07-23 08:00:00,23.8,0.2,0.505,33.8,85.3
2026-07-23 09:00:00,24.3,0.2,0.504,38.5,85.5
2026-07-23 10:00:00,24.8,0.2,0.504,41.0,85.5
2026-07-23 11:00:00,24.9,1.4,0.533,37.8,86.8
2026-07-23 12:00:00,24.8,0.5,0.496,39.6,86.2
2026-07-23 13:00:00,24.8,0.3,0.497,34.9,85.2
2026-07-23 14:00:00,25.9,0.2,0.497,28.1,84.7
2026-07-23 15:00:00,26.8,0.1,0.496,32.4,84.39999999999999
2026-07-23 16:00:00,27.4,0.0,0.494,35.6,79.39999999999999
2026-07-23 17:00:00,25.1,0.1,0.497,29.9,78.10000000000001
2026-07-23 18:00:00,24.9,0.1,0.497,16.9,77.3
2026-07-23 19:00:00,24.8,0.0,0.496,15.8,76.2
2026-07-23 20:00:00,24.8,0.7,0.503,18.0,76.0
2026-07-23 21:00:00,24.5,0.3,0.504,21.2,75.7
2026-07-23 22:00:00,24.1,0.1,0.503,16.9,75.10000000000001
2026-07-23 23:00:00,24.4,0.0,0.502,16.9,73.80000000000001
2026-07-24 00:00:00,24.1,0.0,0.501,15.5,72.7
2026-07-24 01:00:00,24.2,0.3,0.502,14.4,69.2
2026-07-24 02:00:00,24.1,0.2,0.503,14.8,66.7
2026-07-24 03:00:00,24.1,0.5,0.507,14.8,63.4
2026-07-24 04:00:00,23.9,0.4,0.509,13.3,61.0
2026-07-24 05:00:00,24.3,0.1,0.505,11.2,58.8
2026-07-24 06:00:00,24.5,0.1,0.503,17.6,57.1
2026-07-24 07:00:00,25.8,0.0,0.5,22.3,56.1
2026-07-24 08:00:00,26.9,0.2,0.5,31.0,55.4
2026-07-24 09:00:00,27.5,0.4,0.5,32.8,55.300000000000004
2026-07-24 10:00:00,28.4,0.4,0.5,33.1,55.1
2026-07-24 11:00:00,28.6,0.5,0.514,34.6,54.9
2026-07-24 12:00:00,29.9,0.2,0.507,32.4,53.3
2026-07-24 13:00:00,30.5,0.0,0.501,31.0,48.4
2026-07-24 14:00:00,30.3,0.0,0.496,30.6,46.199999999999996
2026-07-24 15:00:00,30.2,0.0,0.493,31.3,44.99999999999999
2026-07-24 16:00:00,29.8,0.1,0.491,31.0,44.0
2026-07-24 17:00:00,29.1,0.2,0.489,31.7,42.2
2026-07-24 18:00:00,27.7,0.0,0.487,23.0,40.4
2026-07-24 19:00:00,26.5,0.0,0.487,19.8,38.8
2026-07-24 20:00:00,26.0,0.0,0.486,13.3,36.4
2026-07-24 21:00:00,25.7,0.0,0.486,10.4,34.8
2026-07-24 22:00:00,25.7,0.1,0.486,12.2,33.1
2026-07-24 23:00:00,25.2,0.1,0.486,11.5,31.2
2026-07-25 00:00:00,25.2,0.0,0.485,9.7,29.7
2026-07-25 01:00:00,24.9,0.1,0.486,6.8,28.1
2026-07-25 02:00:00,24.8,0.0,0.486,5.8,25.8
2026-07-25 03:00:00,24.6,0.0,0.485,5.0,23.5
2026-07-25 04:00:00,24.7,0.0,0.485,5.4,21.6
2026-07-25 05:00:00,24.2,0.0,0.479,5.0,20.8
2026-07-25 06:00:00,25.2,0.0,0.479,9.4,19.900000000000002
2026-07-25 07:00:00,26.3,0.0,0.479,13.3,19.5
2026-07-25 08:00:00,27.2,0.0,0.478,17.3,19.3
2026-07-25 09:00:00,28.4,0.2,0.478,21.2,19.400000000000002
2026-07-25 10:00:00,29.5,0.1,0.477,20.9,19.5
2026-07-25 11:00:00,30.1,0.2,0.476,22.7,19.700000000000003
2026-07-25 12:00:00,30.9,0.4,0.476,28.4,19.9
2026-07-25 13:00:00,31.2,0.1,0.473,27.7,19.8
2026-07-25 14:00:00,31.7,0.0,0.47,24.1,18.200000000000003
2026-07-25 15:00:00,31.7,0.0,0.468,23.0,17.700000000000003
2026-07-25 16:00:00,31.6,0.1,0.467,21.2,17.5
2026-07-25 17:00:00,30.9,0.1,0.465,19.1,17.5
2026-07-25 18:00:00,29.3,0.0,0.465,17.6,16.6
2026-07-25 19:00:00,28.4,0.0,0.465,16.9,16.3
2026-07-25 20:00:00,28.2,0.0,0.465,13.7,16.2
2026-07-25 21:00:00,28.1,0.0,0.465,12.6,16.1
2026-07-25 22:00:00,27.4,0.0,0.465,14.0,16.0
2026-07-25 23:00:00,27.3,0.0,0.464,9.7,15.8
2026-07-26 00:00:00,26.7,0.0,0.464,10.1,13.3
2026-07-26 01:00:00,26.4,0.0,0.464,8.3,11.9
2026-07-26 02:00:00,26.3,0.0,0.464,5.8,11.3
2026-07-26 03:00:00,25.7,0.0,0.465,6.5,10.9
2026-07-26 04:00:00,25.4,0.0,0.465,8.3,10.5
2026-07-26 05:00:00,24.9,0.0,0.46,8.6,9.9
2026-07-26 06:00:00,25.4,0.1,0.462,9.0,9.700000000000001
2026-07-26 07:00:00,26.0,0.1,0.463,11.9,9.7
2026-07-26 08:00:00,27.0,0.2,0.464,17.3,9.7
2026-07-26 09:00:00,28.4,0.2,0.465,22.7,9.700000000000001
2026-07-26 10:00:00,29.9,0.1,0.463,24.8,9.6
2026-07-26 11:00:00,30.8,0.0,0.472,24.1,8.2
2026-07-26 12:00:00,31.5,0.0,0.469,22.0,7.7
2026-07-26 13:00:00,31.8,0.1,0.466,20.2,7.5
2026-07-26 14:00:00,31.7,0.1,0.464,23.0,7.4
2026-07-26 15:00:00,31.5,0.1,0.462,22.7,7.4
2026-07-26 16:00:00,30.9,0.1,0.461,15.8,7.500000000000001
2026-07-26 17:00:00,29.4,2.1,0.509,15.1,9.5
2026-07-26 18:00:00,28.3,0.0,0.504,7.9,9.4
2026-07-26 19:00:00,27.3,0.0,0.5,6.5,9.4
2026-07-26 20:00:00,26.9,0.0,0.497,8.6,8.7
2026-07-26 21:00:00,26.7,0.0,0.495,10.4,8.4
2026-07-26 22:00:00,26.6,0.0,0.493,7.9,8.3
2026-07-26 23:00:00,26.1,0.9,0.497,5.4,9.200000000000001
2026-07-27 00:00:00,25.8,3.2,0.513,7.2,12.4
2026-07-27 01:00:00,25.4,0.9,0.513,13.3,13.0
2026-07-27 02:00:00,24.5,2.7,0.506,9.0,15.5
2026-07-27 03:00:00,24.4,0.7,0.512,13.7,15.700000000000001
2026-07-27 04:00:00,24.3,0.3,0.511,9.0,15.6
2026-07-27 05:00:00,25.0,0.1,0.49,8.6,15.600000000000001
2026-07-27 06:00:00,25.2,1.0,0.501,6.5,16.5
2026-07-27 07:00:00,25.8,0.0,0.5,9.0,16.5
2026-07-27 08:00:00,27.4,0.0,0.499,10.8,16.3
2026-07-27 09:00:00,28.8,0.1,0.497,17.6,16.0
2026-07-27 10:00:00,30.0,0.1,0.494,20.9,15.700000000000001
2026-07-27 11:00:00,31.0,0.1,0.501,21.6,15.299999999999999
2026-07-27 12:00:00,32.1,0.1,0.497,23.0,15.2
2026-07-27 13:00:00,32.0,0.2,0.493,24.1,15.4
2026-07-27 14:00:00,30.0,0.3,0.493,21.6,15.7
2026-07-27 15:00:00,26.6,5.7,0.517,33.5,21.4
2026-07-27 16:00:00,26.3,1.2,0.517,13.7,22.5
2026-07-27 17:00:00,26.4,0.2,0.507,13.3,22.5
2026-07-27 18:00:00,26.7,0.0,0.504,15.8,22.5
2026-07-27 19:00:00,25.9,0.0,0.503,16.2,22.5
2026-07-27 20:00:00,25.7,0.0,0.501,14.4,22.5
2026-07-27 21:00:00,24.6,2.2,0.52,20.9,24.7
2026-07-27 22:00:00,24.6,0.3,0.505,22.0,24.900000000000002
2026-07-27 23:00:00,25.3,0.8,0.517,14.4,25.6
2026-07-28 00:00:00,24.5,0.6,0.517,11.9,26.2
2026-07-28 01:00:00,24.2,1.3,0.514,16.6,27.4
2026-07-28 02:00:00,24.3,1.4,0.512,12.2,28.799999999999997
2026-07-28 03:00:00,24.3,1.0,0.512,4.7,29.799999999999997
2026-07-28 04:00:00,24.4,0.4,0.511,2.9,30.2
2026-07-28 05:00:00,25.0,0.1,0.505,4.0,30.3
2026-07-28 06:00:00,25.0,0.0,0.503,7.2,30.3
2026-07-28 07:00:00,25.4,0.0,0.501,7.2,30.3
2026-07-28 08:00:00,26.3,0.1,0.5,8.6,30.4
2026-07-28 09:00:00,28.1,0.2,0.499,18.7,30.4
2026-07-28 10:00:00,29.3,0.1,0.497,21.2,30.400000000000002
2026-07-28 11:00:00,29.6,0.1,0.497,22.7,30.3
2026-07-28 12:00:00,30.6,0.2,0.495,24.5,30.1
2026-07-28 13:00:00,30.7,0.1,0.492,30.2,30.099999999999998
2026-07-28 14:00:00,29.9,0.1,0.49,31.0,30.2
2026-07-28 15:00:00,27.2,1.7,0.506,25.9,31.9
2026-07-28 16:00:00,27.2,1.0,0.512,10.8,32.800000000000004
2026-07-28 17:00:00,26.7,4.4,0.505,13.0,37.1
2026-07-28 18:00:00,26.8,0.3,0.505,9.4,37.4
2026-07-28 19:00:00,26.6,0.6,0.507,5.8,38.0
2026-07-28 20:00:00,26.4,0.1,0.505,9.0,38.1
2026-07-28 21:00:00,26.5,0.0,0.503,6.5,38.1
2026-07-28 22:00:00,26.2,0.0,0.502,5.0,38.1
2026-07-28 23:00:00,25.8,2.3,0.51,15.1,40.4
2026-07-29 00:00:00,25.6,3.5,0.51,17.6,43.9
2026-07-29 01:00:00,25.7,1.5,0.509,17.6,45.4
2026-07-29 02:00:00,25.0,1.5,0.509,24.5,46.9
2026-07-29 03:00:00,25.1,0.5,0.509,24.1,47.4
2026-07-29 04:00:00,25.2,0.1,0.507,24.1,47.5
2026-07-29 05:00:00,24.5,0.3,0.509,23.0,47.8
2026-07-29 06:00:00,25.0,0.1,0.507,29.5,47.8
2026-07-29 07:00:00,25.6,0.4,0.508,28.8,48.1
2026-07-29 08:00:00,26.9,0.1,0.506,33.5,48.0
2026-07-29 09:00:00,28.4,0.2,0.504,38.9,48.0
2026-07-29 10:00:00,28.2,1.7,0.512,43.9,49.6
2026-07-29 11:00:00,30.3,0.8,0.508,40.7,50.400000000000006
2026-07-29 12:00:00,29.2,0.7,0.507,45.4,51.1
2026-07-29 13:00:00,28.4,1.8,0.514,47.2,52.800000000000004
2026-07-29 14:00:00,30.5,2.2,0.51,40.7,54.9
2026-07-29 15:00:00,28.3,5.0,0.513,37.8,59.8
2026-07-29 16:00:00,26.2,6.3,0.511,49.0,66.0
2026-07-29 17:00:00,26.7,2.3,0.509,31.3,66.2
2026-07-29 18:00:00,26.5,0.5,0.509,24.1,66.7
2026-07-29 19:00:00,25.8,3.9,0.509,29.9,70.60000000000001
2026-07-29 20:00:00,25.0,4.7,0.508,38.2,75.30000000000001
2026-07-29 21:00:00,24.8,3.1,0.508,37.4,78.4
2026-07-29 22:00:00,25.1,0.0,0.507,32.0,78.4
2026-07-29 23:00:00,25.3,0.0,0.505,29.5,77.5
2026-07-30 00:00:00,25.3,0.0,0.503,31.7,74.3
2026-07-30 01:00:00,25.1,0.0,0.501,27.4,73.4
2026-07-30 02:00:00,25.0,0.0,0.5,25.2,70.7
2026-07-30 03:00:00,24.9,0.0,0.499,25.9,70.0
2026-07-30 04:00:00,24.9,0.0,0.498,27.0,69.7
2026-07-30 05:00:00,25.1,0.0,0.498,25.6,69.60000000000001
2026-07-30 06:00:00,25.5,0.0,0.497,22.7,68.60000000000001
2026-07-30 07:00:00,26.8,0.1,0.496,26.3,68.7
2026-07-30 08:00:00,28.0,0.5,0.499,29.9,69.2
2026-07-30 09:00:00,29.9,0.0,0.496,35.3,69.1
2026-07-30 10:00:00,30.9,0.0,0.493,40.7,69.0
2026-07-30 11:00:00,30.2,0.2,0.531,40.0,69.1
2026-07-30 12:00:00,29.5,0.4,0.507,34.9,69.4
2026-07-30 13:00:00,27.7,1.6,0.51,32.0,70.8
2026-07-30 14:00:00,29.5,0.2,0.507,36.7,70.7
2026-07-30 15:00:00,30.1,0.1,0.504,39.6,65.1
2026-07-30 16:00:00,30.3,0.0,0.5,35.6,63.900000000000006
2026-07-30 17:00:00,28.1,0.3,0.493,32.0,64.0
2026-07-30 18:00:00,27.1,0.4,0.495,21.2,64.4
2026-07-30 19:00:00,26.4,0.1,0.495,31.7,64.5
2026-07-30 20:00:00,26.2,0.0,0.494,29.9,64.5
2026-07-30 21:00:00,25.9,0.0,0.493,24.8,62.3
2026-07-30 22:00:00,25.3,0.0,0.492,20.5,62.0
2026-07-30 23:00:00,25.6,0.0,0.491,21.6,61.2
2026-07-31 00:00:00,25.3,0.3,0.493,27.0,60.9
2026-07-31 01:00:00,25.1,0.1,0.493,29.9,59.699999999999996
2026-07-31 02:00:00,24.7,0.1,0.492,32.4,58.4
2026-07-31 03:00:00,24.6,0.3,0.494,33.8,57.699999999999996
2026-07-31 04:00:00,24.7,0.1,0.493,37.1,57.4
2026-07-31 05:00:00,24.9,0.1,0.508,37.8,57.4
2026-07-31 06:00:00,24.7,0.1,0.506,44.6,57.5
2026-07-31 07:00:00,25.1,0.0,0.504,46.1,57.5
2026-07-31 08:00:00,25.7,0.1,0.503,46.4,57.5
2026-07-31 09:00:00,26.1,0.0,0.501,49.3,57.300000000000004
2026-07-31 10:00:00,27.6,0.2,0.499,58.7,57.4
2026-07-31 11:00:00,25.8,0.1,0.521,58.0,57.4
2026-07-31 12:00:00,27.0,0.1,0.501,51.5,57.300000000000004
2026-07-31 13:00:00,26.7,0.1,0.499,49.7,57.300000000000004
2026-07-31 14:00:00,29.2,0.2,0.497,45.4,57.4
2026-07-31 15:00:00,27.8,0.8,0.5,46.8,56.5
2026-07-31 16:00:00,27.9,0.1,0.499,47.2,55.599999999999994
2026-07-31 17:00:00,27.2,0.0,0.501,33.5,51.199999999999996
2026-07-31 18:00:00,27.0,0.1,0.5,28.4,51.0
2026-07-31 19:00:00,26.4,0.0,0.499,25.6,50.4
2026-07-31 20:00:00,26.3,0.1,0.498,26.3,50.4
2026-07-31 21:00:00,26.2,0.1,0.497,27.4,50.5
2026-07-31 22:00:00,26.0,0.0,0.496,24.8,50.5
2026-07-31 23:00:00,26.0,0.0,0.495,23.0,48.2
2026-08-01 00:00:00,25.7,0.1,0.495,22.7,44.800000000000004
2026-08-01 01:00:00,25.6,0.1,0.495,21.2,43.4
2026-08-01 02:00:00,25.1,0.1,0.494,21.6,42.0
2026-08-01 03:00:00,24.8,0.1,0.494,21.6,41.6
2026-08-01 04:00:00,24.7,0.0,0.493,18.4,41.5
2026-08-01 05:00:00,24.9,0.0,0.492,18.4,41.2
2026-08-01 06:00:00,24.9,0.3,0.494,25.9,41.4
2026-08-01 07:00:00,25.6,0.2,0.495,27.4,41.2
2026-08-01 08:00:00,26.6,0.4,0.497,32.4,41.5
2026-08-01 09:00:00,27.7,0.4,0.498,33.5,41.699999999999996
2026-08-01 10:00:00,29.2,0.1,0.495,33.1,40.1
2026-08-01 11:00:00,29.2,0.1,0.507,32.4,39.4
2026-08-01 12:00:00,30.0,0.4,0.504,34.9,39.1
2026-08-01 13:00:00,30.1,0.4,0.501,32.8,37.699999999999996
2026-08-01 14:00:00,30.4,0.2,0.498,35.6,35.7
2026-08-01 15:00:00,30.3,0.0,0.494,35.3,30.7
2026-08-01 16:00:00,30.2,0.0,0.491,29.9,24.4
2026-08-01 17:00:00,29.3,0.0,0.494,27.4,22.1
2026-08-01 18:00:00,28.4,0.1,0.493,16.9,21.700000000000003
2026-08-01 19:00:00,27.9,0.0,0.492,13.0,17.8
2026-08-01 20:00:00,27.5,0.0,0.491,11.5,13.1
2026-08-01 21:00:00,26.9,0.0,0.49,11.9,10.0
2026-08-01 22:00:00,26.6,0.0,0.489,13.3,10.0
2026-08-01 23:00:00,26.7,0.0,0.489,13.3,10.0
2026-08-02 00:00:00,26.4,0.0,0.488,12.2,10.0
2026-08-02 01:00:00,26.2,0.0,0.487,12.2,10.0
2026-08-02 02:00:00,25.8,0.2,0.488,12.2,10.200000000000001
2026-08-02 03:00:00,25.7,0.0,0.488,13.3,10.200000000000001
2026-08-02 04:00:00,25.7,0.0,0.487,12.6,10.200000000000001
2026-08-02 05:00:00,25.5,0.0,0.487,11.5,10.200000000000001
2026-08-02 06:00:00,25.9,0.0,0.486,14.8,10.200000000000001
2026-08-02 07:00:00,26.6,0.0,0.486,17.3,10.100000000000001
2026-08-02 08:00:00,27.9,0.1,0.485,24.5,9.700000000000001
2026-08-02 09:00:00,29.0,0.0,0.483,26.3,9.700000000000001
2026-08-02 10:00:00,30.4,0.1,0.48,26.6,9.8
2026-08-02 11:00:00,30.5,0.2,0.492,26.6,9.8
2026-08-02 12:00:00,30.8,0.0,0.489,26.3,9.4
2026-08-02 13:00:00,31.7,0.2,0.486,28.1,8.0
2026-08-02 14:00:00,32.0,0.2,0.483,28.8,8.0
2026-08-02 15:00:00,31.6,0.3,0.482,27.7,8.200000000000001
2026-08-02 16:00:00,30.9,0.3,0.482,26.6,8.5
2026-08-02 17:00:00,30.4,0.1,0.477,23.8,8.299999999999999
2026-08-02 18:00:00,29.4,0.0,0.476,17.3,7.9
2026-08-02 19:00:00,28.6,0.0,0.475,14.4,7.800000000000001
2026-08-02 20:00:00,28.1,0.0,0.475,16.6,7.800000000000001
2026-08-02 21:00:00,27.5,0.0,0.474,16.6,7.800000000000001
2026-08-02 22:00:00,27.1,0.0,0.474,14.4,7.800000000000001
2026-08-02 23:00:00,26.7,0.0,0.478,10.1,7.800000000000001
2026-08-03 00:00:00,26.4,0.0,0.478,7.6,7.500000000000001
2026-08-03 01:00:00,26.2,0.0,0.477,7.6,7.4
2026-08-03 02:00:00,26.1,0.0,0.477,6.5,7.300000000000001
2026-08-03 03:00:00,25.9,0.0,0.477,4.0,7.000000000000001
2026-08-03 04:00:00,26.0,0.0,0.476,4.3,6.9
2026-08-03 05:00:00,26.2,0.0,0.471,4.7,6.800000000000001
2026-08-03 06:00:00,26.6,0.0,0.471,5.8,6.7
2026-08-03 07:00:00,27.3,0.0,0.47,10.4,6.7
2026-08-03 08:00:00,28.2,0.0,0.469,15.1,6.6000000000000005
2026-08-03 09:00:00,29.5,0.0,0.468,19.4,6.6000000000000005
2026-08-03 10:00:00,30.3,0.1,0.466,22.3,6.5
2026-08-03 11:00:00,31.1,0.0,0.475,22.3,6.4
2026-08-03 12:00:00,31.5,0.1,0.472,25.9,6.4
2026-08-03 13:00:00,31.6,0.1,0.469,26.6,6.4
2026-08-03 14:00:00,31.9,0.1,0.466,26.3,6.3
2026-08-03 15:00:00,31.9,0.1,0.464,24.5,5.6000000000000005
2026-08-03 16:00:00,31.1,0.2,0.463,24.1,5.7
2026-08-03 17:00:00,31.1,0.2,0.466,20.9,5.8999999999999995
2026-08-03 18:00:00,29.9,0.0,0.465,8.6,5.8
2026-08-03 19:00:00,29.1,0.0,0.465,8.3,5.8
2026-08-03 20:00:00,28.6,0.0,0.465,8.3,5.7
2026-08-03 21:00:00,28.3,0.0,0.465,8.3,5.6
2026-08-03 22:00:00,28.0,0.0,0.465,8.3,5.6
2026-08-03 23:00:00,27.8,0.0,0.462,7.9,5.6
2026-08-04 00:00:00,27.4,0.0,0.462,5.8,5.5
2026-08-04 01:00:00,27.1,0.0,0.462,5.8,5.3999999999999995
2026-08-04 02:00:00,26.7,0.0,0.462,4.3,5.3
2026-08-04 03:00:00,26.2,0.0,0.462,4.0,5.2
2026-08-04 04:00:00,24.8,1.6,0.48,10.8,6.800000000000001
2026-08-04 05:00:00,25.6,1.0,0.505,10.8,7.800000000000001
2026-08-04 06:00:00,25.3,0.3,0.503,16.2,7.8
2026-08-04 07:00:00,25.9,0.3,0.501,13.0,7.9
2026-08-04 08:00:00,26.9,0.1,0.499,11.5,7.6000000000000005
2026-08-04 09:00:00,28.1,0.0,0.496,12.6,7.2
2026-08-04 10:00:00,28.5,0.0,0.493,16.2,7.1000000000000005
2026-08-04 11:00:00,29.6,0.0,0.504,16.9,7.000000000000001
2026-08-04 12:00:00,30.2,0.1,0.499,22.7,6.7
2026-08-04 13:00:00,30.9,0.0,0.494,21.6,6.3
2026-08-04 14:00:00,28.7,0.8,0.497,20.5,6.9
2026-08-04 15:00:00,27.6,2.9,0.515,27.4,9.8
2026-08-04 16:00:00,29.0,0.4,0.509,11.5,10.2
2026-08-04 17:00:00,28.7,1.2,0.505,16.2,11.4
2026-08-04 18:00:00,28.2,0.2,0.502,6.5,11.5
2026-08-04 19:00:00,27.0,0.4,0.502,6.5,11.9
2026-08-04 20:00:00,26.6,0.0,0.5,9.0,11.9
2026-08-04 21:00:00,26.2,0.0,0.498,9.7,11.9
2026-08-04 22:00:00,26.0,0.0,0.496,12.6,11.9
2026-08-04 23:00:00,26.3,0.0,0.494,14.8,11.9
2026-08-05 00:00:00,25.8,0.3,0.496,13.3,12.200000000000001
2026-08-05 01:00:00,25.6,0.3,0.497,11.5,12.5
2026-08-05 02:00:00,24.8,0.4,0.5,15.5,12.700000000000001
2026-08-05 03:00:00,24.2,1.0,0.509,15.5,13.700000000000001
2026-08-05 04:00:00,23.8,1.8,0.517,16.9,15.500000000000002
2026-08-05 05:00:00,24.7,0.2,0.505,15.1,15.700000000000001
2026-08-05 06:00:00,24.9,0.9,0.513,10.4,16.6
2026-08-05 07:00:00,25.6,0.1,0.509,8.6,16.700000000000003
2026-08-05 08:00:00,26.8,0.0,0.506,13.0,16.6
2026-08-05 09:00:00,28.4,0.0,0.503,16.6,16.6
2026-08-05 10:00:00,29.8,0.1,0.5,22.0,16.6
2026-08-05 11:00:00,30.5,0.1,0.497,23.8,16.5
2026-08-05 12:00:00,30.6,0.1,0.494,24.8,16.599999999999998
2026-08-05 13:00:00,30.8,0.3,0.494,26.3,16.7
2026-08-05 14:00:00,29.2,0.2,0.493,25.2,16.7
2026-08-05 15:00:00,27.5,2.5,0.517,29.5,18.9
2026-08-05 16:00:00,27.3,0.6,0.514,16.6,19.2
2026-08-05 17:00:00,27.3,1.8,0.513,11.5,20.900000000000002
2026-08-05 18:00:00,26.8,0.2,0.51,16.9,21.1
2026-08-05 19:00:00,26.7,0.0,0.507,16.9,21.1
2026-08-05 20:00:00,26.8,0.0,0.505,15.1,21.1
2026-08-05 21:00:00,26.6,0.0,0.503,15.5,21.1
2026-08-05 22:00:00,26.3,0.0,0.501,14.4,21.1
2026-08-05 23:00:00,26.3,0.0,0.5,11.5,21.1
2026-08-06 00:00:00,26.1,0.0,0.499,9.7,21.1
2026-08-06 01:00:00,25.7,0.0,0.498,7.2,21.1
2026-08-06 02:00:00,25.4,0.0,0.497,5.8,21.1
2026-08-06 03:00:00,25.3,0.0,0.496,4.0,21.1
2026-08-06 04:00:00,25.3,0.1,0.495,3.2,21.200000000000003
2026-08-06 05:00:00,25.6,0.0,0.487,4.7,21.200000000000003
2026-08-06 06:00:00,25.9,0.0,0.487,6.5,21.200000000000003
2026-08-06 07:00:00,26.4,0.1,0.488,10.4,21.3
2026-08-06 08:00:00,27.4,0.1,0.488,12.2,21.400000000000002
2026-08-06 09:00:00,28.6,0.0,0.486,19.8,21.400000000000002
2026-08-06 10:00:00,29.9,0.1,0.484,23.4,21.4
2026-08-06 11:00:00,29.9,0.1,0.497,23.8,21.5
2026-08-06 12:00:00,30.6,0.2,0.495,25.2,21.6
2026-08-06 13:00:00,28.9,1.4,0.505,28.4,22.900000000000002
2026-08-06 14:00:00,29.1,0.4,0.504,25.9,23.2
2026-08-06 15:00:00,30.3,0.0,0.5,18.0,23.1
2026-08-06 16:00:00,30.0,0.1,0.498,18.4,23.000000000000004
2026-08-06 17:00:00,27.4,0.2,0.479,17.6,23.0
2026-08-06 18:00:00,24.9,1.0,0.49,25.9,24.0
2026-08-06 19:00:00,25.2,0.0,0.49,19.1,24.0
2026-08-06 20:00:00,25.7,0.0,0.489,7.9,24.0
2026-08-06 21:00:00,25.8,0.0,0.489,9.4,24.0
2026-08-06 22:00:00,23.7,3.8,0.52,33.8,27.799999999999997
2026-08-06 23:00:00,24.1,2.6,0.515,32.4,30.4
2026-08-07 00:00:00,24.0,0.6,0.514,10.4,31.0
2026-08-07 01:00:00,24.1,0.2,0.511,10.1,31.2
2026-08-07 02:00:00,24.1,0.0,0.508,3.2,31.2
2026-08-07 03:00:00,24.2,0.0,0.506,2.5,31.2
2026-08-07 04:00:00,24.1,0.4,0.508,2.9,30.0
2026-08-07 05:00:00,24.4,0.0,0.492,2.2,29.0
2026-08-07 06:00:00,24.8,0.4,0.496,4.7,29.1
2026-08-07 07:00:00,25.1,0.1,0.496,5.8,28.9
2026-08-07 08:00:00,25.8,0.8,0.502,10.8,29.6
2026-08-07 09:00:00,27.1,0.1,0.5,18.7,29.700000000000003
2026-08-07 10:00:00,27.8,0.0,0.498,19.8,29.700000000000003
2026-08-07 11:00:00,28.0,0.0,0.5,22.3,29.700000000000003
2026-08-07 12:00:00,25.1,3.4,0.513,30.2,33.0
2026-08-07 13:00:00,26.8,0.3,0.51,18.4,33.3
2026-08-07 14:00:00,26.8,0.6,0.51,22.0,33.1
2026-08-07 15:00:00,27.6,0.2,0.507,20.9,30.400000000000002
2026-08-07 16:00:00,27.8,0.0,0.504,16.6,30.0
2026-08-07 17:00:00,26.7,0.5,0.499,29.2,29.3
2026-08-07 18:00:00,25.1,2.0,0.517,19.4,31.1
2026-08-07 19:00:00,24.6,2.2,0.519,17.6,32.900000000000006
2026-08-07 20:00:00,24.5,1.0,0.517,16.6,33.900000000000006
2026-08-07 21:00:00,24.3,0.6,0.516,15.5,34.5
2026-08-07 22:00:00,24.2,0.1,0.512,13.0,34.6
2026-08-07 23:00:00,24.8,0.0,0.507,7.9,34.6
2026-08-08 00:00:00,24.7,0.7,0.513,10.1,35.0
2026-08-08 01:00:00,24.7,0.4,0.513,11.5,35.1
2026-08-08 02:00:00,24.8,0.2,0.511,11.5,34.9
2026-08-08 03:00:00,24.8,0.1,0.509,9.4,34.0
2026-08-08 04:00:00,24.7,0.0,0.507,6.1,32.199999999999996
2026-08-08 05:00:00,25.0,0.2,0.513,4.0,32.199999999999996
2026-08-08 06:00:00,24.3,2.8,0.506,10.1,34.1
2026-08-08 07:00:00,25.5,1.3,0.508,9.7,35.3
2026-08-08 08:00:00,26.0,0.5,0.509,18.7,35.8
2026-08-08 09:00:00,27.0,0.3,0.507,22.7,36.1
2026-08-08 10:00:00,28.3,0.2,0.504,24.8,36.199999999999996
2026-08-08 11:00:00,30.3,0.2,0.504,28.8,36.300000000000004
2026-08-08 12:00:00,28.2,0.7,0.505,28.4,36.9
2026-08-08 13:00:00,27.3,2.3,0.514,28.1,38.9
2026-08-08 14:00:00,28.6,0.3,0.511,23.4,39.0
2026-08-08 15:00:00,26.3,6.4,0.514,32.0,42.9
2026-08-08 16:00:00,26.1,3.1,0.512,32.0,45.4
2026-08-08 17:00:00,26.8,0.4,0.511,8.6,44.0
2026-08-08 18:00:00,26.0,0.1,0.509,15.1,43.9
2026-08-08 19:00:00,25.5,0.0,0.506,9.4,43.9
2026-08-08 20:00:00,25.7,0.1,0.505,6.1,44.0
2026-08-08 21:00:00,25.7,0.1,0.504,2.5,44.1
2026-08-08 22:00:00,25.7,0.0,0.502,3.6,44.1
2026-08-08 23:00:00,24.2,0.6,0.505,4.7,44.7
2026-08-09 00:00:00,24.0,1.5,0.512,16.2,46.2
2026-08-09 01:00:00,24.0,2.8,0.511,14.4,49.0
2026-08-09 02:00:00,24.0,2.3,0.51,16.9,51.3
2026-08-09 03:00:00,23.9,1.6,0.51,17.6,52.9
2026-08-09 04:00:00,23.7,1.5,0.509,12.6,54.3
2026-08-09 05:00:00,24.0,1.7,0.506,11.9,56.0
2026-08-09 06:00:00,24.1,2.3,0.509,18.0,58.3
2026-08-09 07:00:00,24.3,3.1,0.509,20.5,61.3
2026-08-09 08:00:00,24.7,2.3,0.509,19.4,63.5
2026-08-09 09:00:00,24.1,4.6,0.509,23.4,68.1
2026-08-09 10:00:00,24.5,3.5,0.508,25.6,71.5
2026-08-09 11:00:00,25.1,1.6,0.516,22.7,73.0
2026-08-09 12:00:00,25.2,1.3,0.508,15.8,74.1
2026-08-09 13:00:00,25.7,1.0,0.508,20.2,73.7
2026-08-09 14:00:00,26.9,0.6,0.508,20.2,73.9
2026-08-09 15:00:00,27.3,0.4,0.508,21.6,74.3
2026-08-09 16:00:00,27.5,0.2,0.506,23.4,74.4
2026-08-09 17:00:00,25.8,0.3,0.508,22.3,74.5
2026-08-09 18:00:00,25.4,0.9,0.508,22.7,74.4
2026-08-09 19:00:00,24.5,3.4,0.508,22.3,77.8
2026-08-09 20:00:00,24.5,0.9,0.508,18.7,78.7
2026-08-09 21:00:00,24.6,0.1,0.507,11.9,78.8
2026-08-09 22:00:00,24.6,0.1,0.506,13.0,75.10000000000001
2026-08-09 23:00:00,24.7,0.0,0.505,13.0,72.5
2026-08-10 00:00:00,24.5,0.0,0.503,14.8,71.9
2026-08-10 01:00:00,24.5,0.0,0.502,14.4,71.7
2026-08-10 02:00:00,24.4,0.1,0.501,13.0,71.8
2026-08-10 03:00:00,24.3,0.2,0.501,18.4,72.0
2026-08-10 04:00:00,24.1,0.9,0.51,16.6,72.5
2026-08-10 05:00:00,24.0,0.8,0.497,17.6,73.3
2026-08-10 06:00:00,24.3,0.0,0.496,15.5,72.9
2026-08-10 07:00:00,25.5,0.0,0.495,22.3,72.8
2026-08-10 08:00:00,26.8,0.0,0.494,23.4,72.0
2026-08-10 09:00:00,28.2,0.0,0.492,34.6,71.9
2026-08-10 10:00:00,28.3,0.0,0.49,34.6,71.9
2026-08-10 11:00:00,29.5,0.0,0.495,31.3,71.9
2026-08-10 12:00:00,30.0,0.2,0.493,32.4,68.7
2026-08-10 13:00:00,30.3,0.1,0.49,32.8,68.5
2026-08-10 14:00:00,30.4,0.1,0.487,32.0,68.0
2026-08-10 15:00:00,30.8,0.0,0.484,31.3,67.8
2026-08-10 16:00:00,26.8,5.2,0.517,31.7,73.0
2026-08-10 17:00:00,26.0,0.8,0.511,20.5,73.3
2026-08-10 18:00:00,26.2,1.4,0.51,14.0,72.7
2026-08-10 19:00:00,25.5,0.3,0.508,13.7,70.8
2026-08-10 20:00:00,25.2,0.0,0.506,10.8,69.8
2026-08-10 21:00:00,25.0,0.0,0.504,8.3,69.2
2026-08-10 22:00:00,24.8,0.1,0.504,9.0,69.2
2026-08-10 23:00:00,24.7,0.1,0.501,8.6,69.3
2026-08-11 00:00:00,24.2,0.0,0.5,13.3,68.6
2026-08-11 01:00:00,23.9,0.0,0.499,16.9,68.2
2026-08-11 02:00:00,23.8,0.0,0.498,12.2,68.0
2026-08-11 03:00:00,23.6,0.0,0.497,10.8,67.9
2026-08-11 04:00:00,23.8,0.0,0.496,10.4,67.9
2026-08-11 05:00:00,23.9,0.0,0.505,8.3,67.7
2026-08-11 06:00:00,24.2,0.5,0.509,7.9,65.4
2026-08-11 07:00:00,24.4,0.5,0.511,9.0,64.6
2026-08-11 08:00:00,25.0,0.3,0.509,16.9,64.39999999999999
2026-08-11 09:00:00,26.5,0.1,0.507,19.1,64.2
2026-08-11 10:00:00,27.6,0.2,0.505,20.5,64.19999999999999
2026-08-11 11:00:00,27.5,0.3,0.517,24.1,64.3
2026-08-11 12:00:00,28.5,0.0,0.507,25.6,63.6
2026-08-11 13:00:00,28.3,0.1,0.504,25.9,61.4
2026-08-11 14:00:00,28.4,0.3,0.503,24.8,61.4
2026-08-11 15:00:00,28.7,0.4,0.503,24.1,55.4
2026-08-11 16:00:00,29.0,0.3,0.502,20.9,52.6
2026-08-11 17:00:00,28.2,0.1,0.497,19.1,52.300000000000004
2026-08-11 18:00:00,27.5,0.1,0.497,17.6,52.3
2026-08-11 19:00:00,26.7,0.1,0.497,9.4,52.4
2026-08-11 20:00:00,26.5,0.1,0.496,7.2,52.4
2026-08-11 21:00:00,26.0,0.1,0.495,7.6,52.4
2026-08-11 22:00:00,25.6,0.0,0.495,9.7,52.4
2026-08-11 23:00:00,25.6,0.0,0.494,10.4,51.8
2026-08-12 00:00:00,25.2,0.5,0.499,11.5,50.8
2026-08-12 01:00:00,25.0,0.3,0.5,9.0,48.3
2026-08-12 02:00:00,24.9,0.3,0.503,10.4,46.300000000000004
2026-08-12 03:00:00,24.9,0.4,0.505,12.6,45.1
2026-08-12 04:00:00,24.5,0.4,0.507,14.4,44.0
2026-08-12 05:00:00,24.1,0.3,0.498,14.0,42.599999999999994
2026-08-12 06:00:00,24.1,0.3,0.5,23.8,40.6
2026-08-12 07:00:00,24.8,0.5,0.503,21.6,38.0
2026-08-12 08:00:00,25.6,0.2,0.503,22.7,35.9
2026-08-12 09:00:00,26.5,0.1,0.502,22.3,31.400000000000002
2026-08-12 10:00:00,28.6,0.1,0.5,27.4,28.0
2026-08-12 11:00:00,28.0,0.3,0.515,28.1,26.7
2026-08-12 12:00:00,28.9,0.1,0.508,30.6,25.500000000000004
2026-08-12 13:00:00,29.6,0.1,0.504,28.4,24.6
2026-08-12 14:00:00,28.8,0.5,0.504,29.2,24.5
2026-08-12 15:00:00,29.4,0.1,0.502,26.3,24.200000000000003
2026-08-12 16:00:00,28.3,0.8,0.507,24.5,24.8
2026-08-12 17:00:00,27.9,2.3,0.508,23.4,26.8
2026-08-12 18:00:00,26.6,0.2,0.507,15.5,26.099999999999998
2026-08-12 19:00:00,26.3,0.0,0.505,10.8,22.7
2026-08-12 20:00:00,26.2,0.0,0.503,6.1,21.799999999999997
2026-08-12 21:00:00,26.1,0.0,0.501,5.4,21.7
2026-08-12 22:00:00,25.9,0.0,0.5,5.0,21.599999999999998
2026-08-12 23:00:00,25.9,0.0,0.499,3.6,21.599999999999998
2026-08-13 00:00:00,25.6,0.6,0.502,8.6,22.2
2026-08-13 01:00:00,25.4,0.2,0.503,7.6,22.4
2026-08-13 02:00:00,25.0,0.1,0.502,10.8,22.400000000000002
2026-08-13 03:00:00,24.7,0.0,0.501,11.2,22.2
2026-08-13 04:00:00,24.5,0.0,0.5,11.2,21.3
2026-08-13 05:00:00,24.4,0.2,0.505,11.2,20.7
2026-08-13 06:00:00,24.8,0.2,0.506,7.6,20.9
2026-08-13 07:00:00,25.3,0.1,0.505,11.2,21.0
2026-08-13 08:00:00,26.1,0.1,0.503,13.3,21.099999999999998
2026-08-13 09:00:00,26.7,0.2,0.502,17.6,21.3
2026-08-13 10:00:00,27.5,0.1,0.501,20.5,21.4
2026-08-13 11:00:00,29.2,0.2,0.512,22.7,21.599999999999998
2026-08-13 12:00:00,29.1,0.5,0.509,24.1,21.9
2026-08-13 13:00:00,29.4,0.4,0.507,22.3,22.2
2026-08-13 14:00:00,29.8,0.4,0.506,24.1,22.5
2026-08-13 15:00:00,28.0,0.7,0.508,27.0,23.200000000000003
2026-08-13 16:00:00,28.2,0.1,0.506,22.3,18.099999999999998
2026-08-13 17:00:00,29.0,0.0,0.497,10.8,17.3
2026-08-13 18:00:00,27.8,0.0,0.496,14.0,15.9
2026-08-13 19:00:00,27.5,0.1,0.496,5.4,15.7
2026-08-13 20:00:00,27.1,0.0,0.495,7.2,15.7
2026-08-13 21:00:00,26.9,0.0,0.494,6.8,15.7
2026-08-13 22:00:00,26.7,0.0,0.493,8.3,15.6
2026-08-13 23:00:00,26.3,0.0,0.498,11.9,15.5
2026-08-14 00:00:00,26.0,0.2,0.499,6.1,15.700000000000001
2026-08-14 01:00:00,25.7,0.4,0.502,8.6,16.1
2026-08-14 02:00:00,25.4,0.5,0.506,10.8,16.6
2026-08-14 03:00:00,25.1,0.2,0.506,11.2,16.8
2026-08-14 04:00:00,24.8,0.2,0.506,11.2,17.0
2026-08-14 05:00:00,24.7,0.2,0.499,10.4,17.2
2026-08-14 06:00:00,24.9,0.1,0.499,8.3,16.8
2026-08-14 07:00:00,25.2,0.0,0.498,10.8,16.3
2026-08-14 08:00:00,25.7,0.1,0.498,14.4,16.1
2026-08-14 09:00:00,26.3,0.1,0.497,15.1,16.099999999999998
2026-08-14 10:00:00,27.3,0.1,0.496,18.4,16.0
2026-08-14 11:00:00,27.1,0.1,0.504,23.0,15.8
2026-08-14 12:00:00,27.9,0.1,0.502,21.2,15.9
2026-08-14 13:00:00,29.4,0.2,0.5,25.9,16.0
2026-08-14 14:00:00,29.6,0.2,0.497,26.3,15.9
2026-08-14 15:00:00,29.5,0.1,0.495,25.9,15.6
2026-08-14 16:00:00,29.1,0.3,0.494,23.0,15.600000000000001
2026-08-14 17:00:00,28.5,0.0,0.498,18.4,15.5
2026-08-14 18:00:00,27.7,0.0,0.497,15.1,15.4
2026-08-14 19:00:00,27.2,0.2,0.497,5.4,15.5
2026-08-14 20:00:00,26.6,0.0,0.496,10.4,15.4
2026-08-14 21:00:00,25.3,0.8,0.503,22.0,16.1
2026-08-14 22:00:00,24.9,0.3,0.504,22.0,16.400000000000002
2026-08-14 23:00:00,25.9,0.0,0.504,9.0,16.400000000000002
2026-08-15 00:00:00,25.2,1.2,0.514,15.8,17.1
2026-08-15 01:00:00,24.9,1.8,0.514,16.2,18.6
2026-08-15 02:00:00,24.8,0.9,0.511,12.6,19.2
2026-08-15 03:00:00,24.6,0.4,0.51,9.7,19.200000000000003
2026-08-15 04:00:00,24.6,0.2,0.509,10.4,19.0
2026-08-15 05:00:00,24.0,0.4,0.506,11.5,19.1
2026-08-15 06:00:00,24.2,0.5,0.509,9.4,19.3
2026-08-15 07:00:00,24.7,0.1,0.507,10.8,18.900000000000002
2026-08-15 08:00:00,25.6,0.1,0.506,16.9,18.8
2026-08-15 09:00:00,26.7,0.2,0.505,18.7,18.900000000000002
2026-08-15 10:00:00,28.3,0.3,0.505,28.8,19.099999999999998
2026-08-15 11:00:00,29.1,1.0,0.521,29.9,19.8
2026-08-15 12:00:00,27.2,2.3,0.499,23.4,22.0
2026-08-15 13:00:00,27.6,1.9,0.5,21.6,23.799999999999997
2026-08-15 14:00:00,27.1,1.7,0.502,27.0,25.0
2026-08-15 15:00:00,27.0,1.4,0.503,27.0,26.3
2026-08-15 16:00:00,26.1,6.7,0.504,25.6,32.2
2026-08-15 17:00:00,26.8,2.6,0.508,16.9,32.5
2026-08-15 18:00:00,26.7,0.1,0.506,14.8,32.400000000000006
2026-08-15 19:00:00,25.9,2.5,0.508,14.8,34.900000000000006
2026-08-15 20:00:00,25.7,0.5,0.507,12.6,35.400000000000006
2026-08-15 21:00:00,25.7,0.1,0.506,10.4,35.50000000000001
2026-08-15 22:00:00,25.4,0.4,0.508,13.0,35.900000000000006
2026-08-15 23:00:00,25.1,0.9,0.508,17.6,36.800000000000004
2026-08-16 00:00:00,25.1,0.8,0.507,20.5,37.0
2026-08-16 01:00:00,24.9,0.2,0.507,18.4,37.0
2026-08-16 02:00:00,24.7,0.1,0.506,15.8,37.0
2026-08-16 03:00:00,24.7,0.0,0.504,15.1,37.0
2026-08-16 04:00:00,24.6,0.0,0.502,14.0,37.0
2026-08-16 05:00:00,24.6,0.1,0.499,14.8,36.900000000000006
2026-08-16 06:00:00,24.9,0.8,0.507,10.8,37.5
2026-08-16 07:00:00,25.4,0.7,0.509,13.0,38.1
2026-08-16 08:00:00,25.8,0.7,0.508,24.1,38.7
2026-08-16 09:00:00,26.5,0.6,0.507,24.1,39.1
2026-08-16 10:00:00,26.7,0.5,0.507,22.7,39.5
2026-08-16 11:00:00,27.8,0.7,0.524,22.7,40.00000000000001
2026-08-16 12:00:00,28.6,0.1,0.49,27.0,39.599999999999994
2026-08-16 13:00:00,27.9,0.6,0.494,30.6,39.8
2026-08-16 14:00:00,27.4,1.8,0.5,26.3,41.2
2026-08-16 15:00:00,28.6,0.8,0.5,25.2,41.3
2026-08-16 16:00:00,28.2,0.3,0.5,29.2,41.5
2026-08-16 17:00:00,26.8,0.1,0.508,23.0,41.6
2026-08-16 18:00:00,26.1,0.4,0.507,19.8,42.0
2026-08-16 19:00:00,25.8,0.1,0.506,13.3,42.0
2026-08-16 20:00:00,25.3,0.1,0.504,10.8,42.1
2026-08-16 21:00:00,25.0,0.0,0.503,11.2,42.1
2026-08-16 22:00:00,24.8,0.0,0.501,10.1,42.1
2026-08-16 23:00:00,25.1,0.0,0.5,6.8,42.1
2026-08-17 00:00:00,25.0,0.0,0.499,7.9,41.9
2026-08-17 01:00:00,24.8,0.0,0.498,10.8,41.5
2026-08-17 02:00:00,24.6,0.4,0.501,15.8,41.4
2026-08-17 03:00:00,24.3,3.2,0.51,16.2,44.4
2026-08-17 04:00:00,24.0,1.3,0.508,15.8,45.5
2026-08-17 05:00:00,24.5,0.2,0.498,10.8,45.5
2026-08-17 06:00:00,24.5,0.4,0.501,11.5,45.8
2026-08-17 07:00:00,25.3,0.1,0.501,14.4,45.9
2026-08-17 08:00:00,25.9,0.1,0.5,18.4,45.900000000000006
2026-08-17 09:00:00,26.9,0.0,0.499,20.5,45.800000000000004
2026-08-17 10:00:00,28.3,0.1,0.496,22.7,45.8
2026-08-17 11:00:00,27.4,0.2,0.51,27.7,45.9
2026-08-17 12:00:00,27.6,0.3,0.507,22.7,46.099999999999994
2026-08-17 13:00:00,27.7,0.2,0.504,24.1,46.1
2026-08-17 14:00:00,28.2,0.1,0.502,20.9,46.0
2026-08-17 15:00:00,28.3,0.2,0.5,21.2,46.099999999999994
2026-08-17 16:00:00,27.6,0.2,0.5,14.0,46.0
2026-08-17 17:00:00,26.4,0.2,0.488,7.6,46.2
2026-08-17 18:00:00,25.5,2.6,0.518,14.4,48.8
2026-08-17 19:00:00,25.3,2.8,0.503,10.4,51.4
2026-08-17 20:00:00,25.2,0.8,0.503,9.0,52.199999999999996
2026-08-17 21:00:00,25.0,0.4,0.504,12.2,51.8
2026-08-17 22:00:00,24.8,1.0,0.504,15.1,52.5
2026-08-17 23:00:00,24.9,1.3,0.506,13.7,53.800000000000004
2026-08-18 00:00:00,24.7,0.9,0.505,15.8,53.5
2026-08-18 01:00:00,24.6,0.7,0.505,11.9,52.400000000000006
2026-08-18 02:00:00,24.5,0.7,0.505,10.8,52.199999999999996
2026-08-18 03:00:00,24.4,0.7,0.505,11.9,52.5
2026-08-18 04:00:00,24.3,0.6,0.506,13.7,52.900000000000006
2026-08-18 05:00:00,24.2,0.4,0.501,11.9,52.9
2026-08-18 06:00:00,24.4,0.2,0.501,11.5,52.599999999999994
2026-08-18 07:00:00,24.7,0.1,0.5,16.6,52.6
2026-08-18 08:00:00,25.3,0.1,0.499,20.5,52.6
2026-08-18 09:00:00,26.1,0.1,0.499,21.6,52.5
2026-08-18 10:00:00,26.5,0.2,0.498,21.6,52.4
2026-08-18 11:00:00,26.6,0.2,0.498,18.7,51.6
2026-08-18 12:00:00,26.4,0.4,0.499,19.8,49.699999999999996
2026-08-18 13:00:00,26.5,0.2,0.499,21.2,48.0
2026-08-18 14:00:00,26.4,0.1,0.498,20.9,46.400000000000006
2026-08-18 15:00:00,27.0,0.0,0.496,20.5,45.00000000000001
2026-08-18 16:00:00,27.2,0.0,0.495,19.4,38.300000000000004
2026-08-18 17:00:00,26.2,0.0,0.508,14.0,35.7
2026-08-18 18:00:00,25.1,4.7,0.511,20.2,40.3
2026-08-18 19:00:00,25.0,0.1,0.508,10.1,37.9
2026-08-18 20:00:00,25.0,0.0,0.506,4.7,37.4
2026-08-18 21:00:00,25.0,0.0,0.504,2.9,37.3
2026-08-18 22:00:00,25.0,0.0,0.502,3.6,36.9
2026-08-18 23:00:00,25.3,0.0,0.501,2.2,36.0
2026-08-19 00:00:00,25.0,0.5,0.507,9.0,35.7
2026-08-19 01:00:00,24.6,1.2,0.509,9.7,36.7
2026-08-19 02:00:00,24.4,0.8,0.508,9.7,37.4
2026-08-19 03:00:00,24.2,0.6,0.507,11.2,38.0
2026-08-19 04:00:00,24.2,0.8,0.507,11.2,38.8
2026-08-19 05:00:00,24.2,0.5,0.499,9.0,39.199999999999996
2026-08-19 06:00:00,24.3,0.7,0.504,7.6,39.1
2026-08-19 07:00:00,24.8,0.3,0.504,8.3,38.699999999999996
2026-08-19 08:00:00,25.9,0.2,0.503,18.4,38.2
2026-08-19 09:00:00,26.4,0.3,0.504,21.6,37.9
2026-08-19 10:00:00,26.7,0.5,0.505,27.7,37.9
2026-08-19 11:00:00,25.1,1.4,0.505,28.4,38.599999999999994
2026-08-19 12:00:00,25.2,3.3,0.505,23.0,41.800000000000004
2026-08-19 13:00:00,25.5,1.8,0.505,18.0,43.0
2026-08-19 14:00:00,25.7,2.5,0.505,17.6,43.699999999999996
2026-08-19 15:00:00,25.6,2.7,0.505,18.4,45.6
2026-08-19 16:00:00,25.8,2.3,0.505,19.8,47.6
2026-08-19 17:00:00,26.1,1.0,0.505,21.6,48.5
2026-08-19 18:00:00,25.7,0.7,0.505,15.8,48.800000000000004
2026-08-19 19:00:00,25.2,0.7,0.505,14.0,49.4
2026-08-19 20:00:00,25.2,0.4,0.505,14.8,49.7
2026-08-19 21:00:00,25.0,0.5,0.505,13.0,50.2
2026-08-19 22:00:00,24.8,0.3,0.505,13.7,50.5
2026-08-19 23:00:00,24.9,0.2,0.505,13.7,50.7
2026-08-20 00:00:00,24.9,0.0,0.503,9.0,50.7
2026-08-20 01:00:00,24.7,0.0,0.501,11.2,50.7
2026-08-20 02:00:00,24.5,0.0,0.5,11.2,50.300000000000004
2026-08-20 03:00:00,24.4,0.1,0.5,8.3,47.199999999999996
2026-08-20 04:00:00,24.3,0.2,0.5,6.8,46.1
2026-08-20 05:00:00,24.4,0.0,0.509,8.6,45.9
2026-08-20 06:00:00,24.6,0.2,0.504,9.4,45.7
2026-08-20 07:00:00,25.4,0.2,0.504,13.3,45.8
2026-08-20 08:00:00,26.4,0.2,0.504,21.6,45.9
2026-08-20 09:00:00,27.3,0.4,0.504,30.6,46.3
2026-08-20 10:00:00,28.4,0.1,0.501,31.3,46.300000000000004
2026-08-20 11:00:00,28.4,0.0,0.521,32.4,46.1
2026-08-20 12:00:00,29.1,0.4,0.495,31.0,46.2
2026-08-20 13:00:00,29.9,0.0,0.492,29.2,46.0
2026-08-20 14:00:00,28.3,1.0,0.5,29.5,46.9
2026-08-20 15:00:00,27.0,4.3,0.507,32.8,51.0
2026-08-20 16:00:00,27.8,0.7,0.506,11.9,51.5
2026-08-20 17:00:00,29.2,2.9,0.49,21.6,54.199999999999996
2026-08-20 18:00:00,27.7,0.3,0.491,14.8,51.9
2026-08-20 19:00:00,26.0,0.2,0.492,20.2,49.3
2026-08-20 20:00:00,24.5,2.4,0.517,27.4,50.9
2026-08-20 21:00:00,25.0,0.3,0.511,12.6,50.800000000000004
2026-08-20 22:00:00,25.2,0.0,0.507,6.1,49.800000000000004
2026-08-20 23:00:00,24.4,0.0,0.505,2.9,48.5
2026-08-21 00:00:00,24.3,3.2,0.512,15.8,50.8
2026-08-21 01:00:00,24.7,0.2,0.51,7.6,50.3
2026-08-21 02:00:00,25.0,0.4,0.508,4.3,50.0
2026-08-21 03:00:00,24.9,0.4,0.507,5.0,49.699999999999996
2026-08-21 04:00:00,24.8,0.3,0.507,8.3,49.4
2026-08-21 05:00:00,24.2,0.2,0.505,9.0,49.199999999999996
2026-08-21 06:00:00,24.4,0.1,0.504,14.8,49.1
2026-08-21 07:00:00,25.1,0.4,0.505,14.8,49.4
2026-08-21 08:00:00,26.1,0.3,0.506,22.7,49.6
2026-08-21 09:00:00,26.8,0.2,0.505,22.0,49.699999999999996
2026-08-21 10:00:00,26.9,0.2,0.504,20.9,49.7
2026-08-21 11:00:00,26.6,0.4,0.518,29.5,49.9
2026-08-21 12:00:00,27.8,0.2,0.507,24.1,49.7
2026-08-21 13:00:00,28.0,0.4,0.507,25.9,49.9
2026-08-21 14:00:00,28.5,0.2,0.505,24.8,49.99999999999999
2026-08-21 15:00:00,28.4,0.1,0.503,24.1,50.099999999999994
2026-08-21 16:00:00,28.3,0.7,0.506,25.2,50.8
2026-08-21 17:00:00,27.3,1.4,0.507,23.4,52.199999999999996
2026-08-21 18:00:00,26.2,0.5,0.507,19.4,48.0
2026-08-21 19:00:00,26.0,0.3,0.506,14.0,48.199999999999996
2026-08-21 20:00:00,25.7,0.5,0.506,13.3,48.699999999999996
2026-08-21 21:00:00,25.2,0.7,0.506,15.5,49.4
2026-08-21 22:00:00,25.0,2.0,0.506,16.9,51.4
2026-08-21 23:00:00,25.0,0.5,0.506,15.5,51.9
2026-08-22 00:00:00,24.9,0.8,0.506,6.5,52.199999999999996
2026-08-22 01:00:00,24.6,0.8,0.506,10.1,51.8
2026-08-22 02:00:00,24.4,0.2,0.505,11.5,51.199999999999996
2026-08-22 03:00:00,24.1,4.9,0.506,15.5,55.5
2026-08-22 04:00:00,24.0,3.9,0.506,13.3,58.6
2026-08-22 05:00:00,24.5,6.0,0.506,14.4,64.1
2026-08-22 06:00:00,24.8,0.4,0.506,12.6,63.8
2026-08-22 07:00:00,25.3,0.3,0.505,17.3,63.8
2026-08-22 08:00:00,25.4,0.2,0.505,19.1,63.8
2026-08-22 09:00:00,25.8,0.7,0.506,18.7,64.2
2026-08-22 10:00:00,26.3,0.7,0.506,19.1,64.4
2026-08-22 11:00:00,26.3,0.6,0.506,29.5,63.6
2026-08-22 12:00:00,27.2,0.8,0.506,36.0,61.099999999999994
2026-08-22 13:00:00,27.7,0.7,0.506,37.8,60.0
2026-08-22 14:00:00,27.0,1.4,0.507,37.1,58.9
2026-08-22 15:00:00,26.4,1.9,0.507,29.2,58.099999999999994
2026-08-22 16:00:00,26.9,1.1,0.506,27.7,56.9
2026-08-22 17:00:00,26.5,1.4,0.507,26.6,57.3
2026-08-22 18:00:00,25.9,0.5,0.506,20.2,57.099999999999994
2026-08-22 19:00:00,25.6,0.2,0.506,16.9,56.6
2026-08-22 20:00:00,25.4,0.2,0.506,16.2,56.4
2026-08-22 21:00:00,25.3,0.0,0.504,15.8,55.9
2026-08-22 22:00:00,25.1,0.0,0.503,14.8,55.6
2026-08-22 23:00:00,25.1,0.0,0.501,13.7,55.4
2026-08-23 00:00:00,25.0,0.0,0.5,13.0,55.4
2026-08-23 01:00:00,25.0,0.0,0.499,18.7,55.4
2026-08-23 02:00:00,24.8,0.1,0.498,18.7,55.49999999999999
2026-08-23 03:00:00,24.7,0.1,0.497,19.1,55.5
2026-08-23 04:00:00,24.5,0.0,0.497,19.4,55.3
2026-08-23 05:00:00,23.9,0.0,0.492,19.1,55.3
2026-08-23 06:00:00,24.1,0.1,0.493,14.0,55.199999999999996
2026-08-23 07:00:00,25.0,0.1,0.492,20.5,55.1
2026-08-23 08:00:00,26.3,0.1,0.493,23.0,55.0
2026-08-23 09:00:00,27.3,0.2,0.493,23.4,54.8
2026-08-23 10:00:00,28.2,0.3,0.493,29.9,55.0
2026-08-23 11:00:00,28.8,0.8,0.521,33.1,55.8
2026-08-23 12:00:00,29.0,0.9,0.498,31.7,56.3
2026-08-23 13:00:00,29.5,0.7,0.5,31.0,57.0
2026-08-23 14:00:00,27.5,2.1,0.503,37.1,58.099999999999994
2026-08-23 15:00:00,28.0,0.5,0.504,32.0,54.3
2026-08-23 16:00:00,27.7,0.5,0.505,25.9,54.099999999999994
2026-08-23 17:00:00,27.4,0.5,0.509,21.6,51.7
2026-08-23 18:00:00,26.4,0.0,0.506,13.0,51.400000000000006
2026-08-23 19:00:00,25.9,0.0,0.504,10.1,51.2
2026-08-23 20:00:00,25.7,0.0,0.502,10.1,48.8
2026-08-23 21:00:00,25.7,0.0,0.501,10.1,48.5
2026-08-23 22:00:00,25.6,0.0,0.5,12.2,48.5
2026-08-23 23:00:00,25.5,0.0,0.498,15.5,48.5
2026-08-24 00:00:00,25.2,0.0,0.497,12.6,45.3
2026-08-24 01:00:00,24.9,0.0,0.496,13.3,45.099999999999994
2026-08-24 02:00:00,24.8,0.0,0.495,12.6,44.7
2026-08-24 03:00:00,24.7,0.0,0.495,16.6,44.3
2026-08-24 04:00:00,24.5,0.2,0.496,16.2,44.199999999999996
2026-08-24 05:00:00,24.3,0.3,0.505,18.0,44.3
2026-08-24 06:00:00,24.5,0.5,0.506,22.0,44.7
2026-08-24 07:00:00,25.5,0.4,0.506,17.6,44.7
2026-08-24 08:00:00,26.3,0.2,0.505,23.8,44.599999999999994
2026-08-24 09:00:00,26.7,0.5,0.506,22.3,44.9
2026-08-24 10:00:00,25.8,4.3,0.506,23.0,49.0
2026-08-24 11:00:00,26.9,3.2,0.507,26.6,51.8
2026-08-24 12:00:00,27.2,0.6,0.506,23.8,52.199999999999996
2026-08-24 13:00:00,27.2,0.6,0.506,19.1,52.4
2026-08-24 14:00:00,28.1,0.1,0.504,16.9,52.300000000000004
2026-08-24 15:00:00,27.8,0.1,0.503,20.5,52.300000000000004
2026-08-24 16:00:00,26.0,0.8,0.507,22.3,52.4
2026-08-24 17:00:00,26.5,0.2,0.506,15.5,51.2
2026-08-24 18:00:00,26.0,0.8,0.506,11.5,51.5
2026-08-24 19:00:00,25.8,1.1,0.506,7.6,52.300000000000004
2026-08-24 20:00:00,25.5,0.3,0.506,9.0,52.1
2026-08-24 21:00:00,25.1,1.3,0.506,11.2,52.7
2026-08-24 22:00:00,25.0,1.5,0.506,10.4,52.2
2026-08-24 23:00:00,24.7,1.6,0.506,9.7,53.3
2026-08-25 00:00:00,24.9,1.7,0.505,9.4,54.2
2026-08-25 01:00:00,24.3,1.7,0.505,11.9,55.1
2026-08-25 02:00:00,24.0,1.5,0.505,14.0,56.400000000000006
2026-08-25 03:00:00,24.0,1.4,0.505,10.8,52.9
2026-08-25 04:00:00,24.0,1.4,0.505,7.6,50.4
2026-08-25 05:00:00,24.2,0.6,0.505,6.5,45.0
2026-08-25 06:00:00,23.9,3.5,0.505,10.8,48.1
2026-08-25 07:00:00,24.3,2.3,0.505,8.6,50.1
2026-08-25 08:00:00,25.2,0.5,0.505,9.4,50.4
2026-08-25 09:00:00,26.5,0.2,0.505,17.6,49.9
2026-08-25 10:00:00,28.2,0.1,0.503,25.9,49.300000000000004
2026-08-25 11:00:00,29.0,0.1,0.5,26.6,48.8
2026-08-25 12:00:00,28.9,0.1,0.497,27.0,48.1
2026-08-25 13:00:00,29.2,0.3,0.496,27.0,47.7
2026-08-25 14:00:00,29.3,0.3,0.495,26.3,46.6
2026-08-25 15:00:00,29.6,0.1,0.493,27.0,44.800000000000004
2026-08-25 16:00:00,29.5,0.1,0.491,29.9,43.800000000000004
2026-08-25 17:00:00,27.0,1.8,0.499,21.2,44.2
2026-08-25 18:00:00,26.5,0.3,0.5,12.6,44.0
2026-08-25 19:00:00,25.6,1.5,0.517,17.6,45.3
2026-08-25 20:00:00,25.5,3.1,0.512,10.1,48.199999999999996
2026-08-25 21:00:00,24.6,3.4,0.509,7.2,51.599999999999994
2026-08-25 22:00:00,24.4,1.0,0.508,13.3,52.599999999999994
2026-08-25 23:00:00,24.5,0.2,0.507,10.8,52.8
2026-08-26 00:00:00,24.5,0.5,0.506,11.2,53.3
2026-08-26 01:00:00,24.9,0.0,0.505,3.6,53.3
2026-08-26 02:00:00,24.7,0.0,0.503,2.9,53.2
2026-08-26 03:00:00,24.3,0.0,0.501,9.7,53.1
2026-08-26 04:00:00,24.2,0.0,0.5,11.2,53.1
2026-08-26 05:00:00,24.4,0.0,0.498,11.5,53.1
2026-08-26 06:00:00,24.4,0.0,0.497,14.4,53.0
2026-08-26 07:00:00,25.0,0.2,0.498,17.3,53.1
2026-08-26 08:00:00,25.7,0.2,0.498,19.8,53.199999999999996
2026-08-26 09:00:00,26.9,0.0,0.496,20.2,53.0
2026-08-26 10:00:00,28.6,0.0,0.494,21.2,52.699999999999996
2026-08-26 11:00:00,29.6,0.1,0.492,27.0,52.0
2026-08-26 12:00:00,30.1,0.2,0.49,28.1,51.300000000000004
2026-08-26 13:00:00,29.9,0.4,0.49,25.6,51.0
2026-08-26 14:00:00,30.6,0.2,0.489,23.0,49.1
2026-08-26 15:00:00,28.6,0.8,0.493,24.5,49.4
2026-08-26 16:00:00,27.9,1.1,0.501,25.6,50.00000000000001
2026-08-26 17:00:00,27.0,3.1,0.508,22.7,52.599999999999994
2026-08-26 18:00:00,26.1,0.7,0.507,17.6,53.3
2026-08-26 19:00:00,25.6,0.1,0.506,13.0,53.4
2026-08-26 20:00:00,25.3,0.2,0.506,8.3,53.6
2026-08-26 21:00:00,25.4,0.2,0.507,8.6,53.8
2026-08-26 22:00:00,25.5,0.2,0.507,2.5,54.0
2026-08-26 23:00:00,25.7,0.0,0.505,4.3,54.0
2026-08-27 00:00:00,24.9,5.6,0.507,5.4,59.599999999999994
2026-08-27 01:00:00,24.7,1.6,0.506,12.2,61.199999999999996
2026-08-27 02:00:00,24.6,0.4,0.506,11.2,61.6
2026-08-27 03:00:00,24.7,0.4,0.506,5.0,62.0
2026-08-27 04:00:00,24.3,1.0,0.506,11.2,62.800000000000004
2026-08-27 05:00:00,24.3,0.1,0.502,11.2,62.599999999999994
2026-08-27 06:00:00,24.5,0.3,0.504,9.7,62.4
2026-08-27 07:00:00,25.1,0.4,0.507,13.0,62.4
2026-08-27 08:00:00,25.7,0.2,0.505,20.9,62.400000000000006
2026-08-27 09:00:00,26.7,0.1,0.504,25.2,62.0
2026-08-27 10:00:00,28.3,0.4,0.504,32.4,58.1
2026-08-27 11:00:00,29.3,0.9,0.526,32.0,55.800000000000004
2026-08-27 12:00:00,29.6,0.3,0.496,33.1,55.5
2026-08-27 13:00:00,25.8,5.1,0.502,35.6,60.0
2026-08-27 14:00:00,26.6,3.0,0.503,31.7,62.9
2026-08-27 15:00:00,26.2,3.7,0.503,28.1,66.5
2026-08-27 16:00:00,25.9,3.2,0.504,29.9,68.9
2026-08-27 17:00:00,26.9,0.6,0.503,8.6,69.3
2026-08-27 18:00:00,24.9,4.0,0.507,24.8,72.5
2026-08-27 19:00:00,25.2,0.6,0.506,12.2,72.0
2026-08-27 20:00:00,25.5,0.2,0.506,4.3,71.89999999999999
2026-08-27 21:00:00,25.4,0.0,0.504,2.5,70.6
2026-08-27 22:00:00,25.0,0.0,0.502,6.5,69.1
2026-08-27 23:00:00,24.8,0.0,0.504,7.6,67.5
2026-08-28 00:00:00,24.5,0.0,0.502,7.6,65.8
2026-08-28 01:00:00,24.4,0.0,0.5,4.7,64.1
2026-08-28 02:00:00,24.0,0.0,0.499,6.1,62.599999999999994
2026-08-28 03:00:00,23.7,0.0,0.498,7.2,61.199999999999996
2026-08-28 04:00:00,23.6,0.0,0.497,6.8,59.8
2026-08-28 05:00:00,23.5,0.0,0.5,5.0,59.199999999999996
2026-08-28 06:00:00,23.9,0.0,0.499,10.8,55.699999999999996
2026-08-28 07:00:00,24.6,0.0,0.498,11.2,53.4
2026-08-28 08:00:00,26.0,0.0,0.496,18.4,52.9
2026-08-28 09:00:00,27.8,0.0,0.494,24.8,52.699999999999996
2026-08-28 10:00:00,28.8,0.1,0.492,29.2,52.699999999999996
2026-08-28 11:00:00,29.2,0.1,0.508,31.0,52.7
2026-08-28 12:00:00,29.4,0.2,0.503,31.0,52.800000000000004
2026-08-28 13:00:00,30.0,0.1,0.5,29.2,52.599999999999994
2026-08-28 14:00:00,30.3,0.4,0.498,28.8,52.7
2026-08-28 15:00:00,28.3,0.6,0.5,29.9,53.199999999999996
2026-08-28 16:00:00,28.3,0.1,0.499,30.2,53.199999999999996
2026-08-28 17:00:00,26.5,0.0,0.511,18.7,51.4
2026-08-28 18:00:00,25.9,0.3,0.51,13.7,51.400000000000006
2026-08-28 19:00:00,24.3,2.1,0.508,22.7,52.0
2026-08-28 20:00:00,24.0,1.1,0.508,22.7,50.0
2026-08-28 21:00:00,24.2,0.2,0.506,6.8,46.800000000000004
2026-08-28 22:00:00,24.1,0.0,0.505,2.9,45.800000000000004
2026-08-28 23:00:00,24.7,0.1,0.504,2.9,45.7
2026-08-29 00:00:00,24.7,0.0,0.502,2.2,45.2
2026-08-29 01:00:00,24.8,0.1,0.501,2.9,45.3
2026-08-29 02:00:00,24.8,0.2,0.502,4.0,45.5
2026-08-29 03:00:00,24.9,0.3,0.504,6.8,45.8
2026-08-29 04:00:00,24.8,1.0,0.509,11.2,46.8
2026-08-29 05:00:00,24.9,4.7,0.506,8.6,51.5
2026-08-29 06:00:00,24.8,8.0,0.506,11.2,59.5
2026-08-29 07:00:00,24.8,4.3,0.506,18.4,63.599999999999994
2026-08-29 08:00:00,24.8,4.0,0.506,21.6,67.4
2026-08-29 09:00:00,25.2,1.6,0.506,22.7,69.0
2026-08-29 10:00:00,25.2,0.9,0.506,22.0,69.9
2026-08-29 11:00:00,25.0,0.4,0.506,22.0,70.2
2026-08-29 12:00:00,25.8,1.2,0.506,19.1,71.2
2026-08-29 13:00:00,27.2,0.2,0.504,23.8,71.0
2026-08-29 14:00:00,27.3,0.3,0.503,28.8,71.1
2026-08-29 15:00:00,26.1,10.4,0.508,29.2,80.7
2026-08-29 16:00:00,26.4,3.0,0.507,25.2,82.60000000000001
2026-08-29 17:00:00,25.4,1.4,0.507,14.4,80.89999999999999
2026-08-29 18:00:00,25.2,3.0,0.507,15.1,83.2
2026-08-29 19:00:00,25.0,2.5,0.506,15.8,85.6
2026-08-29 20:00:00,24.7,2.8,0.506,16.2,88.2
2026-08-29 21:00:00,24.5,1.8,0.506,11.9,89.80000000000001
2026-08-29 22:00:00,24.4,0.5,0.506,7.9,90.10000000000001
2026-08-29 23:00:00,24.9,0.2,0.505,5.8,90.30000000000001
2026-08-30 00:00:00,24.8,0.1,0.504,5.0,84.8
2026-08-30 01:00:00,24.7,0.0,0.503,6.5,83.2
2026-08-30 02:00:00,24.5,0.0,0.501,9.0,82.8
2026-08-30 03:00:00,24.3,0.0,0.5,8.6,82.4
2026-08-30 04:00:00,24.1,0.0,0.499,6.5,81.4
2026-08-30 05:00:00,24.2,0.0,0.507,6.1,81.3
2026-08-30 06:00:00,24.4,0.0,0.504,9.7,81.0
2026-08-30 07:00:00,24.8,0.0,0.502,13.3,80.6
2026-08-30 08:00:00,26.0,0.0,0.5,19.1,80.4
2026-08-30 09:00:00,27.1,0.0,0.498,23.0,80.3
2026-08-30 10:00:00,27.6,0.1,0.496,33.8,80.0
2026-08-30 11:00:00,28.1,0.1,0.503,38.2,79.2
2026-08-30 12:00:00,28.2,0.0,0.5,27.4,78.9
2026-08-30 13:00:00,28.3,0.0,0.498,24.5,73.80000000000001
2026-08-30 14:00:00,27.4,0.4,0.499,24.1,71.2
2026-08-30 15:00:00,28.0,0.0,0.497,19.4,67.5
2026-08-30 16:00:00,28.1,0.0,0.496,19.4,64.3
2026-08-30 17:00:00,26.8,0.0,0.495,22.3,63.7
2026-08-30 18:00:00,26.5,0.0,0.494,22.7,59.7
2026-08-30 19:00:00,26.0,0.0,0.493,18.7,59.1
2026-08-30 20:00:00,25.6,0.0,0.492,16.9,58.900000000000006
2026-08-30 21:00:00,25.3,0.0,0.492,14.8,58.900000000000006
2026-08-30 22:00:00,25.0,0.1,0.492,11.2,59.0
2026-08-30 23:00:00,25.1,0.9,0.493,9.4,59.900000000000006
2026-08-31 00:00:00,24.6,0.2,0.494,11.5,60.1
2026-08-31 01:00:00,24.2,0.0,0.493,9.0,60.1
2026-08-31 02:00:00,24.0,0.0,0.492,8.3,60.1
2026-08-31 03:00:00,23.9,0.0,0.492,10.8,60.1
2026-08-31 04:00:00,23.7,0.0,0.491,9.4,60.1
2026-08-31 05:00:00,23.9,0.0,0.514,10.1,60.1
2026-08-31 06:00:00,23.9,0.1,0.509,14.8,60.2
2026-08-31 07:00:00,25.0,0.1,0.507,16.2,60.300000000000004
2026-08-31 08:00:00,26.1,0.0,0.504,22.7,60.300000000000004
2026-08-31 09:00:00,27.3,0.0,0.5,37.4,60.300000000000004
2026-08-31 10:00:00,27.3,0.1,0.498,39.2,60.300000000000004
2026-08-31 11:00:00,27.5,0.6,0.502,39.6,60.8
2026-08-31 12:00:00,26.7,0.3,0.501,36.7,60.9
2026-08-31 13:00:00,26.3,0.2,0.501,27.7,61.0
2026-08-31 14:00:00,25.9,1.3,0.511,19.4,61.9
2026-08-31 15:00:00,26.0,1.3,0.514,15.5,62.6
2026-08-31 16:00:00,26.0,0.7,0.51,13.0,63.2
2026-08-31 17:00:00,28.0,0.2,0.489,13.3,63.4
2026-08-31 18:00:00,26.7,0.3,0.49,11.5,63.4
2026-08-31 19:00:00,26.3,0.5,0.493,7.9,61.800000000000004
2026-08-31 20:00:00,25.8,0.0,0.492,8.6,60.7
2026-08-31 21:00:00,25.6,0.0,0.492,6.5,60.5
2026-08-31 22:00:00,25.4,0.0,0.491,8.3,60.5
2026-08-31 23:00:00,25.1,0.0,0.49,10.4,60.4
2026-09-01 00:00:00,24.5,0.0,0.49,13.0,60.4
2026-09-01 01:00:00,24.2,0.0,0.489,12.2,60.300000000000004
2026-09-01 02:00:00,23.9,0.0,0.488,7.9,60.1
2026-09-01 03:00:00,23.6,0.0,0.488,5.8,59.800000000000004
2026-09-01 04:00:00,23.4,0.0,0.487,6.5,58.800000000000004
2026-09-01 05:00:00,23.5,0.0,0.497,6.5,54.1
2026-09-01 06:00:00,23.8,0.0,0.496,11.2,46.1
2026-09-01 07:00:00,25.5,0.0,0.494,14.8,41.800000000000004
2026-09-01 08:00:00,26.5,0.0,0.492,19.4,37.800000000000004
2026-09-01 09:00:00,27.4,0.0,0.49,24.1,36.2
2026-09-01 10:00:00,27.9,0.4,0.491,32.4,35.7
2026-09-01 11:00:00,28.2,0.5,0.497,31.0,35.8
2026-09-01 12:00:00,28.2,0.2,0.495,24.1,34.800000000000004
2026-09-01 13:00:00,28.4,0.1,0.493,23.4,34.699999999999996
2026-09-01 14:00:00,29.2,0.0,0.49,22.3,34.4
2026-09-01 15:00:00,29.1,0.0,0.488,23.4,24.0
2026-09-01 16:00:00,28.6,0.0,0.486,23.0,21.0
2026-09-01 17:00:00,27.4,0.0,0.473,17.6,19.6
2026-09-01 18:00:00,26.5,0.0,0.473,15.1,16.6
2026-09-01 19:00:00,26.2,0.0,0.473,11.5,14.1
2026-09-01 20:00:00,25.9,0.0,0.473,11.5,11.3
2026-09-01 21:00:00,25.4,0.0,0.473,10.8,9.5
2026-09-01 22:00:00,24.9,0.5,0.477,11.5,9.5
2026-09-01 23:00:00,24.9,0.5,0.488,11.5,9.8
2026-09-02 00:00:00,24.6,0.2,0.489,9.0,9.9
2026-09-02 01:00:00,24.3,0.2,0.49,8.6,10.100000000000001
2026-09-02 02:00:00,24.0,0.0,0.489,9.0,10.100000000000001
2026-09-02 03:00:00,23.8,0.0,0.488,7.6,10.100000000000001
2026-09-02 04:00:00,23.6,0.0,0.487,11.9,10.100000000000001
2026-09-02 05:00:00,23.5,0.0,0.5,13.3,10.100000000000001
2026-09-02 06:00:00,23.3,0.1,0.499,13.3,10.200000000000001
2026-09-02 07:00:00,23.7,0.1,0.498,13.7,10.3
2026-09-02 08:00:00,24.1,0.7,0.504,11.9,11.0
2026-09-02 09:00:00,24.7,1.7,0.517,16.9,12.700000000000001
2026-09-02 10:00:00,25.8,1.3,0.516,23.0,13.899999999999999
2026-09-02 11:00:00,24.9,1.4,0.519,23.8,15.2
2026-09-02 12:00:00,25.6,2.0,0.516,24.1,17.2
2026-09-02 13:00:00,25.7,1.4,0.516,20.5,18.6
2026-09-02 14:00:00,25.7,1.2,0.514,22.3,19.400000000000002
2026-09-02 15:00:00,25.6,1.2,0.513,20.2,20.6
2026-09-02 16:00:00,25.6,0.5,0.513,20.9,21.1
2026-09-02 17:00:00,25.1,0.2,0.516,23.0,21.3
2026-09-02 18:00:00,24.8,0.1,0.51,16.6,21.400000000000002
2026-09-02 19:00:00,24.6,0.0,0.507,13.7,21.400000000000002
2026-09-02 20:00:00,24.4,0.0,0.505,14.0,21.400000000000002
2026-09-02 21:00:00,24.3,0.1,0.503,15.5,21.5
2026-09-02 22:00:00,24.1,0.1,0.502,17.3,21.5
2026-09-02 23:00:00,24.0,0.1,0.503,17.3,20.7
2026-09-03 00:00:00,23.5,0.3,0.504,19.1,20.799999999999997
2026-09-03 01:00:00,23.2,1.2,0.516,22.3,22.0
2026-09-03 02:00:00,23.0,3.0,0.513,17.6,25.0
2026-09-03 03:00:00,23.0,3.3,0.512,22.0,28.299999999999997
2026-09-03 04:00:00,22.9,0.9,0.511,24.1,29.2
2026-09-03 05:00:00,22.6,1.7,0.499,18.4,30.9
2026-09-03 06:00:00,22.6,1.9,0.508,20.5,32.7
2026-09-03 07:00:00,23.0,1.3,0.508,20.9,33.9
2026-09-03 08:00:00,23.5,1.6,0.508,23.4,35.5
2026-09-03 09:00:00,24.2,2.7,0.507,22.0,38.2
2026-09-03 10:00:00,24.6,1.6,0.507,23.0,39.699999999999996
2026-09-03 11:00:00,24.9,2.0,0.507,24.8,41.1
2026-09-03 12:00:00,25.4,2.1,0.507,28.8,42.9
2026-09-03 13:00:00,25.8,0.8,0.507,28.8,43.50000000000001
2026-09-03 14:00:00,26.4,0.3,0.507,27.4,42.5
2026-09-03 15:00:00,26.5,0.3,0.506,28.4,41.5
2026-09-03 16:00:00,25.9,0.5,0.507,29.2,41.3
2026-09-03 17:00:00,26.1,0.4,0.497,23.0,41.50000000000001
2026-09-03 18:00:00,25.6,0.0,0.496,22.0,41.2
2026-09-03 19:00:00,25.4,0.0,0.495,14.0,40.7
2026-09-03 20:00:00,25.0,0.0,0.494,16.2,40.7
2026-09-03 21:00:00,24.5,0.3,0.495,19.1,41.0
2026-09-03 22:00:00,24.2,0.0,0.495,13.3,41.0
2026-09-03 23:00:00,24.6,0.0,0.495,13.0,41.0
2026-09-04 00:00:00,24.2,0.0,0.494,16.6,41.0
2026-09-04 01:00:00,24.0,0.0,0.493,12.6,41.0
2026-09-04 02:00:00,24.0,0.0,0.493,13.0,41.0
2026-09-04 03:00:00,23.8,0.0,0.492,10.1,41.0
2026-09-04 04:00:00,23.4,0.0,0.491,8.6,41.0
2026-09-04 05:00:00,23.6,0.0,0.499,7.2,41.0
2026-09-04 06:00:00,23.6,0.0,0.498,15.8,41.0
2026-09-04 07:00:00,24.3,0.0,0.497,20.9,41.0
2026-09-04 08:00:00,25.3,0.1,0.496,22.3,41.1
2026-09-04 09:00:00,26.6,0.1,0.495,26.6,41.2
2026-09-04 10:00:00,28.2,0.3,0.494,30.2,41.1
2026-09-04 11:00:00,28.6,0.0,0.501,34.2,40.6
2026-09-04 12:00:00,28.9,0.2,0.498,33.1,40.6
2026-09-04 13:00:00,29.0,0.2,0.495,34.2,40.7
2026-09-04 14:00:00,29.0,0.2,0.492,38.2,40.900000000000006
2026-09-04 15:00:00,26.8,0.8,0.496,38.5,41.7
2026-09-04 16:00:00,27.2,0.1,0.495,31.0,41.800000000000004
2026-09-04 17:00:00,26.2,0.0,0.497,29.5,41.800000000000004
2026-09-04 18:00:00,25.7,0.0,0.496,23.0,41.800000000000004
2026-09-04 19:00:00,25.3,0.0,0.495,18.0,41.800000000000004
2026-09-04 20:00:00,24.8,0.0,0.494,12.2,41.800000000000004
2026-09-04 21:00:00,24.3,0.0,0.493,12.6,41.800000000000004
2026-09-04 22:00:00,23.9,0.0,0.492,11.5,41.300000000000004
2026-09-04 23:00:00,24.1,0.0,0.497,12.6,40.800000000000004
2026-09-05 00:00:00,23.5,0.0,0.496,15.1,40.6
2026-09-05 01:00:00,23.2,0.0,0.495,13.0,40.4
2026-09-05 02:00:00,23.0,0.0,0.494,11.9,40.4
2026-09-05 03:00:00,23.0,0.0,0.493,10.8,40.4
2026-09-05 04:00:00,23.0,0.0,0.492,10.8,40.4
2026-09-05 05:00:00,23.5,0.2,0.495,10.4,40.6
2026-09-05 06:00:00,23.4,0.0,0.494,16.9,40.50000000000001
2026-09-05 07:00:00,23.7,0.0,0.493,15.5,40.400000000000006
2026-09-05 08:00:00,24.4,0.1,0.492,16.2,39.8
2026-09-05 09:00:00,25.3,0.3,0.493,22.7,38.400000000000006
2026-09-05 10:00:00,26.2,0.8,0.497,24.8,37.9
2026-09-05 11:00:00,26.4,0.0,0.513,29.2,36.5
2026-09-05 12:00:00,27.0,0.1,0.506,30.2,34.6
2026-09-05 13:00:00,27.5,0.0,0.502,31.0,33.2
2026-09-05 14:00:00,28.4,0.0,0.498,29.9,32.0
2026-09-05 15:00:00,26.1,6.0,0.513,25.2,36.8
2026-09-05 16:00:00,26.2,4.0,0.51,22.3,40.3
2026-09-05 17:00:00,26.9,0.8,0.505,22.3,40.9
2026-09-05 18:00:00,25.6,0.0,0.502,14.0,40.800000000000004
2026-09-05 19:00:00,24.6,2.6,0.508,16.6,43.400000000000006
2026-09-05 20:00:00,24.7,0.1,0.506,7.6,43.50000000000001
2026-09-05 21:00:00,24.7,0.0,0.504,6.1,43.400000000000006
2026-09-05 22:00:00,24.5,0.0,0.502,6.8,43.300000000000004
2026-09-05 23:00:00,24.5,0.0,0.5,4.7,43.2
2026-09-06 00:00:00,24.3,0.0,0.499,4.3,42.900000000000006
2026-09-06 01:00:00,23.9,0.0,0.498,7.2,41.7
2026-09-06 02:00:00,23.6,0.0,0.497,7.9,38.7
2026-09-06 03:00:00,23.6,0.0,0.496,7.2,35.400000000000006
2026-09-06 04:00:00,23.5,0.0,0.495,7.2,34.50000000000001
2026-09-06 05:00:00,23.4,0.0,0.494,6.8,32.800000000000004
2026-09-06 06:00:00,23.6,0.0,0.493,6.1,30.900000000000002
2026-09-06 07:00:00,24.1,0.0,0.493,13.3,29.6
2026-09-06 08:00:00,24.9,0.1,0.493,19.1,28.1
2026-09-06 09:00:00,26.3,0.5,0.495,22.7,25.900000000000002
2026-09-06 10:00:00,27.7,0.5,0.496,25.2,24.8
2026-09-06 11:00:00,28.8,0.1,0.493,27.4,22.9
2026-09-06 12:00:00,29.7,0.1,0.49,28.1,20.900000000000002
2026-09-06 13:00:00,30.2,0.1,0.487,28.1,20.200000000000003
2026-09-06 14:00:00,30.5,0.1,0.484,28.4,20.0
2026-09-06 15:00:00,30.4,0.1,0.482,28.4,19.8
2026-09-06 16:00:00,29.6,0.2,0.481,27.4,19.5
2026-09-06 17:00:00,29.0,0.0,0.48,20.2,19.1
2026-09-06 18:00:00,27.3,0.0,0.48,14.8,19.1
2026-09-06 19:00:00,27.1,0.1,0.481,6.5,19.200000000000003
2026-09-06 20:00:00,26.7,0.2,0.482,4.3,19.400000000000002
2026-09-06 21:00:00,26.1,0.0,0.482,5.8,19.1
2026-09-06 22:00:00,25.7,0.0,0.482,5.8,19.1
2026-09-06 23:00:00,25.0,0.0,0.482,2.9,19.1
